{"loss": 0.12350764125585556, "_timestamp": 1739300270.763061, "_runtime": 12.473286151885986, "_step": 25, "params/['params']['last']['bias']": {"_type": "histogram", "values": [1, 0, 0, 0, 0, 0, 0, 0, 0, 0, 0, 0, 0, 0, 0, 0, 0, 0, 0, 0, 0, 0, 0, 0, 0, 0, 0, 0, 0, 0, 0, 0, 0, 0, 0, 0, 0, 0, 0, 0, 0, 0, 0, 0, 0, 0, 0, 0, 0, 0, 0, 0, 0, 0, 0, 0, 0, 0, 0, 0, 0, 0, 0, 1], "bins": [0.8054523468017578, 0.8085916042327881, 0.8117308020591736, 0.8148700594902039, 0.8180093169212341, 0.8211485743522644, 0.8242877721786499, 0.8274270296096802, 0.8305662870407104, 0.833705484867096, 0.8368447422981262, 0.8399839997291565, 0.8431232571601868, 0.8462624549865723, 0.8494017124176025, 0.8525409698486328, 0.8556802272796631, 0.8588194251060486, 0.8619586825370789, 0.8650979399681091, 0.8682371377944946, 0.8713763952255249, 0.8745156526565552, 0.8776549100875854, 0.880794107913971, 0.8839333653450012, 0.8870726227760315, 0.890211820602417, 0.8933510780334473, 0.8964903354644775, 0.8996295928955078, 0.9027687907218933, 0.9059080481529236, 0.9090473055839539, 0.9121865034103394, 0.9153257608413696, 0.9184650182723999, 0.9216042757034302, 0.9247434735298157, 0.927882730960846, 0.9310219883918762, 0.9341611862182617, 0.937300443649292, 0.9404397010803223, 0.9435789585113525, 0.946718156337738, 0.9498574137687683, 0.9529966711997986, 0.9561358690261841, 0.9592751264572144, 0.9624143838882446, 0.9655536413192749, 0.9686928987503052, 0.9718320965766907, 0.974971354007721, 0.9781105518341064, 0.9812498092651367, 0.984389066696167, 0.9875283241271973, 0.9906675815582275, 0.993806779384613, 0.9969460368156433, 1.0000852346420288, 1.003224492073059, 1.0063637495040894]}, "params/['params']['last']['kernel']": {"_type": "histogram", "values": [2, 0, 1, 0, 0, 0, 0, 0, 0, 0, 0, 1, 0, 1, 1, 0, 0, 0, 0, 1, 0, 0, 1, 0, 0, 1, 3, 9, 0, 0, 0, 0, 0, 0, 0, 1, 0, 0, 1, 0, 0, 0, 0, 0, 0, 1, 1, 2, 1, 0, 0, 0, 0, 1, 0, 0, 0, 0, 0, 0, 0, 0, 0, 1], "bins": [-0.29546117782592773, -0.28477221727371216, -0.2740832269191742, -0.2633942663669586, -0.25270530581474304, -0.24201633036136627, -0.2313273549079895, -0.22063839435577393, -0.20994941890239716, -0.19926044344902039, -0.1885714828968048, -0.17788250744342804, -0.16719353199005127, -0.1565045714378357, -0.14581559598445892, -0.13512663543224335, -0.12443765997886658, -0.11374868452548981, -0.10305972397327423, -0.09237074851989746, -0.08168178796768188, -0.07099281251430511, -0.060303837060928345, -0.04961487650871277, -0.038925886154174805, -0.02823692560195923, -0.017547965049743652, -0.006859004497528076, 0.0038299858570098877, 0.014518946409225464, 0.02520790696144104, 0.035896897315979004, 0.04658585786819458, 0.057274818420410156, 0.06796380877494812, 0.0786527693271637, 0.08934172987937927, 0.10003072023391724, 0.11071968078613281, 0.12140864133834839, 0.13209760189056396, 0.14278659224510193, 0.1534755527973175, 0.16416451334953308, 0.17485350370407104, 0.18554246425628662, 0.1962314248085022, 0.20692038536071777, 0.21760940551757812, 0.2282983660697937, 0.23898732662200928, 0.24967628717422485, 0.26036524772644043, 0.271054208278656, 0.2817431688308716, 0.29243218898773193, 0.3031211495399475, 0.3138101100921631, 0.32449907064437866, 0.33518803119659424, 0.3458769917488098, 0.35656601190567017, 0.36725497245788574, 0.3779439330101013, 0.3886329233646393]}, "params/['params']['layers_0']['linear_layer']['bias']": {"_type": "histogram", "values": [2, 3, 0, 0, 0, 0, 0, 0, 0, 0, 0, 0, 1, 0, 0, 0, 0, 0, 0, 0, 0, 0, 0, 0, 0, 0, 0, 0, 0, 0, 0, 2, 0, 0, 0, 0, 0, 0, 0, 0, 0, 0, 0, 0, 0, 0, 0, 0, 0, 1, 0, 1, 0, 1, 0, 1, 0, 0, 0, 1, 0, 1, 3, 1], "bins": [-0.3265989124774933, -0.3163509964942932, -0.3061031103134155, -0.29585519433021545, -0.28560730814933777, -0.2753593921661377, -0.26511150598526, -0.25486359000205994, -0.24461568892002106, -0.23436778783798218, -0.2241198867559433, -0.21387198567390442, -0.20362406969070435, -0.19337616860866547, -0.1831282675266266, -0.1728803664445877, -0.16263246536254883, -0.15238456428050995, -0.14213666319847107, -0.1318887621164322, -0.12164086103439331, -0.11139294505119324, -0.10114504396915436, -0.09089714288711548, -0.0806492418050766, -0.07040134072303772, -0.060153424739837646, -0.04990553855895996, -0.03965762257575989, -0.029409736394882202, -0.01916182041168213, -0.008913934230804443, 0.0013339817523956299, 0.011581897735595703, 0.02182978391647339, 0.03207769989967346, 0.04232558608055115, 0.05257350206375122, 0.0628213882446289, 0.07306930422782898, 0.08331719040870667, 0.09356510639190674, 0.10381302237510681, 0.1140609085559845, 0.12430882453918457, 0.13455671072006226, 0.14480462670326233, 0.15505251288414001, 0.1653004288673401, 0.17554834485054016, 0.18579623103141785, 0.19604411721229553, 0.206292062997818, 0.21653994917869568, 0.22678783535957336, 0.23703572154045105, 0.2472836673259735, 0.2575315535068512, 0.2677794396877289, 0.27802738547325134, 0.28827527165412903, 0.2985231578350067, 0.3087710440158844, 0.31901898980140686, 0.32926684617996216]}, "params/['params']['layers_0']['linear_layer']['kernel']": {"_type": "histogram", "values": [1, 0, 0, 1, 0, 0, 0, 0, 1, 0, 1, 0, 2, 0, 0, 0, 0, 2, 0, 0, 1, 0, 0, 2, 1, 3, 0, 0, 1, 1, 0, 1, 1, 2, 0, 0, 1, 2, 2, 0, 0, 1, 1, 0, 0, 0, 0, 1, 0, 0, 1, 0, 0, 0, 0, 1, 1, 0, 1, 1, 1, 0, 0, 1], "bins": [-1.5340776443481445, -1.4876526594161987, -1.441227674484253, -1.3948026895523071, -1.3483777046203613, -1.3019527196884155, -1.2555277347564697, -1.209102749824524, -1.1626777648925781, -1.1162527799606323, -1.0698277950286865, -1.0234029293060303, -0.9769778847694397, -0.9305528998374939, -0.8841279149055481, -0.8377029299736023, -0.7912779450416565, -0.7448529601097107, -0.6984279751777649, -0.6520029902458191, -0.6055780053138733, -0.5591530203819275, -0.5127280950546265, -0.46630311012268066, -0.41987812519073486, -0.37345314025878906, -0.32702815532684326, -0.28060317039489746, -0.23417818546295166, -0.18775320053100586, -0.14132821559906006, -0.09490323066711426, -0.04847824573516846, -0.0020532608032226562, 0.044371724128723145, 0.09079670906066895, 0.13722169399261475, 0.18364667892456055, 0.23007166385650635, 0.27649664878845215, 0.32292163372039795, 0.36934661865234375, 0.41577160358428955, 0.46219658851623535, 0.5086214542388916, 0.555046558380127, 0.6014714241027832, 0.6478965282440186, 0.6943213939666748, 0.7407464981079102, 0.7871713638305664, 0.8335964679718018, 0.880021333694458, 0.9264464378356934, 0.9728713035583496, 1.019296407699585, 1.0657212734222412, 1.1121463775634766, 1.1585712432861328, 1.2049963474273682, 1.2514212131500244, 1.2978463172912598, 1.344271183013916, 1.3906962871551514, 1.4371211528778076]}, "_wandb": {"runtime": 12}}