{"loss": 0.19413650035858154, "_timestamp": 1739291139.1090431, "_runtime": 663.3187530040741, "_step": 65, "params/['params']['last']['bias']": {"_type": "histogram", "values": [1, 0, 0, 0, 0, 0, 0, 0, 0, 0, 0, 0, 0, 0, 0, 0, 0, 0, 0, 0, 0, 0, 0, 0, 0, 0, 0, 0, 0, 0, 0, 0, 0, 0, 0, 0, 0, 0, 0, 0, 0, 0, 0, 0, 0, 0, 0, 0, 0, 0, 0, 0, 0, 0, 0, 0, 0, 0, 0, 0, 0, 0, 0, 1], "bins": [0.0, 0.015680082142353058, 0.031360164284706116, 0.047040246427059174, 0.06272032856941223, 0.07840041071176529, 0.09408049285411835, 0.1097605749964714, 0.12544065713882446, 0.14112073183059692, 0.15680082142353058, 0.17248091101646423, 0.1881609857082367, 0.20384106040000916, 0.2195211499929428, 0.23520123958587646, 0.2508813142776489, 0.2665613889694214, 0.28224146366119385, 0.2979215681552887, 0.31360164284706116, 0.3292817175388336, 0.34496182203292847, 0.3606418967247009, 0.3763219714164734, 0.39200204610824585, 0.4076821208000183, 0.42336222529411316, 0.4390422999858856, 0.4547223746776581, 0.47040247917175293, 0.4860825538635254, 0.5017626285552979, 0.5174427032470703, 0.5331227779388428, 0.5488028526306152, 0.5644829273223877, 0.5801630616188049, 0.5958431363105774, 0.6115232110023499, 0.6272032856941223, 0.6428833603858948, 0.6585634350776672, 0.6742435097694397, 0.6899236440658569, 0.7056037187576294, 0.7212837934494019, 0.7369638681411743, 0.7526439428329468, 0.7683240175247192, 0.7840040922164917, 0.7996841669082642, 0.8153642416000366, 0.8310443758964539, 0.8467244505882263, 0.8624045252799988, 0.8780845999717712, 0.8937646746635437, 0.9094447493553162, 0.9251248240470886, 0.9408049583435059, 0.9564850330352783, 0.9721651077270508, 0.9878451824188232, 1.0035252571105957]}, "params/['params']['last']['kernel']": {"_type": "histogram", "values": [1, 0, 0, 0, 0, 0, 0, 0, 0, 0, 37, 0, 0, 0, 0, 0, 0, 0, 0, 0, 0, 0, 0, 0, 0, 0, 1, 0, 1, 0, 1, 0, 0, 0, 0, 0, 0, 0, 0, 0, 0, 0, 0, 0, 0, 0, 0, 0, 0, 0, 0, 0, 0, 0, 0, 0, 0, 0, 0, 0, 0, 0, 0, 1], "bins": [-0.1472819447517395, -0.13327784836292267, -0.11927374452352524, -0.10526964068412781, -0.09126554429531097, -0.07726144790649414, -0.06325734406709671, -0.04925324022769928, -0.035249143838882446, -0.021245047450065613, -0.007240951061248779, 0.006763160228729248, 0.02076725661754608, 0.034771353006362915, 0.04877546429634094, 0.06277956068515778, 0.07678365707397461, 0.09078775346279144, 0.10479184985160828, 0.1187959611415863, 0.13280004262924194, 0.14680415391921997, 0.160808265209198, 0.17481234669685364, 0.18881645798683167, 0.2028205692768097, 0.21682465076446533, 0.23082876205444336, 0.2448328733444214, 0.258836954832077, 0.27284106612205505, 0.2868451476097107, 0.3008492588996887, 0.31485337018966675, 0.3288574516773224, 0.3428615629673004, 0.35686564445495605, 0.3708697557449341, 0.3848738670349121, 0.39887797832489014, 0.4128820300102234, 0.4268861413002014, 0.44089025259017944, 0.45489436388015747, 0.4688984751701355, 0.4829025864601135, 0.4969066381454468, 0.5109107494354248, 0.5249148607254028, 0.5389189720153809, 0.5529230833053589, 0.5669271349906921, 0.5809312462806702, 0.5949353575706482, 0.6089394688606262, 0.6229435801506042, 0.6369476914405823, 0.6509517431259155, 0.6649558544158936, 0.6789599657058716, 0.6929640769958496, 0.7069681882858276, 0.7209722399711609, 0.7349763512611389, 0.7489804625511169]}, "params/['params']['layers_0']['linear_layer']['bias']": {"_type": "histogram", "values": [1, 0, 0, 0, 0, 0, 0, 0, 0, 0, 0, 0, 0, 0, 0, 0, 0, 0, 0, 0, 0, 0, 0, 0, 0, 0, 0, 0, 0, 0, 0, 0, 0, 0, 0, 0, 0, 0, 0, 0, 0, 0, 0, 0, 0, 0, 0, 0, 0, 0, 0, 0, 0, 0, 0, 0, 0, 0, 0, 0, 0, 0, 0, 23], "bins": [-0.6017817258834839, -0.5923789143562317, -0.5829760432243347, -0.5735732316970825, -0.5641703605651855, -0.5547675490379333, -0.5453646779060364, -0.5359618663787842, -0.5265589952468872, -0.517156183719635, -0.507753312587738, -0.49835050106048584, -0.48894765973091125, -0.47954481840133667, -0.4701419770717621, -0.4607391357421875, -0.4513362944126129, -0.44193345308303833, -0.43253061175346375, -0.42312777042388916, -0.4137249290943146, -0.40432208776474, -0.3949192762374878, -0.3855164051055908, -0.3761135935783386, -0.36671072244644165, -0.35730791091918945, -0.34790506958961487, -0.3385022282600403, -0.3290993869304657, -0.3196965456008911, -0.31029370427131653, -0.30089086294174194, -0.29148802161216736, -0.2820851802825928, -0.2726823389530182, -0.2632794976234436, -0.253876656293869, -0.24447381496429443, -0.23507097363471985, -0.22566813230514526, -0.21626532077789307, -0.20686247944831848, -0.1974596381187439, -0.1880567967891693, -0.17865395545959473, -0.16925111413002014, -0.15984827280044556, -0.15044543147087097, -0.1410425901412964, -0.1316397488117218, -0.12223690748214722, -0.11283406615257263, -0.10343122482299805, -0.09402841329574585, -0.08462554216384888, -0.07522273063659668, -0.06581985950469971, -0.05641704797744751, -0.04701417684555054, -0.03761136531829834, -0.028208494186401367, -0.01880568265914917, -0.009402811527252197, 0.0]}, "params/['params']['layers_0']['linear_layer']['kernel']": {"_type": "histogram", "values": [0, 0, 0, 0, 0, 0, 0, 0, 0, 0, 0, 0, 0, 0, 0, 0, 0, 0, 0, 0, 0, 0, 0, 0, 0, 0, 0, 0, 0, 0, 0, 0, 24, 0, 0, 0, 0, 0, 0, 0, 0, 0, 0, 0, 0, 0, 0, 0, 0, 0, 0, 0, 0, 0, 0, 0, 0, 0, 0, 0, 0, 0, 0, 0], "bins": [-0.5, -0.484375, -0.46875, -0.453125, -0.4375, -0.421875, -0.40625, -0.390625, -0.375, -0.359375, -0.34375, -0.328125, -0.3125, -0.296875, -0.28125, -0.265625, -0.25, -0.234375, -0.21875, -0.203125, -0.1875, -0.171875, -0.15625, -0.140625, -0.125, -0.109375, -0.09375, -0.078125, -0.0625, -0.046875, -0.03125, -0.015625, 0.0, 0.015625, 0.03125, 0.046875, 0.0625, 0.078125, 0.09375, 0.109375, 0.125, 0.140625, 0.15625, 0.171875, 0.1875, 0.203125, 0.21875, 0.234375, 0.25, 0.265625, 0.28125, 0.296875, 0.3125, 0.328125, 0.34375, 0.359375, 0.375, 0.390625, 0.40625, 0.421875, 0.4375, 0.453125, 0.46875, 0.484375, 0.5]}, "_wandb": {"runtime": 662}}