{"params/['params']['layers_0']['linear_layer']['kernel']":{"bins":[-1.6461132764816284,-1.5995396375656128,-1.5529659986495972,-1.5063923597335815,-1.4598188400268555,-1.4132452011108398,-1.3666715621948242,-1.3200979232788086,-1.273524284362793,-1.2269506454467773,-1.1803770065307617,-1.133803367614746,-1.0872297286987305,-1.0406560897827148,-0.9940825700759888,-0.9475089311599731,-0.9009352922439575,-0.8543616533279419,-0.8077880144119263,-0.7612144351005554,-0.7146407961845398,-0.6680671572685242,-0.6214935779571533,-0.5749199390411377,-0.5283463001251221,-0.48177266120910645,-0.4351990222930908,-0.3886253833770752,-0.3420518636703491,-0.2954782247543335,-0.24890458583831787,-0.20233094692230225,-0.15575730800628662,-0.109183669090271,-0.06261003017425537,-0.016036391258239746,0.03053724765777588,0.07711076736450195,0.12368440628051758,0.1702580451965332,0.21683168411254883,0.26340532302856445,0.3099789619445801,0.35655248165130615,0.4031261205673218,0.4496997594833374,0.496273398399353,0.5428470373153687,0.5894206762313843,0.6359943151473999,0.6825679540634155,0.7291415929794312,0.7757152318954468,0.8222888708114624,0.868862509727478,0.9154361486434937,0.9620095491409302,1.0085831880569458,1.0551568269729614,1.101730465888977,1.1483041048049927,1.1948777437210083,1.241451382637024,1.2880250215530396,1.3345985412597656],"_type":"histogram","values":[1,0,0,0,0,0,0,0,0,0,0,0,0,0,0,0,0,0,0,0,0,0,0,1,1,0,0,0,0,1,0,0,1,0,3,43,1,0,0,0,0,0,0,0,0,1,0,0,0,0,0,0,0,0,0,0,0,0,0,0,0,0,0,1]},"_step":405,"params/['params']['last']['kernel']":{"values":[1,0,0,0,0,0,0,0,0,0,0,0,0,0,0,0,0,0,0,0,0,0,0,0,0,0,1,0,0,0,0,0,0,0,0,0,0,0,0,0,0,0,0,0,0,0,0,0,0,0,0,24,3,0,0,0,0,0,0,0,0,0,0,1],"bins":[-0.12770704925060272,-0.1252288818359375,-0.12275069952011108,-0.12027253210544586,-0.11779435724020004,-0.11531618237495422,-0.1128380075097084,-0.11035983264446259,-0.10788166522979736,-0.10540349036455154,-0.10292531549930573,-0.1004471406340599,-0.09796896576881409,-0.09549079835414886,-0.09301261603832245,-0.09053444862365723,-0.08805627375841141,-0.08557809889316559,-0.08309993147850037,-0.08062174916267395,-0.07814358174800873,-0.07566540688276291,-0.07318723201751709,-0.07070906460285187,-0.06823088228702545,-0.06575271487236023,-0.06327454000711441,-0.06079636514186859,-0.05831819027662277,-0.05584001541137695,-0.05336184799671173,-0.05088367313146591,-0.04840549826622009,-0.045927323400974274,-0.043449148535728455,-0.04097098112106323,-0.03849280625581741,-0.036014631390571594,-0.033536456525325775,-0.031058281660079956,-0.028580114245414734,-0.026101939380168915,-0.023623764514923096,-0.021145589649677277,-0.018667414784431458,-0.01618923991918564,-0.013711072504520416,-0.011232897639274597,-0.008754722774028778,-0.006276547908782959,-0.00379837304353714,-0.0013201981782913208,0.0011579692363739014,0.0036361515522003174,0.0061143189668655396,0.008592486381530762,0.011070668697357178,0.0135488361120224,0.016027018427848816,0.018505185842514038,0.02098335325717926,0.023461535573005676,0.0259397029876709,0.028417885303497314,0.030896048992872238],"_type":"histogram"},"_timestamp":1.739539362124905e+09,"params/['params']['layers_1']['linear_layer']['kernel']":{"bins":[-1.2382922172546387,-1.1967310905456543,-1.1551698446273804,-1.113608717918396,-1.072047472000122,-1.0304863452911377,-0.9889251589775085,-0.9473639726638794,-0.9058027863502502,-0.8642416000366211,-0.8226804137229919,-0.7811192274093628,-0.7395581007003784,-0.6979969143867493,-0.6564357280731201,-0.614874541759491,-0.5733133554458618,-0.5317521691322327,-0.4901909828186035,-0.44862979650497437,-0.4070686101913452,-0.36550748348236084,-0.3239462971687317,-0.28238511085510254,-0.2408239245414734,-0.19926273822784424,-0.15770161151885986,-0.11614036560058594,-0.07457923889160156,-0.03301799297332764,0.008543133735656738,0.050104379653930664,0.09166550636291504,0.13322663307189941,0.17478787899017334,0.21634900569915771,0.25791025161743164,0.299471378326416,0.34103262424468994,0.3825937509536743,0.42415499687194824,0.4657161235809326,0.507277250289917,0.5488384962081909,0.5903996229171753,0.6319608688354492,0.6735219955444336,0.7150832414627075,0.7566443681716919,0.7982056140899658,0.8397667407989502,0.8813278675079346,0.922888994216919,0.9644503593444824,1.0060114860534668,1.0475726127624512,1.0891337394714355,1.13069486618042,1.1722562313079834,1.2138173580169678,1.2553784847259521,1.2969396114349365,1.3385009765625,1.3800621032714844,1.4216233491897583],"_type":"histogram","values":[1,0,0,0,0,0,1,0,0,1,0,0,0,2,0,0,1,0,0,2,0,0,0,1,2,0,2,1,1,246,3,0,0,0,1,1,0,0,0,0,0,0,0,0,0,1,0,0,1,0,0,0,0,0,0,0,0,0,1,0,0,0,0,1]},"loss":0.00043972814455628395,"_wandb":{"runtime":184},"_runtime":184.2414337,"params/['params']['layers_0']['linear_layer']['bias']":{"_type":"histogram","values":[0,0,0,0,0,0,0,0,0,0,0,0,0,0,0,0,0,0,0,0,0,0,0,0,0,0,0,0,0,0,0,0,18,0,0,0,0,0,0,0,0,0,0,0,0,0,0,0,0,0,0,0,0,0,0,0,0,0,0,0,0,0,0,0],"bins":[-0.5,-0.484375,-0.46875,-0.453125,-0.4375,-0.421875,-0.40625,-0.390625,-0.375,-0.359375,-0.34375,-0.328125,-0.3125,-0.296875,-0.28125,-0.265625,-0.25,-0.234375,-0.21875,-0.203125,-0.1875,-0.171875,-0.15625,-0.140625,-0.125,-0.109375,-0.09375,-0.078125,-0.0625,-0.046875,-0.03125,-0.015625,0,0.015625,0.03125,0.046875,0.0625,0.078125,0.09375,0.109375,0.125,0.140625,0.15625,0.171875,0.1875,0.203125,0.21875,0.234375,0.25,0.265625,0.28125,0.296875,0.3125,0.328125,0.34375,0.359375,0.375,0.390625,0.40625,0.421875,0.4375,0.453125,0.46875,0.484375,0.5]},"validation_loss":0.00043935782741755247,"params/['params']['layers_1']['linear_layer']['bias']":{"_type":"histogram","values":[0,0,0,0,0,0,0,0,0,0,0,0,0,0,0,0,0,0,0,0,0,0,0,0,0,0,0,0,0,0,0,0,18,0,0,0,0,0,0,0,0,0,0,0,0,0,0,0,0,0,0,0,0,0,0,0,0,0,0,0,0,0,0,0],"bins":[-0.5,-0.484375,-0.46875,-0.453125,-0.4375,-0.421875,-0.40625,-0.390625,-0.375,-0.359375,-0.34375,-0.328125,-0.3125,-0.296875,-0.28125,-0.265625,-0.25,-0.234375,-0.21875,-0.203125,-0.1875,-0.171875,-0.15625,-0.140625,-0.125,-0.109375,-0.09375,-0.078125,-0.0625,-0.046875,-0.03125,-0.015625,0,0.015625,0.03125,0.046875,0.0625,0.078125,0.09375,0.109375,0.125,0.140625,0.15625,0.171875,0.1875,0.203125,0.21875,0.234375,0.25,0.265625,0.28125,0.296875,0.3125,0.328125,0.34375,0.359375,0.375,0.390625,0.40625,0.421875,0.4375,0.453125,0.46875,0.484375,0.5]},"params/['params']['last']['bias']":{"values":[1,0,0,0,0,0,0,0,0,0,0,0,0,0,0,0,0,0,0,0,0,0,0,0,0,0,0,0,0,0,0,0,0,0,0,0,0,0,0,0,0,0,0,0,0,0,0,0,0,0,0,0,0,0,0,0,0,0,0,0,0,0,0,1],"bins":[0,0.009446414187550545,0.01889282837510109,0.028339242562651634,0.03778565675020218,0.047232069075107574,0.05667848512530327,0.06612490117549896,0.07557131350040436,0.08501772582530975,0.09446413815021515,0.10391055792570114,0.11335697025060654,0.12280338257551193,0.13224980235099792,0.14169621467590332,0.15114262700080872,0.1605890393257141,0.1700354516506195,0.1794818639755249,0.1889282763004303,0.1983747035264969,0.20782111585140228,0.21726752817630768,0.22671394050121307,0.23616035282611847,0.24560676515102386,0.25505319237709045,0.26449960470199585,0.27394601702690125,0.28339242935180664,0.29283884167671204,0.30228525400161743,0.3117316663265228,0.3211780786514282,0.3306244909763336,0.340070903301239,0.3495173156261444,0.3589637279510498,0.3684101402759552,0.3778565526008606,0.3873029947280884,0.3967494070529938,0.40619581937789917,0.41564223170280457,0.42508864402770996,0.43453505635261536,0.44398146867752075,0.45342788100242615,0.46287429332733154,0.47232070565223694,0.48176711797714233,0.49121353030204773,0.5006599426269531,0.5101063847541809,0.5195527672767639,0.5289992094039917,0.5384455919265747,0.5478920340538025,0.5573384165763855,0.5667848587036133,0.5762312412261963,0.5856776833534241,0.5951240658760071,0.6045705080032349],"_type":"histogram"}}