{"_runtime":29.506178,"params/['params']['layers_1']['linear_layer']['bias']":{"bins":[-0.5,-0.484375,-0.46875,-0.453125,-0.4375,-0.421875,-0.40625,-0.390625,-0.375,-0.359375,-0.34375,-0.328125,-0.3125,-0.296875,-0.28125,-0.265625,-0.25,-0.234375,-0.21875,-0.203125,-0.1875,-0.171875,-0.15625,-0.140625,-0.125,-0.109375,-0.09375,-0.078125,-0.0625,-0.046875,-0.03125,-0.015625,0,0.015625,0.03125,0.046875,0.0625,0.078125,0.09375,0.109375,0.125,0.140625,0.15625,0.171875,0.1875,0.203125,0.21875,0.234375,0.25,0.265625,0.28125,0.296875,0.3125,0.328125,0.34375,0.359375,0.375,0.390625,0.40625,0.421875,0.4375,0.453125,0.46875,0.484375,0.5],"_type":"histogram","values":[0,0,0,0,0,0,0,0,0,0,0,0,0,0,0,0,0,0,0,0,0,0,0,0,0,0,0,0,0,0,0,0,24,0,0,0,0,0,0,0,0,0,0,0,0,0,0,0,0,0,0,0,0,0,0,0,0,0,0,0,0,0,0,0]},"params/['params']['layers_0']['linear_layer']['kernel']":{"_type":"histogram","values":[1,0,0,0,0,0,1,1,2,1,0,1,0,0,2,0,3,0,2,1,4,1,2,1,2,2,1,2,1,2,1,4,3,3,2,1,6,2,6,4,1,2,1,1,3,5,2,0,2,3,2,2,0,0,1,0,1,0,0,1,0,3,0,1],"bins":[-1.0984934568405151,-1.0651251077651978,-1.0317567586898804,-0.9983884692192078,-0.9650201201438904,-0.931651771068573,-0.8982834815979004,-0.864915132522583,-0.8315467834472656,-0.7981784343719482,-0.7648100852966309,-0.7314417958259583,-0.6980734467506409,-0.6647050976753235,-0.6313368082046509,-0.5979684591293335,-0.5646001100540161,-0.5312317609786987,-0.49786341190338135,-0.46449512243270874,-0.43112677335739136,-0.397758424282074,-0.36439013481140137,-0.331021785736084,-0.2976534366607666,-0.2642850875854492,-0.23091673851013184,-0.19754844903945923,-0.16418009996414185,-0.13081175088882446,-0.09744346141815186,-0.06407511234283447,-0.03070676326751709,0.002661585807800293,0.036029934883117676,0.06939828395843506,0.10276663303375244,0.13613486289978027,0.16950321197509766,0.20287156105041504,0.23623991012573242,0.2696082592010498,0.3029766082763672,0.33634495735168457,0.3697131872177124,0.4030815362930298,0.43644988536834717,0.46981823444366455,0.5031865835189819,0.5365549325942993,0.5699232816696167,0.6032916307449341,0.6366599798202515,0.6700282096862793,0.7033965587615967,0.7367649078369141,0.7701332569122314,0.8035016059875488,0.8368699550628662,0.8702383041381836,0.9036065340042114,0.9369748830795288,0.9703432321548462,1.0037115812301636,1.037079930305481]},"params/['params']['layers_1']['linear_layer']['kernel']":{"bins":[-0.4894673526287079,-0.47412344813346863,-0.45877957344055176,-0.4434356689453125,-0.42809176445007324,-0.412747859954834,-0.3974039852619171,-0.38206008076667786,-0.3667161762714386,-0.35137230157852173,-0.33602839708328247,-0.3206844925880432,-0.30534058809280396,-0.2899966835975647,-0.2746528089046478,-0.25930890440940857,-0.2439650148153305,-0.22862112522125244,-0.21327722072601318,-0.19793331623077393,-0.18258944153785706,-0.1672455370426178,-0.15190163254737854,-0.13655772805213928,-0.12121385335922241,-0.10586994886398315,-0.0905260443687439,-0.07518216967582703,-0.05983826518058777,-0.04449436068534851,-0.029150456190109253,-0.013806581497192383,0.001537322998046875,0.016881197690963745,0.032225102186203,0.04756900668144226,0.06291291117668152,0.07825681567192078,0.09360072016716003,0.10894462466239929,0.12428846955299377,0.13963237404823303,0.1549762785434723,0.17032018303871155,0.1856640875339508,0.20100799202919006,0.21635189652442932,0.2316957414150238,0.24703964591026306,0.2623835504055023,0.2777274549007416,0.29307135939598083,0.3084152638912201,0.32375916838645935,0.33910301327705383,0.3544469177722931,0.36979082226753235,0.3851347267627716,0.40047863125801086,0.4158225357532501,0.4311664402484894,0.44651028513908386,0.4618541896343231,0.4771980941295624,0.49254199862480164],"_type":"histogram","values":[3,2,1,2,3,7,1,5,3,6,7,5,6,7,11,7,13,6,12,12,11,14,9,7,13,8,12,10,13,13,19,14,17,16,14,12,9,11,7,9,15,14,9,10,8,7,7,7,9,7,5,9,7,5,4,5,3,2,2,2,2,2,4,2]},"params/['params']['last']['bias']":{"bins":[0.8937942981719971,0.8954777121543884,0.8971611261367798,0.8988445401191711,0.9005280137062073,0.9022114276885986,0.90389484167099,0.9055782556533813,0.9072616696357727,0.9089450836181641,0.9106285572052002,0.9123119711875916,0.9139953851699829,0.9156787991523743,0.9173622131347656,0.919045627117157,0.9207290410995483,0.9224125146865845,0.9240959286689758,0.9257793426513672,0.9274627566337585,0.9291461706161499,0.9308295845985413,0.9325130581855774,0.9341964721679688,0.9358798861503601,0.9375633001327515,0.9392467141151428,0.9409301280975342,0.9426136016845703,0.9442970156669617,0.945980429649353,0.9476638436317444,0.9493472576141357,0.9510306715965271,0.9527140855789185,0.9543975591659546,0.956080973148346,0.9577643871307373,0.9594478011131287,0.96113121509552,0.9628146290779114,0.9644980430603027,0.9661815166473389,0.9678649306297302,0.9695483446121216,0.9712317585945129,0.9729151725769043,0.9745986461639404,0.9762820601463318,0.9779654741287231,0.9796488881111145,0.9813323020935059,0.9830157160758972,0.9846991300582886,0.9863826036453247,0.9880660176277161,0.9897494316101074,0.9914328455924988,0.9931162595748901,0.9947996735572815,0.9964830875396729,0.998166561126709,0.9998499751091003,1.0015333890914917],"_type":"histogram","values":[1,0,0,0,0,0,0,0,0,0,0,0,0,0,0,0,0,0,0,0,0,0,0,0,0,0,0,0,0,0,0,0,0,0,0,0,0,0,0,0,0,0,0,0,0,0,0,0,0,0,0,0,0,0,0,0,0,0,0,0,0,0,0,1]},"loss":0.8890324234962463,"params/['params']['last']['kernel']":{"bins":[-0.5,-0.484375,-0.46875,-0.453125,-0.4375,-0.421875,-0.40625,-0.390625,-0.375,-0.359375,-0.34375,-0.328125,-0.3125,-0.296875,-0.28125,-0.265625,-0.25,-0.234375,-0.21875,-0.203125,-0.1875,-0.171875,-0.15625,-0.140625,-0.125,-0.109375,-0.09375,-0.078125,-0.0625,-0.046875,-0.03125,-0.015625,0,0.015625,0.03125,0.046875,0.0625,0.078125,0.09375,0.109375,0.125,0.140625,0.15625,0.171875,0.1875,0.203125,0.21875,0.234375,0.25,0.265625,0.28125,0.296875,0.3125,0.328125,0.34375,0.359375,0.375,0.390625,0.40625,0.421875,0.4375,0.453125,0.46875,0.484375,0.5],"_type":"histogram","values":[0,0,0,0,0,0,0,0,0,0,0,0,0,0,0,0,0,0,0,0,0,0,0,0,0,0,0,0,0,0,0,0,42,0,0,0,0,0,0,0,0,0,0,0,0,0,0,0,0,0,0,0,0,0,0,0,0,0,0,0,0,0,0,0]},"params/['params']['layers_0']['linear_layer']['bias']":{"values":[0,0,0,0,0,0,0,0,0,0,0,0,0,0,0,0,0,0,0,0,0,0,0,0,0,0,0,0,0,0,0,0,24,0,0,0,0,0,0,0,0,0,0,0,0,0,0,0,0,0,0,0,0,0,0,0,0,0,0,0,0,0,0,0],"bins":[-0.5,-0.484375,-0.46875,-0.453125,-0.4375,-0.421875,-0.40625,-0.390625,-0.375,-0.359375,-0.34375,-0.328125,-0.3125,-0.296875,-0.28125,-0.265625,-0.25,-0.234375,-0.21875,-0.203125,-0.1875,-0.171875,-0.15625,-0.140625,-0.125,-0.109375,-0.09375,-0.078125,-0.0625,-0.046875,-0.03125,-0.015625,0,0.015625,0.03125,0.046875,0.0625,0.078125,0.09375,0.109375,0.125,0.140625,0.15625,0.171875,0.1875,0.203125,0.21875,0.234375,0.25,0.265625,0.28125,0.296875,0.3125,0.328125,0.34375,0.359375,0.375,0.390625,0.40625,0.421875,0.4375,0.453125,0.46875,0.484375,0.5],"_type":"histogram"},"_wandb":{"runtime":29},"_timestamp":1.7393560145962338e+09,"_step":27}