{"loss": 0.1952163726091385, "_timestamp": 1739357459.76425, "_runtime": 37.06653904914856, "_step": 2}