{"loss":7.692024155403487e-06,"_wandb":{"runtime":36},"_timestamp":1.7374104791558006e+09,"_runtime":35.8556673,"_step":98}