{"loss": 0.007396777160465717, "_timestamp": 1739304552.149104, "_runtime": 67.06243705749512, "_step": 27, "params/['params']['last']['bias']": {"_type": "histogram", "values": [1, 0, 0, 0, 0, 0, 0, 0, 0, 0, 0, 0, 0, 0, 0, 0, 0, 0, 0, 0, 0, 0, 0, 0, 0, 0, 0, 0, 0, 0, 0, 0, 0, 0, 0, 0, 0, 0, 0, 0, 0, 0, 0, 0, 0, 0, 0, 0, 0, 0, 0, 0, 0, 0, 0, 0, 0, 0, 0, 0, 0, 0, 0, 1], "bins": [0.868767261505127, 0.8709142804145813, 0.8730612993240356, 0.87520831823349, 0.8773553371429443, 0.8795023560523987, 0.8816493153572083, 0.8837963342666626, 0.8859433531761169, 0.8880903720855713, 0.8902373909950256, 0.89238440990448, 0.8945314288139343, 0.8966784477233887, 0.898825466632843, 0.9009724855422974, 0.9031194448471069, 0.9052664637565613, 0.9074134826660156, 0.90956050157547, 0.9117075204849243, 0.9138545393943787, 0.916001558303833, 0.9181485772132874, 0.9202955961227417, 0.922442615032196, 0.9245896339416504, 0.92673659324646, 0.9288836121559143, 0.9310306310653687, 0.933177649974823, 0.9353246688842773, 0.9374716877937317, 0.939618706703186, 0.9417657256126404, 0.9439127445220947, 0.9460597634315491, 0.9482067823410034, 0.950353741645813, 0.9525007605552673, 0.9546477794647217, 0.956794798374176, 0.9589418172836304, 0.9610888361930847, 0.9632358551025391, 0.9653828740119934, 0.9675298929214478, 0.9696769118309021, 0.9718239307403564, 0.973970890045166, 0.9761179089546204, 0.9782649278640747, 0.980411946773529, 0.9825589656829834, 0.9847059845924377, 0.9868530035018921, 0.9890000224113464, 0.9911470413208008, 0.9932940006256104, 0.9954410791397095, 0.997588038444519, 0.9997350573539734, 1.0018820762634277, 1.0040290355682373, 1.0061761140823364]}, "params/['params']['last']['kernel']": {"_type": "histogram", "values": [1, 0, 0, 0, 0, 0, 0, 1, 1, 2, 0, 0, 0, 0, 0, 0, 0, 0, 0, 0, 0, 0, 0, 0, 0, 0, 0, 1, 0, 5, 0, 0, 0, 0, 0, 0, 0, 0, 0, 0, 0, 0, 0, 0, 0, 0, 0, 0, 0, 0, 0, 0, 0, 0, 0, 0, 0, 0, 0, 0, 0, 0, 0, 1], "bins": [-0.20105956494808197, -0.19400376081466675, -0.18694794178009033, -0.1798921376466751, -0.1728363335132599, -0.16578051447868347, -0.15872471034526825, -0.15166890621185303, -0.1446130871772766, -0.1375572681427002, -0.13050146400928497, -0.12344565987586975, -0.11638984829187393, -0.10933403670787811, -0.10227823257446289, -0.09522242099046707, -0.08816660940647125, -0.08111079782247543, -0.07405498623847961, -0.06699918210506439, -0.059943363070487976, -0.052887558937072754, -0.04583175480365753, -0.038775935769081116, -0.031720131635665894, -0.02466432750225067, -0.017608508467674255, -0.010552704334259033, -0.003496900200843811, 0.003558918833732605, 0.010614722967147827, 0.017670542001724243, 0.024726346135139465, 0.03178215026855469, 0.038837969303131104, 0.045893773436546326, 0.05294959247112274, 0.06000538170337677, 0.06706120073795319, 0.0741170197725296, 0.08117283880710602, 0.08822862803936005, 0.09528444707393646, 0.10234026610851288, 0.1093960553407669, 0.11645187437534332, 0.12350769340991974, 0.13056348264217377, 0.13761930167675018, 0.1446751207113266, 0.15173090994358063, 0.15878672897815704, 0.16584254801273346, 0.1728983372449875, 0.1799541562795639, 0.18700997531414032, 0.19406576454639435, 0.20112158358097076, 0.20817740261554718, 0.2152332216501236, 0.22228901088237762, 0.22934482991695404, 0.23640064895153046, 0.24345643818378448, 0.2505122423171997]}, "params/['params']['layers_0']['linear_layer']['bias']": {"_type": "histogram", "values": [2, 0, 0, 0, 0, 0, 0, 0, 0, 0, 0, 0, 0, 0, 0, 0, 0, 0, 0, 0, 1, 0, 0, 0, 2, 0, 0, 0, 0, 0, 0, 0, 0, 0, 1, 0, 0, 1, 0, 0, 0, 0, 0, 0, 0, 0, 0, 0, 0, 0, 0, 0, 0, 0, 0, 0, 0, 0, 0, 0, 0, 0, 0, 1], "bins": [-0.3153555393218994, -0.2997245192527771, -0.2840934991836548, -0.26846250891685486, -0.25283148884773254, -0.23720046877861023, -0.2215694636106491, -0.205938458442688, -0.19030743837356567, -0.17467641830444336, -0.15904541313648224, -0.14341440796852112, -0.1277833878993988, -0.11215236783027649, -0.09652136266231537, -0.08089035749435425, -0.06525933742523193, -0.04962831735610962, -0.033997297286987305, -0.018366307020187378, -0.0027352869510650635, 0.012895733118057251, 0.028526723384857178, 0.04415774345397949, 0.05978876352310181, 0.07541978359222412, 0.09105080366134644, 0.10668179392814636, 0.12231281399726868, 0.137943834066391, 0.15357482433319092, 0.16920584440231323, 0.18483686447143555, 0.20046788454055786, 0.21609890460968018, 0.2317299246788025, 0.2473609447479248, 0.26299190521240234, 0.27862292528152466, 0.294253945350647, 0.3098849654197693, 0.3255159854888916, 0.3411470055580139, 0.35677802562713623, 0.37240898609161377, 0.3880400061607361, 0.4036710262298584, 0.4193020462989807, 0.434933066368103, 0.45056408643722534, 0.46619510650634766, 0.48182612657546997, 0.4974571466445923, 0.5130881071090698, 0.5287191271781921, 0.5443501472473145, 0.5599811673164368, 0.5756121873855591, 0.5912432074546814, 0.6068742275238037, 0.6225051879882812, 0.6381362080574036, 0.6537672281265259, 0.6693982481956482, 0.6850292682647705]}, "params/['params']['layers_0']['linear_layer']['kernel']": {"_type": "histogram", "values": [2, 0, 0, 1, 1, 0, 1, 3, 0, 0, 1, 0, 1, 1, 1, 0, 1, 0, 2, 1, 1, 1, 0, 8, 0, 1, 0, 0, 0, 1, 0, 0, 0, 0, 0, 0, 0, 0, 0, 0, 1, 0, 0, 0, 0, 0, 1, 1, 0, 0, 0, 0, 0, 0, 0, 0, 0, 0, 0, 0, 0, 0, 0, 1], "bins": [-1.0487169027328491, -1.004281997680664, -0.959847092628479, -0.915412187576294, -0.8709772825241089, -0.8265423774719238, -0.7821075320243835, -0.7376726269721985, -0.6932377219200134, -0.6488028168678284, -0.6043679118156433, -0.559933066368103, -0.515498161315918, -0.4710632562637329, -0.42662835121154785, -0.3821934461593628, -0.33775854110717773, -0.2933236360549927, -0.24888873100280762, -0.20445382595062256, -0.1600189208984375, -0.11558407545089722, -0.07114917039871216, -0.026714205741882324, 0.017720580101013184, 0.06215548515319824, 0.1065903902053833, 0.15102529525756836, 0.19546020030975342, 0.23989510536193848, 0.28433001041412354, 0.3287649154663086, 0.37319982051849365, 0.4176347255706787, 0.46206963062286377, 0.5065045356750488, 0.5509394407272339, 0.595374345779419, 0.639809250831604, 0.6842441558837891, 0.7286790609359741, 0.7731138467788696, 0.8175487518310547, 0.8619836568832397, 0.9064185619354248, 0.9508534669876099, 0.9952884912490845, 1.03972327709198, 1.0841580629348755, 1.12859308719635, 1.1730278730392456, 1.2174628973007202, 1.2618976831436157, 1.3063327074050903, 1.3507674932479858, 1.3952025175094604, 1.439637303352356, 1.4840723276138306, 1.528507113456726, 1.5729421377182007, 1.6173769235610962, 1.6618119478225708, 1.7062467336654663, 1.750681757926941, 1.7951165437698364]}, "params/['params']['layers_1']['linear_layer']['bias']": {"_type": "histogram", "values": [2, 0, 0, 0, 0, 0, 0, 0, 0, 0, 0, 0, 0, 0, 0, 0, 0, 0, 0, 0, 0, 0, 0, 0, 0, 0, 0, 0, 0, 0, 0, 0, 0, 0, 0, 0, 3, 0, 0, 0, 0, 0, 0, 0, 0, 0, 0, 1, 0, 0, 0, 0, 0, 0, 0, 0, 0, 0, 0, 0, 0, 0, 0, 2],