{"loss": 0.0009344161953777075, "_timestamp": 1739970234.3742409, "_runtime": 188.35553288459778, "_step": 2793, "params/['params']['last']['bias']": {"_type": "histogram", "values": [1, 0, 0, 0, 0, 0, 0, 0, 0, 0, 0, 0, 0, 0, 0, 0, 0, 0, 0, 0, 0, 0, 0, 0, 0, 0, 0, 0, 0, 0, 0, 0, 0, 0, 0, 0, 0, 0, 0, 0, 0, 0, 0, 0, 0, 0, 0, 0, 0, 0, 0, 0, 0, 0, 0, 0, 0, 0, 0, 0, 0, 0, 0, 1], "bins": [0.0, 0.00824852753430605, 0.0164970550686121, 0.024745583534240723, 0.0329941101372242, 0.04124263674020767, 0.049491167068481445, 0.05773969367146492, 0.0659882202744484, 0.07423675060272217, 0.08248527348041534, 0.09073380380868912, 0.09898233413696289, 0.10723085701465607, 0.11547938734292984, 0.12372791022062302, 0.1319764405488968, 0.14022496342658997, 0.14847350120544434, 0.1567220240831375, 0.1649705469608307, 0.17321908473968506, 0.18146760761737823, 0.1897161304950714, 0.19796466827392578, 0.20621319115161896, 0.21446171402931213, 0.2227102369070053, 0.23095877468585968, 0.23920729756355286, 0.24745582044124603, 0.2557043433189392, 0.2639528810977936, 0.27220141887664795, 0.28044992685317993, 0.2886984646320343, 0.29694700241088867, 0.30519551038742065, 0.313444048166275, 0.3216925859451294, 0.3299410939216614, 0.33818963170051575, 0.3464381694793701, 0.3546866774559021, 0.36293521523475647, 0.37118375301361084, 0.3794322609901428, 0.3876807987689972, 0.39592933654785156, 0.40417784452438354, 0.4124263823032379, 0.4206748902797699, 0.42892342805862427, 0.43717196583747864, 0.4454204738140106, 0.453669011592865, 0.46191754937171936, 0.47016605734825134, 0.4784145951271057, 0.4866631329059601, 0.49491164088249207, 0.5031601786613464, 0.5114086866378784, 0.5196572542190552, 0.5279057621955872]}, "params/['params']['last']['kernel']": {"_type": "histogram", "values": [1, 0, 0, 0, 0, 0, 0, 0, 0, 0, 0, 0, 0, 0, 0, 0, 0, 0, 0, 0, 0, 0, 0, 0, 0, 0, 0, 0, 0, 4, 0, 29, 0, 0, 0, 0, 0, 0, 0, 0, 0, 0, 0, 0, 0, 0, 0, 0, 0, 0, 0, 1, 0, 0, 0, 0, 0, 0, 0, 0, 0, 0, 0, 1], "bins": [-0.2492481917142868, -0.24123921990394592, -0.23323023319244385, -0.22522126138210297, -0.21721228957176208, -0.20920330286026, -0.20119433104991913, -0.19318535923957825, -0.18517637252807617, -0.1771674007177353, -0.1691584289073944, -0.16114944219589233, -0.15314047038555145, -0.14513149857521057, -0.1371225118637085, -0.1291135549545288, -0.12110456824302673, -0.11309559643268585, -0.10508660972118378, -0.0970776379108429, -0.08906866610050201, -0.08105967938899994, -0.07305070757865906, -0.06504173576831818, -0.0570327490568161, -0.04902377724647522, -0.04101480543613434, -0.03300583362579346, -0.024996846914291382, -0.0169878751039505, -0.00897890329360962, -0.0009699165821075439, 0.007039055228233337, 0.015048041939735413, 0.0230569988489151, 0.031065985560417175, 0.03907497227191925, 0.04708392918109894, 0.05509291589260101, 0.06310190260410309, 0.07111085951328278, 0.07911984622478485, 0.08712883293628693, 0.09513778984546661, 0.10314677655696869, 0.11115576326847076, 0.11916472017765045, 0.12717370688915253, 0.1351826936006546, 0.1431916505098343, 0.15120063722133636, 0.15920959413051605, 0.16721858084201813, 0.1752275675535202, 0.1832365244626999, 0.19124551117420197, 0.19925449788570404, 0.20726345479488373, 0.2152724415063858, 0.22328142821788788, 0.23129038512706757, 0.23929937183856964, 0.24730835855007172, 0.2553173303604126, 0.2633263170719147]}, "params/['params']['layers_0']['linear_layer']['bias']": {"_type": "histogram", "values": [0, 0, 0, 0, 0, 0, 0, 0, 0, 0, 0, 0, 0, 0, 0, 0, 0, 0, 0, 0, 0, 0, 0, 0, 0, 0, 0, 0, 0, 0, 0, 0, 22, 0, 0, 0, 0, 0, 0, 0, 0, 0, 0, 0, 0, 0, 0, 0, 0, 0, 0, 0, 0, 0, 0, 0, 0, 0, 0, 0, 0, 0, 0, 0], "bins": [-0.5, -0.484375, -0.46875, -0.453125, -0.4375, -0.421875, -0.40625, -0.390625, -0.375, -0.359375, -0.34375, -0.328125, -0.3125, -0.296875, -0.28125, -0.265625, -0.25, -0.234375, -0.21875, -0.203125, -0.1875, -0.171875, -0.15625, -0.140625, -0.125, -0.109375, -0.09375, -0.078125, -0.0625, -0.046875, -0.03125, -0.015625, 0.0, 0.015625, 0.03125, 0.046875, 0.0625, 0.078125, 0.09375, 0.109375, 0.125, 0.140625, 0.15625, 0.171875, 0.1875, 0.203125, 0.21875, 0.234375, 0.25, 0.265625, 0.28125, 0.296875, 0.3125, 0.328125, 0.34375, 0.359375, 0.375, 0.390625, 0.40625, 0.421875, 0.4375, 0.453125, 0.46875, 0.484375, 0.5]}, "params/['params']['layers_0']['linear_layer']['kernel']": {"_type": "histogram", "values": [1, 0, 0, 0, 0, 0, 0, 0, 0, 0, 0, 0, 0, 0, 0, 0, 0, 0, 0, 0, 0, 0, 0, 81, 0, 0, 0, 0, 0, 0, 0, 0, 0, 0, 0, 0, 1, 0, 0, 0, 0, 0, 0, 0, 0, 0, 0, 2, 0, 0, 0, 0, 0, 2, 0, 0, 0, 0, 0, 0, 0, 0, 0, 1], "bins": [-0.596415102481842, -0.5711051821708679, -0.5457953214645386, -0.5204854011535645, -0.49517548084259033, -0.4698655605316162, -0.4445556700229645, -0.41924577951431274, -0.3939358592033386, -0.3686259388923645, -0.34331604838371277, -0.31800615787506104, -0.2926962375640869, -0.2673863172531128, -0.24207642674446106, -0.21676653623580933, -0.1914566159248352, -0.16614669561386108, -0.14083680510520935, -0.11552691459655762, -0.0902169942855835, -0.06490707397460938, -0.03959721326828003, -0.014287292957305908, 0.011022627353668213, 0.036332547664642334, 0.061642467975616455, 0.0869523286819458, 0.11226224899291992, 0.13757216930389404, 0.1628820300102234, 0.1881919503211975, 0.21350187063217163, 0.23881179094314575, 0.2641217112541199, 0.2894315719604492, 0.31474149227142334, 0.34005141258239746, 0.3653612732887268, 0.3906711935997009, 0.41598111391067505, 0.44129103422164917, 0.4666009545326233, 0.4919108748435974, 0.517220675945282, 0.5425305962562561, 0.5678405165672302, 0.5931504368782043, 0.6184603571891785, 0.6437702775001526, 0.6690801978111267, 0.6943901181221008, 0.719700038433075, 0.7450098395347595, 0.7703197598457336, 0.7956296801567078, 0.8209396004676819, 0.846249520778656, 0.8715594410896301, 0.8968693614006042, 0.9221791625022888, 0.9474890828132629, 0.9727990031242371, 0.9981089234352112, 1.0234187841415405]}, "params/['params']['layers_1']['linear_layer']['bias']": {"_type": "histogram", "values": [0, 0, 0, 0, 0, 0, 0, 0, 0, 0, 0, 0, 0, 0, 0, 0, 0, 0, 0, 0, 0, 0, 0, 0, 0, 0, 0, 0, 0, 0, 0, 0, 22, 0, 0, 0, 0, 0, 0, 0, 0, 0, 0, 0, 0, 0, 0, 0, 0, 0, 0, 0, 0, 0, 0, 0, 0, 0, 0, 0, 0, 0, 0, 0], "bins": [-0.5, -0.484375, -0.46875, -0.453125, -0.4375, -0.421875, -0.40625, -0.390625, -0.375, -0.359375, -0.34375, -0.328125, -0.3125, -0.296875, -0.28125, -0.265625, -0.25, -0.234375, -0.21875, -0.203125, -0.1875, -0.171875, -0.15625, -0.140625, -0.125, -0.109375, -0.09375, -0.078125, -0.0625, -0.046875, -0.03125, -0.015625, 0.0, 0.015625, 0.03125, 0.046875, 0.0625, 0.078125, 0.09375, 0.109375, 0.125, 0.140625, 0.15625, 0.171875, 0.1875, 0.203125, 0.21875, 0.234375, 0.25, 0.265625, 0.28125, 0.296875, 0.3125, 0.328125, 0.34375, 0.359375, 0.375, 0.390625, 0.40625, 0.421875, 0.4375, 0.453125, 0.46875, 0.484375, 0.5]}, "params/['params']['layers_1']['linear_layer']['kernel']": {"_type": "histogram", "values": [1, 0, 0, 0, 0, 0, 0, 0, 0, 0, 0, 0, 1, 0, 2, 0, 0, 0, 1, 0, 0, 1, 0, 0, 0, 384, 0, 0, 0, 0, 0, 0, 0, 0, 0, 1, 0, 0, 0, 0, 0, 0, 0, 0, 0, 0, 0, 0, 0, 0, 0, 0, 0, 0, 1, 0, 0, 1, 1, 0, 1, 0, 0, 1],