{"loss": 0.1941354125738144, "_timestamp": 1739288238.668431, "_runtime": 609.7976169586182, "_step": 59}