{"loss": 5.330410524323308e-14, "_timestamp": 1739966375.5216267, "_runtime": 198.57326364517212, "_step": 2793, "params/['params']['last']['bias']": {"_type": "histogram", "values": [0, 0, 0, 0, 0, 0, 0, 0, 0, 0, 0, 0, 0, 0, 0, 0, 0, 0, 0, 0, 0, 0, 0, 0, 0, 0, 0, 0, 0, 0, 0, 0, 2, 0, 0, 0, 0, 0, 0, 0, 0, 0, 0, 0, 0, 0, 0, 0, 0, 0, 0, 0, 0, 0, 0, 0, 0, 0, 0, 0, 0, 0, 0, 0], "bins": [-0.5, -0.484375, -0.46875, -0.453125, -0.4375, -0.421875, -0.40625, -0.390625, -0.375, -0.359375, -0.34375, -0.328125, -0.3125, -0.296875, -0.28125, -0.265625, -0.25, -0.234375, -0.21875, -0.203125, -0.1875, -0.171875, -0.15625, -0.140625, -0.125, -0.109375, -0.09375, -0.078125, -0.0625, -0.046875, -0.03125, -0.015625, 0.0, 0.015625, 0.03125, 0.046875, 0.0625, 0.078125, 0.09375, 0.109375, 0.125, 0.140625, 0.15625, 0.171875, 0.1875, 0.203125, 0.21875, 0.234375, 0.25, 0.265625, 0.28125, 0.296875, 0.3125, 0.328125, 0.34375, 0.359375, 0.375, 0.390625, 0.40625, 0.421875, 0.4375, 0.453125, 0.46875, 0.484375, 0.5]}, "params/['params']['last']['kernel']": {"_type": "histogram", "values": [1, 0, 0, 0, 0, 0, 0, 0, 0, 0, 0, 0, 0, 0, 0, 0, 0, 0, 0, 0, 0, 0, 0, 0, 0, 0, 0, 0, 0, 0, 0, 0, 0, 0, 0, 0, 0, 0, 0, 0, 0, 0, 0, 0, 0, 0, 0, 0, 0, 0, 2, 0, 0, 0, 0, 0, 0, 0, 30, 0, 0, 0, 0, 3], "bins": [-0.07091765850782394, -0.0697035863995552, -0.06848950684070587, -0.06727543473243713, -0.0660613551735878, -0.06484728306531906, -0.06363321095705032, -0.06241913139820099, -0.06120505928993225, -0.059990983456373215, -0.05877690762281418, -0.05756283178925514, -0.056348755955696106, -0.05513468384742737, -0.05392060428857803, -0.052706532180309296, -0.05149245634675026, -0.05027838051319122, -0.049064308404922485, -0.04785022884607315, -0.04663615673780441, -0.04542208090424538, -0.04420800507068634, -0.0429939329624176, -0.04177985340356827, -0.04056578129529953, -0.039351705461740494, -0.03813762962818146, -0.03692355379462242, -0.035709477961063385, -0.03449540585279465, -0.03328133001923561, -0.032067254185676575, -0.03085317835211754, -0.029639102518558502, -0.028425030410289764, -0.027210954576730728, -0.025996878743171692, -0.024782802909612656, -0.02356872707605362, -0.02235465496778488, -0.021140579134225845, -0.01992650330066681, -0.018712427467107773, -0.017498351633548737, -0.0162842757999897, -0.015070203691720963, -0.013856127858161926, -0.01264205202460289, -0.011427976191043854, -0.010213900357484818, -0.00899982824921608, -0.0077857524156570435, -0.006571672856807709, -0.005357600748538971, -0.004143528640270233, -0.0029294490814208984, -0.0017153769731521606, -0.0005012974143028259, 0.0007127746939659119, 0.0019268468022346497, 0.0031409263610839844, 0.004354998469352722, 0.005569078028202057, 0.006783151067793369]}, "params/['params']['layers_0']['linear_layer']['bias']": {"_type": "histogram", "values": [0, 0, 0, 0, 0, 0, 0, 0, 0, 0, 0, 0, 0, 0, 0, 0, 0, 0, 0, 0, 0, 0, 0, 0, 0, 0, 0, 0, 0, 0, 0, 0, 22, 0, 0, 0, 0, 0, 0, 0, 0, 0, 0, 0, 0, 0, 0, 0, 0, 0, 0, 0, 0, 0, 0, 0, 0, 0, 0, 0, 0, 0, 0, 0], "bins": [-0.5, -0.484375, -0.46875, -0.453125, -0.4375, -0.421875, -0.40625, -0.390625, -0.375, -0.359375, -0.34375, -0.328125, -0.3125, -0.296875, -0.28125, -0.265625, -0.25, -0.234375, -0.21875, -0.203125, -0.1875, -0.171875, -0.15625, -0.140625, -0.125, -0.109375, -0.09375, -0.078125, -0.0625, -0.046875, -0.03125, -0.015625, 0.0, 0.015625, 0.03125, 0.046875, 0.0625, 0.078125, 0.09375, 0.109375, 0.125, 0.140625, 0.15625, 0.171875, 0.1875, 0.203125, 0.21875, 0.234375, 0.25, 0.265625, 0.28125, 0.296875, 0.3125, 0.328125, 0.34375, 0.359375, 0.375, 0.390625, 0.40625, 0.421875, 0.4375, 0.453125, 0.46875, 0.484375, 0.5]}, "params/['params']['layers_0']['linear_layer']['kernel']": {"_type": "histogram", "values": [1, 0, 0, 0, 0, 0, 0, 0, 0, 0, 0, 0, 0, 0, 0, 0, 0, 0, 0, 0, 0, 0, 0, 0, 0, 0, 0, 0, 0, 0, 63, 0, 0, 0, 1, 0, 0, 0, 0, 0, 0, 0, 0, 0, 0, 0, 0, 0, 0, 0, 0, 0, 0, 0, 0, 0, 0, 0, 0, 0, 0, 0, 0, 1], "bins": [-1.0249552726745605, -0.9914143085479736, -0.9578733444213867, -0.9243323802947998, -0.8907914161682129, -0.857250452041626, -0.8237095475196838, -0.7901685833930969, -0.75662761926651, -0.7230866551399231, -0.6895456910133362, -0.656004786491394, -0.6224638223648071, -0.5889228582382202, -0.5553818941116333, -0.5218409299850464, -0.4882999658584595, -0.45475900173187256, -0.42121803760528564, -0.38767707347869873, -0.3541361093521118, -0.3205952048301697, -0.28705424070358276, -0.25351327657699585, -0.21997231245040894, -0.18643134832382202, -0.1528903841972351, -0.1193494200706482, -0.08580851554870605, -0.05226755142211914, -0.018726587295532227, 0.014814376831054688, 0.0483553409576416, 0.08189630508422852, 0.11543726921081543, 0.14897823333740234, 0.18251919746398926, 0.21606016159057617, 0.24960112571716309, 0.28314208984375, 0.3166830539703369, 0.3502238988876343, 0.3837648630142212, 0.4173058271408081, 0.450846791267395, 0.48438775539398193, 0.5179287195205688, 0.5514696836471558, 0.5850106477737427, 0.6185516119003296, 0.6520925760269165, 0.6856335401535034, 0.7191745042800903, 0.7527154684066772, 0.7862564325332642, 0.8197973966598511, 0.8533382415771484, 0.8868792057037354, 0.9204201698303223, 0.9539611339569092, 0.9875020980834961, 1.021043062210083, 1.05458402633667, 1.0881249904632568, 1.1216660737991333]}, "params/['params']['layers_1']['linear_layer']['bias']": {"_type": "histogram", "values": [0, 0, 0, 0, 0, 0, 0, 0, 0, 0, 0, 0, 0, 0, 0, 0, 0, 0, 0, 0, 0, 0, 0, 0, 0, 0, 0, 0, 0, 0, 0, 0, 22, 0, 0, 0, 0, 0, 0, 0, 0, 0, 0, 0, 0, 0, 0, 0, 0, 0, 0, 0, 0, 0, 0, 0, 0, 0, 0, 0, 0, 0, 0, 0], "bins": [-0.5, -0.484375, -0.46875, -0.453125, -0.4375, -0.421875, -0.40625, -0.390625, -0.375, -0.359375, -0.34375, -0.328125, -0.3125, -0.296875, -0.28125, -0.265625, -0.25, -0.234375, -0.21875, -0.203125, -0.1875, -0.171875, -0.15625, -0.140625, -0.125, -0.109375, -0.09375, -0.078125, -0.0625, -0.046875, -0.03125, -0.015625, 0.0, 0.015625, 0.03125, 0.046875, 0.0625, 0.078125, 0.09375, 0.109375, 0.125, 0.140625, 0.15625, 0.171875, 0.1875, 0.203125, 0.21875, 0.234375, 0.25, 0.265625, 0.28125, 0.296875, 0.3125, 0.328125, 0.34375, 0.359375, 0.375, 0.390625, 0.40625, 0.421875, 0.4375, 0.453125, 0.46875, 0.484375, 0.5]}, "params/['params']['layers_1']['linear_layer']['kernel']": {"_type": "histogram", "values": [1, 0, 0, 0, 0, 0, 0, 0, 0, 0, 0, 0, 0, 0, 0, 0, 0, 1, 0, 0, 0, 0, 0, 0, 0, 0, 0, 0, 0, 0, 0, 0, 386, 0, 1, 1, 1, 1, 0, 0, 0, 0, 0, 0, 0, 0, 1, 0, 0, 0, 0, 0, 0, 0, 0, 0, 0, 0, 0, 0, 0, 2, 0, 1], "bins": [-3.0651023387908936, -2.96931791305542, -2.8735334873199463, -2.7777490615844727, -2.681964635848999, -2.5861802101135254, -2.4903955459594727, -2.394611120223999, -2.2988266944885254, -2.2030422687530518, -2.107257843017578, -2.0114734172821045, -1.9156889915466309, -1.8199045658111572, -1.724120020866394, -1.6283355951309204, -1.5325511693954468, -1.4367667436599731, -1.3409823179244995, -1.2451977729797363, -1.1494133472442627, -1.053628921508789, -0.9578444957733154, -0.8620600700378418, -0.7662756443023682, -0.6704912185668945, -0.5747067928314209, -0.47892212867736816, -0.38313770294189453, -0.2873532772064209, -0.19156885147094727, -0.09578442573547363, 0.0, 0.09578442573547363, 0.19156885147094727, 0.2873532772064209, 0.38313770294189453, 0.47892212867736816, 0.5747067928314209, 0.6704912185668945, 0.7662756443023682, 0.8620600700378418, 0.9578444957733154, 1.0536291599273682, 1.1494133472442627, 1.2451980113983154, 1.34098219871521, 1.4367668628692627, 1.5325510501861572, 1.62833571434021, 1.7241199016571045, 1.8199045658111572, 1.9156887531280518, 2.0114734172821045, 2.1072580814361572, 2.2030422687530518, 2.2988269329071045, 2.394611120223999, 2.4903957843780518, 2.5861799716949463, 2.681964635848999, 2.7777488231658936, 2.8735334873199463, 2.969317674636841, 3.0651023387908936]}, "validation_loss": 4.191167134485682e-14, "_wandb": {"runtime": 200}}