{"loss": 0.004279798828065395, "_timestamp": 1739521386.6432679, "_runtime": 186.57499194145203, "_step": 404, "params/['params']['last']['bias']": {"_type": "histogram", "values": [0, 0, 0, 0, 0, 0, 0, 0, 0, 0, 0, 0, 0, 0, 0, 0, 0, 0, 0, 0, 0, 0, 0, 0, 0, 0, 0, 0, 0, 0, 0, 0, 2, 0, 0, 0, 0, 0, 0, 0, 0, 0, 0, 0, 0, 0, 0, 0, 0, 0, 0, 0, 0, 0, 0, 0, 0, 0, 0, 0, 0, 0, 0, 0], "bins": [-0.5, -0.484375, -0.46875, -0.453125, -0.4375, -0.421875, -0.40625, -0.390625, -0.375, -0.359375, -0.34375, -0.328125, -0.3125, -0.296875, -0.28125, -0.265625, -0.25, -0.234375, -0.21875, -0.203125, -0.1875, -0.171875, -0.15625, -0.140625, -0.125, -0.109375, -0.09375, -0.078125, -0.0625, -0.046875, -0.03125, -0.015625, 0.0, 0.015625, 0.03125, 0.046875, 0.0625, 0.078125, 0.09375, 0.109375, 0.125, 0.140625, 0.15625, 0.171875, 0.1875, 0.203125, 0.21875, 0.234375, 0.25, 0.265625, 0.28125, 0.296875, 0.3125, 0.328125, 0.34375, 0.359375, 0.375, 0.390625, 0.40625, 0.421875, 0.4375, 0.453125, 0.46875, 0.484375, 0.5]}, "params/['params']['last']['kernel']": {"_type": "histogram", "values": [1, 0, 0, 0, 0, 0, 0, 0, 0, 0, 0, 0, 0, 0, 0, 0, 0, 0, 0, 0, 0, 0, 0, 0, 0, 0, 0, 0, 0, 0, 0, 0, 0, 0, 0, 0, 0, 0, 0, 0, 0, 0, 0, 0, 0, 0, 0, 0, 0, 0, 0, 0, 0, 0, 0, 0, 0, 0, 0, 0, 0, 31, 0, 4], "bins": [-0.11513268202543259, -0.11325165629386902, -0.11137062311172485, -0.10948958992958069, -0.10760856419801712, -0.10572753846645355, -0.10384650528430939, -0.10196547210216522, -0.10008444637060165, -0.09820342063903809, -0.09632238745689392, -0.09444135427474976, -0.09256032854318619, -0.09067930281162262, -0.08879826962947845, -0.08691723644733429, -0.08503621071577072, -0.08315518498420715, -0.08127415180206299, -0.07939311861991882, -0.07751209288835526, -0.07563106715679169, -0.07375003397464752, -0.07186900079250336, -0.06998797506093979, -0.06810694932937622, -0.06622591614723206, -0.06434488296508789, -0.06246385723352432, -0.060582827776670456, -0.05870179831981659, -0.05682076886296272, -0.054939739406108856, -0.05305870994925499, -0.05117768049240112, -0.049296654760837555, -0.04741562157869339, -0.045534588396549225, -0.04365356266498566, -0.04177253693342209, -0.039891503751277924, -0.03801047056913376, -0.03612944483757019, -0.03424841910600662, -0.03236738592386246, -0.030486352741718292, -0.028605327010154724, -0.026724301278591156, -0.02484326809644699, -0.022962234914302826, -0.021081209182739258, -0.01920018345117569, -0.017319150269031525, -0.01543811708688736, -0.013557091355323792, -0.011676065623760223, -0.009795032441616058, -0.007913999259471893, -0.006032973527908325, -0.004151947796344757, -0.002270914614200592, -0.000389881432056427, 0.0014911442995071411, 0.0033721700310707092, 0.005253205541521311]}, "params/['params']['layers_0']['linear_layer']['bias']": {"_type": "histogram", "values": [0, 0, 0, 0, 0, 0, 0, 0, 0, 0, 0, 0, 0, 0, 0, 0, 0, 0, 0, 0, 0, 0, 0, 0, 0, 0, 0, 0, 0, 0, 0, 0, 22, 0, 0, 0, 0, 0, 0, 0, 0, 0, 0, 0, 0, 0, 0, 0, 0, 0, 0, 0, 0, 0, 0, 0, 0, 0, 0, 0, 0, 0, 0, 0], "bins": [-0.5, -0.484375, -0.46875, -0.453125, -0.4375, -0.421875, -0.40625, -0.390625, -0.375, -0.359375, -0.34375, -0.328125, -0.3125, -0.296875, -0.28125, -0.265625, -0.25, -0.234375, -0.21875, -0.203125, -0.1875, -0.171875, -0.15625, -0.140625, -0.125, -0.109375, -0.09375, -0.078125, -0.0625, -0.046875, -0.03125, -0.015625, 0.0, 0.015625, 0.03125, 0.046875, 0.0625, 0.078125, 0.09375, 0.109375, 0.125, 0.140625, 0.15625, 0.171875, 0.1875, 0.203125, 0.21875, 0.234375, 0.25, 0.265625, 0.28125, 0.296875, 0.3125, 0.328125, 0.34375, 0.359375, 0.375, 0.390625, 0.40625, 0.421875, 0.4375, 0.453125, 0.46875, 0.484375, 0.5]}, "params/['params']['layers_0']['linear_layer']['kernel']": {"_type": "histogram", "values": [1, 0, 0, 0, 0, 0, 0, 0, 0, 0, 0, 0, 0, 0, 0, 0, 0, 0, 0, 0, 0, 0, 0, 0, 0, 0, 0, 0, 0, 0, 0, 0, 0, 0, 0, 0, 0, 0, 0, 0, 0, 0, 0, 0, 0, 0, 0, 0, 0, 0, 0, 0, 0, 0, 2, 0, 0, 0, 0, 1, 0, 0, 0, 84], "bins": [-1.6162105798721313, -1.5909305810928345, -1.5656507015228271, -1.5403707027435303, -1.5150907039642334, -1.4898107051849365, -1.4645308256149292, -1.4392508268356323, -1.4139708280563354, -1.3886908292770386, -1.3634109497070312, -1.3381309509277344, -1.3128509521484375, -1.2875709533691406, -1.2622910737991333, -1.2370110750198364, -1.2117310762405396, -1.1864511966705322, -1.1611711978912354, -1.1358911991119385, -1.1106112003326416, -1.0853312015533447, -1.0600513219833374, -1.0347713232040405, -1.0094914436340332, -0.9842113852500916, -0.9589314460754395, -0.9336514472961426, -0.9083715081214905, -0.8830915093421936, -0.8578115701675415, -0.8325315713882446, -0.8072516322135925, -0.7819716930389404, -0.7566916942596436, -0.7314117550849915, -0.7061317563056946, -0.6808518171310425, -0.6555718183517456, -0.6302918791770935, -0.6050119400024414, -0.5797319412231445, -0.5544519424438477, -0.5291719436645508, -0.5038920640945435, -0.4786120653152466, -0.4533320665359497, -0.42805206775665283, -0.4027721881866455, -0.37749218940734863, -0.35221219062805176, -0.32693231105804443, -0.30165231227874756, -0.2763723134994507, -0.2510923147201538, -0.22581243515014648, -0.2005324363708496, -0.17525243759155273, -0.14997243881225586, -0.12469255924224854, -0.09941256046295166, -0.07413256168365479, -0.04885256290435791, -0.023572683334350586, 0.0017072991468012333]}, "params/['params']['layers_1']['linear_layer']['bias']": {"_type": "histogram", "values": [0, 0, 0, 0, 0, 0, 0, 0, 0, 0, 0, 0, 0, 0, 0, 0, 0, 0, 0, 0, 0, 0, 0, 0, 0, 0, 0, 0, 0, 0, 0, 0, 22, 0, 0, 0, 0, 0, 0, 0, 0, 0, 0, 0, 0, 0, 0, 0, 0, 0, 0, 0, 0, 0, 0, 0, 0, 0, 0, 0, 0, 0, 0, 0], "bins": [-0.5, -0.484375, -0.46875, -0.453125, -0.4375, -0.421875, -0.40625, -0.390625, -0.375, -0.359375, -0.34375, -0.328125, -0.3125, -0.296875, -0.28125, -0.265625, -0.25, -0.234375, -0.21875, -0.203125, -0.1875, -0.171875, -0.15625, -0.140625, -0.125, -0.109375, -0.09375, -0.078125, -0.0625, -0.046875, -0.03125, -0.015625, 0.0, 0.015625, 0.03125, 0.046875, 0.0625, 0.078125, 0.09375, 0.109375, 0.125, 0.140625, 0.15625, 0.171875, 0.1875, 0.203125, 0.21875, 0.234375, 0.25, 0.265625, 0.28125, 0.296875, 0.3125, 0.328125, 0.34375, 0.359375, 0.375, 0.390625, 0.40625, 0.421875, 0.4375, 0.453125, 0.46875, 0.484375, 0.5]}, "params/['params']['layers_1']['linear_layer']['kernel']": {"_type": "histogram", "values": [1, 0, 0, 0, 0, 0, 0, 0, 0, 0, 0, 0, 0, 0, 0, 0, 0, 0, 0, 0, 0, 0, 0, 0, 0, 0, 0, 0, 0, 1, 0, 0, 0, 0, 0, 0, 0, 0, 0, 0, 0, 0, 393, 0, 0, 0, 0, 0, 0, 0, 0, 0, 0, 0, 0, 0, 0, 0, 0, 0, 0, 0, 0, 1], "bins": [-2.376911163330078, -2.3203306198120117, -2.2637503147125244, -2.207169771194458, -2.1505892276763916, -2.094008684158325, -2.037428379058838, -1.9808478355407715, -1.924267292022705, -1.8676868677139282, -1.8111064434051514, -1.754525899887085, -1.697945475578308, -1.6413650512695312, -1.5847845077514648, -1.5282039642333984, -1.4716235399246216, -1.4150431156158447, -1.3584625720977783, -1.3018821477890015, -1.245301604270935, -1.1887211799621582, -1.1321406364440918, -1.075560212135315, -1.018979787826538, -0.9623992443084717, -0.9058188199996948, -0.8492382764816284, -0.7926578521728516, -0.7360773086547852, -0.6794968843460083, -0.6229163408279419, -0.566335916519165, -0.5097554922103882, -0.4531749486923218, -0.3965945243835449, -0.3400139808654785, -0.2834334373474121, -0.2268531322479248, -0.1702725887298584, -0.11369204521179199, -0.05711174011230469, -0.0005311965942382812, 0.056049346923828125, 0.11262989044189453, 0.16921019554138184, 0.22579073905944824, 0.28237128257751465, 0.33895158767700195, 0.39553213119506836, 0.45211267471313477, 0.5086932182312012, 0.5652735233306885, 0.6218540668487549, 0.6784346103668213, 0.7350151538848877, 0.791595458984375, 0.8481760025024414, 0.9047565460205078, 0.9613368511199951, 1.0179173946380615, 1.074497938156128, 1.1310784816741943, 1.1876587867736816, 1.244239330291748]}, "_wandb": {"runtime": 185}}