{"loss": 0.00020894789486192167, "_timestamp": 1739369558.2821722, "_runtime": 174.8464732170105, "_step": 404, "params/['params']['last']['bias']": {"_type": "histogram", "values": [0, 0, 0, 0, 0, 0, 0, 0, 0, 0, 0, 0, 0, 0, 0, 0, 0, 0, 0, 0, 0, 0, 0, 0, 0, 0, 0, 0, 0, 0, 0, 0, 2, 0, 0, 0, 0, 0, 0, 0, 0, 0, 0, 0, 0, 0, 0, 0, 0, 0, 0, 0, 0, 0, 0, 0, 0, 0, 0, 0, 0, 0, 0, 0], "bins": [-0.5, -0.484375, -0.46875, -0.453125, -0.4375, -0.421875, -0.40625, -0.390625, -0.375, -0.359375, -0.34375, -0.328125, -0.3125, -0.296875, -0.28125, -0.265625, -0.25, -0.234375, -0.21875, -0.203125, -0.1875, -0.171875, -0.15625, -0.140625, -0.125, -0.109375, -0.09375, -0.078125, -0.0625, -0.046875, -0.03125, -0.015625, 0.0, 0.015625, 0.03125, 0.046875, 0.0625, 0.078125, 0.09375, 0.109375, 0.125, 0.140625, 0.15625, 0.171875, 0.1875, 0.203125, 0.21875, 0.234375, 0.25, 0.265625, 0.28125, 0.296875, 0.3125, 0.328125, 0.34375, 0.359375, 0.375, 0.390625, 0.40625, 0.421875, 0.4375, 0.453125, 0.46875, 0.484375, 0.5]}, "params/['params']['last']['kernel']": {"_type": "histogram", "values": [2, 0, 0, 0, 0, 0, 0, 0, 0, 0, 0, 0, 0, 0, 0, 0, 0, 0, 0, 0, 0, 0, 0, 0, 0, 0, 0, 0, 0, 0, 38, 0, 0, 0, 0, 0, 0, 0, 0, 0, 0, 0, 0, 0, 0, 0, 0, 0, 0, 0, 0, 0, 0, 0, 0, 0, 0, 0, 0, 0, 1, 0, 0, 1], "bins": [-0.011171834543347359, -0.010807338170707226, -0.010442841798067093, -0.01007834542542696, -0.009713849052786827, -0.009349352680146694, -0.008984856307506561, -0.008620360866189003, -0.008255863562226295, -0.007891368120908737, -0.007526871282607317, -0.007162374909967184, -0.0067978790029883385, -0.006433382630348206, -0.006068886257708073, -0.00570438988506794, -0.005339893512427807, -0.004975397139787674, -0.004610900767147541, -0.004246404394507408, -0.0038819080218672752, -0.0035174121148884296, -0.0031529152765870094, -0.0027884189039468765, -0.0024239234626293182, -0.0020594270899891853, -0.0016949307173490524, -0.0013304343447089195, -0.0009659379720687866, -0.0006014415994286537, -0.0002369452267885208, 0.0001275511458516121, 0.000492047518491745, 0.0008565438911318779, 0.0012210402637720108, 0.0015855366364121437, 0.0019500330090522766, 0.0023145293816924095, 0.0026790257543325424, 0.0030435221269726753, 0.0034080184996128082, 0.0037725139409303665, 0.004137010313570499, 0.004501506686210632, 0.00486600399017334, 0.005230499431490898, 0.005594996735453606, 0.005959492176771164, 0.006323987618088722, 0.00668848492205143, 0.007052980363368988, 0.0074174776673316956, 0.007781973108649254, 0.008146470412611961, 0.00851096585392952, 0.008875463157892227, 0.009239958599209785, 0.009604455903172493, 0.009968951344490051, 0.010333448648452759, 0.010697944089770317, 0.011062441393733025, 0.011426936835050583, 0.01179143413901329, 0.012155929580330849]}, "params/['params']['layers_0']['linear_layer']['bias']": {"_type": "histogram", "values": [0, 0, 0, 0, 0, 0, 0, 0, 0, 0, 0, 0, 0, 0, 0, 0, 0, 0, 0, 0, 0, 0, 0, 0, 0, 0, 0, 0, 0, 0, 0, 0, 24, 0, 0, 0, 0, 0, 0, 0, 0, 0, 0, 0, 0, 0, 0, 0, 0, 0, 0, 0, 0, 0, 0, 0, 0, 0, 0, 0, 0, 0, 0, 0], "bins": [-0.5, -0.484375, -0.46875, -0.453125, -0.4375, -0.421875, -0.40625, -0.390625, -0.375, -0.359375, -0.34375, -0.328125, -0.3125, -0.296875, -0.28125, -0.265625, -0.25, -0.234375, -0.21875, -0.203125, -0.1875, -0.171875, -0.15625, -0.140625, -0.125, -0.109375, -0.09375, -0.078125, -0.0625, -0.046875, -0.03125, -0.015625, 0.0, 0.015625, 0.03125, 0.046875, 0.0625, 0.078125, 0.09375, 0.109375, 0.125, 0.140625, 0.15625, 0.171875, 0.1875, 0.203125, 0.21875, 0.234375, 0.25, 0.265625, 0.28125, 0.296875, 0.3125, 0.328125, 0.34375, 0.359375, 0.375, 0.390625, 0.40625, 0.421875, 0.4375, 0.453125, 0.46875, 0.484375, 0.5]}, "params/['params']['layers_0']['linear_layer']['kernel']": {"_type": "histogram", "values": [1, 0, 0, 0, 0, 0, 0, 0, 0, 0, 0, 0, 0, 0, 0, 0, 0, 0, 0, 0, 0, 0, 1, 0, 0, 0, 0, 0, 0, 0, 0, 0, 0, 0, 0, 0, 0, 0, 0, 0, 0, 0, 0, 0, 0, 0, 0, 0, 0, 0, 0, 0, 0, 0, 0, 0, 0, 0, 0, 0, 0, 0, 0, 46], "bins": [-0.7737980484962463, -0.7617074251174927, -0.7496168613433838, -0.7375262379646301, -0.7254356741905212, -0.7133450508117676, -0.7012544870376587, -0.689163863658905, -0.6770732998847961, -0.6649826765060425, -0.6528921127319336, -0.6408014893531799, -0.628710925579071, -0.6166203022003174, -0.6045297384262085, -0.5924391150474548, -0.580348551273346, -0.5682579278945923, -0.5561673641204834, -0.5440767407417297, -0.5319861769676208, -0.5198955535888672, -0.5078049898147583, -0.49571436643600464, -0.48362377285957336, -0.4715331792831421, -0.4594425857067108, -0.44735199213027954, -0.43526139855384827, -0.423170804977417, -0.4110802114009857, -0.39898961782455444, -0.38689902424812317, -0.3748084306716919, -0.3627178370952606, -0.35062724351882935, -0.33853664994239807, -0.3264460563659668, -0.3143554627895355, -0.30226486921310425, -0.290174275636673, -0.2780836820602417, -0.26599305868148804, -0.25390249490737915, -0.2418118715286255, -0.2297213077545166, -0.21763068437576294, -0.20554012060165405, -0.1934494972229004, -0.1813589334487915, -0.16926831007003784, -0.15717774629592896, -0.1450871229171753, -0.1329965591430664, -0.12090593576431274, -0.10881537199020386, -0.0967247486114502, -0.08463418483734131, -0.07254356145858765, -0.06045299768447876, -0.0483623743057251, -0.03627181053161621, -0.02418118715286255, -0.012090623378753662, 0.0]}, "params/['params']['layers_1']['linear_layer']['bias']": {"_type": "histogram", "values": [0, 0, 0, 0, 0, 0, 0, 0, 0, 0, 0, 0, 0, 0, 0, 0, 0, 0, 0, 0, 0, 0, 0, 0, 0, 0, 0, 0, 0, 0, 0, 0, 24, 0, 0, 0, 0, 0, 0, 0, 0, 0, 0, 0, 0, 0, 0, 0, 0, 0, 0, 0, 0, 0, 0, 0, 0, 0, 0, 0, 0, 0, 0, 0], "bins": [-0.5, -0.484375, -0.46875, -0.453125, -0.4375, -0.421875, -0.40625, -0.390625, -0.375, -0.359375, -0.34375, -0.328125, -0.3125, -0.296875, -0.28125, -0.265625, -0.25, -0.234375, -0.21875, -0.203125, -0.1875, -0.171875, -0.15625, -0.140625, -0.125, -0.109375, -0.09375, -0.078125, -0.0625, -0.046875, -0.03125, -0.015625, 0.0, 0.015625, 0.03125, 0.046875, 0.0625, 0.078125, 0.09375, 0.109375, 0.125, 0.140625, 0.15625, 0.171875, 0.1875, 0.203125, 0.21875, 0.234375, 0.25, 0.265625, 0.28125, 0.296875, 0.3125, 0.328125, 0.34375, 0.359375, 0.375, 0.390625, 0.40625, 0.421875, 0.4375, 0.453125, 0.46875, 0.484375, 0.5]}, "params/['params']['layers_1']['linear_layer']['kernel']": {"_type": "histogram", "values": [1, 0, 0, 0, 0, 0, 0, 0, 0, 0, 0, 0, 0, 0, 0, 0, 2, 0, 0, 1, 0, 0, 497, 0, 0, 0, 0, 0, 0, 0, 0, 0, 0, 0, 0, 0, 0, 0, 0, 0, 0, 0, 0, 0, 0, 1, 0, 0, 0, 0, 0, 0, 0, 0, 0, 0, 0, 0, 0, 0, 0, 0, 0, 2], "bins": [-2.2712645530700684, -2.172330379486084, -2.0733962059020996, -1.9744621515274048, -1.87552809715271, -1.7765939235687256, -1.6776597499847412, -1.5787255764007568, -1.479791522026062, -1.3808574676513672, -1.2819232940673828, -1.1829891204833984, -1.084054946899414, -0.9851208925247192, -0.8861867189407349, -0.78725266456604, -0.6883184909820557, -0.5893843173980713, -0.49045026302337646, -0.3915160894393921, -0.29258203506469727, -0.1936478614807129, -0.09471368789672852, 0.004220485687255859, 0.10315465927124023, 0.2020885944366455, 0.3010227680206299, 0.39995694160461426, 0.49889111518859863, 0.597825288772583, 0.6967592239379883, 0.7956933975219727, 0.894627571105957, 0.9935617446899414, 1.0924959182739258, 1.191429853439331, 1.2903640270233154, 1.3892982006072998, 1.4882323741912842, 1.5871665477752686, 1.6861004829406738, 1.7850346565246582, 1.8839688301086426, 1.982903003692627, 2.0818371772766113, 2.1807713508605957, 2.27970552444458, 2.3786396980285645, 2.477573871612549, 2.576507568359375, 2.6754417419433594, 2.7743759155273438, 2.873310089111328, 2.9722442626953125, 3.071178436279297, 3.1701126098632812, 3.2690467834472656, 3.36798095703125, 3.4669151306152344, 3.5658488273620605, 3.664783000946045, 3.7637171745300293, 3.8626513481140137, 3.961585521697998, 4.060519695281982]}, "_wandb": {"runtime": 174}}