{"loss": 0.1941353976726532, "_timestamp": 1739287481.0414007, "_runtime": 539.1437947750092, "_step": 51}