{"loss": 0.00022439144959207624, "_timestamp": 1739367550.2416635, "_runtime": 135.59630346298218, "_step": 404, "params/['params']['last']['bias']": {"_type": "histogram", "values": [1, 0, 0, 0, 0, 0, 0, 0, 0, 0, 0, 0, 0, 0, 0, 0, 0, 0, 0, 0, 0, 0, 0, 0, 0, 0, 0, 0, 0, 0, 0, 0, 0, 0, 0, 0, 0, 0, 0, 0, 0, 0, 0, 0, 0, 0, 0, 0, 0, 0, 0, 0, 0, 0, 0, 0, 0, 0, 0, 0, 0, 0, 0, 1], "bins": [0.0, 0.0006835112581029534, 0.0013670225162059069, 0.002050533890724182, 0.0027340450324118137, 0.0034175561740994453, 0.004101067781448364, 0.004784578923135996, 0.0054680900648236275, 0.006151601206511259, 0.006835112348198891, 0.00751862395554781, 0.008202135562896729, 0.008885646238923073, 0.009569157846271992, 0.010252668522298336, 0.010936180129647255, 0.011619691736996174, 0.012303202413022518, 0.012986714020371437, 0.013670224696397781, 0.0143537363037467, 0.01503724791109562, 0.015720758587121964, 0.016404271125793457, 0.0170877818018198, 0.017771292477846146, 0.01845480315387249, 0.019138315692543983, 0.019821826368570328, 0.020505337044596672, 0.021188849583268166, 0.02187236025929451, 0.022555870935320854, 0.023239383473992348, 0.023922894150018692, 0.024606404826045036, 0.02528991736471653, 0.025973428040742874, 0.02665693871676922, 0.027340449392795563, 0.028023961931467056, 0.0287074726074934, 0.029390983283519745, 0.03007449582219124, 0.030758006498217583, 0.03144151717424393, 0.03212502971291542, 0.032808542251586914, 0.03349205106496811, 0.0341755636036396, 0.0348590724170208, 0.03554258495569229, 0.036226097494363785, 0.03690960630774498, 0.03759311884641647, 0.03827663138508797, 0.03896014019846916, 0.039643652737140656, 0.04032716527581215, 0.041010674089193344, 0.04169418662786484, 0.04237769916653633, 0.043061207979917526, 0.04374472051858902]}, "params/['params']['last']['kernel']": {"_type": "histogram", "values": [1, 24, 0, 1, 0, 0, 0, 0, 0, 0, 0, 0, 0, 0, 0, 0, 0, 0, 0, 1, 0, 0, 0, 0, 0, 0, 0, 0, 0, 0, 0, 0, 0, 0, 0, 0, 0, 2, 0, 0, 0, 0, 0, 0, 0, 0, 0, 0, 0, 0, 0, 0, 0, 0, 0, 0, 0, 0, 0, 0, 0, 0, 0, 1], "bins": [-0.004248366225510836, -0.001732556615024805, 0.0007832529954612255, 0.003299062605947256, 0.005814872216433287, 0.008330682292580605, 0.010846491903066635, 0.013362301513552666, 0.015878111124038696, 0.018393920734524727, 0.020909730345010757, 0.023425539955496788, 0.02594134956598282, 0.0284571573138237, 0.03097296878695488, 0.03348878026008606, 0.03600458800792694, 0.03852039575576782, 0.041036207228899, 0.04355201870203018, 0.04606782644987106, 0.048583634197711945, 0.051099445670843124, 0.053615257143974304, 0.056131064891815186, 0.05864687263965607, 0.06116268038749695, 0.06367849558591843, 0.06619430333375931, 0.06871011108160019, 0.07122592628002167, 0.07374173402786255, 0.07625754177570343, 0.07877334952354431, 0.08128915727138519, 0.08380497246980667, 0.08632078021764755, 0.08883658796548843, 0.09135240316390991, 0.0938682109117508, 0.09638401865959167, 0.09889982640743256, 0.10141563415527344, 0.10393144935369492, 0.1064472571015358, 0.10896306484937668, 0.11147888004779816, 0.11399468779563904, 0.11651049554347992, 0.1190263032913208, 0.12154211103916168, 0.12405791878700256, 0.12657372653484344, 0.12908954918384552, 0.1316053569316864, 0.13412116467952728, 0.13663697242736816, 0.13915278017520905, 0.14166858792304993, 0.1441843956708908, 0.14670021831989288, 0.14921602606773376, 0.15173183381557465, 0.15424764156341553, 0.1567634493112564]}, "params/['params']['layers_0']['linear_layer']['bias']": {"_type": "histogram", "values": [0, 0, 0, 0, 0, 0, 0, 0, 0, 0, 0, 0, 0, 0, 0, 0, 0, 0, 0, 0, 0, 0, 0, 0, 0, 0, 0, 0, 0, 0, 0, 0, 18, 0, 0, 0, 0, 0, 0, 0, 0, 0, 0, 0, 0, 0, 0, 0, 0, 0, 0, 0, 0, 0, 0, 0, 0, 0, 0, 0, 0, 0, 0, 0], "bins": [-0.5, -0.484375, -0.46875, -0.453125, -0.4375, -0.421875, -0.40625, -0.390625, -0.375, -0.359375, -0.34375, -0.328125, -0.3125, -0.296875, -0.28125, -0.265625, -0.25, -0.234375, -0.21875, -0.203125, -0.1875, -0.171875, -0.15625, -0.140625, -0.125, -0.109375, -0.09375, -0.078125, -0.0625, -0.046875, -0.03125, -0.015625, 0.0, 0.015625, 0.03125, 0.046875, 0.0625, 0.078125, 0.09375, 0.109375, 0.125, 0.140625, 0.15625, 0.171875, 0.1875, 0.203125, 0.21875, 0.234375, 0.25, 0.265625, 0.28125, 0.296875, 0.3125, 0.328125, 0.34375, 0.359375, 0.375, 0.390625, 0.40625, 0.421875, 0.4375, 0.453125, 0.46875, 0.484375, 0.5]}, "params/['params']['layers_0']['linear_layer']['kernel']": {"_type": "histogram", "values": [1, 0, 0, 0, 0, 0, 0, 0, 0, 0, 0, 0, 0, 0, 0, 0, 0, 0, 0, 0, 0, 0, 1, 0, 0, 0, 0, 1, 0, 0, 0, 0, 0, 0, 0, 0, 0, 0, 0, 0, 0, 0, 0, 66, 0, 0, 0, 0, 0, 0, 0, 0, 0, 0, 0, 0, 0, 0, 2, 0, 0, 0, 0, 1], "bins": [-1.0320277214050293, -1.0082058906555176, -0.9843840003013611, -0.9605621695518494, -0.9367403388023376, -0.9129184484481812, -0.8890966176986694, -0.8652747869491577, -0.841452956199646, -0.8176310658454895, -0.7938092350959778, -0.7699873447418213, -0.7461655139923096, -0.7223436832427979, -0.6985218524932861, -0.6747000217437744, -0.6508781313896179, -0.6270562410354614, -0.6032344102859497, -0.579412579536438, -0.5555907487869263, -0.5317688584327698, -0.5079470276832581, -0.48412519693374634, -0.46030330657958984, -0.4364814758300781, -0.4126596450805664, -0.3888378143310547, -0.3650159239768982, -0.3411940932273865, -0.31737226247787476, -0.29355037212371826, -0.26972854137420654, -0.24590671062469482, -0.22208482027053833, -0.1982629895210266, -0.1744411587715149, -0.1506192684173584, -0.12679743766784668, -0.10297560691833496, -0.07915377616882324, -0.05533188581466675, -0.031509995460510254, -0.007688164710998535, 0.016133666038513184, 0.0399554967880249, 0.06377732753753662, 0.08759915828704834, 0.11142110824584961, 0.13524293899536133, 0.15906476974487305, 0.18288660049438477, 0.20670843124389648, 0.2305302619934082, 0.2543520927429199, 0.2781740427017212, 0.3019958734512329, 0.32581770420074463, 0.34963953495025635, 0.37346136569976807, 0.3972831964492798, 0.42110514640808105, 0.4449269771575928, 0.4687488079071045, 0.492570698261261]}, "params/['params']['layers_1']['linear_layer']['bias']": {"_type": "histogram", "values": [0, 0, 0, 0, 0, 0, 0, 0, 0, 0, 0, 0, 0, 0, 0, 0, 0, 0, 0, 0, 0, 0, 0, 0, 0, 0, 0, 0, 0, 0, 0, 0, 18, 0, 0, 0, 0, 0, 0, 0, 0, 0, 0, 0, 0, 0, 0, 0, 0, 0, 0, 0, 0, 0, 0, 0, 0, 0, 0, 0, 0, 0, 0, 0], "bins": [-0.5, -0.484375, -0.46875, -0.453125, -0.4375, -0.421875, -0.40625, -0.390625, -0.375, -0.359375, -0.34375, -0.328125, -0.3125, -0.296875, -0.28125, -0.265625, -0.25, -0.234375, -0.21875, -0.203125, -0.1875, -0.171875, -0.15625, -0.140625, -0.125, -0.109375, -0.09375, -0.078125, -0.0625, -0.046875, -0.03125, -0.015625, 0.0, 0.015625, 0.03125, 0.046875, 0.0625, 0.078125, 0.09375, 0.109375, 0.125, 0.140625, 0.15625, 0.171875, 0.1875, 0.203125, 0.21875, 0.234375, 0.25, 0.265625, 0.28125, 0.296875, 0.3125, 0.328125, 0.34375, 0.359375, 0.375, 0.390625, 0.40625, 0.421875, 0.4375, 0.453125, 0.46875, 0.484375, 0.5]}, "params/['params']['layers_1']['linear_layer']['kernel']": {"_type": "histogram", "values": [1, 0, 0, 0, 0, 0, 0, 0, 1, 0, 0, 0, 0, 0, 0, 0, 2, 0, 0, 0, 0, 0, 0, 0, 0, 0, 0, 0, 0, 0, 0, 1, 0, 0, 0, 0, 263, 0, 0, 0, 0, 0, 0, 0, 0, 0, 0, 0, 0, 0, 0, 0, 0, 0, 0, 0, 0, 0, 0, 0, 0, 0, 0, 2],