{"loss": 0.001296283327974379, "_timestamp": 1739304081.3882246, "_runtime": 83.25372362136841, "_step": 27, "params/['params']['last']['bias']": {"_type": "histogram", "values": [1, 0, 0, 0, 0, 0, 0, 0, 0, 0, 0, 0, 0, 0, 0, 0, 0, 0, 0, 0, 0, 0, 0, 0, 0, 0, 0, 0, 0, 0, 0, 0, 0, 0, 0, 0, 0, 0, 0, 0, 0, 0, 0, 0, 0, 0, 0, 0, 0, 0, 0, 0, 0, 0, 0, 0, 0, 0, 0, 0, 0, 0, 0, 1], "bins": [0.8931628465652466, 0.8949279189109802, 0.8966929316520691, 0.8984580039978027, 0.9002230167388916, 0.9019880890846252, 0.9037531614303589, 0.9055181741714478, 0.9072832465171814, 0.909048318862915, 0.9108133316040039, 0.9125784039497375, 0.9143434762954712, 0.9161084890365601, 0.9178735613822937, 0.9196385741233826, 0.9214036464691162, 0.9231687188148499, 0.9249337315559387, 0.9266988039016724, 0.9284638166427612, 0.9302288889884949, 0.9319939613342285, 0.9337589740753174, 0.935524046421051, 0.9372891187667847, 0.9390541315078735, 0.9408192038536072, 0.9425842761993408, 0.9443492889404297, 0.9461143612861633, 0.9478793740272522, 0.9496444463729858, 0.9514095187187195, 0.9531745314598083, 0.954939603805542, 0.9567046165466309, 0.9584696888923645, 0.9602347612380981, 0.961999773979187, 0.9637648463249207, 0.9655299186706543, 0.9672949314117432, 0.9690600037574768, 0.9708250761032104, 0.9725900888442993, 0.974355161190033, 0.9761201739311218, 0.9778852462768555, 0.9796503186225891, 0.981415331363678, 0.9831804037094116, 0.9849454164505005, 0.9867104887962341, 0.9884755611419678, 0.9902405738830566, 0.9920056462287903, 0.9937707185745239, 0.9955357313156128, 0.9973008036613464, 0.9990658760070801, 1.000830888748169, 1.0025959014892578, 1.0043610334396362, 1.006126046180725]}, "params/['params']['last']['kernel']": {"_type": "histogram", "values": [1, 0, 0, 0, 0, 1, 1, 0, 0, 0, 0, 0, 0, 0, 0, 0, 0, 0, 0, 0, 0, 0, 0, 2, 0, 1, 2, 0, 2, 0, 0, 0, 0, 0, 0, 0, 0, 0, 0, 0, 0, 6, 0, 9, 0, 0, 0, 0, 1, 0, 0, 0, 0, 0, 0, 1, 0, 2, 0, 0, 0, 0, 0, 1], "bins": [-0.29846271872520447, -0.291463166475296, -0.2844636142253876, -0.2774640619754791, -0.2704644799232483, -0.26346492767333984, -0.2564653754234314, -0.24946582317352295, -0.2424662709236145, -0.23546671867370605, -0.2284671515226364, -0.22146759927272797, -0.21446803212165833, -0.20746847987174988, -0.20046892762184143, -0.19346937537193298, -0.18646982312202454, -0.1794702559709549, -0.17247070372104645, -0.165471151471138, -0.15847158432006836, -0.1514720320701599, -0.14447247982025146, -0.13747292757034302, -0.13047336041927338, -0.12347380816936493, -0.11647425591945648, -0.10947468876838684, -0.1024751365184784, -0.09547558426856995, -0.0884760320186615, -0.08147646486759186, -0.07447691261768341, -0.06747736036777496, -0.06047779321670532, -0.053478240966796875, -0.04647868871688843, -0.03947913646697998, -0.03247958421707153, -0.025480031967163086, -0.01848044991493225, -0.011480897665023804, -0.0044813454151153564, 0.002518206834793091, 0.009517759084701538, 0.016517311334609985, 0.023516863584518433, 0.030516445636749268, 0.037515997886657715, 0.04451555013656616, 0.05151510238647461, 0.05851465463638306, 0.0655142068862915, 0.07251375913619995, 0.07951334118843079, 0.08651289343833923, 0.09351244568824768, 0.10051199793815613, 0.10751155018806458, 0.11451110243797302, 0.12151065468788147, 0.1285102367401123, 0.13550978899002075, 0.1425093412399292, 0.14950889348983765]}, "params/['params']['layers_0']['linear_layer']['bias']": {"_type": "histogram", "values": [1, 0, 0, 1, 0, 0, 0, 0, 1, 0, 0, 1, 0, 0, 0, 0, 0, 0, 0, 0, 0, 1, 0, 0, 0, 1, 0, 0, 2, 0, 0, 0, 0, 2, 3, 3, 0, 0, 0, 0, 0, 0, 1, 0, 0, 0, 0, 0, 0, 0, 0, 0, 0, 0, 0, 0, 0, 0, 0, 0, 0, 0, 0, 1], "bins": [-0.22271357476711273, -0.21214179694652557, -0.2015700340270996, -0.19099825620651245, -0.1804264783859253, -0.16985471546649933, -0.15928293764591217, -0.1487111747264862, -0.13813939690589905, -0.1275676190853119, -0.11699585616588593, -0.10642407834529877, -0.09585230052471161, -0.08528053760528564, -0.07470875978469849, -0.06413699686527252, -0.053565219044685364, -0.042993441224098206, -0.03242167830467224, -0.021849900484085083, -0.011278137564659119, -0.0007063597440719604, 0.009865418076515198, 0.020437180995941162, 0.031008973717689514, 0.041580721735954285, 0.05215249955654144, 0.0627242773771286, 0.07329605519771576, 0.08386783301830292, 0.09443958103656769, 0.10501135885715485, 0.115583136677742, 0.12615491449832916, 0.13672669231891632, 0.1472984403371811, 0.15787021815776825, 0.1684419959783554, 0.17901377379894257, 0.18958555161952972, 0.2001572996377945, 0.21072907745838165, 0.2213008552789688, 0.23187263309955597, 0.24244441092014313, 0.2530161738395691, 0.26358795166015625, 0.2741597294807434, 0.28473150730133057, 0.29530322551727295, 0.3058750033378601, 0.31644678115844727, 0.3270185589790344, 0.3375903367996216, 0.34816211462020874, 0.3587338924407959, 0.36930567026138306, 0.3798774480819702, 0.3904492259025574, 0.40102094411849976, 0.4115927219390869, 0.4221644997596741, 0.43273627758026123, 0.4433080554008484, 0.45387986302375793]}, "params/['params']['layers_0']['linear_layer']['kernel']": {"_type": "histogram", "values": [1, 0, 0, 0, 1, 1, 1, 0, 1, 0, 0, 0, 1, 0, 0, 1, 3, 1, 0, 0, 2, 1, 0, 0, 0, 1, 0, 0, 0, 0, 1, 0, 4, 0, 1, 0, 0, 1, 0, 1, 1, 1, 2, 1, 0, 1, 1, 0, 0, 1, 0, 0, 0, 1, 0, 1, 1, 1, 0, 0, 0, 0, 0, 1], "bins": [-1.6313645839691162, -1.5807132720947266, -1.530061960220337, -1.4794106483459473, -1.4287593364715576, -1.378108024597168, -1.3274567127227783, -1.2768054008483887, -1.226154088973999, -1.1755027770996094, -1.1248514652252197, -1.07420015335083, -1.02354896068573, -0.9728976488113403, -0.9222463369369507, -0.871595025062561, -0.8209437131881714, -0.7702924013137817, -0.7196410894393921, -0.6689897775650024, -0.6183384656906128, -0.5676871538162231, -0.5170358419418335, -0.46638453006744385, -0.41573333740234375, -0.3650820255279541, -0.31443071365356445, -0.2637794017791748, -0.21312808990478516, -0.1624767780303955, -0.11182546615600586, -0.06117415428161621, -0.010522842407226562, 0.040128469467163086, 0.09077978134155273, 0.14143109321594238, 0.19208240509033203, 0.24273371696472168, 0.29338502883911133, 0.344036340713501, 0.3946876525878906, 0.4453389644622803, 0.4959902763366699, 0.5466415882110596, 0.5972929000854492, 0.6479442119598389, 0.6985955238342285, 0.7492468357086182, 0.7998979091644287, 0.8505492210388184, 0.901200532913208, 0.9518518447875977, 1.0025031566619873, 1.053154468536377, 1.1038057804107666, 1.1544570922851562, 1.205108404159546, 1.2557597160339355, 1.3064110279083252, 1.3570623397827148, 1.4077136516571045, 1.4583649635314941, 1.5090162754058838, 1.5596675872802734, 1.610318899154663]}, "params/['params']['layers_1']['linear_layer']['bias']": {"_type": "histogram", "values": [1, 2, 0, 1, 1, 1, 0, 0, 0, 0, 0, 0, 0, 0, 1, 0, 0, 0, 0, 0, 0, 0, 0, 0, 0, 0, 1, 0, 0, 0, 0, 0, 0, 0, 0, 0, 0, 1, 0, 1, 0, 0, 0, 0, 0, 0, 0, 0, 1, 0, 2, 1, 0, 0, 2, 0, 0, 1, 0, 0, 0, 0, 0, 1],