{"loss": 0.3581506013870239, "_timestamp": 1739299710.4925046, "_runtime": 193.58798050880432, "_step": 25, "params/['params']['last']['bias']": {"_type": "histogram", "values": [1, 0, 0, 0, 0, 0, 0, 0, 0, 0, 0, 0, 0, 0, 0, 0, 0, 0, 0, 0, 0, 0, 0, 0, 0, 0, 0, 0, 0, 0, 0, 0, 0, 0, 0, 0, 0, 0, 0, 0, 0, 0, 0, 0, 0, 0, 0, 0, 0, 0, 0, 0, 0, 0, 0, 0, 0, 0, 0, 0, 0, 0, 0, 1], "bins": [1.0000994205474854, 1.0017191171646118, 1.0033386945724487, 1.0049583911895752, 1.006577968597412, 1.0081976652145386, 1.0098172426223755, 1.011436939239502, 1.0130565166473389, 1.0146762132644653, 1.0162957906723022, 1.0179154872894287, 1.0195351839065552, 1.021154761314392, 1.0227744579315186, 1.0243940353393555, 1.026013731956482, 1.0276333093643188, 1.0292530059814453, 1.0308725833892822, 1.0324922800064087, 1.0341119766235352, 1.035731554031372, 1.0373512506484985, 1.0389708280563354, 1.040590524673462, 1.0422101020812988, 1.0438297986984253, 1.0454493761062622, 1.0470690727233887, 1.0486886501312256, 1.050308346748352, 1.0519280433654785, 1.0535476207733154, 1.055167317390442, 1.0567868947982788, 1.0584065914154053, 1.0600261688232422, 1.0616458654403687, 1.0632654428482056, 1.064885139465332, 1.066504716873169, 1.0681244134902954, 1.0697441101074219, 1.0713636875152588, 1.0729833841323853, 1.0746029615402222, 1.0762226581573486, 1.0778422355651855, 1.079461932182312, 1.081081509590149, 1.0827012062072754, 1.0843207836151123, 1.0859404802322388, 1.0875601768493652, 1.0891797542572021, 1.0907994508743286, 1.0924190282821655, 1.094038724899292, 1.095658302307129, 1.0972779989242554, 1.0988975763320923, 1.1005172729492188, 1.1021368503570557, 1.1037565469741821]}, "params/['params']['last']['kernel']": {"_type": "histogram", "values": [0, 0, 0, 0, 0, 0, 0, 0, 0, 0, 0, 0, 0, 0, 0, 0, 0, 0, 0, 0, 0, 0, 0, 0, 0, 0, 0, 0, 0, 0, 0, 0, 12, 0, 0, 0, 0, 0, 0, 0, 0, 0, 0, 0, 0, 0, 0, 0, 0, 0, 0, 0, 0, 0, 0, 0, 0, 0, 0, 0, 0, 0, 0, 0], "bins": [-0.5, -0.484375, -0.46875, -0.453125, -0.4375, -0.421875, -0.40625, -0.390625, -0.375, -0.359375, -0.34375, -0.328125, -0.3125, -0.296875, -0.28125, -0.265625, -0.25, -0.234375, -0.21875, -0.203125, -0.1875, -0.171875, -0.15625, -0.140625, -0.125, -0.109375, -0.09375, -0.078125, -0.0625, -0.046875, -0.03125, -0.015625, 0.0, 0.015625, 0.03125, 0.046875, 0.0625, 0.078125, 0.09375, 0.109375, 0.125, 0.140625, 0.15625, 0.171875, 0.1875, 0.203125, 0.21875, 0.234375, 0.25, 0.265625, 0.28125, 0.296875, 0.3125, 0.328125, 0.34375, 0.359375, 0.375, 0.390625, 0.40625, 0.421875, 0.4375, 0.453125, 0.46875, 0.484375, 0.5]}, "params/['params']['layers_0']['linear_layer']['bias']": {"_type": "histogram", "values": [0, 0, 0, 0, 0, 0, 0, 0, 0, 0, 0, 0, 0, 0, 0, 0, 0, 0, 0, 0, 0, 0, 0, 0, 0, 0, 0, 0, 0, 0, 0, 0, 8, 0, 0, 0, 0, 0, 0, 0, 0, 0, 0, 0, 0, 0, 0, 0, 0, 0, 0, 0, 0, 0, 0, 0, 0, 0, 0, 0, 0, 0, 0, 0], "bins": [-0.5, -0.484375, -0.46875, -0.453125, -0.4375, -0.421875, -0.40625, -0.390625, -0.375, -0.359375, -0.34375, -0.328125, -0.3125, -0.296875, -0.28125, -0.265625, -0.25, -0.234375, -0.21875, -0.203125, -0.1875, -0.171875, -0.15625, -0.140625, -0.125, -0.109375, -0.09375, -0.078125, -0.0625, -0.046875, -0.03125, -0.015625, 0.0, 0.015625, 0.03125, 0.046875, 0.0625, 0.078125, 0.09375, 0.109375, 0.125, 0.140625, 0.15625, 0.171875, 0.1875, 0.203125, 0.21875, 0.234375, 0.25, 0.265625, 0.28125, 0.296875, 0.3125, 0.328125, 0.34375, 0.359375, 0.375, 0.390625, 0.40625, 0.421875, 0.4375, 0.453125, 0.46875, 0.484375, 0.5]}, "params/['params']['layers_0']['linear_layer']['kernel']": {"_type": "histogram", "values": [1, 0, 0, 0, 0, 0, 0, 0, 0, 0, 0, 0, 0, 0, 1, 0, 0, 0, 1, 0, 0, 0, 0, 0, 0, 0, 0, 0, 0, 0, 0, 0, 0, 1, 0, 0, 0, 0, 0, 1, 0, 0, 1, 0, 0, 0, 0, 0, 0, 0, 0, 0, 0, 1, 0, 0, 0, 0, 0, 0, 0, 0, 0, 1], "bins": [-1.0282390117645264, -0.9863993525505066, -0.944559633731842, -0.9027199745178223, -0.8608802556991577, -0.8190405964851379, -0.7772009372711182, -0.7353612184524536, -0.6935215592384338, -0.6516819000244141, -0.6098421812057495, -0.5680025219917297, -0.52616286277771, -0.4843231439590454, -0.44248348474502563, -0.4006437659263611, -0.3588041067123413, -0.31696444749832153, -0.275124728679657, -0.2332850694656372, -0.19144535064697266, -0.14960569143295288, -0.1077660322189331, -0.06592631340026855, -0.024086713790893555, 0.017753005027770996, 0.05959272384643555, 0.1014324426651001, 0.1432720422744751, 0.18511176109313965, 0.2269514799118042, 0.2687910795211792, 0.31063079833984375, 0.3524705171585083, 0.3943101167678833, 0.43614983558654785, 0.4779895544052124, 0.5198291540145874, 0.561668872833252, 0.6035085916519165, 0.645348310470581, 0.687187910079956, 0.7290276288986206, 0.7708673477172852, 0.8127069473266602, 0.8545466661453247, 0.8963863849639893, 0.9382259845733643, 0.9800655841827393, 1.0219054222106934, 1.0637450218200684, 1.1055848598480225, 1.1474244594573975, 1.1892640590667725, 1.2311038970947266, 1.2729434967041016, 1.3147830963134766, 1.3566229343414307, 1.3984625339508057, 1.4403021335601807, 1.4821419715881348, 1.5239815711975098, 1.5658211708068848, 1.6076610088348389, 1.6495004892349243]}, "_wandb": {"runtime": 193}}