{"loss": 0.008278194814920425, "_timestamp": 1739300299.7593932, "_runtime": 15.670099258422852, "_step": 25, "params/['params']['last']['bias']": {"_type": "histogram", "values": [1, 0, 0, 0, 0, 0, 0, 0, 0, 0, 0, 0, 0, 0, 0, 0, 0, 0, 0, 0, 0, 0, 0, 0, 0, 0, 0, 0, 0, 0, 0, 0, 0, 0, 0, 0, 0, 0, 0, 0, 0, 0, 0, 0, 0, 0, 0, 0, 0, 0, 0, 0, 0, 0, 0, 0, 0, 0, 0, 0, 0, 0, 0, 1], "bins": [0.8508129715919495, 0.8532383441925049, 0.8556637167930603, 0.858089029788971, 0.8605144023895264, 0.8629397749900818, 0.8653651475906372, 0.8677905201911926, 0.870215892791748, 0.8726412057876587, 0.8750665783882141, 0.8774919509887695, 0.879917323589325, 0.8823426961898804, 0.8847680687904358, 0.8871933817863464, 0.8896187543869019, 0.8920441269874573, 0.8944694995880127, 0.8968948721885681, 0.8993202447891235, 0.9017455577850342, 0.9041709303855896, 0.906596302986145, 0.9090216755867004, 0.9114470481872559, 0.9138723611831665, 0.9162977337837219, 0.9187231063842773, 0.9211484789848328, 0.9235738515853882, 0.9259992241859436, 0.928424596786499, 0.9308499097824097, 0.9332752823829651, 0.9357006549835205, 0.9381260275840759, 0.9405514001846313, 0.942976713180542, 0.9454020857810974, 0.9478274583816528, 0.9502528309822083, 0.9526782035827637, 0.9551035761833191, 0.9575289487838745, 0.9599542617797852, 0.9623796343803406, 0.964805006980896, 0.9672303795814514, 0.9696557521820068, 0.9720810651779175, 0.9745064377784729, 0.9769318103790283, 0.9793571829795837, 0.9817825555801392, 0.9842078685760498, 0.98663330078125, 0.9890586137771606, 0.9914839863777161, 0.9939093589782715, 0.9963347315788269, 0.9987601041793823, 1.001185417175293, 1.0036108493804932, 1.0060361623764038]}, "params/['params']['last']['kernel']": {"_type": "histogram", "values": [1, 0, 0, 0, 0, 0, 0, 0, 0, 0, 0, 0, 0, 0, 0, 0, 0, 0, 0, 0, 0, 0, 0, 0, 0, 0, 0, 0, 1, 0, 2, 0, 3, 3, 0, 0, 0, 1, 0, 1, 0, 1, 2, 19, 1, 0, 0, 2, 0, 0, 0, 1, 1, 1, 0, 0, 0, 0, 0, 0, 0, 1, 0, 1], "bins": [-0.6624608039855957, -0.6471555829048157, -0.6318504214286804, -0.6165452003479004, -0.6012400388717651, -0.5859348177909851, -0.5706295967102051, -0.5553244352340698, -0.5400192141532898, -0.5247140526771545, -0.5094088315963745, -0.49410364031791687, -0.47879844903945923, -0.4634932279586792, -0.44818806648254395, -0.4328828454017639, -0.4175776541233063, -0.40227246284484863, -0.386967271566391, -0.37166205048561096, -0.3563568592071533, -0.3410516679286957, -0.32574647665023804, -0.3104412853717804, -0.29513609409332275, -0.2798308730125427, -0.2645256817340851, -0.24922049045562744, -0.2339152991771698, -0.21861010789871216, -0.20330488681793213, -0.1879996955394745, -0.17269450426101685, -0.15738928318023682, -0.14208412170410156, -0.12677890062332153, -0.11147373914718628, -0.09616851806640625, -0.08086329698562622, -0.06555813550949097, -0.05025291442871094, -0.034947752952575684, -0.019642531871795654, -0.004337310791015625, 0.010967850685119629, 0.026273071765899658, 0.04157823324203491, 0.05688345432281494, 0.0721886157989502, 0.08749383687973022, 0.10279905796051025, 0.11810421943664551, 0.13340944051742554, 0.1487146019935608, 0.16401982307434082, 0.17932504415512085, 0.1946302056312561, 0.20993542671203613, 0.2252405881881714, 0.24054580926895142, 0.25585103034973145, 0.2711561918258667, 0.28646141290664673, 0.301766574382782, 0.317071795463562]}, "params/['params']['layers_0']['linear_layer']['bias']": {"_type": "histogram", "values": [1, 0, 0, 0, 1, 0, 0, 1, 1, 0, 1, 1, 0, 0, 0, 1, 0, 0, 1, 0, 0, 0, 3, 1, 0, 0, 0, 0, 0, 0, 0, 1, 0, 2, 2, 3, 1, 0, 0, 0, 0, 0, 1, 1, 0, 0, 0, 0, 0, 0, 0, 0, 0, 0, 0, 0, 0, 0, 0, 0, 0, 0, 0, 1], "bins": [-0.375169962644577, -0.35841262340545654, -0.34165528416633606, -0.3248979449272156, -0.3081405758857727, -0.2913832366466522, -0.27462589740753174, -0.25786855816841125, -0.24111120402812958, -0.2243538647890091, -0.20759651064872742, -0.19083917140960693, -0.17408183217048645, -0.15732447803020477, -0.1405671387910843, -0.12380978465080261, -0.10705244541168213, -0.09029510617256165, -0.07353776693344116, -0.05678039789199829, -0.04002305865287781, -0.023265719413757324, -0.006508380174636841, 0.010248959064483643, 0.027006298303604126, 0.043763667345047, 0.06052100658416748, 0.07727834582328796, 0.09403568506240845, 0.11079302430152893, 0.1275503933429718, 0.1443077027797699, 0.16106507182121277, 0.17782244086265564, 0.19457975029945374, 0.2113371193408966, 0.2280944287776947, 0.24485179781913757, 0.26160916686058044, 0.27836647629737854, 0.2951238453388214, 0.3118811547756195, 0.3286385238170624, 0.34539589285850525, 0.36215320229530334, 0.3789105713367462, 0.3956678807735443, 0.4124252498149872, 0.4291825592517853, 0.44593992829322815, 0.462697297334671, 0.4794546067714691, 0.496211975812912, 0.5129692554473877, 0.5297266244888306, 0.5464839935302734, 0.5632413625717163, 0.5799987316131592, 0.5967559814453125, 0.6135133504867554, 0.6302707195281982, 0.6470280885696411, 0.6637853384017944, 0.6805427074432373, 0.6973000764846802]}, "params/['params']['layers_0']['linear_layer']['kernel']": {"_type": "histogram", "values": [1, 0, 0, 0, 0, 0, 0, 0, 0, 0, 0, 0, 0, 0, 0, 0, 1, 0, 0, 0, 1, 0, 0, 0, 0, 0, 0, 1, 2, 1, 0, 0, 0, 2, 1, 3, 2, 0, 1, 0, 2, 4, 1, 5, 0, 0, 0, 4, 3, 1, 0, 1, 1, 2, 1, 1, 2, 1, 0, 0, 0, 2, 0, 1], "bins": [-3.0291616916656494, -2.9591281414031982, -2.889094829559326, -2.819061279296875, -2.749027729034424, -2.6789944171905518, -2.6089608669281006, -2.5389275550842285, -2.4688940048217773, -2.398860454559326, -2.328827142715454, -2.258793592453003, -2.188760280609131, -2.1187267303466797, -2.0486931800842285, -1.978659749031067, -1.9086263179779053, -1.8385928869247437, -1.768559455871582, -1.6985259056091309, -1.6284924745559692, -1.5584590435028076, -1.4884254932403564, -1.4183920621871948, -1.3483586311340332, -1.2783252000808716, -1.20829176902771, -1.1382582187652588, -1.0682247877120972, -0.9981913566589355, -0.9281578063964844, -0.8581244945526123, -0.7880909442901611, -0.71805739402771, -0.6480240821838379, -0.5779905319213867, -0.5079572200775146, -0.4379236698150635, -0.3678901195526123, -0.29785680770874023, -0.22782325744628906, -0.1577897071838379, -0.08775639533996582, -0.01772284507751465, 0.05231070518493652, 0.1223440170288086, 0.19237756729125977, 0.26241087913513184, 0.332444429397583, 0.4024779796600342, 0.47251129150390625, 0.5425448417663574, 0.6125781536102295, 0.6826117038726807, 0.7526452541351318, 0.8226785659790039, 0.8927121162414551, 0.9627456665039062, 1.0327789783477783, 1.1028125286102295, 1.1728460788726807, 1.2428796291351318, 1.3129127025604248, 1.382946252822876, 1.4529796838760376]}, "_wandb": {"runtime": 15}}