{"loss": 0.0029545421712100506, "_timestamp": 1739988208.8024273, "_runtime": 155.25770330429077, "_step": 2793, "params/['params']['last']['bias']": {"_type": "histogram", "values": [1, 0, 0, 0, 0, 0, 0, 0, 0, 0, 0, 0, 0, 0, 0, 0, 0, 0, 0, 0, 0, 0, 0, 0, 0, 0, 0, 0, 0, 0, 0, 0, 0, 0, 0, 0, 0, 0, 0, 0, 0, 0, 0, 0, 0, 0, 0, 0, 0, 0, 0, 0, 0, 0, 0, 0, 0, 0, 0, 0, 0, 0, 0, 1], "bins": [0.0, 0.008231713436543941, 0.016463426873087883, 0.02469513937830925, 0.032926853746175766, 0.04115856811404228, 0.0493902787566185, 0.057621993124485016, 0.06585370749235153, 0.07408542186021805, 0.08231713622808456, 0.09054885059595108, 0.098780557513237, 0.10701227188110352, 0.11524398624897003, 0.12347570061683655, 0.13170741498470306, 0.13993912935256958, 0.1481708437204361, 0.1564025580883026, 0.16463427245616913, 0.17286598682403564, 0.18109770119190216, 0.18932941555976868, 0.197561115026474, 0.20579282939434052, 0.21402454376220703, 0.22225625813007355, 0.23048797249794006, 0.23871968686580658, 0.2469514012336731, 0.2551831305027008, 0.26341482996940613, 0.27164652943611145, 0.27987825870513916, 0.2881099581718445, 0.2963416874408722, 0.3045733869075775, 0.3128051161766052, 0.32103681564331055, 0.32926854491233826, 0.3375002443790436, 0.3457319736480713, 0.3539636731147766, 0.3621954023838043, 0.37042710185050964, 0.37865883111953735, 0.3868905305862427, 0.395122230052948, 0.4033539593219757, 0.41158565878868103, 0.41981738805770874, 0.42804908752441406, 0.4362808167934418, 0.4445125162601471, 0.4527442455291748, 0.4609759449958801, 0.46920767426490784, 0.47743937373161316, 0.48567110300064087, 0.4939028024673462, 0.5021345019340515, 0.5103662610054016, 0.5185979604721069, 0.5268296599388123]}, "params/['params']['last']['kernel']": {"_type": "histogram", "values": [1, 0, 0, 0, 0, 0, 0, 0, 0, 0, 0, 0, 0, 0, 0, 0, 0, 0, 0, 0, 0, 0, 0, 0, 0, 0, 0, 0, 0, 0, 0, 0, 0, 0, 0, 0, 0, 0, 0, 0, 0, 0, 0, 0, 0, 0, 0, 0, 0, 0, 0, 0, 0, 0, 0, 0, 0, 0, 0, 0, 0, 1, 0, 28], "bins": [-0.5810703635215759, -0.5719911456108093, -0.5629119277000427, -0.5538327097892761, -0.5447534918785095, -0.5356742143630981, -0.5265949964523315, -0.5175157785415649, -0.5084365606307983, -0.49935734272003174, -0.49027812480926514, -0.48119890689849854, -0.47211968898773193, -0.46304044127464294, -0.45396122336387634, -0.44488197565078735, -0.43580275774002075, -0.42672353982925415, -0.41764432191848755, -0.40856510400772095, -0.39948588609695435, -0.39040666818618774, -0.38132742047309875, -0.37224820256233215, -0.36316898465156555, -0.35408973693847656, -0.34501051902770996, -0.33593130111694336, -0.32685208320617676, -0.31777286529541016, -0.30869361758232117, -0.29961439967155457, -0.29053518176078796, -0.28145596385002136, -0.27237674593925476, -0.26329749822616577, -0.25421828031539917, -0.24513906240463257, -0.23605984449386597, -0.22698059678077698, -0.21790137887001038, -0.20882216095924377, -0.19974294304847717, -0.19066372513771057, -0.18158447742462158, -0.17250525951385498, -0.16342604160308838, -0.15434682369232178, -0.14526760578155518, -0.1361883580684662, -0.12710914015769958, -0.11802992224693298, -0.10895070433616638, -0.09987145662307739, -0.09079223871231079, -0.08171302080154419, -0.07263380289077759, -0.06355458498001099, -0.054475367069244385, -0.04539614915847778, -0.036316871643066406, -0.027237653732299805, -0.018158435821533203, -0.009079217910766602, 0.0]}, "params/['params']['layers_0']['linear_layer']['bias']": {"_type": "histogram", "values": [0, 0, 0, 0, 0, 0, 0, 0, 0, 0, 0, 0, 0, 0, 0, 0, 0, 0, 0, 0, 0, 0, 0, 0, 0, 0, 0, 0, 0, 0, 0, 0, 18, 0, 0, 0, 0, 0, 0, 0, 0, 0, 0, 0, 0, 0, 0, 0, 0, 0, 0, 0, 0, 0, 0, 0, 0, 0, 0, 0, 0, 0, 0, 0], "bins": [-0.5, -0.484375, -0.46875, -0.453125, -0.4375, -0.421875, -0.40625, -0.390625, -0.375, -0.359375, -0.34375, -0.328125, -0.3125, -0.296875, -0.28125, -0.265625, -0.25, -0.234375, -0.21875, -0.203125, -0.1875, -0.171875, -0.15625, -0.140625, -0.125, -0.109375, -0.09375, -0.078125, -0.0625, -0.046875, -0.03125, -0.015625, 0.0, 0.015625, 0.03125, 0.046875, 0.0625, 0.078125, 0.09375, 0.109375, 0.125, 0.140625, 0.15625, 0.171875, 0.1875, 0.203125, 0.21875, 0.234375, 0.25, 0.265625, 0.28125, 0.296875, 0.3125, 0.328125, 0.34375, 0.359375, 0.375, 0.390625, 0.40625, 0.421875, 0.4375, 0.453125, 0.46875, 0.484375, 0.5]}, "params/['params']['layers_0']['linear_layer']['kernel']": {"_type": "histogram", "values": [1, 0, 0, 0, 0, 0, 0, 0, 0, 0, 0, 0, 0, 0, 0, 0, 0, 0, 0, 32, 0, 0, 0, 0, 0, 0, 0, 2, 0, 0, 0, 0, 0, 0, 0, 0, 0, 0, 0, 0, 0, 0, 0, 0, 0, 0, 0, 0, 0, 0, 0, 0, 0, 0, 0, 0, 0, 0, 0, 0, 0, 0, 0, 1], "bins": [-0.8939467668533325, -0.8482933640480042, -0.802639901638031, -0.7569864988327026, -0.7113330364227295, -0.6656796336174011, -0.6200262308120728, -0.5743727684020996, -0.5287193655967712, -0.4830659329891205, -0.4374125003814697, -0.39175909757614136, -0.346105694770813, -0.30045223236083984, -0.2547988295555115, -0.20914536714553833, -0.16349196434020996, -0.11783856153488159, -0.07218509912490845, -0.026531696319580078, 0.019121766090393066, 0.06477516889572144, 0.1104285717010498, 0.15608203411102295, 0.20173537731170654, 0.2473888397216797, 0.29304230213165283, 0.338695764541626, 0.38434910774230957, 0.4300025701522827, 0.47565603256225586, 0.5213093757629395, 0.5669628381729126, 0.6126163005828857, 0.6582696437835693, 0.7039231061935425, 0.7495765686035156, 0.7952299118041992, 0.8408833742141724, 0.8865368366241455, 0.9321902990341187, 0.9778436422348022, 1.0234971046447754, 1.0691505670547485, 1.1148039102554321, 1.1604572534561157, 1.2061108350753784, 1.251764178276062, 1.2974175214767456, 1.3430711030960083, 1.388724446296692, 1.4343780279159546, 1.4800313711166382, 1.5256847143173218, 1.5713382959365845, 1.616991639137268, 1.6626449823379517, 1.7082985639572144, 1.753951907157898, 1.7996052503585815, 1.8452588319778442, 1.8909121751785278, 1.9365655183792114, 1.9822190999984741, 2.027872323989868]}, "params/['params']['layers_1']['linear_layer']['bias']": {"_type": "histogram", "values": [0, 0, 0, 0, 0, 0, 0, 0, 0, 0, 0, 0, 0, 0, 0, 0, 0, 0, 0, 0, 0, 0, 0, 0, 0, 0, 0, 0, 0, 0, 0, 0, 18, 0, 0, 0, 0, 0, 0, 0, 0, 0, 0, 0, 0, 0, 0, 0, 0, 0, 0, 0, 0, 0, 0, 0, 0, 0, 0, 0, 0, 0, 0, 0], "bins": [-0.5, -0.484375, -0.46875, -0.453125, -0.4375, -0.421875, -0.40625, -0.390625, -0.375, -0.359375, -0.34375, -0.328125, -0.3125, -0.296875, -0.28125, -0.265625, -0.25, -0.234375, -0.21875, -0.203125, -0.1875, -0.171875, -0.15625, -0.140625, -0.125, -0.109375, -0.09375, -0.078125, -0.0625, -0.046875, -0.03125, -0.015625, 0.0, 0.015625, 0.03125, 0.046875, 0.0625, 0.078125, 0.09375, 0.109375, 0.125, 0.140625, 0.15625, 0.171875, 0.1875, 0.203125, 0.21875, 0.234375, 0.25, 0.265625, 0.28125, 0.296875, 0.3125, 0.328125, 0.34375, 0.359375, 0.375, 0.390625, 0.40625, 0.421875, 0.4375, 0.453125, 0.46875, 0.484375, 0.5]}, "params/['params']['layers_1']['linear_layer']['kernel']": {"_type": "histogram", "values": [1, 0, 0, 0, 0, 0, 0, 0, 0, 0, 0, 0, 0, 0, 0, 0, 0, 0, 0, 0, 1, 0, 0, 0, 0, 0, 0, 0, 1, 0, 261, 0, 0, 0, 1, 1, 1, 0, 0, 0, 0, 0, 0, 0, 1, 0, 0, 0, 0, 0, 0, 0, 0, 0, 0, 0, 0, 0, 0, 0, 0, 0, 0, 2],