{"loss": 5.523687605091254e-07, "_timestamp": 1739543801.935311, "_runtime": 172.1706461906433, "_step": 405, "validation_loss": 5.631866315525258e-07, "params/['params']['last']['bias']": {"_type": "histogram", "values": [1, 0, 0, 0, 0, 0, 0, 0, 0, 0, 0, 0, 0, 0, 0, 0, 0, 0, 0, 0, 0, 0, 0, 0, 0, 0, 0, 0, 0, 0, 0, 0, 0, 0, 0, 0, 0, 0, 0, 0, 0, 0, 0, 0, 0, 0, 0, 0, 0, 0, 0, 0, 0, 0, 0, 0, 0, 0, 0, 0, 0, 0, 0, 1], "bins": [0.0, 0.009874055162072182, 0.019748110324144363, 0.029622165486216545, 0.03949622064828873, 0.04937027394771576, 0.05924433097243309, 0.06911838799715042, 0.07899244129657745, 0.08886649459600449, 0.09874054789543152, 0.10861460864543915, 0.11848866194486618, 0.1283627152442932, 0.13823677599430084, 0.14811082184314728, 0.1579848825931549, 0.16785894334316254, 0.17773298919200897, 0.1876070499420166, 0.19748109579086304, 0.20735515654087067, 0.2172292172908783, 0.22710326313972473, 0.23697732388973236, 0.24685138463974, 0.2567254304885864, 0.26659947633743286, 0.2764735519886017, 0.2863475978374481, 0.29622164368629456, 0.3060957193374634, 0.3159697651863098, 0.32584381103515625, 0.3357178866863251, 0.3455919325351715, 0.35546597838401794, 0.36534005403518677, 0.3752140998840332, 0.38508814573287964, 0.3949621915817261, 0.4048362672328949, 0.41471031308174133, 0.42458435893058777, 0.4344584345817566, 0.444332480430603, 0.45420652627944946, 0.4640806019306183, 0.4739546477794647, 0.48382869362831116, 0.49370276927948, 0.5035768151283264, 0.5134508609771729, 0.5233249068260193, 0.5331989526748657, 0.5430730581283569, 0.5529471039772034, 0.5628211498260498, 0.5726951956748962, 0.5825692415237427, 0.5924432873725891, 0.6023173928260803, 0.6121914386749268, 0.6220654845237732, 0.6319395303726196]}, "params/['params']['last']['kernel']": {"_type": "histogram", "values": [1, 0, 0, 0, 0, 0, 0, 0, 0, 0, 0, 0, 0, 0, 0, 0, 0, 0, 0, 0, 0, 0, 0, 0, 0, 0, 0, 0, 0, 0, 0, 0, 0, 0, 0, 0, 0, 0, 0, 0, 0, 0, 0, 0, 0, 0, 0, 0, 0, 0, 0, 0, 0, 0, 0, 36, 4, 0, 0, 0, 0, 0, 0, 1], "bins": [-0.3079729378223419, -0.30245575308799744, -0.29693853855133057, -0.2914213538169861, -0.2859041690826416, -0.28038695454597473, -0.27486976981163025, -0.26935258507728577, -0.2638353705406189, -0.2583181858062744, -0.25280100107192993, -0.24728380143642426, -0.24176660180091858, -0.2362494170665741, -0.23073221743106842, -0.22521501779556274, -0.21969783306121826, -0.21418063342571259, -0.2086634337902069, -0.20314624905586243, -0.19762904942035675, -0.19211184978485107, -0.1865946650505066, -0.18107746541500092, -0.17556026577949524, -0.17004308104515076, -0.16452588140964508, -0.1590086817741394, -0.15349149703979492, -0.14797429740428925, -0.14245709776878357, -0.1369399130344391, -0.1314227133989334, -0.12590551376342773, -0.12038832902908325, -0.11487112939357758, -0.1093539297580719, -0.10383674502372742, -0.09831954538822174, -0.09280234575271606, -0.08728516101837158, -0.0817679613828659, -0.07625076174736023, -0.07073357701301575, -0.06521637737751007, -0.059699177742004395, -0.05418199300765991, -0.04866480827331543, -0.04314759373664856, -0.03763040900230408, -0.032113224267959595, -0.026596009731292725, -0.021078824996948242, -0.01556164026260376, -0.01004442572593689, -0.004527240991592407, 0.0009899437427520752, 0.006507158279418945, 0.012024343013763428, 0.01754152774810791, 0.02305874228477478, 0.028575927019119263, 0.034093111753463745, 0.039610326290130615, 0.045127514749765396]}, "params/['params']['layers_0']['linear_layer']['bias']": {"_type": "histogram", "values": [0, 0, 0, 0, 0, 0, 0, 0, 0, 0, 0, 0, 0, 0, 0, 0, 0, 0, 0, 0, 0, 0, 0, 0, 0, 0, 0, 0, 0, 0, 0, 0, 24, 0, 0, 0, 0, 0, 0, 0, 0, 0, 0, 0, 0, 0, 0, 0, 0, 0, 0, 0, 0, 0, 0, 0, 0, 0, 0, 0, 0, 0, 0, 0], "bins": [-0.5, -0.484375, -0.46875, -0.453125, -0.4375, -0.421875, -0.40625, -0.390625, -0.375, -0.359375, -0.34375, -0.328125, -0.3125, -0.296875, -0.28125, -0.265625, -0.25, -0.234375, -0.21875, -0.203125, -0.1875, -0.171875, -0.15625, -0.140625, -0.125, -0.109375, -0.09375, -0.078125, -0.0625, -0.046875, -0.03125, -0.015625, 0.0, 0.015625, 0.03125, 0.046875, 0.0625, 0.078125, 0.09375, 0.109375, 0.125, 0.140625, 0.15625, 0.171875, 0.1875, 0.203125, 0.21875, 0.234375, 0.25, 0.265625, 0.28125, 0.296875, 0.3125, 0.328125, 0.34375, 0.359375, 0.375, 0.390625, 0.40625, 0.421875, 0.4375, 0.453125, 0.46875, 0.484375, 0.5]}, "params/['params']['layers_0']['linear_layer']['kernel']": {"_type": "histogram", "values": [1, 0, 0, 0, 0, 0, 0, 0, 0, 0, 0, 1, 0, 0, 0, 0, 0, 0, 0, 0, 0, 0, 0, 0, 0, 1, 0, 0, 0, 0, 0, 0, 0, 0, 0, 0, 0, 1, 0, 0, 1, 0, 0, 65, 0, 0, 0, 0, 0, 0, 0, 0, 0, 0, 0, 1, 0, 0, 0, 0, 0, 0, 0, 1], "bins": [-1.4050211906433105, -1.3727948665618896, -1.3405684232711792, -1.3083420991897583, -1.2761156558990479, -1.243889331817627, -1.211663007736206, -1.1794365644454956, -1.1472102403640747, -1.1149837970733643, -1.0827574729919434, -1.0505311489105225, -1.0183048248291016, -0.9860783815383911, -0.9538520574569702, -0.9216256737709045, -0.8893992900848389, -0.8571729063987732, -0.8249465227127075, -0.7927201986312866, -0.760493814945221, -0.7282674312591553, -0.6960411071777344, -0.6638147234916687, -0.631588339805603, -0.5993619561195374, -0.5671355724334717, -0.5349092483520508, -0.5026828646659851, -0.47045648097991943, -0.43823015689849854, -0.40600377321243286, -0.3737773895263672, -0.3415510654449463, -0.30932462215423584, -0.27709829807281494, -0.2448718547821045, -0.2126455307006836, -0.1804192066192627, -0.14819276332855225, -0.11596643924713135, -0.08374011516571045, -0.051513671875, -0.0192873477935791, 0.012938976287841797, 0.045165419578552246, 0.07739174365997314, 0.1096181869506836, 0.1418445110321045, 0.1740708351135254, 0.20629727840423584, 0.23852360248565674, 0.2707500457763672, 0.3029763698577881, 0.335202693939209, 0.36742913722991943, 0.39965546131134033, 0.43188178539276123, 0.4641082286834717, 0.4963345527648926, 0.5285608768463135, 0.5607873201370239, 0.5930136442184448, 0.6252400875091553, 0.6574663519859314]}, "params/['params']['layers_1']['linear_layer']['bias']": {"_type": "histogram", "values": [0, 0, 0, 0, 0, 0, 0, 0, 0, 0, 0, 0, 0, 0, 0, 0, 0, 0, 0, 0, 0, 0, 0, 0, 0, 0, 0, 0, 0, 0, 0, 0, 24, 0, 0, 0, 0, 0, 0, 0, 0, 0, 0, 0, 0, 0, 0, 0, 0, 0, 0, 0, 0, 0, 0, 0, 0, 0, 0, 0, 0, 0, 0, 0], "bins": [-0.5, -0.484375, -0.46875, -0.453125, -0.4375, -0.421875, -0.40625, -0.390625, -0.375, -0.359375, -0.34375, -0.328125, -0.3125, -0.296875, -0.28125, -0.265625, -0.25, -0.234375, -0.21875, -0.203125, -0.1875, -0.171875, -0.15625, -0.140625, -0.125, -0.109375, -0.09375, -0.078125, -0.0625, -0.046875, -0.03125, -0.015625, 0.0, 0.015625, 0.03125, 0.046875, 0.0625, 0.078125, 0.09375, 0.109375, 0.125, 0.140625, 0.15625, 0.171875, 0.1875, 0.203125, 0.21875, 0.234375, 0.25, 0.265625, 0.28125, 0.296875, 0.3125, 0.328125, 0.34375, 0.359375, 0.375, 0.390625, 0.40625, 0.421875, 0.4375, 0.453125, 0.46875, 0.484375, 0.5]}, "params/['params']['layers_1']['linear_layer']['kernel']": {"_type": "histogram", "values": [1, 0, 0, 0, 0, 0, 0, 1, 1, 0, 1, 0, 1, 0, 0, 0, 0, 1, 2, 0, 0, 0, 0, 0, 0, 0, 1, 1, 0, 0, 0, 1, 0, 1, 480, 0, 0, 1, 1, 0, 0, 0, 0, 3, 0, 1, 0, 0, 0, 1, 0, 1, 0, 0, 0, 0, 0, 0, 0, 0, 0, 2, 0, 2],