{"_step":405,"_timestamp":1.7395391461986742e+09,"_wandb":{"runtime":161},"params/['params']['layers_0']['linear_layer']['bias']":{"bins":[-0.5,-0.484375,-0.46875,-0.453125,-0.4375,-0.421875,-0.40625,-0.390625,-0.375,-0.359375,-0.34375,-0.328125,-0.3125,-0.296875,-0.28125,-0.265625,-0.25,-0.234375,-0.21875,-0.203125,-0.1875,-0.171875,-0.15625,-0.140625,-0.125,-0.109375,-0.09375,-0.078125,-0.0625,-0.046875,-0.03125,-0.015625,0,0.015625,0.03125,0.046875,0.0625,0.078125,0.09375,0.109375,0.125,0.140625,0.15625,0.171875,0.1875,0.203125,0.21875,0.234375,0.25,0.265625,0.28125,0.296875,0.3125,0.328125,0.34375,0.359375,0.375,0.390625,0.40625,0.421875,0.4375,0.453125,0.46875,0.484375,0.5],"_type":"histogram","values":[0,0,0,0,0,0,0,0,0,0,0,0,0,0,0,0,0,0,0,0,0,0,0,0,0,0,0,0,0,0,0,0,18,0,0,0,0,0,0,0,0,0,0,0,0,0,0,0,0,0,0,0,0,0,0,0,0,0,0,0,0,0,0,0]},"params/['params']['layers_1']['linear_layer']['kernel']":{"_type":"histogram","values":[1,0,0,0,0,0,0,0,0,0,0,0,1,0,1,0,0,1,0,0,2,1,0,0,0,0,1,0,0,0,0,4,253,0,0,0,0,0,0,0,1,0,0,1,0,0,0,0,0,0,1,0,0,0,0,0,0,0,0,0,0,0,0,2],"bins":[-1.7975232601165771,-1.7425246238708496,-1.6875261068344116,-1.632527470588684,-1.577528953552246,-1.5225303173065186,-1.467531681060791,-1.412533164024353,-1.357534646987915,-1.3025360107421875,-1.24753737449646,-1.192538857460022,-1.1375402212142944,-1.0825417041778564,-1.027543067932129,-0.9725444912910461,-0.9175459146499634,-0.8625473380088806,-0.8075487613677979,-0.7525501251220703,-0.6975516080856323,-0.6425529718399048,-0.5875544548034668,-0.5325558185577393,-0.4775571823120117,-0.42255866527557373,-0.3675600290298462,-0.3125615119934082,-0.25756287574768066,-0.20256435871124268,-0.14756572246551514,-0.09256720542907715,-0.03756856918334961,0.01743006706237793,0.07242858409881592,0.12742722034454346,0.18242573738098145,0.23742437362670898,0.2924230098724365,0.34742140769958496,0.4024200439453125,0.45741868019104004,0.5124173164367676,0.5674159526824951,0.6224143505096436,0.6774129867553711,0.7324116230010986,0.7874102592468262,0.8424088954925537,0.8974072933197021,0.9524059295654297,1.0074045658111572,1.0624032020568848,1.1174015998840332,1.1724002361297607,1.2273988723754883,1.2823975086212158,1.3373961448669434,1.3923945426940918,1.4473931789398193,1.5023918151855469,1.5573904514312744,1.6123888492584229,1.6673874855041504,1.7223860025405884]},"params/['params']['last']['kernel']":{"values":[26,0,1,0,0,0,0,0,0,1,0,0,0,0,0,0,0,0,0,0,0,0,0,0,0,0,0,0,0,0,0,0,0,0,0,0,0,0,0,0,0,0,0,0,0,1,0,0,0,0,0,0,0,0,0,0,0,0,0,0,0,0,0,1],"bins":[0,0.0031660955864936113,0.006332191172987223,0.009498286992311478,0.012664382345974445,0.015830477699637413,0.018996573984622955,0.02216266840696335,0.02532876469194889,0.028494860976934433,0.031660955399274826,0.03482704982161522,0.03799314796924591,0.041159242391586304,0.0443253368139267,0.04749143496155739,0.05065752938389778,0.053823623806238174,0.056989721953868866,0.06015581637620926,0.06332191079854965,0.06648800522089005,0.06965409964323044,0.07282020151615143,0.07598629593849182,0.07915239036083221,0.08231848478317261,0.085484579205513,0.0886506736278534,0.09181677550077438,0.09498286992311478,0.09814896434545517,0.10131505876779556,0.10448115319013596,0.10764724761247635,0.11081334203481674,0.11397944390773773,0.11714553833007812,0.12031163275241852,0.12347772717475891,0.1266438215970993,0.1298099160194397,0.1329760104417801,0.13614210486412048,0.13930819928646088,0.14247430860996246,0.14564040303230286,0.14880649745464325,0.15197259187698364,0.15513868629932404,0.15830478072166443,0.16147087514400482,0.16463696956634521,0.1678030639886856,0.170969158411026,0.1741352528333664,0.1773013472557068,0.18046744167804718,0.18363355100154877,0.18679964542388916,0.18996573984622955,0.19313183426856995,0.19629792869091034,0.19946402311325073,0.20263011753559113],"_type":"histogram"},"_runtime":161.7975301,"loss":0.0006181042408570647,"validation_loss":0.0006179930060170591,"params/['params']['layers_0']['linear_layer']['kernel']":{"values":[1,0,0,0,0,0,0,0,0,0,0,0,0,0,0,0,0,0,0,0,0,0,0,0,0,0,0,0,1,0,0,0,0,49,0,0,1,0,0,0,0,0,1,0,0,0,0,0,0,0,0,0,0,0,0,0,0,0,0,0,0,0,0,1],"bins":[-0.9265627264976501,-0.8987395167350769,-0.8709163069725037,-0.8430930972099304,-0.8152698874473572,-0.7874466776847839,-0.7596234083175659,-0.7318001985549927,-0.7039769887924194,-0.6761537790298462,-0.648330569267273,-0.6205073595046997,-0.5926841497421265,-0.5648609399795532,-0.53703773021698,-0.5092145204544067,-0.4813913106918335,-0.45356810092926025,-0.425744891166687,-0.39792168140411377,-0.3700984716415405,-0.3422752618789673,-0.31445205211639404,-0.2866288423538208,-0.2588055729866028,-0.23098236322402954,-0.2031591534614563,-0.17533594369888306,-0.14751273393630981,-0.11968952417373657,-0.09186631441116333,-0.06404310464859009,-0.036219894886016846,-0.008396685123443604,0.01942652463912964,0.04724973440170288,0.07507294416427612,0.10289615392684937,0.1307193636894226,0.15854257345199585,0.1863657832145691,0.21418899297714233,0.24201220273971558,0.2698354125022888,0.29765862226486206,0.3254818320274353,0.35330504179000854,0.3811282515525818,0.4089515805244446,0.4367747902870178,0.46459800004959106,0.4924212098121643,0.5202444195747375,0.5480676293373108,0.575890839099884,0.6037140488624573,0.6315372586250305,0.6593604683876038,0.687183678150177,0.7150068879127502,0.7428300976753235,0.7706533074378967,0.79847651720047,0.8262997269630432,0.8541229963302612],"_type":"histogram"},"params/['params']['last']['bias']":{"bins":[0,0.009105478413403034,0.01821095682680607,0.027316436171531677,0.03642191365361214,0.045527391135692596,0.054632872343063354,0.06373834609985352,0.07284382730722427,0.08194930851459503,0.09105478227138519,0.10016026347875595,0.10926574468612671,0.11837121844291687,0.12747669219970703,0.1365821808576584,0.14568765461444855,0.1547931283712387,0.16389861702919006,0.17300409078598022,0.18210956454277039,0.19121505320072174,0.2003205269575119,0.20942600071430206,0.21853148937225342,0.22763696312904358,0.23674243688583374,0.2458479106426239,0.25495338439941406,0.2640588879585266,0.2731643617153168,0.28226983547210693,0.2913753092288971,0.30048078298568726,0.3095862567424774,0.3186917304992676,0.3277972340583801,0.3369027078151703,0.34600818157196045,0.3551136553287506,0.36421912908554077,0.37332460284233093,0.3824301064014435,0.39153558015823364,0.4006410539150238,0.40974652767181396,0.4188520014286041,0.4279574751853943,0.43706297874450684,0.446168452501297,0.45527392625808716,0.4643794000148773,0.4734848737716675,0.48259034752845764,0.4916958212852478,0.5008013248443604,0.5099067687988281,0.5190122723579407,0.5281177759170532,0.537223219871521,0.5463287234306335,0.5554341673851013,0.5645396709442139,0.5736451148986816,0.5827506184577942],"_type":"histogram","values":[1,0,0,0,0,0,0,0,0,0,0,0,0,0,0,0,0,0,0,0,0,0,0,0,0,0,0,0,0,0,0,0,0,0,0,0,0,0,0,0,0,0,0,0,0,0,0,0,0,0,0,0,0,0,0,0,0,0,0,0,0,0,0,1]},"params/['params']['layers_1']['linear_layer']['bias']":{"_type":"histogram","values":[0,0,0,0,0,0,0,0,0,0,0,0,0,0,0,0,0,0,0,0,0,0,0,0,0,0,0,0,0,0,0,0,18,0,0,0,0,0,0,0,0,0,0,0,0,0,0,0,0,0,0,0,0,0,0,0,0,0,0,0,0,0,0,0],"bins":[-0.5,-0.484375,-0.46875,-0.453125,-0.4375,-0.421875,-0.40625,-0.390625,-0.375,-0.359375,-0.34375,-0.328125,-0.3125,-0.296875,-0.28125,-0.265625,-0.25,-0.234375,-0.21875,-0.203125,-0.1875,-0.171875,-0.15625,-0.140625,-0.125,-0.109375,-0.09375,-0.078125,-0.0625,-0.046875,-0.03125,-0.015625,0,0.015625,0.03125,0.046875,0.0625,0.078125,0.09375,0.109375,0.125,0.140625,0.15625,0.171875,0.1875,0.203125,0.21875,0.234375,0.25,0.265625,0.28125,0.296875,0.3125,0.328125,0.34375,0.359375,0.375,0.390625,0.40625,0.421875,0.4375,0.453125,0.46875,0.484375,0.5]}}