{"loss": 0.0008648614748381078, "_timestamp": 1739967013.317969, "_runtime": 197.95459508895874, "_step": 2793, "params/['params']['last']['bias']": {"_type": "histogram", "values": [1, 0, 0, 0, 0, 0, 0, 0, 0, 0, 0, 0, 0, 0, 0, 0, 0, 0, 0, 0, 0, 0, 0, 0, 0, 0, 0, 0, 0, 0, 0, 0, 0, 0, 0, 0, 0, 0, 0, 0, 0, 0, 0, 0, 0, 0, 0, 0, 0, 0, 0, 0, 0, 0, 0, 0, 0, 0, 0, 0, 0, 0, 0, 1], "bins": [0.09255671501159668, 0.1042313426733017, 0.11590597033500671, 0.12758059799671173, 0.13925522565841675, 0.15092985332012177, 0.16260448098182678, 0.1742790937423706, 0.18595373630523682, 0.19762834906578064, 0.20930299162864685, 0.22097760438919067, 0.2326522320508957, 0.2443268597126007, 0.25600147247314453, 0.26767611503601074, 0.27935075759887695, 0.2910253703594208, 0.3026999831199646, 0.3143746256828308, 0.326049268245697, 0.33772388100624084, 0.34939849376678467, 0.3610731363296509, 0.3727477490901947, 0.3844223916530609, 0.39609700441360474, 0.40777164697647095, 0.41944625973701477, 0.431120902299881, 0.4427955150604248, 0.454470157623291, 0.46614477038383484, 0.47781938314437866, 0.4894940257072449, 0.5011686086654663, 0.5128432512283325, 0.5245178937911987, 0.5361925363540649, 0.5478671789169312, 0.5595418214797974, 0.5712164044380188, 0.582891047000885, 0.5945656895637512, 0.6062402725219727, 0.6179149150848389, 0.6295895576477051, 0.6412642002105713, 0.6529387831687927, 0.6646134257316589, 0.6762880682945251, 0.6879626512527466, 0.6996372938156128, 0.711311936378479, 0.7229865789413452, 0.7346611618995667, 0.7463358044624329, 0.7580104470252991, 0.7696850895881653, 0.7813596725463867, 0.7930343151092529, 0.8047089576721191, 0.8163836002349854, 0.8280581831932068, 0.839732825756073]}, "params/['params']['last']['kernel']": {"_type": "histogram", "values": [1, 0, 0, 0, 1, 0, 1, 1, 0, 0, 0, 0, 1, 0, 2, 19, 2, 1, 0, 2, 0, 1, 0, 1, 0, 0, 0, 0, 0, 0, 0, 0, 0, 0, 0, 0, 0, 0, 0, 0, 0, 1, 0, 0, 0, 0, 0, 0, 0, 0, 1, 0, 0, 0, 0, 0, 0, 0, 0, 0, 0, 0, 0, 1], "bins": [-0.06411381810903549, -0.05987303704023361, -0.05563225597143173, -0.05139147862792015, -0.04715069755911827, -0.04290991649031639, -0.03866913914680481, -0.03442835807800293, -0.03018757700920105, -0.02594679594039917, -0.02170601487159729, -0.01746523752808571, -0.013224456459283829, -0.008983675390481949, -0.004742898046970367, -0.0005021169781684875, 0.0037386640906333923, 0.007979445159435272, 0.012220226228237152, 0.016461007297039032, 0.020701788365840912, 0.024942561984062195, 0.029183343052864075, 0.033424124121665955, 0.037664905190467834, 0.041905686259269714, 0.046146467328071594, 0.050387248396873474, 0.05462802201509476, 0.05886880308389664, 0.06310958415269852, 0.0673503652215004, 0.07159114629030228, 0.07583192735910416, 0.08007270842790604, 0.08431348949670792, 0.0885542705655098, 0.09279505163431168, 0.09703583270311356, 0.10127661377191544, 0.10551739484071732, 0.109758161008358, 0.11399894207715988, 0.11823972314596176, 0.12248050421476364, 0.12672129273414612, 0.130962073802948, 0.13520285487174988, 0.13944363594055176, 0.14368441700935364, 0.14792519807815552, 0.1521659791469574, 0.15640676021575928, 0.16064754128456116, 0.16488832235336304, 0.16912910342216492, 0.1733698546886444, 0.1776106357574463, 0.18185141682624817, 0.18609219789505005, 0.19033297896385193, 0.1945737600326538, 0.1988145411014557, 0.20305532217025757, 0.20729610323905945]}, "params/['params']['layers_0']['linear_layer']['bias']": {"_type": "histogram", "values": [0, 0, 0, 0, 0, 0, 0, 0, 0, 0, 0, 0, 0, 0, 0, 0, 0, 0, 0, 0, 0, 0, 0, 0, 0, 0, 0, 0, 0, 0, 0, 0, 22, 0, 0, 0, 0, 0, 0, 0, 0, 0, 0, 0, 0, 0, 0, 0, 0, 0, 0, 0, 0, 0, 0, 0, 0, 0, 0, 0, 0, 0, 0, 0], "bins": [-0.5, -0.484375, -0.46875, -0.453125, -0.4375, -0.421875, -0.40625, -0.390625, -0.375, -0.359375, -0.34375, -0.328125, -0.3125, -0.296875, -0.28125, -0.265625, -0.25, -0.234375, -0.21875, -0.203125, -0.1875, -0.171875, -0.15625, -0.140625, -0.125, -0.109375, -0.09375, -0.078125, -0.0625, -0.046875, -0.03125, -0.015625, 0.0, 0.015625, 0.03125, 0.046875, 0.0625, 0.078125, 0.09375, 0.109375, 0.125, 0.140625, 0.15625, 0.171875, 0.1875, 0.203125, 0.21875, 0.234375, 0.25, 0.265625, 0.28125, 0.296875, 0.3125, 0.328125, 0.34375, 0.359375, 0.375, 0.390625, 0.40625, 0.421875, 0.4375, 0.453125, 0.46875, 0.484375, 0.5]}, "params/['params']['layers_0']['linear_layer']['kernel']": {"_type": "histogram", "values": [2, 1, 1, 1, 0, 0, 0, 1, 0, 1, 0, 0, 0, 0, 0, 0, 0, 0, 1, 0, 1, 0, 1, 2, 47, 1, 1, 1, 1, 0, 0, 1, 0, 0, 0, 0, 0, 0, 0, 0, 0, 0, 0, 0, 0, 0, 0, 0, 0, 0, 0, 0, 1, 0, 0, 0, 0, 0, 0, 0, 0, 0, 0, 1], "bins": [-0.7615872621536255, -0.730441689491272, -0.6992960572242737, -0.6681504845619202, -0.6370049118995667, -0.6058592796325684, -0.5747137069702148, -0.5435681343078613, -0.512422502040863, -0.4812769293785095, -0.4501313269138336, -0.4189857244491577, -0.3878401517868042, -0.3566945493221283, -0.3255489468574524, -0.2944033741950989, -0.263257771730423, -0.23211216926574707, -0.20096659660339355, -0.16982096433639526, -0.13867539167404175, -0.10752981901168823, -0.07638418674468994, -0.045238614082336426, -0.01409304141998291, 0.01705259084701538, 0.048198163509368896, 0.07934373617172241, 0.1104893684387207, 0.14163494110107422, 0.17278051376342773, 0.20392614603042603, 0.23507171869277954, 0.26621735095977783, 0.29736292362213135, 0.32850849628448486, 0.3596540689468384, 0.3907996416091919, 0.42194533348083496, 0.4530909061431885, 0.484236478805542, 0.5153820514678955, 0.546527624130249, 0.5776731967926025, 0.6088188886642456, 0.6399644613265991, 0.6711100339889526, 0.7022556066513062, 0.7334011793136597, 0.7645467519760132, 0.7956924438476562, 0.8268380165100098, 0.8579835891723633, 0.8891291618347168, 0.9202747344970703, 0.9514203071594238, 0.9825659990310669, 1.0137115716934204, 1.044857144355774, 1.0760027170181274, 1.107148289680481, 1.1382938623428345, 1.1694395542144775, 1.200585126876831, 1.2317306995391846]}, "params/['params']['layers_1']['linear_layer']['bias']": {"_type": "histogram", "values": [1, 0, 0, 0, 0, 0, 0, 0, 0, 0, 0, 0, 0, 0, 0, 0, 0, 0, 0, 0, 0, 0, 0, 0, 0, 0, 0, 0, 0, 0, 0, 20, 0, 0, 0, 0, 0, 0, 0, 0, 0, 0, 0, 0, 0, 0, 0, 0, 0, 0, 0, 0, 0, 0, 0, 0, 0, 0, 0, 0, 0, 0, 0, 1], "bins": [-0.0019426849903538823, -0.0018817168893292546, -0.0018207489047199488, -0.001759780803695321, -0.0016988127026706934, -0.0016378446016460657, -0.0015768766170367599, -0.0015159085160121322, -0.0014549405314028263, -0.0013939724303781986, -0.001333004329353571, -0.0012720362283289433, -0.0012110682437196374, -0.0011501001426950097, -0.0010891321580857038, -0.0010281640570610762, -0.0009671959560364485, -0.0009062278550118208, -0.0008452598704025149, -0.0007842917693778872, -0.0007233236683532596, -0.0006623556837439537, -0.000601387582719326, -0.0005404194816946983, -0.0004794514970853925, -0.0004184833960607648, -0.0003575152950361371, -0.0002965471940115094, -0.00023557920940220356, -0.00017461110837757587, -0.00011364300735294819, -5.267502274364233e-05, 8.293078280985355e-06, 6.926117930561304e-05, 0.00013022928033024073, 0.0001911973813548684, 0.00025216524954885244, 0.00031313335057348013, 0.0003741014515981078, 0.0004350695526227355, 0.0004960376536473632, 0.0005570057546719909, 0.0006179736228659749, 0.0006789417238906026, 0.0007399098249152303, 0.000800877925939858, 0.0008618460269644856, 0.0009228141279891133, 0.0009837819961830974, 0.001044750097207725, 0.0011057181982323527, 0.0011666862992569804, 0.001227654400281608, 0.0012886225013062358, 0.0013495906023308635, 0.0014105584705248475, 0.0014715265715494752, 0.0015324946725741029, 0.0015934627735987306, 0.0016544308746233582, 0.001715398975647986, 0.00177636684384197, 0.0018373349448665977, 0.0018983030458912253, 0.001959271263331175]}, "params/['params']['layers_1']['linear_layer']['kernel']": {"_type": "histogram",