{"loss": 0.016204478219151497, "_timestamp": 1739304941.3608005, "_runtime": 134.1648166179657, "_step": 27, "params/['params']['last']['bias']": {"_type": "histogram", "values": [1, 0, 0, 0, 0, 0, 0, 0, 0, 0, 0, 0, 0, 0, 0, 0, 0, 0, 0, 0, 0, 0, 0, 0, 0, 0, 0, 0, 0, 0, 0, 0, 0, 0, 0, 0, 0, 0, 0, 0, 0, 0, 0, 0, 0, 0, 0, 0, 0, 0, 0, 0, 0, 0, 0, 0, 0, 0, 0, 0, 0, 0, 0, 1], "bins": [0.8333280682563782, 0.8360291719436646, 0.8387302756309509, 0.8414313793182373, 0.8441324830055237, 0.8468335866928101, 0.8495346903800964, 0.8522357940673828, 0.8549368977546692, 0.8576380014419556, 0.8603391051292419, 0.8630402088165283, 0.8657413125038147, 0.8684424161911011, 0.8711435198783875, 0.8738446235656738, 0.8765457272529602, 0.8792468309402466, 0.881947934627533, 0.8846490383148193, 0.8873501420021057, 0.8900512456893921, 0.8927523493766785, 0.8954534530639648, 0.8981545567512512, 0.9008556604385376, 0.903556764125824, 0.9062578678131104, 0.908958911895752, 0.9116600751876831, 0.9143611192703247, 0.9170622825622559, 0.9197633266448975, 0.9224644899368286, 0.9251655340194702, 0.9278666973114014, 0.930567741394043, 0.9332688450813293, 0.9359699487686157, 0.9386710524559021, 0.9413721561431885, 0.9440732598304749, 0.9467743635177612, 0.9494754672050476, 0.952176570892334, 0.9548776745796204, 0.9575787782669067, 0.9602798819541931, 0.9629809856414795, 0.9656820893287659, 0.9683831930160522, 0.9710842967033386, 0.973785400390625, 0.9764865040779114, 0.9791876077651978, 0.9818887114524841, 0.9845898151397705, 0.9872909188270569, 0.9899920225143433, 0.9926931262016296, 0.995394229888916, 0.9980953335762024, 1.0007964372634888, 1.00349760055542, 1.0061986446380615]}, "params/['params']['last']['kernel']": {"_type": "histogram", "values": [1, 0, 0, 0, 0, 0, 0, 0, 0, 0, 0, 0, 0, 0, 0, 0, 1, 1, 0, 0, 1, 0, 0, 0, 0, 0, 0, 0, 0, 0, 0, 0, 0, 0, 0, 0, 0, 2, 4, 0, 0, 0, 0, 0, 0, 0, 0, 0, 0, 0, 0, 0, 0, 1, 0, 0, 0, 0, 0, 0, 0, 0, 0, 1], "bins": [-0.33172348141670227, -0.3230411410331726, -0.31435880064964294, -0.3056764304637909, -0.29699409008026123, -0.28831174969673157, -0.2796294093132019, -0.27094706892967224, -0.2622647285461426, -0.2535823583602905, -0.24490001797676086, -0.2362176775932312, -0.22753533720970154, -0.21885298192501068, -0.21017064154148102, -0.20148828625679016, -0.1928059458732605, -0.18412360548973083, -0.17544125020503998, -0.16675890982151031, -0.15807655453681946, -0.1493942141532898, -0.14071187376976013, -0.13202951848506927, -0.12334717810153961, -0.11466483771800995, -0.10598248243331909, -0.09730014204978943, -0.08861780166625977, -0.0799354612827301, -0.07125309109687805, -0.06257075071334839, -0.053888410329818726, -0.04520606994628906, -0.0365237295627594, -0.02784135937690735, -0.019159018993377686, -0.010476678609848022, -0.0017943382263183594, 0.006888002157211304, 0.015570372343063354, 0.024252712726593018, 0.03293505311012268, 0.041617393493652344, 0.05029973387718201, 0.05898207426071167, 0.06766444444656372, 0.07634678483009338, 0.08502912521362305, 0.09371146559715271, 0.10239380598068237, 0.11107617616653442, 0.11975851655006409, 0.12844085693359375, 0.1371231973171234, 0.14580553770065308, 0.15448787808418274, 0.1631702482700348, 0.17185255885124207, 0.18053492903709412, 0.18921729922294617, 0.19789960980415344, 0.2065819799900055, 0.21526429057121277, 0.223946675658226]}, "params/['params']['layers_0']['linear_layer']['bias']": {"_type": "histogram", "values": [1, 0, 0, 0, 0, 0, 0, 0, 0, 0, 0, 0, 1, 0, 0, 0, 0, 0, 0, 0, 0, 0, 1, 0, 0, 0, 2, 0, 0, 0, 0, 0, 0, 0, 0, 0, 1, 0, 0, 0, 0, 0, 1, 0, 0, 0, 0, 0, 0, 0, 0, 0, 0, 0, 0, 0, 0, 0, 0, 0, 0, 0, 0, 1], "bins": [-0.547602653503418, -0.5265562534332275, -0.5055098533630371, -0.4844634234905243, -0.4634169936180115, -0.44237059354782104, -0.4213241934776306, -0.4002777934074402, -0.37923136353492737, -0.35818493366241455, -0.3371385335922241, -0.3160921335220337, -0.29504573345184326, -0.27399930357933044, -0.25295290350914, -0.2319064736366272, -0.21086007356643677, -0.18981367349624634, -0.16876724362373352, -0.1477208435535431, -0.12667441368103027, -0.10562801361083984, -0.08458161354064941, -0.0635351836681366, -0.042488813400268555, -0.02144235372543335, -0.0003959536552429199, 0.02065044641494751, 0.04169684648513794, 0.06274324655532837, 0.08378970623016357, 0.104836106300354, 0.12588250637054443, 0.14692890644073486, 0.1679753065109253, 0.1890217661857605, 0.21006816625595093, 0.23111456632614136, 0.2521609663963318, 0.2732073664665222, 0.2942538261413574, 0.31530022621154785, 0.3363466262817383, 0.3573930263519287, 0.37843942642211914, 0.39948582649230957, 0.4205322861671448, 0.4415786862373352, 0.46262502670288086, 0.48367154598236084, 0.5047179460525513, 0.5257643461227417, 0.5468107461929321, 0.5678571462631226, 0.588903546333313, 0.6099499464035034, 0.6309963464736938, 0.6520427465438843, 0.6730891466140747, 0.6941356658935547, 0.7151820659637451, 0.7362284660339355, 0.757274866104126, 0.7783212661743164, 0.7993676066398621]}, "params/['params']['layers_0']['linear_layer']['kernel']": {"_type": "histogram", "values": [1, 0, 0, 0, 0, 0, 0, 0, 0, 0, 1, 0, 0, 0, 0, 1, 0, 0, 1, 0, 2, 1, 1, 0, 0, 0, 0, 1, 0, 0, 2, 7, 0, 3, 1, 0, 0, 0, 1, 0, 1, 1, 2, 2, 0, 0, 0, 0, 0, 0, 0, 0, 1, 0, 0, 0, 1, 0, 0, 0, 0, 0, 0, 1], "bins": [-1.2548564672470093, -1.21553635597229, -1.1762162446975708, -1.1368962526321411, -1.0975761413574219, -1.0582560300827026, -1.0189359188079834, -0.9796158671379089, -0.9402958154678345, -0.9009757041931152, -0.861655592918396, -0.8223355412483215, -0.7830154299736023, -0.7436953783035278, -0.7043752670288086, -0.6650552153587341, -0.6257351040840149, -0.5864149928092957, -0.5470949411392212, -0.507774829864502, -0.4684547781944275, -0.42913466691970825, -0.3898146152496338, -0.35049450397491455, -0.3111743927001953, -0.27185434103012085, -0.2325342893600464, -0.19321417808532715, -0.1538940668106079, -0.11457395553588867, -0.07525396347045898, -0.035933852195739746, 0.003386259078979492, 0.04270637035369873, 0.08202648162841797, 0.12134647369384766, 0.1606665849685669, 0.19998669624328613, 0.23930680751800537, 0.27862679958343506, 0.3179469108581543, 0.35726702213287354, 0.3965871334075928, 0.435907244682312, 0.4752272367477417, 0.5145473480224609, 0.5538674592971802, 0.5931875705718994, 0.6325076818466187, 0.6718276739120483, 0.7111477851867676, 0.7504678964614868, 0.7897878885269165, 0.8291081190109253, 0.868428111076355, 0.9077481031417847, 0.9470683336257935, 0.9863883256912231, 1.025708556175232, 1.0650285482406616, 1.1043485403060913, 1.1436687707901, 1.1829887628555298, 1.2223089933395386, 1.2616289854049683]}, "params/['params']['layers_1']['linear_layer']['bias']": {"_type": "histogram", "values": [1, 0, 0, 0, 1, 0, 0, 0, 1, 0, 0, 0, 0, 0, 0, 0, 0, 0, 0, 0, 0, 0, 0, 0, 0, 0, 1, 0, 0, 0, 0, 0, 0, 0, 0, 0, 0, 0, 0, 0, 0, 0, 0, 0, 0, 0, 0, 1, 0, 1, 0, 0, 0, 0, 0, 0, 0, 0, 0, 0, 0, 0, 1, 1],