{"loss": 0.04504160210490227, "_timestamp": 1739300214.3316026, "_runtime": 13.686173677444458, "_step": 25, "params/['params']['last']['bias']": {"_type": "histogram", "values": [1, 0, 0, 0, 0, 0, 0, 0, 0, 0, 0, 0, 0, 0, 0, 0, 0, 0, 0, 0, 0, 0, 0, 0, 0, 0, 0, 0, 0, 0, 0, 0, 0, 0, 0, 0, 0, 0, 0, 0, 0, 0, 0, 0, 0, 0, 0, 0, 0, 0, 0, 0, 0, 0, 0, 0, 0, 0, 0, 0, 0, 0, 0, 1], "bins": [0.8715508580207825, 0.8736526966094971, 0.8757544755935669, 0.8778563141822815, 0.8799580931663513, 0.8820599317550659, 0.8841617107391357, 0.8862635493278503, 0.8883653283119202, 0.8904671669006348, 0.8925689458847046, 0.8946707844734192, 0.8967726230621338, 0.8988744020462036, 0.9009762406349182, 0.903078019618988, 0.9051798582077026, 0.9072816371917725, 0.9093834757804871, 0.9114852547645569, 0.9135870933532715, 0.9156888723373413, 0.9177907109260559, 0.9198925495147705, 0.9219943284988403, 0.9240961670875549, 0.9261979460716248, 0.9282997846603394, 0.9304015636444092, 0.9325034022331238, 0.9346051812171936, 0.9367070198059082, 0.938808798789978, 0.9409106373786926, 0.9430124759674072, 0.945114254951477, 0.9472160935401917, 0.9493178725242615, 0.9514197111129761, 0.9535214900970459, 0.9556233286857605, 0.9577251076698303, 0.9598269462585449, 0.9619287252426147, 0.9640305638313293, 0.966132402420044, 0.9682341814041138, 0.9703360199928284, 0.9724377989768982, 0.9745396375656128, 0.9766414165496826, 0.9787432551383972, 0.9808450937271118, 0.9829468727111816, 0.9850486516952515, 0.9871504902839661, 0.9892523288726807, 0.9913541078567505, 0.9934559464454651, 0.9955577254295349, 0.9976595640182495, 0.9997613430023193, 1.0018632411956787, 1.0039650201797485, 1.0060667991638184]}, "params/['params']['last']['kernel']": {"_type": "histogram", "values": [1, 0, 0, 1, 0, 2, 1, 0, 0, 1, 0, 1, 0, 1, 1, 16, 4, 1, 2, 1, 0, 0, 0, 2, 0, 0, 1, 1, 0, 1, 1, 0, 1, 0, 0, 0, 0, 0, 0, 0, 0, 0, 0, 0, 0, 1, 0, 0, 0, 0, 0, 0, 0, 0, 0, 0, 0, 0, 0, 0, 0, 0, 0, 1], "bins": [-0.2169448584318161, -0.20304790139198303, -0.18915094435214996, -0.1752539873123169, -0.16135703027248383, -0.14746007323265076, -0.13356313109397888, -0.11966616660356522, -0.10576920956373215, -0.09187225997447968, -0.0779753029346466, -0.06407834589481354, -0.05018138885498047, -0.0362844318151474, -0.02238747477531433, -0.008490517735481262, 0.005406439304351807, 0.019303396344184875, 0.03320033848285675, 0.04709731042385101, 0.06099425256252289, 0.07489122450351715, 0.08878816664218903, 0.10268513858318329, 0.11658208072185516, 0.13047905266284943, 0.1443759948015213, 0.15827296674251556, 0.17216990888118744, 0.1860668808221817, 0.19996382296085358, 0.21386079490184784, 0.22775773704051971, 0.2416546791791916, 0.25555163621902466, 0.26944857835769653, 0.2833455204963684, 0.29724252223968506, 0.31113946437835693, 0.3250364065170288, 0.3389333486557007, 0.35283035039901733, 0.3667272925376892, 0.3806242346763611, 0.39452117681503296, 0.4084181785583496, 0.4223151206970215, 0.43621206283569336, 0.45010900497436523, 0.4640059471130371, 0.47790294885635376, 0.49179989099502563, 0.5056968331336975, 0.5195937752723694, 0.533490777015686, 0.5473877191543579, 0.5612846612930298, 0.5751816034317017, 0.5890786051750183, 0.6029755473136902, 0.6168724894523621, 0.6307694315910339, 0.6446664333343506, 0.6585633754730225, 0.6724603176116943]}, "params/['params']['layers_0']['linear_layer']['bias']": {"_type": "histogram", "values": [1, 0, 1, 0, 0, 0, 1, 3, 4, 1, 1, 0, 0, 0, 0, 0, 0, 0, 3, 0, 0, 1, 0, 0, 1, 0, 0, 0, 1, 4, 1, 0, 0, 0, 0, 0, 0, 0, 0, 0, 0, 0, 0, 0, 0, 0, 0, 0, 0, 0, 0, 0, 0, 0, 0, 0, 0, 0, 0, 0, 0, 0, 0, 1], "bins": [-0.3258030414581299, -0.3085419833660126, -0.29128095507621765, -0.27401989698410034, -0.2567588686943054, -0.2394978106021881, -0.2222367525100708, -0.20497570931911469, -0.18771466612815857, -0.17045362293720245, -0.15319257974624634, -0.13593152165412903, -0.11867047846317291, -0.1014094352722168, -0.08414837718009949, -0.06688734889030457, -0.049626290798187256, -0.032365232706069946, -0.015104204416275024, 0.002156853675842285, 0.019417881965637207, 0.03667894005775452, 0.053939998149871826, 0.07120102643966675, 0.08846208453178406, 0.10572314262390137, 0.12298417091369629, 0.1402452290058136, 0.1575062870979309, 0.17476731538772583, 0.19202834367752075, 0.20928943157196045, 0.22655045986175537, 0.2438114881515503, 0.26107257604599, 0.2783336043357849, 0.29559463262557983, 0.31285572052001953, 0.33011674880981445, 0.3473777770996094, 0.3646388053894043, 0.381899893283844, 0.3991609215736389, 0.41642194986343384, 0.43368303775787354, 0.45094406604766846, 0.4682050943374634, 0.4854661822319031, 0.502727210521698, 0.5199882388114929, 0.5372493267059326, 0.5545103549957275, 0.5717713832855225, 0.5890324711799622, 0.6062934994697571, 0.623554527759552, 0.6408156156539917, 0.6580766439437866, 0.6753376722335815, 0.6925987005233765, 0.7098597288131714, 0.7271208763122559, 0.7443819046020508, 0.7616429328918457, 0.7789040207862854]}, "params/['params']['layers_0']['linear_layer']['kernel']": {"_type": "histogram", "values": [1, 1, 0, 0, 1, 0, 0, 0, 1, 0, 1, 1, 1, 1, 0, 1, 1, 2, 1, 4, 2, 1, 3, 5, 1, 0, 0, 1, 0, 3, 2, 1, 1, 2, 2, 1, 1, 0, 0, 0, 0, 1, 1, 0, 1, 0, 0, 0, 1, 0, 0, 0, 0, 0, 0, 0, 0, 0, 0, 0, 0, 0, 0, 1], "bins": [-1.3727293014526367, -1.313934326171875, -1.2551392316818237, -1.196344256401062, -1.1375491619110107, -1.078754186630249, -1.0199592113494873, -0.961164116859436, -0.9023691415786743, -0.8435741066932678, -0.7847790718078613, -0.7259840369224548, -0.6671890020370483, -0.6083939671516418, -0.5495989918708801, -0.49080395698547363, -0.43200892210006714, -0.37321388721466064, -0.3144189119338989, -0.25562381744384766, -0.19682884216308594, -0.13803374767303467, -0.07923877239227295, -0.02044379711151123, 0.03835129737854004, 0.09714627265930176, 0.15594136714935303, 0.21473634243011475, 0.27353131771087646, 0.33232641220092773, 0.39112138748168945, 0.4499164819717407, 0.5087114572525024, 0.5675064325332642, 0.6263015270233154, 0.6850965023040771, 0.7438914775848389, 0.8026866912841797, 0.8614816665649414, 0.9202766418457031, 0.9790716171264648, 1.0378665924072266, 1.0966618061065674, 1.155456781387329, 1.2142517566680908, 1.2730467319488525, 1.3318417072296143, 1.390636920928955, 1.4494318962097168, 1.5082268714904785, 1.5670218467712402, 1.625816822052002, 1.6846120357513428, 1.7434070110321045, 1.8022019863128662, 1.860996961593628, 1.9197919368743896, 1.9785871505737305, 2.037382125854492, 2.096177101135254, 2.1549720764160156, 2.2137670516967773, 2.272562265396118, 2.33135724067688, 2.3901522159576416]}, "_wandb": {"runtime": 13}}