{"loss": 1.3254214081825921e-06, "_timestamp": 1739967305.0548944, "_runtime": 203.7830195426941, "_step": 2793, "params/['params']['last']['bias']": {"_type": "histogram", "values": [1, 0, 0, 0, 0, 0, 0, 0, 0, 0, 0, 0, 0, 0, 0, 0, 0, 0, 0, 0, 0, 0, 0, 0, 0, 0, 0, 0, 0, 0, 0, 0, 0, 0, 0, 0, 0, 0, 0, 0, 0, 0, 0, 0, 0, 0, 0, 0, 0, 0, 0, 0, 0, 0, 0, 0, 0, 0, 0, 0, 0, 0, 0, 1], "bins": [0.0, 0.009483831003308296, 0.018967662006616592, 0.02845149300992489, 0.037935324013233185, 0.04741915315389633, 0.05690298601984978, 0.06638681888580322, 0.07587064802646637, 0.08535447716712952, 0.09483830630779266, 0.10432214289903641, 0.11380597203969955, 0.1232898011803627, 0.13277363777160645, 0.1422574669122696, 0.15174129605293274, 0.1612251251935959, 0.17070895433425903, 0.18019278347492218, 0.18967661261558533, 0.19916045665740967, 0.20864428579807281, 0.21812811493873596, 0.2276119440793991, 0.23709577322006226, 0.2465796023607254, 0.25606343150138855, 0.2655472755432129, 0.27503108978271484, 0.2845149338245392, 0.29399874806404114, 0.3034825921058655, 0.3129664361476898, 0.3224502503871918, 0.3319340944290161, 0.34141790866851807, 0.3509017527103424, 0.36038556694984436, 0.3698694109916687, 0.37935322523117065, 0.388837069272995, 0.39832091331481934, 0.4078047275543213, 0.41728857159614563, 0.4267723858356476, 0.4362562298774719, 0.4457400441169739, 0.4552238881587982, 0.46470773220062256, 0.4741915464401245, 0.48367539048194885, 0.4931592047214508, 0.5026430487632751, 0.5121268630027771, 0.521610677242279, 0.5310945510864258, 0.5405783653259277, 0.5500621795654297, 0.5595460534095764, 0.5690298676490784, 0.5785136818885803, 0.5879974961280823, 0.597481369972229, 0.606965184211731]}, "params/['params']['last']['kernel']": {"_type": "histogram", "values": [1, 0, 35, 3, 0, 1, 0, 0, 0, 0, 0, 0, 0, 0, 0, 0, 0, 0, 0, 0, 0, 0, 0, 0, 0, 0, 0, 1, 0, 0, 0, 0, 0, 0, 0, 0, 0, 0, 0, 0, 0, 0, 0, 0, 0, 0, 0, 0, 0, 0, 0, 0, 0, 0, 0, 0, 0, 0, 0, 0, 0, 0, 0, 1], "bins": [-0.00605646101757884, -0.003927773330360651, -0.0017990856431424618, 0.00032960204407572746, 0.0024582897312939167, 0.004586977418512106, 0.006715665105730295, 0.008844353258609772, 0.010973040014505386, 0.013101726770401001, 0.015230415388941765, 0.01735910400748253, 0.019487790763378143, 0.021616477519273758, 0.023745166137814522, 0.025873854756355286, 0.0280025415122509, 0.030131228268146515, 0.03225991502404213, 0.03438860550522804, 0.03651729226112366, 0.03864597901701927, 0.040774669498205185, 0.0429033562541008, 0.045032043009996414, 0.04716072976589203, 0.04928941652178764, 0.051418107002973557, 0.05354679375886917, 0.055675480514764786, 0.0578041709959507, 0.059932854026556015, 0.06206154450774193, 0.06419023871421814, 0.06631892174482346, 0.06844761222600937, 0.07057629525661469, 0.0727049857378006, 0.07483367621898651, 0.07696235924959183, 0.07909104973077774, 0.08121974021196365, 0.08334842324256897, 0.08547711372375488, 0.0876058042049408, 0.08973448723554611, 0.09186317771673203, 0.09399186074733734, 0.09612055122852325, 0.09824924170970917, 0.10037792474031448, 0.1025066152215004, 0.10463529825210571, 0.10676398873329163, 0.10889267921447754, 0.11102136224508286, 0.11315005272626877, 0.11527874320745468, 0.11740742623806, 0.11953611671924591, 0.12166480720043182, 0.12379349768161774, 0.12592217326164246, 0.12805086374282837, 0.13017955422401428]}, "params/['params']['layers_0']['linear_layer']['bias']": {"_type": "histogram", "values": [0, 0, 0, 0, 0, 0, 0, 0, 0, 0, 0, 0, 0, 0, 0, 0, 0, 0, 0, 0, 0, 0, 0, 0, 0, 0, 0, 0, 0, 0, 0, 0, 24, 0, 0, 0, 0, 0, 0, 0, 0, 0, 0, 0, 0, 0, 0, 0, 0, 0, 0, 0, 0, 0, 0, 0, 0, 0, 0, 0, 0, 0, 0, 0], "bins": [-0.5, -0.484375, -0.46875, -0.453125, -0.4375, -0.421875, -0.40625, -0.390625, -0.375, -0.359375, -0.34375, -0.328125, -0.3125, -0.296875, -0.28125, -0.265625, -0.25, -0.234375, -0.21875, -0.203125, -0.1875, -0.171875, -0.15625, -0.140625, -0.125, -0.109375, -0.09375, -0.078125, -0.0625, -0.046875, -0.03125, -0.015625, 0.0, 0.015625, 0.03125, 0.046875, 0.0625, 0.078125, 0.09375, 0.109375, 0.125, 0.140625, 0.15625, 0.171875, 0.1875, 0.203125, 0.21875, 0.234375, 0.25, 0.265625, 0.28125, 0.296875, 0.3125, 0.328125, 0.34375, 0.359375, 0.375, 0.390625, 0.40625, 0.421875, 0.4375, 0.453125, 0.46875, 0.484375, 0.5]}, "params/['params']['layers_0']['linear_layer']['kernel']": {"_type": "histogram", "values": [1, 0, 0, 0, 0, 0, 0, 0, 0, 0, 0, 0, 1, 0, 0, 0, 0, 0, 0, 1, 0, 0, 0, 0, 0, 0, 0, 0, 0, 0, 0, 0, 0, 0, 0, 1, 1, 0, 0, 0, 0, 65, 0, 0, 0, 0, 0, 0, 0, 0, 0, 0, 0, 0, 0, 1, 0, 0, 0, 0, 0, 0, 0, 1], "bins": [-1.3638176918029785, -1.3309870958328247, -1.298156499862671, -1.265325903892517, -1.2324953079223633, -1.1996647119522095, -1.1668341159820557, -1.1340035200119019, -1.101172924041748, -1.0683423280715942, -1.0355117321014404, -1.0026811361312866, -0.969850480556488, -0.9370198845863342, -0.9041892886161804, -0.8713586926460266, -0.8385280966758728, -0.805697500705719, -0.7728669047355652, -0.7400363087654114, -0.7072057127952576, -0.6743751168251038, -0.64154452085495, -0.6087139248847961, -0.5758832693099976, -0.5430526733398438, -0.5102220773696899, -0.47739148139953613, -0.4445608854293823, -0.4117302894592285, -0.3788996934890747, -0.3460690975189209, -0.3132385015487671, -0.2804079055786133, -0.24757730960845947, -0.21474671363830566, -0.18191611766815186, -0.14908552169799805, -0.11625492572784424, -0.08342432975769043, -0.05059373378753662, -0.017763137817382812, 0.015067458152770996, 0.047898054122924805, 0.08072865009307861, 0.11355924606323242, 0.14638984203338623, 0.17922043800354004, 0.2120511531829834, 0.2448817491531372, 0.277712345123291, 0.3105429410934448, 0.34337353706359863, 0.37620413303375244, 0.40903472900390625, 0.44186532497406006, 0.47469592094421387, 0.5075265169143677, 0.5403571128845215, 0.5731877088546753, 0.6060183048248291, 0.6388487815856934, 0.6716794967651367, 0.704509973526001, 0.7373406887054443]}, "params/['params']['layers_1']['linear_layer']['bias']": {"_type": "histogram", "values": [0, 0, 0, 0, 0, 0, 0, 0, 0, 0, 0, 0, 0, 0, 0, 0, 0, 0, 0, 0, 0, 0, 0, 0, 0, 0, 0, 0, 0, 0, 0, 0, 24, 0, 0, 0, 0, 0, 0, 0, 0, 0, 0, 0, 0, 0, 0, 0, 0, 0, 0, 0, 0, 0, 0, 0, 0, 0, 0, 0, 0, 0, 0, 0], "bins": [-0.5, -0.484375, -0.46875, -0.453125, -0.4375, -0.421875, -0.40625, -0.390625, -0.375, -0.359375, -0.34375, -0.328125, -0.3125, -0.296875, -0.28125, -0.265625, -0.25, -0.234375, -0.21875, -0.203125, -0.1875, -0.171875, -0.15625, -0.140625, -0.125, -0.109375, -0.09375, -0.078125, -0.0625, -0.046875, -0.03125, -0.015625, 0.0, 0.015625, 0.03125, 0.046875, 0.0625, 0.078125, 0.09375, 0.109375, 0.125, 0.140625, 0.15625, 0.171875, 0.1875, 0.203125, 0.21875, 0.234375, 0.25, 0.265625, 0.28125, 0.296875, 0.3125, 0.328125, 0.34375, 0.359375, 0.375, 0.390625, 0.40625, 0.421875, 0.4375, 0.453125, 0.46875, 0.484375, 0.5]}, "params/['params']['layers_1']['linear_layer']['kernel']": {"_type": "histogram", "values": [1, 0, 0, 0, 0, 2, 1, 0, 0, 0, 1, 0, 0, 0, 0, 0, 2, 2, 0, 0, 0, 1, 1, 0, 0, 1, 1, 0, 0, 0, 0, 0, 1, 0, 479, 0, 0, 0, 0, 1, 0, 0, 1, 2, 0, 1, 0, 0, 0, 0, 0, 1, 0, 0, 1, 0, 0, 0, 0, 0, 0, 2, 1, 1],