{"loss": 0.004192139953374863, "_timestamp": 1739554200.970825, "_runtime": 196.8414180278778, "_step": 405, "validation_loss": 0.0042363363318145275, "params/['params']['last']['bias']": {"_type": "histogram", "values": [1, 0, 0, 0, 0, 0, 0, 0, 0, 0, 0, 0, 0, 0, 0, 0, 0, 0, 0, 0, 0, 0, 0, 0, 0, 0, 0, 0, 0, 0, 0, 0, 0, 0, 0, 0, 0, 0, 0, 0, 0, 0, 0, 0, 0, 0, 0, 0, 0, 0, 0, 0, 0, 0, 0, 0, 0, 0, 0, 0, 0, 0, 0, 1], "bins": [0.0, 0.008315024897456169, 0.016630049794912338, 0.024945074692368507, 0.033260099589824677, 0.041575126349925995, 0.049890149384737015, 0.058205172419548035, 0.06652019917964935, 0.07483522593975067, 0.08315025269985199, 0.09146527200937271, 0.09978029876947403, 0.10809532552957535, 0.11641034483909607, 0.12472537159919739, 0.1330403983592987, 0.14135542511940002, 0.14967045187950134, 0.15798547863960266, 0.16630050539970398, 0.1746155172586441, 0.18293054401874542, 0.19124557077884674, 0.19956059753894806, 0.20787562429904938, 0.2161906510591507, 0.22450567781925201, 0.23282068967819214, 0.24113571643829346, 0.24945074319839478, 0.2577657699584961, 0.2660807967185974, 0.27439582347869873, 0.28271085023880005, 0.29102587699890137, 0.2993409037590027, 0.307655930519104, 0.3159709572792053, 0.32428598403930664, 0.33260101079940796, 0.3409160077571869, 0.3492310345172882, 0.3575460612773895, 0.36586108803749084, 0.37417611479759216, 0.3824911415576935, 0.3908061683177948, 0.3991211950778961, 0.40743622183799744, 0.41575124859809875, 0.4240662753582001, 0.4323813021183014, 0.4406963288784027, 0.44901135563850403, 0.45732638239860535, 0.4656413793563843, 0.4739564061164856, 0.4822714328765869, 0.49058645963668823, 0.49890148639678955, 0.5072165131568909, 0.5155315399169922, 0.5238465666770935, 0.5321615934371948]}, "params/['params']['last']['kernel']": {"_type": "histogram", "values": [40, 0, 0, 0, 0, 0, 0, 0, 0, 0, 0, 0, 0, 0, 0, 0, 0, 0, 0, 0, 0, 0, 0, 0, 0, 0, 0, 0, 0, 0, 0, 0, 0, 0, 0, 0, 0, 0, 0, 0, 0, 0, 0, 0, 0, 0, 0, 0, 0, 1, 0, 0, 0, 0, 0, 0, 0, 0, 0, 0, 0, 0, 0, 1], "bins": [0.0, 0.0052490378729999065, 0.010498075745999813, 0.015747113153338432, 0.020996151491999626, 0.02624518983066082, 0.031494226306676865, 0.03674326464533806, 0.04199230298399925, 0.047241341322660446, 0.05249037966132164, 0.057739417999982834, 0.06298845261335373, 0.06823749095201492, 0.07348652929067612, 0.07873556762933731, 0.0839846059679985, 0.0892336443066597, 0.09448268264532089, 0.09973172098398209, 0.10498075932264328, 0.11022979766130447, 0.11547883599996567, 0.12072787433862686, 0.12597690522670746, 0.13122594356536865, 0.13647498190402985, 0.14172402024269104, 0.14697305858135223, 0.15222209692001343, 0.15747113525867462, 0.16272017359733582, 0.167969211935997, 0.1732182502746582, 0.1784672886133194, 0.1837163269519806, 0.18896536529064178, 0.19421440362930298, 0.19946344196796417, 0.20471248030662537, 0.20996151864528656, 0.21521055698394775, 0.22045959532260895, 0.22570863366127014, 0.23095767199993134, 0.23620671033859253, 0.24145574867725372, 0.24670478701591492, 0.2519538104534149, 0.2572028636932373, 0.2624518871307373, 0.2677009403705597, 0.2729499638080597, 0.2781990170478821, 0.2834480404853821, 0.28869709372520447, 0.29394611716270447, 0.29919517040252686, 0.30444419384002686, 0.30969324707984924, 0.31494227051734924, 0.32019132375717163, 0.32544034719467163, 0.330689400434494, 0.335938423871994]}, "params/['params']['layers_0']['linear_layer']['bias']": {"_type": "histogram", "values": [0, 0, 0, 0, 0, 0, 0, 0, 0, 0, 0, 0, 0, 0, 0, 0, 0, 0, 0, 0, 0, 0, 0, 0, 0, 0, 0, 0, 0, 0, 0, 0, 24, 0, 0, 0, 0, 0, 0, 0, 0, 0, 0, 0, 0, 0, 0, 0, 0, 0, 0, 0, 0, 0, 0, 0, 0, 0, 0, 0, 0, 0, 0, 0], "bins": [-0.5, -0.484375, -0.46875, -0.453125, -0.4375, -0.421875, -0.40625, -0.390625, -0.375, -0.359375, -0.34375, -0.328125, -0.3125, -0.296875, -0.28125, -0.265625, -0.25, -0.234375, -0.21875, -0.203125, -0.1875, -0.171875, -0.15625, -0.140625, -0.125, -0.109375, -0.09375, -0.078125, -0.0625, -0.046875, -0.03125, -0.015625, 0.0, 0.015625, 0.03125, 0.046875, 0.0625, 0.078125, 0.09375, 0.109375, 0.125, 0.140625, 0.15625, 0.171875, 0.1875, 0.203125, 0.21875, 0.234375, 0.25, 0.265625, 0.28125, 0.296875, 0.3125, 0.328125, 0.34375, 0.359375, 0.375, 0.390625, 0.40625, 0.421875, 0.4375, 0.453125, 0.46875, 0.484375, 0.5]}, "params/['params']['layers_0']['linear_layer']['kernel']": {"_type": "histogram", "values": [1, 0, 0, 0, 0, 0, 0, 0, 1, 0, 0, 0, 0, 1, 0, 0, 0, 0, 0, 0, 0, 0, 0, 0, 0, 0, 1, 0, 0, 0, 0, 0, 0, 0, 0, 0, 0, 0, 0, 0, 0, 0, 0, 0, 0, 0, 0, 0, 0, 0, 0, 0, 89, 2, 0, 0, 0, 0, 0, 0, 0, 0, 0, 1], "bins": [-1.2628592252731323, -1.238914132118225, -1.2149690389633179, -1.191023826599121, -1.1670787334442139, -1.1431336402893066, -1.1191885471343994, -1.0952434539794922, -1.0712982416152954, -1.0473531484603882, -1.023408055305481, -0.999462902545929, -0.9755178093910217, -0.9515726566314697, -0.9276275634765625, -0.9036824703216553, -0.8797373175621033, -0.8557921648025513, -0.831847071647644, -0.8079019784927368, -0.7839568257331848, -0.7600117325782776, -0.7360665798187256, -0.7121214866638184, -0.6881763935089111, -0.6642312407493591, -0.6402861475944519, -0.6163409948348999, -0.5923959016799927, -0.5684507489204407, -0.5445056557655334, -0.5205605030059814, -0.4966154098510742, -0.472670316696167, -0.448725163936615, -0.42478007078170776, -0.40083491802215576, -0.37688982486724854, -0.35294467210769653, -0.3289995789527893, -0.3050544261932373, -0.2811093330383301, -0.25716423988342285, -0.23321914672851562, -0.20927393436431885, -0.18532884120941162, -0.1613837480545044, -0.13743865489959717, -0.11349356174468994, -0.08954834938049316, -0.06560325622558594, -0.04165816307067871, -0.017713069915771484, 0.006232142448425293, 0.03017723560333252, 0.054122328758239746, 0.07806742191314697, 0.1020125150680542, 0.12595772743225098, 0.1499028205871582, 0.17384791374206543, 0.19779300689697266, 0.22173821926116943, 0.24568331241607666, 0.2696283757686615]}, "params/['params']['layers_1']['linear_layer']['bias']": {"_type": "histogram", "values": [0, 0, 0, 0, 0, 0, 0, 0, 0, 0, 0, 0, 0, 0, 0, 0, 0, 0, 0, 0, 0, 0, 0, 0, 0, 0, 0, 0, 0, 0, 0, 0, 24, 0, 0, 0, 0, 0, 0, 0, 0, 0, 0, 0, 0, 0, 0, 0, 0, 0, 0, 0, 0, 0, 0, 0, 0, 0, 0, 0, 0, 0, 0, 0], "bins": [-0.5, -0.484375, -0.46875, -0.453125, -0.4375, -0.421875, -0.40625, -0.390625, -0.375, -0.359375, -0.34375, -0.328125, -0.3125, -0.296875, -0.28125, -0.265625, -0.25, -0.234375, -0.21875, -0.203125, -0.1875, -0.171875, -0.15625, -0.140625, -0.125, -0.109375, -0.09375, -0.078125, -0.0625, -0.046875, -0.03125, -0.015625, 0.0, 0.015625, 0.03125, 0.046875, 0.0625, 0.078125, 0.09375, 0.109375, 0.125, 0.140625, 0.15625, 0.171875, 0.1875, 0.203125, 0.21875, 0.234375, 0.25, 0.265625, 0.28125, 0.296875, 0.3125, 0.328125, 0.34375, 0.359375, 0.375, 0.390625, 0.40625, 0.421875, 0.4375, 0.453125, 0.46875, 0.484375, 0.5]}, "params/['params']['layers_1']['linear_layer']['kernel']": {"_type": "histogram", "values": [1, 0, 0, 0, 0, 0, 0, 0, 0, 0, 0, 0, 0, 0, 0, 0, 0, 0, 0, 0, 1, 1, 0, 1, 0, 0, 0, 0, 0, 0, 0, 0, 0, 489, 0, 0, 1, 1, 1, 1, 0, 0, 0, 0, 0, 0, 0, 0, 1, 0, 0, 0, 1, 0, 0, 0, 1, 0, 1, 1, 0, 0, 0, 2],