{"layer_3/values_histogram":{"_type":"histogram","values":[2,0,1,0,0,0,0,0,0,0,0,0,0,1,0,1,0,0,0,0,0,0,0,0,0,0,0,0,0,0,0,0,0,0,0,0,0,0,0,0,0,0,0,0,0,0,0,0,0,0,0,0,0,0,0,0,0,0,0,0,0,1,0,1],"bins":[-0.4214074909687042,-0.3875674903392792,-0.3537275195121765,-0.31988751888275146,-0.2860475182533264,-0.25220751762390137,-0.2183675318956375,-0.18452754616737366,-0.1506875455379486,-0.11684754490852356,-0.08300754427909851,-0.04916757345199585,-0.0153275728225708,0.018512427806854248,0.05235239863395691,0.08619239926338196,0.120032399892807,0.15387240052223206,0.1877124011516571,0.22155240178108215,0.2553924024105072,0.2892323434352875,0.3230723440647125,0.3569123446941376,0.3907523453235626,0.42459234595298767,0.4584323465824127,0.49227234721183777,0.5261123180389404,0.5599522590637207,0.5937923192977905,0.6276323795318604,0.6614723205566406,0.6953122615814209,0.7291523218154907,0.762992262840271,0.7968323230743408,0.8306722640991211,0.8645123243331909,0.8983522653579712,0.932192325592041,0.9660322666168213,0.9998722076416016,1.0337122678756714,1.0675522089004517,1.1013922691345215,1.1352322101593018,1.1690722703933716,1.2029122114181519,1.2367521524429321,1.270592212677002,1.3044321537017822,1.338272213935852,1.3721121549606323,1.4059522151947021,1.4397921562194824,1.4736320972442627,1.5074721574783325,1.5413120985031128,1.5751521587371826,1.608992099761963,1.6428320407867432,1.6766722202301025,1.7105121612548828,1.744352102279663]},"layer_0/num_zeros":1,"layer_1/values_histogram":{"values":[1,0,0,0,0,0,0,0,0,2,0,0,0,0,0,0,0,0,0,0,0,0,0,0,0,0,0,0,0,0,0,0,0,0,0,0,0,0,0,0,0,0,0,0,0,0,0,0,0,0,0,0,0,0,0,0,0,0,0,0,1,0,0,2],"bins":[-0.23378978669643402,-0.2306627631187439,-0.22753572463989258,-0.22440870106220245,-0.22128167748451233,-0.218154639005661,-0.2150276154279709,-0.21190059185028076,-0.20877355337142944,-0.20564652979373932,-0.2025195062160492,-0.19939246773719788,-0.19626544415950775,-0.19313842058181763,-0.1900113821029663,-0.18688435852527618,-0.18375733494758606,-0.18063031136989594,-0.1775032877922058,-0.1743762493133545,-0.17124922573566437,-0.16812220215797424,-0.16499516367912292,-0.1618681401014328,-0.15874111652374268,-0.15561407804489136,-0.15248705446720123,-0.1493600308895111,-0.1462329924106598,-0.14310596883296967,-0.13997894525527954,-0.13685190677642822,-0.1337248831987381,-0.13059785962104797,-0.12747082114219666,-0.12434379756450653,-0.1212167739868164,-0.11808974295854568,-0.11496271193027496,-0.11183568835258484,-0.10870866477489471,-0.1055816262960434,-0.10245460271835327,-0.09932757914066315,-0.09620054066181183,-0.0930735170841217,-0.08994649350643158,-0.08681945502758026,-0.08369243144989014,-0.08056540787220001,-0.0774383693933487,-0.07431134581565857,-0.07118432223796844,-0.06805728375911713,-0.064930260181427,-0.06180323660373688,-0.05867619812488556,-0.055549174547195435,-0.05242215096950531,-0.049295127391815186,-0.04616808891296387,-0.04304106533527374,-0.03991404175758362,-0.0367870032787323,-0.03365998715162277],"_type":"histogram"},"layer_5/num_zeros":248,"_wandb":{"runtime":151},"layer_5/values_histogram":{"values":[1,0,0,0,0,0,1,0,0,1,0,0,0,0,0,0,0,0,0,0,0,0,0,0,0,1,0,2,0,0,2,0,1,1,1,0,1,2,0,1,0,1,1,0,0,0,1,0,0,0,0,0,0,0,0,0,2,0,0,0,1,0,0,1],"bins":[-1.8806978464126587,-1.8208229541778564,-1.7609481811523438,-1.7010732889175415,-1.6411983966827393,-1.5813236236572266,-1.5214487314224243,-1.461573839187622,-1.4016990661621094,-1.3418242931365967,-1.2819494009017944,-1.2220745086669922,-1.1621997356414795,-1.1023248434066772,-1.042449951171875,-0.9825751185417175,-0.9227002859115601,-0.8628253936767578,-0.8029506206512451,-0.7430757284164429,-0.6832009553909302,-0.6233260631561279,-0.5634511709213257,-0.503576397895813,-0.44370150566101074,-0.3838266134262085,-0.3239518404006958,-0.26407694816589355,-0.2042020559310913,-0.1443272829055786,-0.08445239067077637,-0.024577617645263672,0.035297274589538574,0.09517216682434082,0.15504705905914307,0.21492183208465576,0.27479660511016846,0.33467161655426025,0.39454638957977295,0.45442116260528564,0.5142959356307983,0.5741709470748901,0.6340457201004028,0.6939204931259155,0.7537955045700073,0.81367027759552,0.8735450506210327,0.9334200620651245,0.9932948350906372,1.05316960811615,1.1130446195602417,1.1729193925857544,1.232794165611267,1.2926691770553589,1.3525439500808716,1.4124187231063843,1.472293734550476,1.5321685075759888,1.5920432806015015,1.6519180536270142,1.711793065071106,1.7716678380966187,1.8315426111221313,1.8914176225662231,1.9512922763824463],"_type":"histogram"},"layer_4/num_nonzero":0,"layer_0/values_histogram":{"bins":[0.019647061824798584,0.035272061824798584,0.050897061824798584,0.06652206182479858,0.08214706182479858,0.09777206182479858,0.11339706182479858,0.12902206182479858,0.14464706182479858,0.16027206182479858,0.17589706182479858,0.19152206182479858,0.20714706182479858,0.22277206182479858,0.23839706182479858,0.2540220618247986,0.2696470618247986,0.2852720618247986,0.3008970618247986,0.3165220618247986,0.3321470618247986,0.3477720618247986,0.3633970618247986,0.3790220618247986,0.3946470618247986,0.4102720618247986,0.4258970618247986,0.4415220618247986,0.4571470618247986,0.4727720618247986,0.4883970618247986,0.5040220618247986,0.5196470618247986,0.5352720618247986,0.5508970618247986,0.5665220618247986,0.5821470618247986,0.5977720618247986,0.6133970618247986,0.6290220618247986,0.6446470618247986,0.6602720618247986,0.6758970618247986,0.6915220618247986,0.7071470618247986,0.7227720618247986,0.7383970618247986,0.7540220618247986,0.7696470618247986,0.7852720618247986,0.8008970618247986,0.8165220618247986,0.8321470618247986,0.8477720618247986,0.8633970618247986,0.8790220618247986,0.8946470618247986,0.9102720618247986,0.9258970618247986,0.9415220618247986,0.9571470618247986,0.9727720618247986,0.9883970618247986,1.0040221214294434,1.0196471214294434],"_type":"histogram","values":[0,0,0,0,0,0,0,0,0,0,0,0,0,0,0,0,0,0,0,0,0,0,0,0,0,0,0,0,0,0,0,0,1,0,0,0,0,0,0,0,0,0,0,0,0,0,0,0,0,0,0,0,0,0,0,0,0,0,0,0,0,0,0,0]},"_step":404,"layer_0/num_nonzero":1,"_runtime":149.8697229,"validation_loss":1.4277294212661218e-05,"layer_4/num_zeros":18,"layer_2/num_zeros":18,"layer_3/num_nonzero":7,"loss":1.3911595488025341e-05,"_timestamp":1.7405946880503044e+09,"layer_5/num_nonzero":22,"layer_1/num_zeros":24,"layer_2/num_nonzero":0,"layer_1/num_nonzero":6,"layer_3/num_zeros":47}