{"loss": 4.90032014965891e-08, "_timestamp": 1739967959.0557559, "_runtime": 203.3322389125824, "_step": 2793, "params/['params']['last']['bias']": {"_type": "histogram", "values": [1, 0, 0, 0, 0, 0, 0, 0, 0, 0, 0, 0, 0, 0, 0, 0, 0, 0, 0, 0, 0, 0, 0, 0, 0, 0, 0, 0, 0, 0, 0, 0, 0, 0, 0, 0, 0, 0, 0, 0, 0, 0, 0, 0, 0, 0, 0, 0, 0, 0, 0, 0, 0, 0, 0, 0, 0, 0, 0, 0, 0, 0, 0, 1], "bins": [0.0, 0.010834394954144955, 0.02166878990828991, 0.03250318393111229, 0.04333757981657982, 0.05417197570204735, 0.06500636786222458, 0.07584076374769211, 0.08667515963315964, 0.09750955551862717, 0.1083439514040947, 0.11917834728956223, 0.13001273572444916, 0.1408471316099167, 0.15168152749538422, 0.16251592338085175, 0.17335031926631927, 0.1841847151517868, 0.19501911103725433, 0.20585350692272186, 0.2166879028081894, 0.22752229869365692, 0.23835669457912445, 0.24919109046459198, 0.2600254714488983, 0.27085986733436584, 0.2816942632198334, 0.2925286591053009, 0.30336305499076843, 0.31419745087623596, 0.3250318467617035, 0.335866242647171, 0.34670063853263855, 0.3575350344181061, 0.3683694303035736, 0.37920382618904114, 0.39003822207450867, 0.4008726179599762, 0.4117070138454437, 0.42254140973091125, 0.4333758056163788, 0.4442102015018463, 0.45504459738731384, 0.46587899327278137, 0.4767133891582489, 0.48754778504371643, 0.49838218092918396, 0.5092165470123291, 0.5200509428977966, 0.5308853387832642, 0.5417197346687317, 0.5525541305541992, 0.5633885264396667, 0.5742229223251343, 0.5850573182106018, 0.5958917140960693, 0.6067261099815369, 0.6175605058670044, 0.6283949017524719, 0.6392292976379395, 0.650063693523407, 0.6608980894088745, 0.671732485294342, 0.6825668811798096, 0.6934012770652771]}, "params/['params']['last']['kernel']": {"_type": "histogram", "values": [3, 0, 36, 1, 0, 0, 0, 0, 0, 0, 0, 0, 1, 0, 0, 0, 0, 0, 0, 0, 0, 0, 0, 0, 0, 0, 0, 0, 0, 0, 0, 0, 0, 0, 0, 0, 0, 0, 0, 0, 0, 0, 0, 0, 0, 0, 0, 0, 0, 0, 0, 0, 0, 0, 0, 0, 0, 0, 0, 0, 0, 0, 0, 1], "bins": [-0.011641791090369225, -0.0073331077583134174, -0.0030244244262576103, 0.0012842584401369095, 0.005592942237854004, 0.009901626035571098, 0.014210307970643044, 0.018518991768360138, 0.022827675566077232, 0.027136357501149178, 0.03144504129886627, 0.035753726959228516, 0.04006240516901016, 0.044371090829372406, 0.04867977648973465, 0.052988454699516296, 0.05729714035987854, 0.061605826020240784, 0.06591450423002243, 0.07022318989038467, 0.07453187555074692, 0.07884055376052856, 0.08314923942089081, 0.08745792508125305, 0.0917666032910347, 0.09607528895139694, 0.10038397461175919, 0.10469266027212143, 0.10900133848190308, 0.11331002414226532, 0.11761870235204697, 0.12192738801240921, 0.12623608112335205, 0.1305447667837143, 0.13485345244407654, 0.13916213810443878, 0.14347080886363983, 0.14777949452400208, 0.15208818018436432, 0.15639686584472656, 0.1607055515050888, 0.16501423716545105, 0.1693229079246521, 0.17363159358501434, 0.1779402792453766, 0.18224896490573883, 0.18655765056610107, 0.19086633622646332, 0.19517500698566437, 0.1994836926460266, 0.20379237830638885, 0.2081010639667511, 0.21240974962711334, 0.21671843528747559, 0.22102712094783783, 0.22533579170703888, 0.22964447736740112, 0.23395316302776337, 0.2382618486881256, 0.24257053434848785, 0.2468792051076889, 0.25118789076805115, 0.2554965615272522, 0.25980526208877563, 0.2641139328479767]}, "params/['params']['layers_0']['linear_layer']['bias']": {"_type": "histogram", "values": [0, 0, 0, 0, 0, 0, 0, 0, 0, 0, 0, 0, 0, 0, 0, 0, 0, 0, 0, 0, 0, 0, 0, 0, 0, 0, 0, 0, 0, 0, 0, 0, 24, 0, 0, 0, 0, 0, 0, 0, 0, 0, 0, 0, 0, 0, 0, 0, 0, 0, 0, 0, 0, 0, 0, 0, 0, 0, 0, 0, 0, 0, 0, 0], "bins": [-0.5, -0.484375, -0.46875, -0.453125, -0.4375, -0.421875, -0.40625, -0.390625, -0.375, -0.359375, -0.34375, -0.328125, -0.3125, -0.296875, -0.28125, -0.265625, -0.25, -0.234375, -0.21875, -0.203125, -0.1875, -0.171875, -0.15625, -0.140625, -0.125, -0.109375, -0.09375, -0.078125, -0.0625, -0.046875, -0.03125, -0.015625, 0.0, 0.015625, 0.03125, 0.046875, 0.0625, 0.078125, 0.09375, 0.109375, 0.125, 0.140625, 0.15625, 0.171875, 0.1875, 0.203125, 0.21875, 0.234375, 0.25, 0.265625, 0.28125, 0.296875, 0.3125, 0.328125, 0.34375, 0.359375, 0.375, 0.390625, 0.40625, 0.421875, 0.4375, 0.453125, 0.46875, 0.484375, 0.5]}, "params/['params']['layers_0']['linear_layer']['kernel']": {"_type": "histogram", "values": [1, 0, 0, 0, 0, 0, 0, 0, 0, 0, 0, 0, 0, 0, 0, 0, 0, 1, 0, 0, 0, 0, 0, 0, 0, 0, 0, 0, 0, 0, 0, 0, 0, 0, 0, 0, 0, 0, 0, 0, 0, 0, 0, 1, 0, 0, 1, 1, 0, 1, 59, 1, 0, 1, 1, 2, 1, 0, 0, 0, 0, 0, 0, 1], "bins": [-1.838011622428894, -1.801576852798462, -1.7651420831680298, -1.7287073135375977, -1.6922725439071655, -1.6558377742767334, -1.6194030046463013, -1.5829682350158691, -1.5465333461761475, -1.5100986957550049, -1.4736638069152832, -1.437229037284851, -1.400794267654419, -1.3643594980239868, -1.3279247283935547, -1.2914899587631226, -1.2550551891326904, -1.2186204195022583, -1.1821856498718262, -1.145750880241394, -1.109316110610962, -1.0728812217712402, -1.0364465713500977, -1.000011682510376, -0.9635769724845886, -0.9271422028541565, -0.8907074332237244, -0.8542726635932922, -0.8178378343582153, -0.7814030647277832, -0.7449682950973511, -0.708533525466919, -0.6720987558364868, -0.6356639862060547, -0.5992292165756226, -0.5627944469451904, -0.5263596773147583, -0.48992490768432617, -0.45349013805389404, -0.4170553684234619, -0.3806205987930298, -0.3441857099533081, -0.307750940322876, -0.27131617069244385, -0.23488140106201172, -0.1984466314315796, -0.16201186180114746, -0.12557709217071533, -0.0891423225402832, -0.052707552909851074, -0.016272783279418945, 0.020161986351013184, 0.05659675598144531, 0.09303152561187744, 0.12946629524230957, 0.1659010648727417, 0.20233595371246338, 0.23877060413360596, 0.27520549297332764, 0.3116401433944702, 0.3480750322341919, 0.3845096826553345, 0.42094457149505615, 0.45737922191619873, 0.49381422996520996]}, "params/['params']['layers_1']['linear_layer']['bias']": {"_type": "histogram", "values": [23, 0, 0, 0, 0, 0, 0, 0, 0, 0, 0, 0, 0, 0, 0, 0, 0, 0, 0, 0, 0, 0, 0, 0, 0, 0, 0, 0, 0, 0, 0, 0, 0, 0, 0, 0, 0, 0, 0, 0, 0, 0, 0, 0, 0, 0, 0, 0, 0, 0, 0, 0, 0, 0, 0, 0, 0, 0, 0, 0, 0, 0, 0, 1], "bins": [0.0, 1.923884883581195e-05, 3.84776976716239e-05, 5.7716548326425254e-05, 7.69553953432478e-05, 9.619424236007035e-05, 0.00011543309665285051, 0.00013467193639371544, 0.0001539107906864956, 0.00017314964497927576, 0.0001923884847201407, 0.00021162733901292086, 0.00023086619330570102, 0.0002501050475984812, 0.0002693438727874309, 0.00028858272708021104, 0.0003078215813729912, 0.00032706043566577137, 0.0003462992899585515, 0.00036553811514750123, 0.0003847769694402814, 0.00040401582373306155, 0.0004232546780258417, 0.0004424935323186219, 0.00046173238661140203, 0.00048097121180035174, 0.0005002100951969624, 0.0005194488912820816, 0.0005386877455748618, 0.0005579265998676419, 0.0005771654541604221, 0.0005964043084532022, 0.0006156431627459824, 0.0006348820170387626, 0.0006541208713315427, 0.0006733597256243229, 0.000692598579917103, 0.0007118374342098832, 0.0007310762302950025, 0.0007503150845877826, 0.0007695539388805628, 0.0007887927931733429, 0.0008080316474661231, 0.0008272705017589033, 0.0008465093560516834, 0.0008657482103444636, 0.0008849870646372437, 0.0009042259189300239, 0.0009234647732228041, 0.0009427035693079233, 0.0009619424236007035, 0.0009811812778934836, 0.0010004201903939247, 0.001019658986479044, 0.0010388977825641632, 0.0010581366950646043, 0.0010773754911497235, 0.0010966144036501646, 0.0011158531997352839, 0.001135092112235725, 0.0011543309083208442, 0.0011735698208212852, 0.0011928086169064045, 0.0012120475294068456, 0.0012312863254919648]}, "params/['params']['layers_1']['linear_layer']['kernel']": {"_type": "histogram", "values": [2, 0, 0, 0, 0, 1, 0, 0, 0, 2, 0, 1, 2, 0, 1, 0, 1, 1, 1, 1, 0, 1, 1, 2, 2, 1, 0, 3, 0, 469, 2, 0, 0, 0, 1, 0, 0, 0, 0, 1, 1, 1, 0, 1, 0, 1, 0, 0, 0, 1, 0, 0, 0, 0, 0, 0, 1, 0, 0, 1, 0, 0, 0, 1],