{"params/['params']['last']['bias']":{"_type":"histogram","values":[1,0,0,0,0,0,0,0,0,0,0,0,0,0,0,0,0,0,0,0,0,0,0,0,0,0,0,0,0,0,0,0,0,0,0,0,0,0,0,0,0,0,0,0,0,0,0,0,0,0,0,0,0,0,0,0,0,0,0,0,0,0,0,1],"bins":[0,0.007968303747475147,0.015936607494950294,0.023904912173748016,0.03187321498990059,0.03984151780605316,0.04780982434749603,0.055778127163648605,0.06374642997980118,0.07171473652124405,0.07968303561210632,0.0876513421535492,0.09561964869499207,0.10358794778585434,0.11155625432729721,0.11952455341815948,0.12749285995960236,0.13546116650104523,0.1434294730424881,0.15139776468276978,0.15936607122421265,0.16733437776565552,0.1753026843070984,0.18327099084854126,0.19123929738998413,0.1992075890302658,0.20717589557170868,0.21514420211315155,0.22311250865459442,0.2310808151960373,0.23904910683631897,0.24701741337776184,0.2549857199192047,0.2629540264606476,0.27092233300209045,0.2788906395435333,0.2868589460849762,0.29482725262641907,0.30279552936553955,0.3107638359069824,0.3187321424484253,0.32670044898986816,0.33466875553131104,0.3426370620727539,0.3506053686141968,0.35857367515563965,0.3665419816970825,0.3745102882385254,0.38247859477996826,0.39044687151908875,0.3984151780605316,0.4063834846019745,0.41435179114341736,0.42232009768486023,0.4302884042263031,0.43825671076774597,0.44622501730918884,0.4541933238506317,0.4621616303920746,0.47012990713119507,0.47809821367263794,0.4860665202140808,0.4940348267555237,0.5020031332969666,0.5099714398384094]},"params/['params']['layers_0']['linear_layer']['kernel']":{"bins":[-1.8354694843292236,-1.8012661933898926,-1.7670629024505615,-1.7328596115112305,-1.6986563205718994,-1.664453148841858,-1.6302498579025269,-1.5960465669631958,-1.5618432760238647,-1.5276399850845337,-1.4934366941452026,-1.4592335224151611,-1.42503023147583,-1.390826940536499,-1.356623649597168,-1.322420358657837,-1.2882170677185059,-1.2540137767791748,-1.2198104858398438,-1.1856071949005127,-1.1514039039611816,-1.1172006130218506,-1.082997441291809,-1.048794150352478,-1.014590859413147,-0.9803875684738159,-0.9461842775344849,-0.9119810461997986,-0.8777777552604675,-0.8435744643211365,-0.8093712329864502,-0.7751679420471191,-0.7409646511077881,-0.706761360168457,-0.672558069229126,-0.6383547782897949,-0.6041514873504639,-0.5699483156204224,-0.5357450246810913,-0.5015417337417603,-0.4673384428024292,-0.43313515186309814,-0.3989318609237671,-0.36472856998443604,-0.33052539825439453,-0.2963221073150635,-0.2621188163757324,-0.22791552543640137,-0.1937122344970703,-0.15950894355773926,-0.1253056526184082,-0.09110236167907715,-0.056899070739746094,-0.02269589900970459,0.011507391929626465,0.04571068286895752,0.07991397380828857,0.11411726474761963,0.14832055568695068,0.1825237274169922,0.21672701835632324,0.2509303092956543,0.28513360023498535,0.3193368911743164,0.3535400629043579],"_type":"histogram","values":[1,0,0,0,0,0,0,0,0,0,0,0,0,0,0,0,0,0,0,0,0,0,0,0,0,0,0,0,0,0,0,0,0,0,0,0,0,0,0,0,0,0,0,0,0,0,1,0,0,0,0,0,0,48,1,0,0,1,0,0,0,1,0,1]},"_step":405,"params/['params']['layers_1']['linear_layer']['bias']":{"_type":"histogram","values":[0,0,0,0,0,0,0,0,0,0,0,0,0,0,0,0,0,0,0,0,0,0,0,0,0,0,0,0,0,0,0,0,18,0,0,0,0,0,0,0,0,0,0,0,0,0,0,0,0,0,0,0,0,0,0,0,0,0,0,0,0,0,0,0],"bins":[-0.5,-0.484375,-0.46875,-0.453125,-0.4375,-0.421875,-0.40625,-0.390625,-0.375,-0.359375,-0.34375,-0.328125,-0.3125,-0.296875,-0.28125,-0.265625,-0.25,-0.234375,-0.21875,-0.203125,-0.1875,-0.171875,-0.15625,-0.140625,-0.125,-0.109375,-0.09375,-0.078125,-0.0625,-0.046875,-0.03125,-0.015625,0,0.015625,0.03125,0.046875,0.0625,0.078125,0.09375,0.109375,0.125,0.140625,0.15625,0.171875,0.1875,0.203125,0.21875,0.234375,0.25,0.265625,0.28125,0.296875,0.3125,0.328125,0.34375,0.359375,0.375,0.390625,0.40625,0.421875,0.4375,0.453125,0.46875,0.484375,0.5]},"_wandb":{"runtime":136},"loss":0.0003417443949729204,"params/['params']['last']['kernel']":{"_type":"histogram","values":[28,0,0,0,0,0,0,0,0,0,0,0,0,0,0,0,0,0,0,0,0,0,0,0,0,1,0,0,0,0,0,0,0,0,0,0,0,0,0,0,0,0,0,0,0,0,0,0,0,0,0,0,0,0,0,0,0,0,0,0,0,0,0,1],"bins":[-0.010922077111899853,0.001160961575806141,0.013244000263512135,0.025327038019895554,0.03741007670760155,0.04949311539530754,0.061576154083013535,0.07365919649600983,0.08574223518371582,0.09782527387142181,0.10990831255912781,0.1219913512468338,0.1340743899345398,0.1461574286222458,0.15824046730995178,0.17032350599765778,0.18240654468536377,0.19448958337306976,0.20657262206077576,0.21865566074848175,0.23073869943618774,0.24282175302505493,0.25490477681159973,0.26698780059814453,0.2790708541870117,0.2911539077758789,0.3032369315624237,0.3153199553489685,0.3274030089378357,0.3394860625267029,0.3515690863132477,0.3636521100997925,0.37573516368865967,0.38781821727752686,0.39990124106407166,0.41198426485061646,0.42406731843948364,0.43615037202835083,0.44823339581489563,0.46031641960144043,0.4723994731903076,0.4844825267791748,0.496565580368042,0.5086485743522644,0.5207316279411316,0.5328146815299988,0.5448976755142212,0.5569807291030884,0.5690637826919556,0.5811468362808228,0.5932298898696899,0.6053128838539124,0.6173959374427795,0.6294789910316467,0.6415619850158691,0.6536450386047363,0.6657280921936035,0.6778111457824707,0.6898941993713379,0.7019771933555603,0.7140602469444275,0.7261433005332947,0.7382262945175171,0.7503093481063843,0.7623924016952515]},"params/['params']['layers_0']['linear_layer']['bias']":{"bins":[0,0.005300292279571295,0.01060058455914259,0.015900876373052597,0.02120116911828518,0.02650146186351776,0.031801752746105194,0.037102047353982925,0.04240233823657036,0.04770262911915779,0.05300292372703552,0.058303214609622955,0.06360350549221039,0.06890379637479782,0.07420409470796585,0.07950438559055328,0.08480467647314072,0.09010496735572815,0.09540525823831558,0.10070555657148361,0.10600584745407104,0.11130613833665848,0.11660642921924591,0.12190672010183334,0.12720701098442078,0.1325073093175888,0.13780759274959564,0.14310789108276367,0.1484081894159317,0.15370847284793854,0.15900877118110657,0.1643090546131134,0.16960935294628143,0.17490965127944946,0.1802099347114563,0.18551023304462433,0.19081051647663116,0.1961108148097992,0.20141111314296722,0.20671139657497406,0.2120116949081421,0.21731197834014893,0.22261227667331696,0.22791257500648499,0.23321285843849182,0.23851315677165985,0.2438134402036667,0.24911373853683472,0.25441402196884155,0.2597143352031708,0.2650146186351776,0.27031490206718445,0.2756151854991913,0.2809154987335205,0.28621578216552734,0.2915160655975342,0.2968163788318634,0.30211666226387024,0.3074169456958771,0.3127172589302063,0.31801754236221313,0.32331782579421997,0.3286181092262268,0.33391842246055603,0.33921870589256287],"_type":"histogram","values":[17,0,0,0,0,0,0,0,0,0,0,0,0,0,0,0,0,0,0,0,0,0,0,0,0,0,0,0,0,0,0,0,0,0,0,0,0,0,0,0,0,0,0,0,0,0,0,0,0,0,0,0,0,0,0,0,0,0,0,0,0,0,0,1]},"validation_loss":0.00035094062332063913,"_timestamp":1.7395380238095772e+09,