{"loss": 0.0006851601647213101, "_timestamp": 1739548577.627297, "_runtime": 203.4380898475647, "_step": 405, "validation_loss": 0.0006695945048704743, "params/['params']['last']['bias']": {"_type": "histogram", "values": [1, 0, 0, 0, 0, 0, 0, 0, 0, 0, 0, 0, 0, 0, 0, 0, 0, 0, 0, 0, 0, 0, 0, 0, 0, 0, 0, 0, 0, 0, 0, 0, 0, 0, 0, 0, 0, 0, 0, 0, 0, 0, 0, 0, 0, 0, 0, 0, 0, 0, 0, 0, 0, 0, 0, 0, 0, 0, 0, 0, 0, 0, 0, 1], "bins": [0.0, 0.008240863680839539, 0.016481727361679077, 0.024722591042518616, 0.032963454723358154, 0.04120431840419769, 0.04944518208503723, 0.05768604576587677, 0.06592690944671631, 0.07416777312755585, 0.08240863680839539, 0.09064950048923492, 0.09889036417007446, 0.107131227850914, 0.11537209153175354, 0.12361295521259308, 0.13185381889343262, 0.14009468257427216, 0.1483355462551117, 0.15657640993595123, 0.16481727361679077, 0.1730581372976303, 0.18129900097846985, 0.1895398646593094, 0.19778072834014893, 0.20602159202098846, 0.214262455701828, 0.22250331938266754, 0.23074418306350708, 0.23898504674434662, 0.24722591042518616, 0.2554667592048645, 0.26370763778686523, 0.27194851636886597, 0.2801893651485443, 0.28843021392822266, 0.2966710925102234, 0.3049119710922241, 0.31315281987190247, 0.3213936686515808, 0.32963454723358154, 0.3378754258155823, 0.3461162745952606, 0.35435712337493896, 0.3625980019569397, 0.37083888053894043, 0.3790797293186188, 0.3873205780982971, 0.39556145668029785, 0.4038023352622986, 0.41204318404197693, 0.4202840328216553, 0.428524911403656, 0.43676578998565674, 0.4450066387653351, 0.4532474875450134, 0.46148836612701416, 0.4697292447090149, 0.47797009348869324, 0.4862109422683716, 0.4944518208503723, 0.502692699432373, 0.510933518409729, 0.5191743969917297, 0.5274152755737305]}, "params/['params']['last']['kernel']": {"_type": "histogram", "values": [1, 0, 0, 0, 0, 0, 0, 0, 0, 0, 0, 0, 0, 0, 0, 0, 0, 0, 0, 1, 0, 0, 0, 0, 0, 0, 0, 0, 0, 4, 29, 0, 0, 0, 0, 0, 0, 0, 0, 0, 0, 0, 0, 0, 0, 0, 0, 0, 0, 0, 0, 0, 0, 0, 0, 0, 0, 0, 0, 0, 0, 0, 0, 1], "bins": [-0.25326281785964966, -0.24495625495910645, -0.23664969205856323, -0.2283431440591812, -0.220036581158638, -0.2117300182580948, -0.20342347025871277, -0.19511690735816956, -0.18681034445762634, -0.17850378155708313, -0.17019721865653992, -0.1618906706571579, -0.15358410775661469, -0.14527754485607147, -0.13697099685668945, -0.12866443395614624, -0.12035787105560303, -0.11205130815505981, -0.1037447452545166, -0.09543819725513458, -0.08713163435459137, -0.07882507145404816, -0.07051852345466614, -0.062211960554122925, -0.05390539765357971, -0.0455988347530365, -0.037292271852493286, -0.028985723853111267, -0.020679160952568054, -0.012372598052024841, -0.004066050052642822, 0.004240512847900391, 0.012547075748443604, 0.020853638648986816, 0.02916020154953003, 0.03746676445007324, 0.045773327350616455, 0.05407986044883728, 0.06238642334938049, 0.0706929862499237, 0.07899954915046692, 0.08730611205101013, 0.09561267495155334, 0.10391923785209656, 0.11222577095031738, 0.1205323338508606, 0.1288388967514038, 0.13714545965194702, 0.14545202255249023, 0.15375858545303345, 0.16206514835357666, 0.17037171125411987, 0.17867827415466309, 0.1869848072528839, 0.19529137015342712, 0.20359793305397034, 0.21190449595451355, 0.22021105885505676, 0.22851762175559998, 0.2368241846561432, 0.245130717754364, 0.2534372806549072, 0.26174384355545044, 0.27005040645599365, 0.2783569395542145]}, "params/['params']['layers_0']['linear_layer']['bias']": {"_type": "histogram", "values": [0, 0, 0, 0, 0, 0, 0, 0, 0, 0, 0, 0, 0, 0, 0, 0, 0, 0, 0, 0, 0, 0, 0, 0, 0, 0, 0, 0, 0, 0, 0, 0, 22, 0, 0, 0, 0, 0, 0, 0, 0, 0, 0, 0, 0, 0, 0, 0, 0, 0, 0, 0, 0, 0, 0, 0, 0, 0, 0, 0, 0, 0, 0, 0], "bins": [-0.5, -0.484375, -0.46875, -0.453125, -0.4375, -0.421875, -0.40625, -0.390625, -0.375, -0.359375, -0.34375, -0.328125, -0.3125, -0.296875, -0.28125, -0.265625, -0.25, -0.234375, -0.21875, -0.203125, -0.1875, -0.171875, -0.15625, -0.140625, -0.125, -0.109375, -0.09375, -0.078125, -0.0625, -0.046875, -0.03125, -0.015625, 0.0, 0.015625, 0.03125, 0.046875, 0.0625, 0.078125, 0.09375, 0.109375, 0.125, 0.140625, 0.15625, 0.171875, 0.1875, 0.203125, 0.21875, 0.234375, 0.25, 0.265625, 0.28125, 0.296875, 0.3125, 0.328125, 0.34375, 0.359375, 0.375, 0.390625, 0.40625, 0.421875, 0.4375, 0.453125, 0.46875, 0.484375, 0.5]}, "params/['params']['layers_0']['linear_layer']['kernel']": {"_type": "histogram", "values": [1, 0, 0, 0, 0, 0, 0, 0, 0, 0, 1, 0, 0, 0, 0, 0, 0, 0, 0, 0, 0, 0, 0, 1, 0, 0, 0, 1, 0, 0, 0, 0, 36, 0, 0, 0, 0, 0, 0, 1, 0, 0, 0, 1, 0, 0, 0, 0, 0, 0, 0, 0, 0, 0, 1, 0, 0, 0, 0, 0, 0, 0, 0, 1], "bins": [-0.7963599562644958, -0.7718901634216309, -0.7474204301834106, -0.7229506373405457, -0.6984809041023254, -0.6740111112594604, -0.6495413780212402, -0.6250715851783752, -0.6006017923355103, -0.57613205909729, -0.5516623258590698, -0.5271925330162048, -0.5027227401733398, -0.47825297713279724, -0.45378321409225464, -0.42931345105171204, -0.40484368801116943, -0.38037392497062683, -0.35590416193008423, -0.3314343988895416, -0.306964635848999, -0.28249484300613403, -0.2580251097679138, -0.23355531692504883, -0.20908552408218384, -0.18461579084396362, -0.16014599800109863, -0.13567626476287842, -0.11120647192001343, -0.08673673868179321, -0.06226694583892822, -0.03779721260070801, -0.013327419757843018, 0.011142373085021973, 0.03561210632324219, 0.06008189916610718, 0.08455163240432739, 0.10902142524719238, 0.1334911584854126, 0.1579609513282776, 0.1824306845664978, 0.20690053701400757, 0.23137027025222778, 0.255840003490448, 0.2803097367286682, 0.304779589176178, 0.3292493224143982, 0.3537190556526184, 0.3781889081001282, 0.4026586413383484, 0.4271283745765686, 0.4515981078147888, 0.4760679602622986, 0.5005376935005188, 0.525007426738739, 0.5494771599769592, 0.573947012424469, 0.5984167456626892, 0.6228864789009094, 0.6473563313484192, 0.6718260645866394, 0.6962957978248596, 0.7207655310630798, 0.7452353835105896, 0.769705057144165]}, "params/['params']['layers_1']['linear_layer']['bias']": {"_type": "histogram", "values": [0, 0, 0, 0, 0, 0, 0, 0, 0, 0, 0, 0, 0, 0, 0, 0, 0, 0, 0, 0, 0, 0, 0, 0, 0, 0, 0, 0, 0, 0, 0, 0, 22, 0, 0, 0, 0, 0, 0, 0, 0, 0, 0, 0, 0, 0, 0, 0, 0, 0, 0, 0, 0, 0, 0, 0, 0, 0, 0, 0, 0, 0, 0, 0], "bins": [-0.5, -0.484375, -0.46875, -0.453125, -0.4375, -0.421875, -0.40625, -0.390625, -0.375, -0.359375, -0.34375, -0.328125, -0.3125, -0.296875, -0.28125, -0.265625, -0.25, -0.234375, -0.21875, -0.203125, -0.1875, -0.171875, -0.15625, -0.140625, -0.125, -0.109375, -0.09375, -0.078125, -0.0625, -0.046875, -0.03125, -0.015625, 0.0, 0.015625, 0.03125, 0.046875, 0.0625, 0.078125, 0.09375, 0.109375, 0.125, 0.140625, 0.15625, 0.171875, 0.1875, 0.203125, 0.21875, 0.234375, 0.25, 0.265625, 0.28125, 0.296875, 0.3125, 0.328125, 0.34375, 0.359375, 0.375, 0.390625, 0.40625, 0.421875, 0.4375, 0.453125, 0.46875, 0.484375, 0.5]}, "params/['params']['layers_1']['linear_layer']['kernel']": {"_type": "histogram", "values": [1, 1, 0, 0, 2, 0, 0, 0, 0, 0, 0, 0, 0, 0, 0, 1, 0, 0, 0, 0, 0, 0, 0, 0, 0, 0, 1, 1, 0, 1, 0, 377, 0, 0, 0, 0, 0, 2, 1, 3, 0, 0, 2, 0, 0, 0, 0, 0, 0, 0, 0, 0, 0, 0, 0, 0, 0, 0, 0, 0, 0, 1, 0, 2],