{"_step":99,"_wandb":{"runtime":35},"epoch":990000,"loss":7.692024155403487e-06,"_timestamp":1.737402566335822e+09,"_runtime":35.4564244}