{"loss": 0.0008582311565987766, "_timestamp": 1739553777.77152, "_runtime": 170.213369846344, "_step": 405, "validation_loss": 0.0008179710130207241, "params/['params']['last']['bias']": {"_type": "histogram", "values": [1, 0, 0, 0, 0, 0, 0, 0, 0, 0, 0, 0, 0, 0, 0, 0, 0, 0, 0, 0, 0, 0, 0, 0, 0, 0, 0, 0, 0, 0, 0, 0, 0, 0, 0, 0, 0, 0, 0, 0, 0, 0, 0, 0, 0, 0, 0, 0, 0, 0, 0, 0, 0, 0, 0, 0, 0, 0, 0, 0, 0, 0, 0, 1], "bins": [0.0, 0.008242486976087093, 0.016484973952174187, 0.024727459996938705, 0.03296994790434837, 0.04121243581175804, 0.04945491999387741, 0.05769740790128708, 0.06593989580869675, 0.07418238371610641, 0.08242487162351608, 0.09066735953092575, 0.09890983998775482, 0.10715232789516449, 0.11539481580257416, 0.12363730370998383, 0.1318797916173935, 0.14012227952480316, 0.14836476743221283, 0.1566072553396225, 0.16484974324703217, 0.17309223115444183, 0.1813347190618515, 0.18957720696926117, 0.19781967997550964, 0.2060621678829193, 0.21430465579032898, 0.22254714369773865, 0.23078963160514832, 0.23903211951255798, 0.24727460741996765, 0.2555170953273773, 0.263759583234787, 0.27200207114219666, 0.2802445590496063, 0.288487046957016, 0.29672953486442566, 0.3049720227718353, 0.313214510679245, 0.32145699858665466, 0.32969948649406433, 0.337941974401474, 0.34618446230888367, 0.35442695021629333, 0.362669438123703, 0.37091192603111267, 0.37915441393852234, 0.387396901845932, 0.3956393599510193, 0.40388184785842896, 0.4121243357658386, 0.4203668236732483, 0.42860931158065796, 0.4368517994880676, 0.4450942873954773, 0.45333677530288696, 0.46157926321029663, 0.4698217511177063, 0.47806423902511597, 0.48630672693252563, 0.4945492148399353, 0.502791702747345, 0.5110341906547546, 0.5192766785621643, 0.527519166469574]}, "params/['params']['last']['kernel']": {"_type": "histogram", "values": [1, 0, 0, 0, 0, 0, 0, 0, 0, 0, 0, 0, 0, 0, 0, 0, 0, 0, 0, 0, 0, 0, 0, 0, 0, 0, 28, 0, 0, 0, 0, 0, 0, 0, 0, 0, 0, 0, 0, 0, 0, 0, 0, 0, 0, 0, 0, 0, 0, 0, 0, 0, 0, 0, 0, 0, 0, 0, 0, 0, 0, 0, 0, 1], "bins": [-0.20058965682983398, -0.19289714097976685, -0.1852046251296997, -0.17751210927963257, -0.16981959342956543, -0.1621270775794983, -0.15443454682826996, -0.14674203097820282, -0.13904951512813568, -0.13135699927806854, -0.1236644834280014, -0.11597196012735367, -0.10827944427728653, -0.10058692842721939, -0.09289440512657166, -0.08520188927650452, -0.07750937342643738, -0.06981685757637024, -0.0621243417263031, -0.05443182587623596, -0.04673931002616882, -0.03904677927494049, -0.03135426342487335, -0.023661747574806213, -0.015969231724739075, -0.008276715874671936, -0.0005842000246047974, 0.007108315825462341, 0.014800846576690674, 0.022493362426757812, 0.03018587827682495, 0.03787839412689209, 0.04557090997695923, 0.05326342582702637, 0.060955941677093506, 0.06864845752716064, 0.07634097337722778, 0.08403348922729492, 0.09172600507736206, 0.0994185209274292, 0.10711103677749634, 0.11480358242988586, 0.122496098279953, 0.13018861413002014, 0.13788112998008728, 0.14557364583015442, 0.15326616168022156, 0.1609586775302887, 0.16865119338035583, 0.17634370923042297, 0.1840362250804901, 0.19172874093055725, 0.1994212567806244, 0.20711377263069153, 0.21480628848075867, 0.2224988043308258, 0.23019134998321533, 0.23788386583328247, 0.2455763816833496, 0.25326889753341675, 0.2609614133834839, 0.268653929233551, 0.27634644508361816, 0.2840389609336853, 0.29173147678375244]}, "params/['params']['layers_0']['linear_layer']['bias']": {"_type": "histogram", "values": [0, 0, 0, 0, 0, 0, 0, 0, 0, 0, 0, 0, 0, 0, 0, 0, 0, 0, 0, 0, 0, 0, 0, 0, 0, 0, 0, 0, 0, 0, 0, 0, 18, 0, 0, 0, 0, 0, 0, 0, 0, 0, 0, 0, 0, 0, 0, 0, 0, 0, 0, 0, 0, 0, 0, 0, 0, 0, 0, 0, 0, 0, 0, 0], "bins": [-0.5, -0.484375, -0.46875, -0.453125, -0.4375, -0.421875, -0.40625, -0.390625, -0.375, -0.359375, -0.34375, -0.328125, -0.3125, -0.296875, -0.28125, -0.265625, -0.25, -0.234375, -0.21875, -0.203125, -0.1875, -0.171875, -0.15625, -0.140625, -0.125, -0.109375, -0.09375, -0.078125, -0.0625, -0.046875, -0.03125, -0.015625, 0.0, 0.015625, 0.03125, 0.046875, 0.0625, 0.078125, 0.09375, 0.109375, 0.125, 0.140625, 0.15625, 0.171875, 0.1875, 0.203125, 0.21875, 0.234375, 0.25, 0.265625, 0.28125, 0.296875, 0.3125, 0.328125, 0.34375, 0.359375, 0.375, 0.390625, 0.40625, 0.421875, 0.4375, 0.453125, 0.46875, 0.484375, 0.5]}, "params/['params']['layers_0']['linear_layer']['kernel']": {"_type": "histogram", "values": [2, 0, 0, 1, 0, 0, 1, 0, 0, 0, 0, 0, 0, 0, 0, 0, 0, 0, 0, 0, 0, 0, 0, 0, 0, 66, 0, 0, 0, 0, 0, 0, 0, 0, 0, 0, 0, 0, 0, 0, 0, 0, 0, 1, 0, 0, 0, 0, 0, 0, 0, 0, 0, 0, 0, 0, 0, 0, 0, 0, 0, 0, 0, 1], "bins": [-0.8534700274467468, -0.819516658782959, -0.7855632901191711, -0.7516099214553833, -0.7176565527915955, -0.6837031841278076, -0.649749755859375, -0.6157964468002319, -0.5818430185317993, -0.5478897094726562, -0.5139362812042236, -0.4799829423427582, -0.44602954387664795, -0.4120761752128601, -0.37812280654907227, -0.3441694378852844, -0.3102160692214966, -0.27626270055770874, -0.2423093318939209, -0.20835596323013306, -0.17440259456634521, -0.14044922590255737, -0.10649585723876953, -0.07254248857498169, -0.03858906030654907, -0.0046356916427612305, 0.02931767702102661, 0.06327104568481445, 0.0972244143486023, 0.13117778301239014, 0.16513115167617798, 0.19908446073532104, 0.23303788900375366, 0.2669913172721863, 0.30094462633132935, 0.33489805459976196, 0.36885136365890503, 0.40280479192733765, 0.4367581009864807, 0.47071152925491333, 0.5046648383140564, 0.538618266582489, 0.5725715756416321, 0.6065250039100647, 0.6404783129692078, 0.6744317412376404, 0.7083850502967834, 0.7423384785652161, 0.7762919068336487, 0.8102452158927917, 0.8441986441612244, 0.8781519532203674, 0.9121053814888, 0.9460586905479431, 0.9800121188163757, 1.013965368270874, 1.0479187965393066, 1.0818722248077393, 1.1158256530761719, 1.1497788429260254, 1.183732271194458, 1.2176856994628906, 1.2516388893127441, 1.2855923175811768, 1.3195457458496094]}, "params/['params']['layers_1']['linear_layer']['bias']": {"_type": "histogram", "values": [0, 0, 0, 0, 0, 0, 0, 0, 0, 0, 0, 0, 0, 0, 0, 0, 0, 0, 0, 0, 0, 0, 0, 0, 0, 0, 0, 0, 0, 0, 0, 0, 18, 0, 0, 0, 0, 0, 0, 0, 0, 0, 0, 0, 0, 0, 0, 0, 0, 0, 0, 0, 0, 0, 0, 0, 0, 0, 0, 0, 0, 0, 0, 0], "bins": [-0.5, -0.484375, -0.46875, -0.453125, -0.4375, -0.421875, -0.40625, -0.390625, -0.375, -0.359375, -0.34375, -0.328125, -0.3125, -0.296875, -0.28125, -0.265625, -0.25, -0.234375, -0.21875, -0.203125, -0.1875, -0.171875, -0.15625, -0.140625, -0.125, -0.109375, -0.09375, -0.078125, -0.0625, -0.046875, -0.03125, -0.015625, 0.0, 0.015625, 0.03125, 0.046875, 0.0625, 0.078125, 0.09375, 0.109375, 0.125, 0.140625, 0.15625, 0.171875, 0.1875, 0.203125, 0.21875, 0.234375, 0.25, 0.265625, 0.28125, 0.296875, 0.3125, 0.328125, 0.34375, 0.359375, 0.375, 0.390625, 0.40625, 0.421875, 0.4375, 0.453125, 0.46875, 0.484375, 0.5]}, "params/['params']['layers_1']['linear_layer']['kernel']": {"_type": "histogram", "values": [1, 0, 0, 0, 0, 0, 0, 0, 1, 0, 0, 0, 0, 0, 1, 0, 0, 0, 1, 0, 0, 0, 0, 0, 0, 0, 0, 0, 0, 0, 0, 1, 0, 1, 0, 0, 1, 0, 0, 0, 0, 0, 0, 0, 0, 0, 1, 0, 258, 0, 0, 1, 1, 0, 0, 0, 0, 0, 0, 0, 1, 0, 0, 1],