{"loss": 0.0003074637788813561, "_timestamp": 1739989901.424776, "_runtime": 156.16971516609192, "_step": 2793, "params/['params']['last']['bias']": {"_type": "histogram", "values": [1, 0, 0, 0, 0, 0, 0, 0, 0, 0, 0, 0, 0, 0, 0, 0, 0, 0, 0, 0, 0, 0, 0, 0, 0, 0, 0, 0, 0, 0, 0, 0, 0, 0, 0, 0, 0, 0, 0, 0, 0, 0, 0, 0, 0, 0, 0, 0, 0, 0, 0, 0, 0, 0, 0, 0, 0, 0, 0, 0, 0, 0, 0, 1], "bins": [0.0, 0.0004853512509725988, 0.0009707025019451976, 0.0014560536947101355, 0.0019414050038903952, 0.002426756313070655, 0.002912107389420271, 0.0033974586986005306, 0.0038828100077807903, 0.00436816131696105, 0.00485351262614131, 0.0053388639353215694, 0.005824214778840542, 0.0063095660880208015, 0.006794917397201061, 0.007280268706381321, 0.007765620015561581, 0.00825097132474184, 0.0087363226339221, 0.00922167394310236, 0.00970702525228262, 0.01019237656146288, 0.010677727870643139, 0.011163079179823399, 0.011648429557681084, 0.012133780866861343, 0.012619132176041603, 0.013104483485221863, 0.013589834794402122, 0.014075186103582382, 0.014560537412762642, 0.015045888721942902, 0.015531240031123161, 0.01601659134030342, 0.01650194264948368, 0.01698729395866394, 0.0174726452678442, 0.01795799657702446, 0.01844334788620472, 0.01892869919538498, 0.01941405050456524, 0.0198994018137455, 0.02038475312292576, 0.020870104432106018, 0.021355455741286278, 0.021840807050466537, 0.022326158359646797, 0.022811509668827057, 0.023296859115362167, 0.023782210424542427, 0.024267561733722687, 0.024752913042902946, 0.025238264352083206, 0.025723615661263466, 0.026208966970443726, 0.026694318279623985, 0.027179669588804245, 0.027665020897984505, 0.028150372207164764, 0.028635723516345024, 0.029121074825525284, 0.029606426134705544, 0.030091777443885803, 0.030577128753066063, 0.031062480062246323]}, "params/['params']['last']['kernel']": {"_type": "histogram", "values": [1, 0, 0, 0, 0, 0, 0, 0, 0, 0, 0, 0, 0, 1, 0, 0, 0, 0, 0, 0, 0, 0, 0, 0, 0, 0, 0, 0, 0, 0, 0, 0, 0, 1, 0, 0, 0, 1, 0, 0, 0, 0, 22, 0, 1, 0, 0, 0, 1, 1, 0, 0, 0, 0, 0, 0, 0, 0, 0, 0, 0, 0, 0, 1], "bins": [-0.24335309863090515, -0.23766294121742249, -0.23197278380393982, -0.22628262639045715, -0.2205924689769745, -0.21490231156349182, -0.20921215415000916, -0.2035219967365265, -0.19783183932304382, -0.19214168190956116, -0.1864515244960785, -0.18076136708259583, -0.17507120966911316, -0.1693810522556305, -0.16369089484214783, -0.15800073742866516, -0.1523105800151825, -0.14662042260169983, -0.14093026518821716, -0.1352401077747345, -0.12954995036125183, -0.12385980039834976, -0.11816965043544769, -0.11247949302196503, -0.10678933560848236, -0.1010991781949997, -0.09540902078151703, -0.08971886336803436, -0.0840287059545517, -0.07833854854106903, -0.07264839112758636, -0.0669582337141037, -0.06126807630062103, -0.05557791888713837, -0.0498877614736557, -0.044197604060173035, -0.03850744664669037, -0.0328172892332077, -0.027127131819725037, -0.02143697440624237, -0.015746816992759705, -0.010056659579277039, -0.0043665021657943726, 0.0013236552476882935, 0.007013797760009766, 0.012703955173492432, 0.018394112586975098, 0.024084270000457764, 0.02977442741394043, 0.035464584827423096, 0.04115474224090576, 0.04684489965438843, 0.052535057067871094, 0.05822521448135376, 0.06391537189483643, 0.06960552930831909, 0.07529568672180176, 0.08098584413528442, 0.08667600154876709, 0.09236615896224976, 0.09805631637573242, 0.10374647378921509, 0.10943663120269775, 0.11512678861618042, 0.12081693857908249]}, "params/['params']['layers_0']['linear_layer']['bias']": {"_type": "histogram", "values": [0, 0, 0, 0, 0, 0, 0, 0, 0, 0, 0, 0, 0, 0, 0, 0, 0, 0, 0, 0, 0, 0, 0, 0, 0, 0, 0, 0, 0, 0, 0, 0, 18, 0, 0, 0, 0, 0, 0, 0, 0, 0, 0, 0, 0, 0, 0, 0, 0, 0, 0, 0, 0, 0, 0, 0, 0, 0, 0, 0, 0, 0, 0, 0], "bins": [-0.5, -0.484375, -0.46875, -0.453125, -0.4375, -0.421875, -0.40625, -0.390625, -0.375, -0.359375, -0.34375, -0.328125, -0.3125, -0.296875, -0.28125, -0.265625, -0.25, -0.234375, -0.21875, -0.203125, -0.1875, -0.171875, -0.15625, -0.140625, -0.125, -0.109375, -0.09375, -0.078125, -0.0625, -0.046875, -0.03125, -0.015625, 0.0, 0.015625, 0.03125, 0.046875, 0.0625, 0.078125, 0.09375, 0.109375, 0.125, 0.140625, 0.15625, 0.171875, 0.1875, 0.203125, 0.21875, 0.234375, 0.25, 0.265625, 0.28125, 0.296875, 0.3125, 0.328125, 0.34375, 0.359375, 0.375, 0.390625, 0.40625, 0.421875, 0.4375, 0.453125, 0.46875, 0.484375, 0.5]}, "params/['params']['layers_0']['linear_layer']['kernel']": {"_type": "histogram", "values": [1, 0, 0, 0, 0, 0, 0, 1, 0, 0, 0, 0, 0, 0, 0, 0, 0, 0, 0, 0, 0, 0, 0, 0, 0, 0, 0, 0, 0, 0, 0, 0, 1, 0, 0, 0, 0, 0, 0, 0, 0, 1, 0, 1, 1, 1, 0, 1, 0, 43, 0, 0, 0, 1, 0, 0, 1, 0, 0, 0, 0, 0, 0, 1], "bins": [-2.2172274589538574, -2.172166109085083, -2.1271047592163086, -2.082043409347534, -2.0369820594787598, -1.9919207096099854, -1.946859359741211, -1.9017980098724365, -1.856736660003662, -1.8116753101348877, -1.7666139602661133, -1.7215526103973389, -1.6764912605285645, -1.63142991065979, -1.5863685607910156, -1.5413072109222412, -1.4962458610534668, -1.4511845111846924, -1.406123161315918, -1.3610618114471436, -1.3160004615783691, -1.2709391117095947, -1.2258777618408203, -1.1808162927627563, -1.135754942893982, -1.0906935930252075, -1.045632243156433, -1.0005708932876587, -0.9555095434188843, -0.9104481935501099, -0.8653868436813354, -0.820325493812561, -0.7752641439437866, -0.7302027940750122, -0.6851414442062378, -0.6400800943374634, -0.595018744468689, -0.5499573945999146, -0.5048960447311401, -0.4598346948623657, -0.4147733449935913, -0.3697119951248169, -0.3246506452560425, -0.27958929538726807, -0.23452794551849365, -0.1894664764404297, -0.14440512657165527, -0.09934377670288086, -0.054282426834106445, -0.009221076965332031, 0.03584027290344238, 0.0809016227722168, 0.1259629726409912, 0.17102432250976562, 0.21608567237854004, 0.26114702224731445, 0.30620837211608887, 0.3512697219848633, 0.3963310718536377, 0.4413924217224121, 0.4864537715911865, 0.5315151214599609, 0.5765764713287354, 0.6216378211975098, 0.6666991710662842]}, "params/['params']['layers_1']['linear_layer']['bias']": {"_type": "histogram", "values": [0, 0, 0, 0, 0, 0, 0, 0, 0, 0, 0, 0, 0, 0, 0, 0, 0, 0, 0, 0, 0, 0, 0, 0, 0, 0, 0, 0, 0, 0, 0, 0, 18, 0, 0, 0, 0, 0, 0, 0, 0, 0, 0, 0, 0, 0, 0, 0, 0, 0, 0, 0, 0, 0, 0, 0, 0, 0, 0, 0, 0, 0, 0, 0], "bins": [-0.5, -0.484375, -0.46875, -0.453125, -0.4375, -0.421875, -0.40625, -0.390625, -0.375, -0.359375, -0.34375, -0.328125, -0.3125, -0.296875, -0.28125, -0.265625, -0.25, -0.234375, -0.21875, -0.203125, -0.1875, -0.171875, -0.15625, -0.140625, -0.125, -0.109375, -0.09375, -0.078125, -0.0625, -0.046875, -0.03125, -0.015625, 0.0, 0.015625, 0.03125, 0.046875, 0.0625, 0.078125, 0.09375, 0.109375, 0.125, 0.140625, 0.15625, 0.171875, 0.1875, 0.203125, 0.21875, 0.234375, 0.25, 0.265625, 0.28125, 0.296875, 0.3125, 0.328125, 0.34375, 0.359375, 0.375, 0.390625, 0.40625, 0.421875, 0.4375, 0.453125, 0.46875, 0.484375, 0.5]}, "params/['params']['layers_1']['linear_layer']['kernel']": {"_type": "histogram", "values": [1, 0, 0, 0, 0, 0, 0, 0, 1, 0, 0, 0, 0, 0, 0, 0, 0, 0, 0, 1, 0, 0, 0, 0, 0, 0, 0, 0, 0, 0, 0, 0, 0, 0, 0, 0, 1, 1, 0, 0, 0, 0, 2, 10, 250, 0, 1, 0, 0, 0, 0, 0, 0, 0, 0, 0, 0, 0, 0, 0, 0, 0, 0, 2],