{"_wandb":{"runtime":156},"params/['params']['last']['bias']":{"bins":[0,0.008240005001425743,0.016480010002851486,0.02472001500427723,0.03296002000570297,0.041200026869773865,0.04944003000855446,0.05768003314733505,0.06592004001140594,0.07416004687547684,0.08240005373954773,0.09064005315303802,0.09888006001710892,0.10712006688117981,0.1153600662946701,0.123600073158741,0.1318400800228119,0.14008007943630219,0.14832009375095367,0.15656009316444397,0.16480010747909546,0.17304010689258575,0.18128010630607605,0.18952012062072754,0.19776012003421783,0.20600011944770813,0.21424013376235962,0.22248013317584991,0.2307201325893402,0.2389601469039917,0.247200146317482,0.2554401457309723,0.2636801600456238,0.27192017436027527,0.28016015887260437,0.28840017318725586,0.29664018750190735,0.30488017201423645,0.31312018632888794,0.32136020064353943,0.3296002149581909,0.33784019947052,0.3460802137851715,0.354320228099823,0.3625602126121521,0.3708002269268036,0.3790402412414551,0.3872802257537842,0.39552024006843567,0.40376025438308716,0.41200023889541626,0.42024025321006775,0.42848026752471924,0.43672025203704834,0.44496026635169983,0.4532002806663513,0.4614402651786804,0.4696802794933319,0.4779202938079834,0.4861603081226349,0.494400292634964,0.5026403069496155,0.5108802914619446,0.5191203355789185,0.5273603200912476],"_type":"histogram","values":[1,0,0,0,0,0,0,0,0,0,0,0,0,0,0,0,0,0,0,0,0,0,0,0,0,0,0,0,0,0,0,0,0,0,0,0,0,0,0,0,0,0,0,0,0,0,0,0,0,0,0,0,0,0,0,0,0,0,0,0,0,0,0,1]},"loss":0.00030490392236970365,"params/['params']['last']['kernel']":{"values":[28,0,0,0,0,0,0,0,0,0,0,0,0,0,0,0,0,0,0,0,0,0,0,0,0,0,0,0,0,0,0,0,0,0,0,0,0,0,0,0,0,0,0,0,0,0,0,0,0,0,0,0,0,0,1,0,0,0,0,0,0,0,0,1],"bins":[0,0.004310788586735725,0.00862157717347145,0.012932365760207176,0.0172431543469429,0.021553942933678627,0.025864731520414352,0.030175520107150078,0.0344863086938858,0.03879709541797638,0.043107885867357254,0.04741867631673813,0.051729463040828705,0.05604024976491928,0.060351040214300156,0.06466183066368103,0.0689726173877716,0.07328340411186218,0.07759419083595276,0.08190498501062393,0.08621577173471451,0.09052655845880508,0.09483735263347626,0.09914813935756683,0.10345892608165741,0.10776971280574799,0.11208049952983856,0.11639129370450974,0.12070208042860031,0.12501287460327148,0.12932366132736206,0.13363444805145264,0.1379452347755432,0.1422560214996338,0.14656680822372437,0.15087759494781494,0.15518838167190552,0.1594991832971573,0.16380997002124786,0.16812075674533844,0.17243154346942902,0.1767423301935196,0.18105311691761017,0.18536390364170074,0.18967470526695251,0.1939854919910431,0.19829627871513367,0.20260706543922424,0.20691785216331482,0.2112286388874054,0.21553942561149597,0.21985021233558655,0.22416099905967712,0.2284718006849289,0.23278258740901947,0.23709337413311005,0.24140416085720062,0.2457149475812912,0.25002574920654297,0.25433653593063354,0.2586473226547241,0.2629581093788147,0.2672688961029053,0.27157968282699585,0.2758904695510864],"_type":"histogram"},"_step":394,"params/['params']['layers_0']['linear_layer']['bias']":{"bins":[-0.5,-0.484375,-0.46875,-0.453125,-0.4375,-0.421875,-0.40625,-0.390625,-0.375,-0.359375,-0.34375,-0.328125,-0.3125,-0.296875,-0.28125,-0.265625,-0.25,-0.234375,-0.21875,-0.203125,-0.1875,-0.171875,-0.15625,-0.140625,-0.125,-0.109375,-0.09375,-0.078125,-0.0625,-0.046875,-0.03125,-0.015625,0,0.015625,0.03125,0.046875,0.0625,0.078125,0.09375,0.109375,0.125,0.140625,0.15625,0.171875,0.1875,0.203125,0.21875,0.234375,0.25,0.265625,0.28125,0.296875,0.3125,0.328125,0.34375,0.359375,0.375,0.390625,0.40625,0.421875,0.4375,0.453125,0.46875,0.484375,0.5],"_type":"histogram","values":[0,0,0,0,0,0,0,0,0,0,0,0,0,0,0,0,0,0,0,0,0,0,0,0,0,0,0,0,0,0,0,0,18,0,0,0,0,0,0,0,0,0,0,0,0,0,0,0,0,0,0,0,0,0,0,0,0,0,0,0,0,0,0,0]},"params/['params']['layers_1']['linear_layer']['bias']":{"values":[0,0,0,0,0,0,0,0,0,0,0,0,0,0,0,0,0,0,0,0,0,0,0,0,0,0,0,0,0,0,0,0,18,0,0,0,0,0,0,0,0,0,0,0,0,0,0,0,0,0,0,0,0,0,0,0,0,0,0,0,0,0,0,0],"bins":[-0.5,-0.484375,-0.46875,-0.453125,-0.4375,-0.421875,-0.40625,-0.390625,-0.375,-0.359375,-0.34375,-0.328125,-0.3125,-0.296875,-0.28125,-0.265625,-0.25,-0.234375,-0.21875,-0.203125,-0.1875,-0.171875,-0.15625,-0.140625,-0.125,-0.109375,-0.09375,-0.078125,-0.0625,-0.046875,-0.03125,-0.015625,0,0.015625,0.03125,0.046875,0.0625,0.078125,0.09375,0.109375,0.125,0.140625,0.15625,0.171875,0.1875,0.203125,0.21875,0.234375,0.25,0.265625,0.28125,0.296875,0.3125,0.328125,0.34375,0.359375,0.375,0.390625,0.40625,0.421875,0.4375,0.453125,0.46875,0.484375,0.5],"_type":"histogram"},"params/['params']['layers_0']['linear_layer']['kernel']":{"_type":"histogram","values":[1,0,0,32,0,0,0,0,0,0,0,0,0,0,0,0,0,0,0,0,0,0,0,0,0,1,0,0,0,0,0,0,1,0,0,0,0,0,0,0,0,0,0,0,0,0,0,0,0,0,0,0,0,0,0,0,0,0,0,0,0,0,0,1],"bins":[-0.092988982796669,-0.06489454209804535,-0.03680010512471199,-0.008705668151378632,0.019388772547245026,0.047483205795288086,0.07557764649391174,0.1036720871925354,0.13176652789115906,0.15986095368862152,0.18795539438724518,0.21604983508586884,0.2441442757844925,0.27223873138427734,0.3003331422805786,0.32842761278152466,0.3565220236778259,0.384616494178772,0.41271090507507324,0.4408053755760193,0.46889978647232056,0.4969942569732666,0.5250886678695679,0.5531831383705139,0.5812775492668152,0.6093720197677612,0.6374664306640625,0.6655609011650085,0.6936553120613098,0.7217497825622559,0.7498441934585571,0.7779386639595032,0.8060330748558044,0.8341274857521057,0.8622219562530518,0.890316367149353,0.9184107780456543,0.9465053081512451,0.9745997190475464,1.0026941299438477,1.030788540840149,1.0588830709457397,1.086977481842041,1.1150718927383423,1.1431663036346436,1.1712608337402344,1.1993552446365356,1.227449655532837,1.2555440664291382,1.2836384773254395,1.3117330074310303,1.3398274183273315,1.3679218292236328,1.396016240119934,1.424110770225525,1.4522051811218262,1.4802995920181274,1.5083940029144287,1.5364885330200195,1.5645829439163208,1.592677354812622,1.6207717657089233,1.6488662958145142,1.6769607067108154,1.7050551176071167]},"params/['params']['layers_1']['linear_layer']['kernel']":{"bins":[-1.4936602115631104,-1.4415233135223389,-1.389386534690857,-1.3372496366500854,-1.285112738609314,-1.232975959777832,-1.1808390617370605,-1.128702163696289,-1.0765652656555176,-1.0244284868240356,-0.9722915887832642,-0.9201547503471375,-0.8680179119110107,-0.8158810138702393,-0.7637441754341125,-0.7116072773933411,-0.6594704389572144,-0.6073336005210876,-0.5551967024803162,-0.5030598640441895,-0.45092296600341797,-0.39878618717193604,-0.34664928913116455,-0.29451239109039307,-0.24237561225891113,-0.19023871421813965,-0.13810181617736816,-0.08596491813659668,-0.033828139305114746,0.01830875873565674,0.07044565677642822,0.12258243560791016,0.17471933364868164,0.22685623168945312,0.27899301052093506,0.33112990856170654,0.383266806602478,0.43540358543395996,0.48754048347473145,0.5396773815155029,0.5918142795562744,0.6439511775970459,0.6960878372192383,0.7482247352600098,0.8003616333007812,0.8524985313415527,0.9046354293823242,0.9567723274230957,1.008908987045288,1.0610458850860596,1.113182783126831,1.1653196811676025,1.217456579208374,1.2695934772491455,1.321730375289917,1.3738670349121094,1.4260039329528809,1.4781408309936523,1.5302777290344238,1.5824146270751953,1.6345515251159668,1.6866881847381592,1.7388250827789307,1.7909619808197021,1.843098759651184],"_type":"histogram","values":[1,0,0,0,0,0,0,0,1,0,0,0,0,0,0,0,0,1,1,0,0,0,0,1,0,0,0,1,256,0,0,0,1,0,0,0,1,0,0,1,0,0,0,0,0,0,0,0,0,0,0,2,1,0,0,0,0,0,1,0,0,0,0,1]},"_runtime":156.3673561,"_timestamp":1.7392815805097902e+09}