{"loss": 0.0001947262790054083, "_timestamp": 1739533779.774873, "_runtime": 158.94296598434448, "_step": 405, "validation_loss": 0.00019128891290165484, "params/['params']['last']['bias']": {"_type": "histogram", "values": [1, 0, 0, 0, 0, 0, 0, 0, 0, 0, 0, 0, 0, 0, 0, 0, 0, 0, 0, 0, 0, 0, 0, 0, 0, 0, 0, 0, 0, 0, 0, 0, 0, 0, 0, 0, 0, 0, 0, 0, 0, 0, 0, 0, 0, 0, 0, 0, 0, 0, 0, 0, 0, 0, 0, 0, 0, 0, 0, 0, 0, 0, 0, 1], "bins": [0.0, 0.0006560059264302254, 0.0013120118528604507, 0.001968017779290676, 0.0026240237057209015, 0.003280029632151127, 0.003936035558581352, 0.004592041485011578, 0.005248047411441803, 0.005904053337872028, 0.006560059264302254, 0.007216065190732479, 0.007872071117162704, 0.00852807704359293, 0.009184082970023155, 0.00984008889645338, 0.010496094822883606, 0.011152100749313831, 0.011808106675744057, 0.012464112602174282, 0.013120118528604507, 0.013776124455034733, 0.014432130381464958, 0.015088136307895184, 0.01574414223432541, 0.01640014722943306, 0.01705615408718586, 0.01771216094493866, 0.01836816594004631, 0.01902417093515396, 0.01968017779290676, 0.02033618465065956, 0.020992189645767212, 0.021648194640874863, 0.022304201498627663, 0.022960208356380463, 0.023616213351488113, 0.024272218346595764, 0.024928225204348564, 0.025584232062101364, 0.026240237057209015, 0.026896242052316666, 0.027552248910069466, 0.028208255767822266, 0.028864260762929916, 0.029520265758037567, 0.030176272615790367, 0.030832279473543167, 0.03148828446865082, 0.03214428946375847, 0.03280029445886612, 0.03345630317926407, 0.03411230817437172, 0.03476831316947937, 0.03542432188987732, 0.03608032688498497, 0.03673633188009262, 0.03739233687520027, 0.03804834187030792, 0.03870435059070587, 0.03936035558581352, 0.04001636058092117, 0.04067236930131912, 0.04132837429642677, 0.041984379291534424]}, "params/['params']['last']['kernel']": {"_type": "histogram", "values": [1, 0, 0, 0, 0, 0, 0, 0, 0, 0, 0, 0, 0, 0, 0, 0, 0, 0, 0, 0, 0, 0, 0, 0, 0, 0, 0, 0, 0, 0, 0, 28, 0, 0, 0, 0, 0, 0, 0, 0, 0, 0, 0, 0, 0, 0, 0, 0, 0, 0, 0, 0, 0, 0, 0, 0, 0, 0, 0, 0, 0, 0, 0, 1], "bins": [-0.02040688879787922, -0.019767802208662033, -0.019128717482089996, -0.01848963089287281, -0.017850544303655624, -0.017211459577083588, -0.0165723729878664, -0.015933286398649216, -0.015294201672077179, -0.014655116014182568, -0.014016030356287956, -0.01337694376707077, -0.012737858109176159, -0.012098772451281548, -0.011459685862064362, -0.01082060020416975, -0.010181514546275139, -0.009542428888380527, -0.008903343230485916, -0.00826425664126873, -0.007625170983374119, -0.0069860853254795074, -0.0063469987362623215, -0.00570791307836771, -0.005068827420473099, -0.004429740831255913, -0.003790656104683876, -0.00315156951546669, -0.002512482926249504, -0.0018733981996774673, -0.0012343116104602814, -0.0005952268838882446, 4.3859705328941345e-05, 0.0006829462945461273, 0.001322031021118164, 0.00196111761033535, 0.0026002023369073868, 0.0032392889261245728, 0.0038783755153417587, 0.0045174602419137955, 0.0051565468311309814, 0.005795633420348167, 0.006434718146920204, 0.00707380473613739, 0.007712891325354576, 0.008351976051926613, 0.008991062641143799, 0.009630147367715836, 0.010269233956933022, 0.010908318683505058, 0.011547407135367393, 0.01218649186193943, 0.012825576588511467, 0.013464665040373802, 0.014103749766945839, 0.014742834493517876, 0.015381922945380211, 0.016021007671952248, 0.016660092398524284, 0.01729917712509632, 0.017938265576958656, 0.018577350303530693, 0.01921643503010273, 0.019855523481965065, 0.020494608208537102]}, "params/['params']['layers_0']['linear_layer']['bias']": {"_type": "histogram", "values": [0, 0, 0, 0, 0, 0, 0, 0, 0, 0, 0, 0, 0, 0, 0, 0, 0, 0, 0, 0, 0, 0, 0, 0, 0, 0, 0, 0, 0, 0, 0, 0, 18, 0, 0, 0, 0, 0, 0, 0, 0, 0, 0, 0, 0, 0, 0, 0, 0, 0, 0, 0, 0, 0, 0, 0, 0, 0, 0, 0, 0, 0, 0, 0], "bins": [-0.5, -0.484375, -0.46875, -0.453125, -0.4375, -0.421875, -0.40625, -0.390625, -0.375, -0.359375, -0.34375, -0.328125, -0.3125, -0.296875, -0.28125, -0.265625, -0.25, -0.234375, -0.21875, -0.203125, -0.1875, -0.171875, -0.15625, -0.140625, -0.125, -0.109375, -0.09375, -0.078125, -0.0625, -0.046875, -0.03125, -0.015625, 0.0, 0.015625, 0.03125, 0.046875, 0.0625, 0.078125, 0.09375, 0.109375, 0.125, 0.140625, 0.15625, 0.171875, 0.1875, 0.203125, 0.21875, 0.234375, 0.25, 0.265625, 0.28125, 0.296875, 0.3125, 0.328125, 0.34375, 0.359375, 0.375, 0.390625, 0.40625, 0.421875, 0.4375, 0.453125, 0.46875, 0.484375, 0.5]}, "params/['params']['layers_0']['linear_layer']['kernel']": {"_type": "histogram", "values": [1, 0, 0, 0, 0, 0, 0, 0, 0, 0, 0, 0, 0, 0, 0, 0, 0, 0, 0, 0, 0, 0, 0, 0, 1, 0, 0, 0, 0, 0, 0, 0, 0, 0, 0, 0, 0, 0, 0, 0, 0, 0, 0, 0, 0, 0, 0, 0, 0, 0, 0, 0, 0, 0, 0, 0, 0, 0, 0, 0, 0, 0, 0, 34], "bins": [-0.9157251119613647, -0.9014168977737427, -0.8871086835861206, -0.8728004693984985, -0.8584923148155212, -0.8441841006278992, -0.8298758864402771, -0.815567672252655, -0.801259458065033, -0.7869513034820557, -0.7726430892944336, -0.7583348751068115, -0.7440266609191895, -0.7297184467315674, -0.7154102325439453, -0.7011020183563232, -0.6867938041687012, -0.6724856495857239, -0.6581774353981018, -0.6438692212104797, -0.6295610070228577, -0.6152528524398804, -0.6009446382522583, -0.5866364240646362, -0.5723282098770142, -0.5580199956893921, -0.54371178150177, -0.529403567314148, -0.5150953531265259, -0.5007871389389038, -0.4864789545536041, -0.47217077016830444, -0.4578625559806824, -0.4435543417930603, -0.4292461574077606, -0.41493791341781616, -0.40062975883483887, -0.3863215446472168, -0.3720133304595947, -0.35770511627197266, -0.3433969020843506, -0.3290886878967285, -0.3147805333137512, -0.30047231912612915, -0.2861641049385071, -0.271855890750885, -0.25754767656326294, -0.24323946237564087, -0.22893130779266357, -0.2146230936050415, -0.20031487941741943, -0.18600666522979736, -0.1716984510421753, -0.15739023685455322, -0.14308202266693115, -0.12877386808395386, -0.11446565389633179, -0.10015743970870972, -0.08584922552108765, -0.07154101133346558, -0.057232797145843506, -0.04292464256286621, -0.02861642837524414, -0.01430821418762207, 0.0]}, "params/['params']['layers_1']['linear_layer']['bias']": {"_type": "histogram", "values": [0, 0, 0, 0, 0, 0, 0, 0, 0, 0, 0, 0, 0, 0, 0, 0, 0, 0, 0, 0, 0, 0, 0, 0, 0, 0, 0, 0, 0, 0, 0, 0, 18, 0, 0, 0, 0, 0, 0, 0, 0, 0, 0, 0, 0, 0, 0, 0, 0, 0, 0, 0, 0, 0, 0, 0, 0, 0, 0, 0, 0, 0, 0, 0], "bins": [-0.5, -0.484375, -0.46875, -0.453125, -0.4375, -0.421875, -0.40625, -0.390625, -0.375, -0.359375, -0.34375, -0.328125, -0.3125, -0.296875, -0.28125, -0.265625, -0.25, -0.234375, -0.21875, -0.203125, -0.1875, -0.171875, -0.15625, -0.140625, -0.125, -0.109375, -0.09375, -0.078125, -0.0625, -0.046875, -0.03125, -0.015625, 0.0, 0.015625, 0.03125, 0.046875, 0.0625, 0.078125, 0.09375, 0.109375, 0.125, 0.140625, 0.15625, 0.171875, 0.1875, 0.203125, 0.21875, 0.234375, 0.25, 0.265625, 0.28125, 0.296875, 0.3125, 0.328125, 0.34375, 0.359375, 0.375, 0.390625, 0.40625, 0.421875, 0.4375, 0.453125, 0.46875, 0.484375, 0.5]}, "params/['params']['layers_1']['linear_layer']['kernel']": {"_type": "histogram", "values": [1, 0, 0, 0, 0, 0, 0, 0, 0, 0, 0, 0, 0, 2, 0, 0, 0, 0, 0, 0, 0, 0, 0, 0, 0, 0, 0, 0, 0, 0, 0, 0, 266, 0, 0, 0, 0, 0, 0, 0, 0, 0, 0, 0, 0, 0, 0, 0, 0, 0, 0, 0, 0, 0, 0, 0, 0, 0, 0, 0, 0, 0, 0, 1],