{"acc":0.7855461993995341,"loss":0.3001893037024164,"_timestamp":1.7374018669354222e+09,"_runtime":1.0289311,"_step":7,"_wandb":{"runtime":1}}