{"loss": 0.0005959898699074984, "_timestamp": 1739524741.5788336, "_runtime": 172.42047953605652, "_step": 404, "params/['params']['last']['bias']": {"_type": "histogram", "values": [1, 0, 0, 0, 0, 0, 0, 0, 0, 0, 0, 0, 0, 0, 0, 0, 0, 0, 0, 0, 0, 0, 0, 0, 0, 0, 0, 0, 0, 0, 0, 0, 0, 0, 0, 0, 0, 0, 0, 0, 0, 0, 0, 0, 0, 0, 0, 0, 0, 0, 0, 0, 0, 0, 0, 0, 0, 0, 0, 0, 0, 0, 0, 1], "bins": [0.0, 0.008228040300309658, 0.016456080600619316, 0.0246841199696064, 0.03291216120123863, 0.041140202432870865, 0.0493682399392128, 0.05759628117084503, 0.06582432240247726, 0.0740523636341095, 0.08228040486574173, 0.09050844609737396, 0.0987364798784256, 0.10696452111005783, 0.11519256234169006, 0.1234206035733223, 0.13164864480495453, 0.13987667858600616, 0.148104727268219, 0.15633276104927063, 0.16456080973148346, 0.1727888435125351, 0.18101689219474792, 0.18924492597579956, 0.1974729597568512, 0.20570100843906403, 0.21392904222011566, 0.2221570909023285, 0.23038512468338013, 0.23861317336559296, 0.2468412071466446, 0.2550692558288574, 0.26329728960990906, 0.2715253233909607, 0.27975335717201233, 0.28798142075538635, 0.296209454536438, 0.3044374883174896, 0.31266552209854126, 0.3208935856819153, 0.3291216194629669, 0.33734965324401855, 0.3455776870250702, 0.3538057208061218, 0.36203378438949585, 0.3702618181705475, 0.3784898519515991, 0.38671788573265076, 0.3949459195137024, 0.4031739830970764, 0.41140201687812805, 0.4196300506591797, 0.4278580844402313, 0.43608614802360535, 0.444314181804657, 0.4525422155857086, 0.46077024936676025, 0.4689982831478119, 0.4772263467311859, 0.48545438051223755, 0.4936824142932892, 0.5019104480743408, 0.5101385116577148, 0.5183665156364441, 0.5265945792198181]}, "params/['params']['last']['kernel']": {"_type": "histogram", "values": [1, 0, 0, 0, 0, 0, 0, 0, 0, 0, 0, 0, 0, 0, 0, 0, 0, 0, 0, 0, 1, 0, 0, 0, 0, 0, 0, 0, 0, 0, 4, 29, 0, 0, 0, 0, 0, 0, 0, 0, 0, 0, 0, 0, 0, 0, 0, 0, 0, 0, 0, 0, 0, 0, 0, 0, 0, 0, 0, 0, 0, 0, 0, 1], "bins": [-0.249370276927948, -0.24157127737998962, -0.23377226293087006, -0.22597326338291168, -0.21817424893379211, -0.21037524938583374, -0.20257624983787537, -0.194777250289917, -0.18697823584079742, -0.17917922139167786, -0.17138022184371948, -0.1635812222957611, -0.15578222274780273, -0.14798320829868317, -0.1401842087507248, -0.13238519430160522, -0.12458619475364685, -0.11678719520568848, -0.10898818075656891, -0.10118918120861053, -0.09339016675949097, -0.08559116721153259, -0.07779216766357422, -0.06999315321445465, -0.06219415366649628, -0.0543951541185379, -0.046596139669418335, -0.03879714012145996, -0.030998140573501587, -0.02319912612438202, -0.015400126576423645, -0.007601112127304077, 0.00019788742065429688, 0.007996886968612671, 0.015795886516571045, 0.023594915866851807, 0.03139391541481018, 0.039192914962768555, 0.04699191451072693, 0.0547909140586853, 0.06258994340896606, 0.07038894295692444, 0.07818794250488281, 0.08598694205284119, 0.09378594160079956, 0.10158494114875793, 0.1093839704990387, 0.11718297004699707, 0.12498196959495544, 0.13278096914291382, 0.1405799686908722, 0.14837899804115295, 0.15617799758911133, 0.1639769971370697, 0.17177599668502808, 0.17957499623298645, 0.18737399578094482, 0.19517302513122559, 0.20297202467918396, 0.21077102422714233, 0.2185700237751007, 0.22636902332305908, 0.23416805267333984, 0.24196705222129822, 0.24976606667041779]}, "params/['params']['layers_0']['linear_layer']['bias']": {"_type": "histogram", "values": [0, 0, 0, 0, 0, 0, 0, 0, 0, 0, 0, 0, 0, 0, 0, 0, 0, 0, 0, 0, 0, 0, 0, 0, 0, 0, 0, 0, 0, 0, 0, 0, 22, 0, 0, 0, 0, 0, 0, 0, 0, 0, 0, 0, 0, 0, 0, 0, 0, 0, 0, 0, 0, 0, 0, 0, 0, 0, 0, 0, 0, 0, 0, 0], "bins": [-0.5, -0.484375, -0.46875, -0.453125, -0.4375, -0.421875, -0.40625, -0.390625, -0.375, -0.359375, -0.34375, -0.328125, -0.3125, -0.296875, -0.28125, -0.265625, -0.25, -0.234375, -0.21875, -0.203125, -0.1875, -0.171875, -0.15625, -0.140625, -0.125, -0.109375, -0.09375, -0.078125, -0.0625, -0.046875, -0.03125, -0.015625, 0.0, 0.015625, 0.03125, 0.046875, 0.0625, 0.078125, 0.09375, 0.109375, 0.125, 0.140625, 0.15625, 0.171875, 0.1875, 0.203125, 0.21875, 0.234375, 0.25, 0.265625, 0.28125, 0.296875, 0.3125, 0.328125, 0.34375, 0.359375, 0.375, 0.390625, 0.40625, 0.421875, 0.4375, 0.453125, 0.46875, 0.484375, 0.5]}, "params/['params']['layers_0']['linear_layer']['kernel']": {"_type": "histogram", "values": [1, 0, 0, 0, 0, 0, 0, 0, 0, 0, 0, 0, 0, 0, 1, 0, 0, 0, 0, 0, 0, 0, 0, 1, 0, 1, 0, 0, 0, 0, 0, 37, 0, 0, 0, 0, 0, 0, 0, 0, 0, 0, 0, 0, 0, 0, 0, 0, 0, 0, 0, 0, 0, 1, 1, 0, 0, 0, 0, 0, 0, 0, 0, 1], "bins": [-0.7590137124061584, -0.7352585196495056, -0.7115033864974976, -0.6877481937408447, -0.6639930605888367, -0.6402378678321838, -0.6164827346801758, -0.592727541923523, -0.5689723491668701, -0.5452172160148621, -0.521462082862854, -0.49770689010620117, -0.47395169734954834, -0.4501965343952179, -0.42644137144088745, -0.402686208486557, -0.37893104553222656, -0.3551758825778961, -0.3314207196235657, -0.30766555666923523, -0.2839103937149048, -0.26015520095825195, -0.2364000678062439, -0.21264487504959106, -0.18888968229293823, -0.16513454914093018, -0.14137935638427734, -0.11762422323226929, -0.09386903047561646, -0.0701138973236084, -0.046358704566955566, -0.02260357141494751, 0.0011516213417053223, 0.024906814098358154, 0.04866194725036621, 0.07241714000701904, 0.0961722731590271, 0.11992746591567993, 0.143682599067688, 0.16743779182434082, 0.19119292497634888, 0.2149481177330017, 0.23870331048965454, 0.2624585032463074, 0.28621357679367065, 0.3099687695503235, 0.3337239623069763, 0.35747915506362915, 0.381234347820282, 0.40498942136764526, 0.4287446141242981, 0.4524998068809509, 0.47625499963760376, 0.500010073184967, 0.5237652659416199, 0.5475204586982727, 0.5712756514549255, 0.5950308442115784, 0.6187859177589417, 0.6425411105155945, 0.6662963032722473, 0.6900514960289001, 0.7138065695762634, 0.7375617623329163, 0.7613170146942139]}, "params/['params']['layers_1']['linear_layer']['bias']": {"_type": "histogram", "values": [0, 0, 0, 0, 0, 0, 0, 0, 0, 0, 0, 0, 0, 0, 0, 0, 0, 0, 0, 0, 0, 0, 0, 0, 0, 0, 0, 0, 0, 0, 0, 0, 22, 0, 0, 0, 0, 0, 0, 0, 0, 0, 0, 0, 0, 0, 0, 0, 0, 0, 0, 0, 0, 0, 0, 0, 0, 0, 0, 0, 0, 0, 0, 0], "bins": [-0.5, -0.484375, -0.46875, -0.453125, -0.4375, -0.421875, -0.40625, -0.390625, -0.375, -0.359375, -0.34375, -0.328125, -0.3125, -0.296875, -0.28125, -0.265625, -0.25, -0.234375, -0.21875, -0.203125, -0.1875, -0.171875, -0.15625, -0.140625, -0.125, -0.109375, -0.09375, -0.078125, -0.0625, -0.046875, -0.03125, -0.015625, 0.0, 0.015625, 0.03125, 0.046875, 0.0625, 0.078125, 0.09375, 0.109375, 0.125, 0.140625, 0.15625, 0.171875, 0.1875, 0.203125, 0.21875, 0.234375, 0.25, 0.265625, 0.28125, 0.296875, 0.3125, 0.328125, 0.34375, 0.359375, 0.375, 0.390625, 0.40625, 0.421875, 0.4375, 0.453125, 0.46875, 0.484375, 0.5]}, "params/['params']['layers_1']['linear_layer']['kernel']": {"_type": "histogram", "values": [1, 1, 0, 1, 0, 1, 0, 0, 0, 0, 0, 0, 0, 0, 0, 1, 0, 0, 0, 0, 0, 0, 0, 1, 0, 1, 0, 0, 1, 0, 0, 376, 1, 0, 0, 1, 1, 1, 1, 1, 1, 1, 0, 1, 0, 0, 0, 0, 0, 0, 0, 0, 0, 0, 0, 0, 0, 0, 0, 0, 0, 0, 1, 2],