{"loss": 0.0017086629522964358, "_timestamp": 1739304790.8585088, "_runtime": 129.6046667098999, "_step": 27, "params/['params']['last']['bias']": {"_type": "histogram", "values": [1, 0, 0, 0, 0, 0, 0, 0, 0, 0, 0, 0, 0, 0, 0, 0, 0, 0, 0, 0, 0, 0, 0, 0, 0, 0, 0, 0, 0, 0, 0, 0, 0, 0, 0, 0, 0, 0, 0, 0, 0, 0, 0, 0, 0, 0, 0, 0, 0, 0, 0, 0, 0, 0, 0, 0, 0, 0, 0, 0, 0, 0, 0, 1], "bins": [0.9389631748199463, 0.940011739730835, 0.9410603046417236, 0.9421089291572571, 0.9431574940681458, 0.9442060589790344, 0.9452546238899231, 0.9463032484054565, 0.9473518133163452, 0.9484003782272339, 0.9494489431381226, 0.9504975080490112, 0.9515461325645447, 0.9525946974754333, 0.953643262386322, 0.9546918272972107, 0.9557404518127441, 0.9567890167236328, 0.9578375816345215, 0.9588861465454102, 0.9599347114562988, 0.9609833359718323, 0.962031900882721, 0.9630804657936096, 0.9641290307044983, 0.965177595615387, 0.9662262201309204, 0.9672747850418091, 0.9683233499526978, 0.9693719148635864, 0.9704205393791199, 0.9714691042900085, 0.9725176692008972, 0.9735662341117859, 0.9746147990226746, 0.975663423538208, 0.9767119884490967, 0.9777605533599854, 0.978809118270874, 0.9798576831817627, 0.9809063076972961, 0.9819548726081848, 0.9830034375190735, 0.9840520024299622, 0.9851006269454956, 0.9861491918563843, 0.987197756767273, 0.9882463216781616, 0.9892948865890503, 0.9903435111045837, 0.9913920760154724, 0.9924406409263611, 0.9934892058372498, 0.9945378303527832, 0.9955863952636719, 0.9966349601745605, 0.9976835250854492, 0.9987320899963379, 0.9997807145118713, 1.0008292198181152, 1.0018779039382935, 1.0029264688491821, 1.0039750337600708, 1.0050235986709595, 1.0060721635818481]}, "params/['params']['last']['kernel']": {"_type": "histogram", "values": [2, 2, 5, 1, 0, 0, 0, 0, 0, 0, 0, 0, 0, 0, 0, 10, 1, 10, 0, 0, 0, 0, 0, 0, 0, 0, 0, 0, 0, 3, 3, 1, 0, 0, 0, 0, 0, 0, 0, 1, 1, 0, 0, 0, 0, 1, 0, 0, 0, 0, 0, 0, 0, 0, 0, 0, 0, 0, 0, 0, 0, 0, 0, 1], "bins": [-0.0790463536977768, -0.07429593801498413, -0.06954551488161087, -0.0647950991988182, -0.060044676065444946, -0.05529426038265228, -0.05054384097456932, -0.04579342156648636, -0.0410430021584034, -0.036292582750320435, -0.03154216334223747, -0.02679174393415451, -0.022041328251361847, -0.017290908843278885, -0.012540489435195923, -0.007790066301822662, -0.0030396506190299988, 0.0017107650637626648, 0.006461188197135925, 0.011211603879928589, 0.01596202701330185, 0.020712442696094513, 0.025462865829467773, 0.030213281512260437, 0.0349636971950531, 0.03971412032842636, 0.044464536011219025, 0.049214959144592285, 0.05396537482738495, 0.05871579051017761, 0.06346622109413147, 0.06821663677692413, 0.0729670524597168, 0.07771746814250946, 0.08246788382530212, 0.08721831440925598, 0.09196873009204865, 0.09671914577484131, 0.10146956145763397, 0.10621999204158783, 0.1109704077243805, 0.11572082340717316, 0.12047123908996582, 0.12522165477275848, 0.12997208535671234, 0.134722501039505, 0.13947291672229767, 0.14422333240509033, 0.148973748087883, 0.15372417867183685, 0.15847459435462952, 0.16322501003742218, 0.16797542572021484, 0.1727258414030075, 0.17747627198696136, 0.18222670257091522, 0.1869771033525467, 0.19172753393650055, 0.19647793471813202, 0.20122836530208588, 0.20597879588603973, 0.2107291966676712, 0.21547962725162506, 0.22023002803325653, 0.2249804586172104]}, "params/['params']['layers_0']['linear_layer']['bias']": {"_type": "histogram", "values": [1, 0, 0, 0, 0, 1, 0, 1, 0, 0, 1, 1, 1, 2, 1, 1, 0, 0, 0, 0, 0, 0, 0, 0, 0, 0, 0, 4, 0, 0, 0, 0, 1, 0, 0, 0, 0, 0, 0, 1, 1, 0, 1, 1, 0, 0, 1, 0, 0, 0, 1, 0, 0, 0, 0, 1, 0, 0, 0, 0, 0, 0, 1, 1], "bins": [-0.12904779613018036, -0.1243414431810379, -0.11963508278131485, -0.1149287223815918, -0.11022236943244934, -0.10551601648330688, -0.10080965608358383, -0.09610329568386078, -0.09139694273471832, -0.08669058978557587, -0.08198422938585281, -0.07727786898612976, -0.0725715160369873, -0.06786516308784485, -0.0631588026881218, -0.05845244228839874, -0.05374608933925629, -0.04903973639011383, -0.04433337599039078, -0.039627015590667725, -0.03492066264152527, -0.030214309692382812, -0.02550794929265976, -0.020801588892936707, -0.01609523594379425, -0.011388882994651794, -0.0066825225949287415, -0.0019761621952056885, 0.0027301907539367676, 0.007436543703079224, 0.012142911553382874, 0.01684926450252533, 0.021555617451667786, 0.02626197040081024, 0.030968323349952698, 0.03567469120025635, 0.040381044149398804, 0.04508739709854126, 0.04979376494884491, 0.054500117897987366, 0.05920647084712982, 0.06391282379627228, 0.06861917674541473, 0.07332554459571838, 0.07803189754486084, 0.0827382504940033, 0.08744461834430695, 0.0921509712934494, 0.09685732424259186, 0.10156367719173431, 0.10627003014087677, 0.11097639799118042, 0.11568275094032288, 0.12038910388946533, 0.12509547173976898, 0.12980182468891144, 0.1345081776380539, 0.13921453058719635, 0.1439208835363388, 0.14862723648548126, 0.1533336192369461, 0.15803997218608856, 0.16274632513523102, 0.16745267808437347, 0.17215903103351593]}, "params/['params']['layers_0']['linear_layer']['kernel']": {"_type": "histogram", "values": [1, 0, 0, 0, 0, 0, 0, 1, 1, 0, 2, 0, 0, 0, 2, 2, 1, 0, 0, 2, 2, 3, 0, 3, 2, 1, 2, 0, 3, 2, 3, 2, 2, 2, 6, 0, 0, 2, 3, 6, 2, 1, 1, 2, 6, 3, 3, 3, 1, 1, 1, 2, 1, 2, 2, 1, 2, 1, 1, 1, 0, 1, 1, 1], "bins": [-1.3315584659576416, -1.293466329574585, -1.2553740739822388, -1.2172819375991821, -1.179189682006836, -1.1410975456237793, -1.103005290031433, -1.0649131536483765, -1.0268208980560303, -0.9887287616729736, -0.9506365656852722, -0.9125443696975708, -0.8744522333145142, -0.836359977722168, -0.7982678413391113, -0.7601756453514099, -0.7220834493637085, -0.6839912533760071, -0.6458990573883057, -0.6078068614006042, -0.5697146654129028, -0.5316225290298462, -0.4935303330421448, -0.45543813705444336, -0.41734594106674194, -0.3792537450790405, -0.3411615490913391, -0.3030693531036377, -0.26497721672058105, -0.22688496112823486, -0.18879282474517822, -0.15070056915283203, -0.11260843276977539, -0.07451629638671875, -0.03642404079437256, 0.001668095588684082, 0.03976035118103027, 0.07785248756408691, 0.1159447431564331, 0.15403687953948975, 0.19212913513183594, 0.23022127151489258, 0.2683134078979492, 0.3064056634902954, 0.34449779987335205, 0.38259005546569824, 0.4206821918487549, 0.4587744474411011, 0.4968665838241577, 0.5349587202072144, 0.5730509757995605, 0.6111431121826172, 0.6492353677749634, 0.6873276233673096, 0.7254197597503662, 0.7635118961334229, 0.8016040325164795, 0.8396961688995361, 0.8777885437011719, 0.9158806800842285, 0.9539728164672852, 0.9920649528503418, 1.0301573276519775, 1.0682494640350342, 1.1063417196273804]}, "params/['params']['layers_1']['linear_layer']['bias']": {"_type": "histogram", "values": [1, 0, 1, 0, 0, 1, 0, 0, 0, 0, 0, 2, 7, 0, 0, 0, 0, 0, 0, 1, 0, 0, 0, 0, 0, 0, 1, 0, 1, 0, 0, 0, 0, 0, 0, 0, 1, 0, 0, 0, 0, 0, 0, 0, 0, 0, 0, 0, 1, 0, 0, 0, 0, 0, 0, 1, 0, 0, 0, 0, 2, 3, 0, 1],