{"loss": 0.00011626400373643264, "_timestamp": 1739992686.7901058, "_runtime": 142.92016673088074, "_step": 2793, "params/['params']['last']['bias']": {"_type": "histogram", "values": [1, 0, 0, 0, 0, 0, 0, 0, 0, 0, 0, 0, 0, 0, 0, 0, 0, 0, 0, 0, 0, 0, 0, 0, 0, 0, 0, 0, 0, 0, 0, 0, 0, 0, 0, 0, 0, 0, 0, 0, 0, 0, 0, 0, 0, 0, 0, 0, 0, 0, 0, 0, 0, 0, 0, 0, 0, 0, 0, 0, 0, 0, 0, 1], "bins": [0.0, 0.008206370286643505, 0.01641274057328701, 0.02461910992860794, 0.03282548114657402, 0.0410318523645401, 0.04923821985721588, 0.05744459107518196, 0.06565096229314804, 0.07385732978582382, 0.0820637047290802, 0.09027007222175598, 0.09847643971443176, 0.10668281465768814, 0.11488918215036392, 0.1230955570936203, 0.13130192458629608, 0.13950829207897186, 0.14771465957164764, 0.15592104196548462, 0.1641274094581604, 0.17233377695083618, 0.18054014444351196, 0.18874651193618774, 0.19695287942886353, 0.2051592618227005, 0.21336562931537628, 0.22157199680805206, 0.22977836430072784, 0.23798473179340363, 0.2461911141872406, 0.2543974816799164, 0.26260384917259216, 0.27081021666526794, 0.2790165841579437, 0.2872229516506195, 0.2954293191432953, 0.30363568663597107, 0.31184208393096924, 0.320048451423645, 0.3282548189163208, 0.3364611864089966, 0.34466755390167236, 0.35287392139434814, 0.3610802888870239, 0.3692866563796997, 0.3774930238723755, 0.38569939136505127, 0.39390575885772705, 0.4021121561527252, 0.410318523645401, 0.4185248911380768, 0.42673125863075256, 0.43493762612342834, 0.4431439936161041, 0.4513503611087799, 0.4595567286014557, 0.46776309609413147, 0.47596946358680725, 0.4841758608818054, 0.4923822283744812, 0.500588595867157, 0.5087949633598328, 0.5170013308525085, 0.5252076983451843]}, "params/['params']['last']['kernel']": {"_type": "histogram", "values": [1, 0, 0, 0, 0, 0, 0, 0, 0, 0, 0, 0, 0, 0, 0, 0, 0, 0, 0, 0, 0, 0, 0, 0, 0, 0, 0, 1, 2, 24, 0, 0, 0, 0, 0, 0, 0, 0, 0, 0, 0, 0, 0, 0, 0, 0, 0, 0, 0, 0, 1, 0, 0, 0, 0, 0, 0, 0, 0, 0, 0, 0, 0, 1], "bins": [-0.25339561700820923, -0.24490679800510406, -0.2364179939031601, -0.22792917490005493, -0.21944037079811096, -0.2109515517950058, -0.20246273279190063, -0.19397392868995667, -0.1854851096868515, -0.17699629068374634, -0.16850748658180237, -0.1600186675786972, -0.15152984857559204, -0.14304104447364807, -0.1345522254705429, -0.12606342136859894, -0.11757460236549377, -0.10908578336238861, -0.10059697926044464, -0.09210816025733948, -0.08361935615539551, -0.07513053715229034, -0.06664171814918518, -0.05815291404724121, -0.04966409504413605, -0.041175276041030884, -0.032686471939086914, -0.02419765293598175, -0.015708833932876587, -0.007220029830932617, 0.0012687742710113525, 0.00975760817527771, 0.01824641227722168, 0.02673521637916565, 0.03522405028343201, 0.04371285438537598, 0.052201658487319946, 0.060690492391586304, 0.06917929649353027, 0.07766810059547424, 0.08615690469741821, 0.09464573860168457, 0.10313454270362854, 0.11162334680557251, 0.12011218070983887, 0.12860098481178284, 0.1370897889137268, 0.14557862281799316, 0.15406742691993713, 0.1625562310218811, 0.17104506492614746, 0.17953386902809143, 0.1880226731300354, 0.19651150703430176, 0.20500031113624573, 0.2134891152381897, 0.22197794914245605, 0.23046675324440002, 0.238955557346344, 0.24744439125061035, 0.25593316555023193, 0.2644219994544983, 0.27291083335876465, 0.28139960765838623, 0.2898884117603302]}, "params/['params']['layers_0']['linear_layer']['bias']": {"_type": "histogram", "values": [0, 0, 0, 0, 0, 0, 0, 0, 0, 0, 0, 0, 0, 0, 0, 0, 0, 0, 0, 0, 0, 0, 0, 0, 0, 0, 0, 0, 0, 0, 0, 0, 18, 0, 0, 0, 0, 0, 0, 0, 0, 0, 0, 0, 0, 0, 0, 0, 0, 0, 0, 0, 0, 0, 0, 0, 0, 0, 0, 0, 0, 0, 0, 0], "bins": [-0.5, -0.484375, -0.46875, -0.453125, -0.4375, -0.421875, -0.40625, -0.390625, -0.375, -0.359375, -0.34375, -0.328125, -0.3125, -0.296875, -0.28125, -0.265625, -0.25, -0.234375, -0.21875, -0.203125, -0.1875, -0.171875, -0.15625, -0.140625, -0.125, -0.109375, -0.09375, -0.078125, -0.0625, -0.046875, -0.03125, -0.015625, 0.0, 0.015625, 0.03125, 0.046875, 0.0625, 0.078125, 0.09375, 0.109375, 0.125, 0.140625, 0.15625, 0.171875, 0.1875, 0.203125, 0.21875, 0.234375, 0.25, 0.265625, 0.28125, 0.296875, 0.3125, 0.328125, 0.34375, 0.359375, 0.375, 0.390625, 0.40625, 0.421875, 0.4375, 0.453125, 0.46875, 0.484375, 0.5]}, "params/['params']['layers_0']['linear_layer']['kernel']": {"_type": "histogram", "values": [2, 0, 1, 0, 0, 0, 0, 0, 1, 0, 0, 0, 0, 0, 0, 0, 0, 0, 0, 0, 0, 0, 0, 0, 0, 0, 66, 0, 0, 0, 0, 0, 0, 0, 0, 0, 0, 0, 0, 0, 0, 0, 0, 0, 1, 0, 0, 0, 0, 0, 0, 0, 0, 0, 0, 0, 0, 0, 0, 0, 0, 0, 0, 1], "bins": [-0.791300892829895, -0.7611857652664185, -0.7310705780982971, -0.7009554505348206, -0.670840322971344, -0.6407251358032227, -0.6106100082397461, -0.5804948806762695, -0.550379753112793, -0.5202646255493164, -0.49014943838119507, -0.4600343108177185, -0.42991915345191956, -0.399804025888443, -0.36968886852264404, -0.3395737409591675, -0.30945858359336853, -0.2793434262275696, -0.24922829866409302, -0.21911317110061646, -0.18899798393249512, -0.15888285636901855, -0.128767728805542, -0.09865260124206543, -0.06853741407394409, -0.03842228651046753, -0.008307158946990967, 0.02180802822113037, 0.051923155784606934, 0.0820382833480835, 0.11215341091156006, 0.1422685980796814, 0.17238372564315796, 0.20249885320663452, 0.23261404037475586, 0.2627291679382324, 0.292844295501709, 0.32295942306518555, 0.3530745506286621, 0.38318967819213867, 0.4133049249649048, 0.44342005252838135, 0.4735351800918579, 0.5036503076553345, 0.533765435218811, 0.5638805627822876, 0.5939956903457642, 0.6241109371185303, 0.6542260646820068, 0.6843411922454834, 0.71445631980896, 0.7445714473724365, 0.7746865749359131, 0.8048017024993896, 0.8349169492721558, 0.8650320768356323, 0.8951472043991089, 0.9252623319625854, 0.955377459526062, 0.9854925870895386, 1.0156077146530151, 1.0457229614257812, 1.0758380889892578, 1.1059532165527344, 1.136068344116211]}, "params/['params']['layers_1']['linear_layer']['bias']": {"_type": "histogram", "values": [0, 0, 0, 0, 0, 0, 0, 0, 0, 0, 0, 0, 0, 0, 0, 0, 0, 0, 0, 0, 0, 0, 0, 0, 0, 0, 0, 0, 0, 0, 0, 0, 18, 0, 0, 0, 0, 0, 0, 0, 0, 0, 0, 0, 0, 0, 0, 0, 0, 0, 0, 0, 0, 0, 0, 0, 0, 0, 0, 0, 0, 0, 0, 0], "bins": [-0.5, -0.484375, -0.46875, -0.453125, -0.4375, -0.421875, -0.40625, -0.390625, -0.375, -0.359375, -0.34375, -0.328125, -0.3125, -0.296875, -0.28125, -0.265625, -0.25, -0.234375, -0.21875, -0.203125, -0.1875, -0.171875, -0.15625, -0.140625, -0.125, -0.109375, -0.09375, -0.078125, -0.0625, -0.046875, -0.03125, -0.015625, 0.0, 0.015625, 0.03125, 0.046875, 0.0625, 0.078125, 0.09375, 0.109375, 0.125, 0.140625, 0.15625, 0.171875, 0.1875, 0.203125, 0.21875, 0.234375, 0.25, 0.265625, 0.28125, 0.296875, 0.3125, 0.328125, 0.34375, 0.359375, 0.375, 0.390625, 0.40625, 0.421875, 0.4375, 0.453125, 0.46875, 0.484375, 0.5]}, "params/['params']['layers_1']['linear_layer']['kernel']": {"_type": "histogram", "values": [1, 0, 0, 0, 0, 1, 0, 0, 0, 0, 0, 0, 0, 1, 1, 0, 1, 0, 0, 0, 0, 0, 0, 0, 0, 0, 0, 0, 1, 0, 1, 0, 0, 1, 0, 0, 0, 0, 0, 0, 0, 2, 253, 1, 3, 1, 0, 0, 0, 0, 0, 0, 0, 0, 1, 0, 0, 0, 0, 0, 0, 0, 0, 1],