{"params/['params']['layers_1']['linear_layer']['kernel']":{"bins":[-1.4091094732284546,-1.3637068271636963,-1.3183043003082275,-1.2729016542434692,-1.227499008178711,-1.1820964813232422,-1.1366938352584839,-1.0912911891937256,-1.0458886623382568,-1.000486135482788,-0.9550834894180298,-0.9096808433532715,-0.864278256893158,-0.8188756704330444,-0.7734730243682861,-0.7280704379081726,-0.6826678514480591,-0.6372652649879456,-0.591862678527832,-0.5464600324630737,-0.5010574460029602,-0.4556548595428467,-0.4102522134780884,-0.36484968662261963,-0.31944704055786133,-0.274044394493103,-0.22864186763763428,-0.18323922157287598,-0.13783657550811768,-0.09243404865264893,-0.047031402587890625,-0.001628875732421875,0.043773770332336426,0.08917641639709473,0.13457894325256348,0.17998158931732178,0.22538411617279053,0.27078676223754883,0.31618940830230713,0.3615919351577759,0.4069945812225342,0.4523972272872925,0.49779975414276123,0.5432024002075195,0.5886050462722778,0.6340075731277466,0.6794100999832153,0.7248128652572632,0.7702153921127319,0.8156179189682007,0.8610206842422485,0.9064232110977173,0.951825737953186,0.9972285032272339,1.0426310300827026,1.0880335569381714,1.1334363222122192,1.178838849067688,1.2242413759231567,1.2696439027786255,1.3150466680526733,1.360449194908142,1.4058517217636108,1.4512544870376587,1.4966570138931274],"_type":"histogram","values":[1,0,0,0,0,0,0,1,0,0,0,0,0,0,0,0,1,0,1,0,0,1,0,1,1,0,0,0,0,1,1,251,0,1,0,0,0,0,1,0,0,1,0,0,0,0,0,0,0,0,1,0,0,1,1,0,1,0,0,1,0,0,1,1]},"params/['params']['last']['kernel']":{"_type":"histogram","values":[25,0,0,0,0,2,0,0,0,0,0,0,0,0,1,0,0,0,0,0,0,0,0,0,0,0,0,0,0,0,0,0,0,1,0,0,0,0,0,0,0,0,0,0,0,0,0,0,0,0,0,0,0,0,0,0,0,0,0,0,0,0,0,1],"bins":[-0.0023810931015759706,0.006964759901165962,0.016310611739754677,0.02565646544098854,0.035002317279577255,0.04434816911816597,0.05369402468204498,0.0630398765206337,0.07238572835922241,0.08173158019781113,0.09107743203639984,0.10042328387498856,0.10976914316415787,0.11911499500274658,0.1284608542919159,0.137806698679924,0.14715255796909332,0.15649841725826263,0.16584426164627075,0.17519012093544006,0.18453596532344818,0.1938818246126175,0.2032276690006256,0.21257352828979492,0.22191938757896423,0.23126523196697235,0.24061109125614166,0.24995693564414978,0.2593027949333191,0.2686486542224884,0.2779944837093353,0.28734034299850464,0.29668620228767395,0.30603206157684326,0.3153779208660126,0.3247237503528595,0.3340696096420288,0.3434154689311981,0.35276132822036743,0.36210715770721436,0.37145301699638367,0.380798876285553,0.3901447355747223,0.3994905948638916,0.4088364243507385,0.41818228363990784,0.42752814292907715,0.43687400221824646,0.44621986150741577,0.4555656909942627,0.464911550283432,0.4742574095726013,0.48360326886177063,0.49294909834861755,0.5022949576377869,0.5116407871246338,0.5209866762161255,0.5303325057029724,0.5396783947944641,0.549024224281311,0.558370053768158,0.5677159428596497,0.5770617723464966,0.5864076614379883,0.5957534909248352]},"params/['params']['layers_0']['linear_layer']['kernel']":{"values":[1,0,0,0,0,1,0,0,0,0,2,0,0,0,0,0,0,0,0,0,47,0,0,0,0,1,0,0,0,0,0,0,0,0,0,0,0,0,0,0,1,0,0,0,0,0,0,0,0,0,0,0,0,0,0,0,0,0,0,0,0,0,0,1],"bins":[-0.4487574100494385,-0.42675209045410156,-0.40474677085876465,-0.38274145126342773,-0.3607361316680908,-0.3387308120727539,-0.316725492477417,-0.2947201728820801,-0.27271485328674316,-0.25070953369140625,-0.22870422899723053,-0.20669890940189362,-0.1846936047077179,-0.16268828511238098,-0.14068296551704407,-0.11867764592170715,-0.09667232632637024,-0.07466700673103333,-0.05266168713569641,-0.030656367540359497,-0.008651047945022583,0.013354271650314331,0.035359591245651245,0.05736488103866577,0.07937020063400269,0.1013755202293396,0.12338083982467651,0.14538615942001343,0.16739147901535034,0.18939679861068726,0.21140211820602417,0.23340743780136108,0.255412757396698,0.2774180769920349,0.2994233965873718,0.32142871618270874,0.34343403577804565,0.36543935537338257,0.3874446749687195,0.4094499945640564,0.4314553141593933,0.4534606337547302,0.47546595335006714,0.49747127294540405,0.519476592540741,0.5414819121360779,0.56348717212677,0.5854924917221069,0.6074978113174438,0.6295031309127808,0.6515084505081177,0.6735137701034546,0.6955190896987915,0.7175244092941284,0.7395297288894653,0.7615350484848022,0.7835403680801392,0.8055456876754761,0.827551007270813,0.8495563268661499,0.8715616464614868,0.8935669660568237,0.9155722856521606,0.9375776052474976,0.9595829248428345],"_type":"histogram"},"params/['params']['layers_1']['linear_layer']['bias']":{"_type":"histogram","values":[0,0,0,0,0,0,0,0,0,0,0,0,0,0,0,0,0,0,0,0,0,0,0,0,0,0,0,0,0,0,0,0,18,0,0,0,0,0,0,0,0,0,0,0,0,0,0,0,0,0,0,0,0,0,0,0,0,0,0,0,0,0,0,0],"bins":[-0.5,-0.484375,-0.46875,-0.453125,-0.4375,-0.421875,-0.40625,-0.390625,-0.375,-0.359375,-0.34375,-0.328125,-0.3125,-0.296875,-0.28125,-0.265625,-0.25,-0.234375,-0.21875,-0.203125,-0.1875,-0.171875,-0.15625,-0.140625,-0.125,-0.109375,-0.09375,-0.078125,-0.0625,-0.046875,-0.03125,-0.015625,0,0.015625,0.03125,0.046875,0.0625,0.078125,0.09375,0.109375,0.125,0.140625,0.15625,0.171875,0.1875,0.203125,0.21875,0.234375,0.25,0.265625,0.28125,0.296875,0.3125,0.328125,0.34375,0.359375,0.375,0.390625,0.40625,0.421875,0.4375,0.453125,0.46875,0.484375,0.5]},"_wandb":{"runtime":148},"_runtime":148.2183847,"params/['params']['layers_0']['linear_layer']['bias']":{"_type":"histogram","values":[1,0,0,0,0,0,0,0,0,0,0,0,0,0,0,0,0,0,0,0,0,0,0,0,0,0,0,0,0,0,0,0,0,0,0,0,0,0,0,0,0,0,0,0,0,0,0,0,0,0,0,0,0,0,0,0,0,0,0,0,0,0,0,17],"bins":[-0.6282143592834473,-0.6183984875679016,-0.6085826754570007,-0.5987668037414551,-0.5889509916305542,-0.5791351199150085,-0.5693192481994629,-0.559503436088562,-0.5496875643730164,-0.5398716926574707,-0.5300558805465698,-0.5202400088310242,-0.5104241371154785,-0.5006083250045776,-0.490792453289032,-0.4809766113758087,-0.47116076946258545,-0.4613449275493622,-0.4515290856361389,-0.44171321392059326,-0.43189737200737,-0.42208153009414673,-0.4122656583786011,-0.4024498164653778,-0.39263397455215454,-0.3828181326389313,-0.373002290725708,-0.36318641901016235,-0.3533705770969391,-0.3435547351837158,-0.33373886346817017,-0.3239230215549469,-0.31410717964172363,-0.30429133772850037,-0.2944754958152771,-0.28465962409973145,-0.2748437821865082,-0.2650279402732849,-0.25521206855773926,-0.245396226644516,-0.23558038473129272,-0.22576454281806946,-0.2159487009048462,-0.20613282918930054,-0.19631698727607727,-0.186501145362854,-0.17668527364730835,-0.16686943173408508,-0.15705358982086182,-0.14723774790763855,-0.13742190599441528,-0.12760603427886963,-0.11779022216796875,-0.1079743504524231,-0.09815847873687744,-0.08834266662597656,-0.07852679491043091,-0.06871092319488525,-0.058895111083984375,-0.04907923936843872,-0.039263367652893066,-0.029447555541992188,-0.019631683826446533,-0.009815871715545654,0]},"loss":0.0005811139708384871,"_step":405,"validation_loss":0.0005802369560115039,