{"loss": 5.523687605091254e-07, "_timestamp": 1739990902.1349063, "_runtime": 172.13226437568665, "_step": 2793, "params/['params']['last']['bias']": {"_type": "histogram", "values": [1, 0, 0, 0, 0, 0, 0, 0, 0, 0, 0, 0, 0, 0, 0, 0, 0, 0, 0, 0, 0, 0, 0, 0, 0, 0, 0, 0, 0, 0, 0, 0, 0, 0, 0, 0, 0, 0, 0, 0, 0, 0, 0, 0, 0, 0, 0, 0, 0, 0, 0, 0, 0, 0, 0, 0, 0, 0, 0, 0, 0, 0, 0, 1], "bins": [0.0, 0.009874054230749607, 0.019748108461499214, 0.029622163623571396, 0.03949621692299843, 0.04937027022242546, 0.05924432724714279, 0.06911838054656982, 0.07899243384599686, 0.08886648714542389, 0.09874054044485092, 0.10861459374427795, 0.11848865449428558, 0.12836270034313202, 0.13823676109313965, 0.14811080694198608, 0.1579848676919937, 0.16785892844200134, 0.17773297429084778, 0.1876070350408554, 0.19748108088970184, 0.20735514163970947, 0.2172291874885559, 0.22710324823856354, 0.23697730898857117, 0.2468513548374176, 0.25672540068626404, 0.26659947633743286, 0.2764735221862793, 0.28634756803512573, 0.29622161388397217, 0.306095689535141, 0.3159697353839874, 0.32584378123283386, 0.3357178568840027, 0.3455919027328491, 0.35546594858169556, 0.365339994430542, 0.3752140700817108, 0.38508811593055725, 0.3949621617794037, 0.4048362374305725, 0.41471028327941895, 0.4245843291282654, 0.4344583749771118, 0.44433245062828064, 0.4542064964771271, 0.4640805423259735, 0.47395461797714233, 0.48382866382598877, 0.4937027096748352, 0.5035767555236816, 0.5134508013725281, 0.5233248472213745, 0.5331989526748657, 0.5430729985237122, 0.5529470443725586, 0.562821090221405, 0.5726951360702515, 0.5825691819190979, 0.5924432277679443, 0.6023173332214355, 0.612191379070282, 0.6220654249191284, 0.6319394707679749]}, "params/['params']['last']['kernel']": {"_type": "histogram", "values": [1, 0, 0, 0, 0, 0, 0, 0, 0, 0, 0, 0, 0, 0, 0, 0, 0, 0, 0, 0, 0, 0, 0, 0, 0, 0, 0, 0, 0, 0, 0, 0, 0, 0, 0, 0, 0, 0, 0, 0, 0, 0, 0, 0, 0, 0, 0, 0, 0, 0, 0, 0, 0, 0, 0, 36, 4, 0, 0, 0, 0, 0, 0, 1], "bins": [-0.3079729974269867, -0.3024558126926422, -0.29693859815597534, -0.29142141342163086, -0.2859042286872864, -0.2803870141506195, -0.274869829416275, -0.26935261487960815, -0.26383543014526367, -0.2583182454109192, -0.2528010308742523, -0.24728384613990784, -0.24176664650440216, -0.23624944686889648, -0.230732262134552, -0.22521506249904633, -0.21969786286354065, -0.21418066322803497, -0.2086634635925293, -0.20314627885818481, -0.19762907922267914, -0.19211187958717346, -0.18659469485282898, -0.1810774952173233, -0.17556029558181763, -0.17004309594631195, -0.16452589631080627, -0.1590087115764618, -0.15349151194095612, -0.14797431230545044, -0.14245712757110596, -0.13693992793560028, -0.1314227283000946, -0.12590552866458893, -0.12038832902908325, -0.11487114429473877, -0.1093539446592331, -0.10383674502372742, -0.09831956028938293, -0.09280236065387726, -0.08728516101837158, -0.0817679613828659, -0.07625076174736023, -0.07073357701301575, -0.06521637737751007, -0.059699177742004395, -0.05418199300765991, -0.04866477847099304, -0.04314759373664856, -0.03763040900230408, -0.03211319446563721, -0.026596009731292725, -0.021078795194625854, -0.015561610460281372, -0.01004442572593689, -0.0045272111892700195, 0.0009899735450744629, 0.006507158279418945, 0.012024372816085815, 0.017541557550430298, 0.02305874228477478, 0.02857595682144165, 0.03409314155578613, 0.039610356092453, 0.045127540826797485]}, "params/['params']['layers_0']['linear_layer']['bias']": {"_type": "histogram", "values": [0, 0, 0, 0, 0, 0, 0, 0, 0, 0, 0, 0, 0, 0, 0, 0, 0, 0, 0, 0, 0, 0, 0, 0, 0, 0, 0, 0, 0, 0, 0, 0, 24, 0, 0, 0, 0, 0, 0, 0, 0, 0, 0, 0, 0, 0, 0, 0, 0, 0, 0, 0, 0, 0, 0, 0, 0, 0, 0, 0, 0, 0, 0, 0], "bins": [-0.5, -0.484375, -0.46875, -0.453125, -0.4375, -0.421875, -0.40625, -0.390625, -0.375, -0.359375, -0.34375, -0.328125, -0.3125, -0.296875, -0.28125, -0.265625, -0.25, -0.234375, -0.21875, -0.203125, -0.1875, -0.171875, -0.15625, -0.140625, -0.125, -0.109375, -0.09375, -0.078125, -0.0625, -0.046875, -0.03125, -0.015625, 0.0, 0.015625, 0.03125, 0.046875, 0.0625, 0.078125, 0.09375, 0.109375, 0.125, 0.140625, 0.15625, 0.171875, 0.1875, 0.203125, 0.21875, 0.234375, 0.25, 0.265625, 0.28125, 0.296875, 0.3125, 0.328125, 0.34375, 0.359375, 0.375, 0.390625, 0.40625, 0.421875, 0.4375, 0.453125, 0.46875, 0.484375, 0.5]}, "params/['params']['layers_0']['linear_layer']['kernel']": {"_type": "histogram", "values": [1, 0, 0, 0, 0, 0, 0, 0, 0, 0, 0, 1, 0, 0, 0, 0, 0, 0, 0, 0, 0, 0, 0, 0, 0, 1, 0, 0, 0, 0, 0, 0, 0, 0, 0, 0, 0, 1, 0, 0, 1, 0, 0, 65, 0, 0, 0, 0, 0, 0, 0, 0, 0, 0, 0, 1, 0, 0, 0, 0, 0, 0, 0, 1], "bins": [-1.4050211906433105, -1.3727948665618896, -1.3405684232711792, -1.3083420991897583, -1.2761156558990479, -1.243889331817627, -1.211663007736206, -1.1794365644454956, -1.1472102403640747, -1.1149837970733643, -1.0827574729919434, -1.0505311489105225, -1.0183048248291016, -0.9860783815383911, -0.9538520574569702, -0.9216256737709045, -0.8893992900848389, -0.8571729063987732, -0.8249465227127075, -0.7927201986312866, -0.760493814945221, -0.7282674312591553, -0.6960411071777344, -0.6638147234916687, -0.631588339805603, -0.5993619561195374, -0.5671355724334717, -0.5349092483520508, -0.5026828646659851, -0.47045648097991943, -0.43823015689849854, -0.40600377321243286, -0.3737773895263672, -0.3415510654449463, -0.30932462215423584, -0.27709829807281494, -0.2448718547821045, -0.2126455307006836, -0.1804192066192627, -0.14819276332855225, -0.11596643924713135, -0.08374011516571045, -0.051513671875, -0.0192873477935791, 0.012938976287841797, 0.045165419578552246, 0.07739174365997314, 0.1096181869506836, 0.1418445110321045, 0.1740708351135254, 0.20629727840423584, 0.23852360248565674, 0.2707500457763672, 0.3029763698577881, 0.335202693939209, 0.36742913722991943, 0.39965546131134033, 0.43188178539276123, 0.4641082286834717, 0.4963345527648926, 0.5285608768463135, 0.5607873201370239, 0.5930136442184448, 0.6252400875091553, 0.6574663519859314]}, "params/['params']['layers_1']['linear_layer']['bias']": {"_type": "histogram", "values": [0, 0, 0, 0, 0, 0, 0, 0, 0, 0, 0, 0, 0, 0, 0, 0, 0, 0, 0, 0, 0, 0, 0, 0, 0, 0, 0, 0, 0, 0, 0, 0, 24, 0, 0, 0, 0, 0, 0, 0, 0, 0, 0, 0, 0, 0, 0, 0, 0, 0, 0, 0, 0, 0, 0, 0, 0, 0, 0, 0, 0, 0, 0, 0], "bins": [-0.5, -0.484375, -0.46875, -0.453125, -0.4375, -0.421875, -0.40625, -0.390625, -0.375, -0.359375, -0.34375, -0.328125, -0.3125, -0.296875, -0.28125, -0.265625, -0.25, -0.234375, -0.21875, -0.203125, -0.1875, -0.171875, -0.15625, -0.140625, -0.125, -0.109375, -0.09375, -0.078125, -0.0625, -0.046875, -0.03125, -0.015625, 0.0, 0.015625, 0.03125, 0.046875, 0.0625, 0.078125, 0.09375, 0.109375, 0.125, 0.140625, 0.15625, 0.171875, 0.1875, 0.203125, 0.21875, 0.234375, 0.25, 0.265625, 0.28125, 0.296875, 0.3125, 0.328125, 0.34375, 0.359375, 0.375, 0.390625, 0.40625, 0.421875, 0.4375, 0.453125, 0.46875, 0.484375, 0.5]}, "params/['params']['layers_1']['linear_layer']['kernel']": {"_type": "histogram", "values": [1, 0, 0, 0, 0, 0, 0, 1, 1, 0, 1, 0, 1, 0, 0, 0, 0, 1, 2, 0, 0, 0, 0, 0, 0, 0, 1, 1, 0, 0, 0, 1, 0, 1, 480, 0, 0, 1, 1, 0, 0, 0, 0, 3, 0, 1, 0, 0, 0, 1, 0, 1, 0, 0, 0, 0, 0, 0, 0, 0, 0, 2, 0, 2],