{"loss": 0.358150452375412, "_timestamp": 1739302985.5356975, "_runtime": 195.63636755943298, "_step": 27, "params/['params']['last']['bias']": {"_type": "histogram", "values": [1, 0, 0, 0, 0, 0, 0, 0, 0, 0, 0, 0, 0, 0, 0, 0, 0, 0, 0, 0, 0, 0, 0, 0, 0, 0, 0, 0, 0, 0, 0, 0, 0, 0, 0, 0, 0, 0, 0, 0, 0, 0, 0, 0, 0, 0, 0, 0, 0, 0, 0, 0, 0, 0, 0, 0, 0, 0, 0, 0, 0, 0, 0, 1], "bins": [1.0000994205474854, 1.0017191171646118, 1.0033386945724487, 1.0049583911895752, 1.006577968597412, 1.0081976652145386, 1.0098172426223755, 1.011436939239502, 1.0130565166473389, 1.0146762132644653, 1.0162959098815918, 1.0179154872894287, 1.0195351839065552, 1.021154761314392, 1.0227744579315186, 1.0243940353393555, 1.026013731956482, 1.0276334285736084, 1.0292530059814453, 1.0308727025985718, 1.0324922800064087, 1.0341119766235352, 1.035731554031372, 1.0373512506484985, 1.038970947265625, 1.040590524673462, 1.0422102212905884, 1.0438297986984253, 1.0454494953155518, 1.0470690727233887, 1.0486887693405151, 1.050308346748352, 1.0519280433654785, 1.053547739982605, 1.055167317390442, 1.0567870140075684, 1.0584065914154053, 1.0600262880325317, 1.0616458654403687, 1.0632655620574951, 1.064885139465332, 1.0665048360824585, 1.068124532699585, 1.0697441101074219, 1.0713638067245483, 1.0729833841323853, 1.0746030807495117, 1.0762226581573486, 1.077842354774475, 1.0794620513916016, 1.0810816287994385, 1.082701325416565, 1.0843209028244019, 1.0859405994415283, 1.0875601768493652, 1.0891798734664917, 1.0907995700836182, 1.092419147491455, 1.0940388441085815, 1.0956584215164185, 1.097278118133545, 1.0988976955413818, 1.1005173921585083, 1.1021369695663452, 1.1037566661834717]}, "params/['params']['last']['kernel']": {"_type": "histogram", "values": [0, 0, 0, 0, 0, 0, 0, 0, 0, 0, 0, 0, 0, 0, 0, 0, 0, 0, 0, 0, 0, 0, 0, 0, 0, 0, 0, 0, 0, 0, 0, 0, 30, 0, 0, 0, 0, 0, 0, 0, 0, 0, 0, 0, 0, 0, 0, 0, 0, 0, 0, 0, 0, 0, 0, 0, 0, 0, 0, 0, 0, 0, 0, 0], "bins": [-0.5, -0.484375, -0.46875, -0.453125, -0.4375, -0.421875, -0.40625, -0.390625, -0.375, -0.359375, -0.34375, -0.328125, -0.3125, -0.296875, -0.28125, -0.265625, -0.25, -0.234375, -0.21875, -0.203125, -0.1875, -0.171875, -0.15625, -0.140625, -0.125, -0.109375, -0.09375, -0.078125, -0.0625, -0.046875, -0.03125, -0.015625, 0.0, 0.015625, 0.03125, 0.046875, 0.0625, 0.078125, 0.09375, 0.109375, 0.125, 0.140625, 0.15625, 0.171875, 0.1875, 0.203125, 0.21875, 0.234375, 0.25, 0.265625, 0.28125, 0.296875, 0.3125, 0.328125, 0.34375, 0.359375, 0.375, 0.390625, 0.40625, 0.421875, 0.4375, 0.453125, 0.46875, 0.484375, 0.5]}, "params/['params']['layers_0']['linear_layer']['bias']": {"_type": "histogram", "values": [0, 0, 0, 0, 0, 0, 0, 0, 0, 0, 0, 0, 0, 0, 0, 0, 0, 0, 0, 0, 0, 0, 0, 0, 0, 0, 0, 0, 0, 0, 0, 0, 18, 0, 0, 0, 0, 0, 0, 0, 0, 0, 0, 0, 0, 0, 0, 0, 0, 0, 0, 0, 0, 0, 0, 0, 0, 0, 0, 0, 0, 0, 0, 0], "bins": [-0.5, -0.484375, -0.46875, -0.453125, -0.4375, -0.421875, -0.40625, -0.390625, -0.375, -0.359375, -0.34375, -0.328125, -0.3125, -0.296875, -0.28125, -0.265625, -0.25, -0.234375, -0.21875, -0.203125, -0.1875, -0.171875, -0.15625, -0.140625, -0.125, -0.109375, -0.09375, -0.078125, -0.0625, -0.046875, -0.03125, -0.015625, 0.0, 0.015625, 0.03125, 0.046875, 0.0625, 0.078125, 0.09375, 0.109375, 0.125, 0.140625, 0.15625, 0.171875, 0.1875, 0.203125, 0.21875, 0.234375, 0.25, 0.265625, 0.28125, 0.296875, 0.3125, 0.328125, 0.34375, 0.359375, 0.375, 0.390625, 0.40625, 0.421875, 0.4375, 0.453125, 0.46875, 0.484375, 0.5]}, "params/['params']['layers_0']['linear_layer']['kernel']": {"_type": "histogram", "values": [1, 0, 0, 0, 0, 0, 1, 0, 0, 1, 0, 1, 0, 0, 0, 0, 0, 0, 2, 0, 0, 1, 0, 0, 1, 1, 0, 0, 1, 0, 0, 1, 0, 0, 0, 1, 0, 0, 0, 0, 0, 1, 0, 1, 0, 0, 1, 0, 0, 1, 0, 0, 0, 0, 0, 0, 0, 0, 0, 1, 0, 0, 0, 1], "bins": [-1.8046317100524902, -1.7491544485092163, -1.6936771869659424, -1.6381999254226685, -1.5827226638793945, -1.5272454023361206, -1.4717681407928467, -1.4162908792495728, -1.3608136177062988, -1.305336356163025, -1.249859094619751, -1.194381833076477, -1.1389045715332031, -1.0834273099899292, -1.0279500484466553, -0.9724727869033813, -0.9169955253601074, -0.8615182638168335, -0.8060410022735596, -0.7505637407302856, -0.6950864791870117, -0.6396092176437378, -0.5841319561004639, -0.5286546945571899, -0.473177433013916, -0.4177001714706421, -0.36222290992736816, -0.30674564838409424, -0.2512683868408203, -0.1957911252975464, -0.14031386375427246, -0.08483660221099854, -0.02935934066772461, 0.026117920875549316, 0.08159518241882324, 0.13707244396209717, 0.1925497055053711, 0.24802684783935547, 0.30350422859191895, 0.3589816093444824, 0.4144587516784668, 0.46993589401245117, 0.5254132747650146, 0.5808906555175781, 0.6363677978515625, 0.6918449401855469, 0.7473223209381104, 0.8027997016906738, 0.8582768440246582, 0.9137539863586426, 0.969231367111206, 1.0247087478637695, 1.080185890197754, 1.1356630325317383, 1.1911404132843018, 1.2466177940368652, 1.3020949363708496, 1.357572078704834, 1.4130494594573975, 1.468526840209961, 1.5240039825439453, 1.5794811248779297, 1.6349585056304932, 1.6904358863830566, 1.7459131479263306]}, "params/['params']['layers_1']['linear_layer']['bias']": {"_type": "histogram", "values": [0, 0, 0, 0, 0, 0, 0, 0, 0, 0, 0, 0, 0, 0, 0, 0, 0, 0, 0, 0, 0, 0, 0, 0, 0, 0, 0, 0, 0, 0, 0, 0, 18, 0, 0, 0, 0, 0, 0, 0, 0, 0, 0, 0, 0, 0, 0, 0, 0, 0, 0, 0, 0, 0, 0, 0, 0, 0, 0, 0, 0, 0, 0, 0], "bins": [-0.5, -0.484375, -0.46875, -0.453125, -0.4375, -0.421875, -0.40625, -0.390625, -0.375, -0.359375, -0.34375, -0.328125, -0.3125, -0.296875, -0.28125, -0.265625, -0.25, -0.234375, -0.21875, -0.203125, -0.1875, -0.171875, -0.15625, -0.140625, -0.125, -0.109375, -0.09375, -0.078125, -0.0625, -0.046875, -0.03125, -0.015625, 0.0, 0.015625, 0.03125, 0.046875, 0.0625, 0.078125, 0.09375, 0.109375, 0.125, 0.140625, 0.15625, 0.171875, 0.1875, 0.203125, 0.21875, 0.234375, 0.25, 0.265625, 0.28125, 0.296875, 0.3125, 0.328125, 0.34375, 0.359375, 0.375, 0.390625, 0.40625, 0.421875, 0.4375, 0.453125, 0.46875, 0.484375, 0.5]}, "params/['params']['layers_1']['linear_layer']['kernel']": {"_type": "histogram", "values": [1, 2, 1, 2, 1, 0, 3, 3, 2, 1, 3, 5, 5, 3, 6, 3, 6, 4, 3, 6, 9, 6, 10, 6, 4, 9, 7, 4, 5, 5, 6, 7, 8, 2, 7, 10, 8, 7, 11, 4, 6, 7, 7, 3, 5, 7, 6, 1, 2, 3, 4, 4, 0, 4, 4, 1, 0, 4, 0, 1, 0, 2, 3, 1], "bins": [-0.5365203619003296, -0.5189886093139648, -0.5014568567276001, -0.48392510414123535, -0.4663933515548706, -0.44886159896850586, -0.4313298463821411, -0.41379809379577637, -0.3962663412094116, -0.3787345886230469, -0.36120283603668213, -0.3436710834503174, -0.32613933086395264, -0.3086075782775879, -0.29107582569122314, -0.2735440731048584, -0.25601232051849365, -0.2384805679321289, -0.22094881534576416, -0.20341706275939941, -0.18588531017303467, -0.16835355758666992, -0.15082180500030518, -0.13329005241394043, -0.11575829982757568, -0.09822654724121094, -0.08069479465484619, -0.06316304206848145, -0.0456312894821167, -0.028099536895751953, -0.010567784309387207, 0.006963968276977539, 0.024495720863342285, 0.04202747344970703, 0.05955922603607178, 0.07709097862243652, 0.09462273120880127, 0.11215448379516602, 0.12968623638153076, 0.1472179889678955, 0.16474974155426025, 0.182281494140625, 0.19981324672698975, 0.2173449993133545, 0.23487675189971924, 0.252408504486084, 0.26994025707244873, 0.2874720096588135, 0.3050037622451782, 0.32253551483154297, 0.3400672674179077, 0.35759902000427246, 0.3751307725906372, 0.39266252517700195, 0.4101942777633667, 0.42772603034973145, 0.4452577829360962, 0.46278953552246094, 0.4803212881088257, 0.49785304069519043, 0.5153847932815552, 0.5329165458679199, 0.5504482984542847, 0.5679800510406494, 0.5855118632316589]}, "_wandb": {"runtime": 195}}