{"loss": 0.005718552507460117, "_timestamp": 1739367882.3536181, "_runtime": 135.64208316802979, "_step": 404, "params/['params']['last']['bias']": {"_type": "histogram", "values": [1, 0, 0, 0, 0, 0, 0, 0, 0, 0, 0, 0, 0, 0, 0, 0, 0, 0, 0, 0, 0, 0, 0, 0, 0, 0, 0, 0, 0, 0, 0, 0, 0, 0, 0, 0, 0, 0, 0, 0, 0, 0, 0, 0, 0, 0, 0, 0, 0, 0, 0, 0, 0, 0, 0, 0, 0, 0, 0, 0, 0, 0, 0, 1], "bins": [0.0, 0.008255471475422382, 0.016510942950844765, 0.02476641535758972, 0.03302188590168953, 0.04127735644578934, 0.04953283071517944, 0.05778830125927925, 0.06604377180337906, 0.07429924607276917, 0.08255471289157867, 0.09081018716096878, 0.09906566143035889, 0.1073211282491684, 0.1155766025185585, 0.12383206933736801, 0.13208754360675812, 0.14034301042556763, 0.14859849214553833, 0.15685395896434784, 0.16510942578315735, 0.17336490750312805, 0.18162037432193756, 0.18987584114074707, 0.19813132286071777, 0.20638678967952728, 0.2146422564983368, 0.2228977233171463, 0.231153205037117, 0.2394086718559265, 0.24766413867473602, 0.25591960549354553, 0.26417508721351624, 0.27243056893348694, 0.28068602085113525, 0.28894150257110596, 0.29719698429107666, 0.305452436208725, 0.3137079179286957, 0.3219633996486664, 0.3302188515663147, 0.3384743332862854, 0.3467298150062561, 0.3549852669239044, 0.3632407486438751, 0.3714962303638458, 0.37975168228149414, 0.38800716400146484, 0.39626264572143555, 0.40451809763908386, 0.41277357935905457, 0.4210290312767029, 0.4292845129966736, 0.4375399947166443, 0.4457954466342926, 0.4540509283542633, 0.462306410074234, 0.4705618619918823, 0.478817343711853, 0.48707282543182373, 0.49532827734947205, 0.5035837888717651, 0.5118392109870911, 0.5200946927070618, 0.5283501744270325]}, "params/['params']['last']['kernel']": {"_type": "histogram", "values": [1, 0, 0, 0, 0, 0, 0, 0, 0, 0, 0, 0, 0, 0, 0, 0, 0, 0, 0, 0, 0, 0, 0, 0, 0, 0, 0, 0, 0, 0, 0, 0, 0, 26, 0, 0, 0, 0, 0, 0, 0, 0, 0, 0, 0, 0, 0, 0, 0, 0, 0, 0, 0, 0, 0, 0, 0, 0, 0, 0, 0, 0, 2, 1], "bins": [-0.1792149692773819, -0.17385469377040863, -0.16849443316459656, -0.1631341576576233, -0.15777389705181122, -0.15241362154483795, -0.14705336093902588, -0.1416930854320526, -0.13633280992507935, -0.13097254931926727, -0.1256122887134552, -0.12025201320648193, -0.11489173769950867, -0.109531469643116, -0.10417120158672333, -0.09881093353033066, -0.09345066547393799, -0.08809039741754532, -0.08273012936115265, -0.07736986130475998, -0.07200959324836731, -0.06664931774139404, -0.06128904968500137, -0.055928781628608704, -0.05056850612163544, -0.045208245515823364, -0.0398479700088501, -0.034487709403038025, -0.02912743389606476, -0.023767173290252686, -0.01840689778327942, -0.013046637177467346, -0.00768636167049408, -0.002326086163520813, 0.0030341744422912598, 0.008394449949264526, 0.013754710555076599, 0.019114986062049866, 0.02447524666786194, 0.029835522174835205, 0.03519578278064728, 0.040556058287620544, 0.04591633379459381, 0.051276594400405884, 0.05663686990737915, 0.06199713051319122, 0.06735740602016449, 0.07271768152713776, 0.07807795703411102, 0.0834382027387619, 0.08879847824573517, 0.09415875375270844, 0.0995190292596817, 0.10487927496433258, 0.11023955047130585, 0.11559982597827911, 0.12096010148525238, 0.12632037699222565, 0.13168062269687653, 0.1370408982038498, 0.14240117371082306, 0.14776144921779633, 0.1531216949224472, 0.15848197042942047, 0.16384224593639374]}, "params/['params']['layers_0']['linear_layer']['bias']": {"_type": "histogram", "values": [0, 0, 0, 0, 0, 0, 0, 0, 0, 0, 0, 0, 0, 0, 0, 0, 0, 0, 0, 0, 0, 0, 0, 0, 0, 0, 0, 0, 0, 0, 0, 0, 18, 0, 0, 0, 0, 0, 0, 0, 0, 0, 0, 0, 0, 0, 0, 0, 0, 0, 0, 0, 0, 0, 0, 0, 0, 0, 0, 0, 0, 0, 0, 0], "bins": [-0.5, -0.484375, -0.46875, -0.453125, -0.4375, -0.421875, -0.40625, -0.390625, -0.375, -0.359375, -0.34375, -0.328125, -0.3125, -0.296875, -0.28125, -0.265625, -0.25, -0.234375, -0.21875, -0.203125, -0.1875, -0.171875, -0.15625, -0.140625, -0.125, -0.109375, -0.09375, -0.078125, -0.0625, -0.046875, -0.03125, -0.015625, 0.0, 0.015625, 0.03125, 0.046875, 0.0625, 0.078125, 0.09375, 0.109375, 0.125, 0.140625, 0.15625, 0.171875, 0.1875, 0.203125, 0.21875, 0.234375, 0.25, 0.265625, 0.28125, 0.296875, 0.3125, 0.328125, 0.34375, 0.359375, 0.375, 0.390625, 0.40625, 0.421875, 0.4375, 0.453125, 0.46875, 0.484375, 0.5]}, "params/['params']['layers_0']['linear_layer']['kernel']": {"_type": "histogram", "values": [1, 0, 0, 0, 0, 0, 0, 0, 0, 0, 0, 0, 0, 0, 68, 1, 0, 0, 0, 0, 0, 0, 0, 0, 0, 0, 0, 0, 0, 0, 0, 0, 0, 0, 0, 0, 0, 0, 0, 0, 0, 0, 0, 0, 0, 0, 0, 0, 0, 0, 0, 0, 0, 0, 0, 1, 0, 0, 0, 0, 0, 0, 0, 1], "bins": [-0.5319342017173767, -0.4959811568260193, -0.46002814173698425, -0.4240751266479492, -0.3881220817565918, -0.3521690368652344, -0.31621602177619934, -0.2802630066871643, -0.24430996179580688, -0.20835691690444946, -0.17240390181541443, -0.1364508867263794, -0.10049784183502197, -0.06454479694366455, -0.028591811656951904, 0.007361233234405518, 0.04331427812576294, 0.07926732301712036, 0.11522036790847778, 0.15117335319519043, 0.18712639808654785, 0.22307944297790527, 0.2590324282646179, 0.29498547315597534, 0.33093851804733276, 0.3668915629386902, 0.4028446078300476, 0.43879759311676025, 0.4747505784034729, 0.5107036232948303, 0.5466566681861877, 0.5826097130775452, 0.6185627579689026, 0.65451580286026, 0.6904688477516174, 0.7264218926429749, 0.7623749375343323, 0.7983278632164001, 0.8342809081077576, 0.870233952999115, 0.9061869978904724, 0.9421400427818298, 0.9780930876731873, 1.0140461921691895, 1.0499989986419678, 1.0859520435333252, 1.1219050884246826, 1.15785813331604, 1.1938111782073975, 1.2297642230987549, 1.2657172679901123, 1.3016703128814697, 1.3376233577728271, 1.3735764026641846, 1.409529447555542, 1.4454824924468994, 1.4814352989196777, 1.5173883438110352, 1.5533413887023926, 1.58929443359375, 1.6252474784851074, 1.6612005233764648, 1.6971535682678223, 1.7331066131591797, 1.7690597772598267]}, "params/['params']['layers_1']['linear_layer']['bias']": {"_type": "histogram", "values": [0, 0, 0, 0, 0, 0, 0, 0, 0, 0, 0, 0, 0, 0, 0, 0, 0, 0, 0, 0, 0, 0, 0, 0, 0, 0, 0, 0, 0, 0, 0, 0, 18, 0, 0, 0, 0, 0, 0, 0, 0, 0, 0, 0, 0, 0, 0, 0, 0, 0, 0, 0, 0, 0, 0, 0, 0, 0, 0, 0, 0, 0, 0, 0], "bins": [-0.5, -0.484375, -0.46875, -0.453125, -0.4375, -0.421875, -0.40625, -0.390625, -0.375, -0.359375, -0.34375, -0.328125, -0.3125, -0.296875, -0.28125, -0.265625, -0.25, -0.234375, -0.21875, -0.203125, -0.1875, -0.171875, -0.15625, -0.140625, -0.125, -0.109375, -0.09375, -0.078125, -0.0625, -0.046875, -0.03125, -0.015625, 0.0, 0.015625, 0.03125, 0.046875, 0.0625, 0.078125, 0.09375, 0.109375, 0.125, 0.140625, 0.15625, 0.171875, 0.1875, 0.203125, 0.21875, 0.234375, 0.25, 0.265625, 0.28125, 0.296875, 0.3125, 0.328125, 0.34375, 0.359375, 0.375, 0.390625, 0.40625, 0.421875, 0.4375, 0.453125, 0.46875, 0.484375, 0.5]}, "params/['params']['layers_1']['linear_layer']['kernel']": {"_type": "histogram", "values": [1, 0, 0, 0, 0, 0, 0, 0, 0, 0, 0, 0, 0, 0, 0, 1, 1, 1, 0, 0, 0, 0, 0, 0, 0, 1, 0, 0, 0, 0, 260, 0, 0, 1, 0, 0, 0, 0, 0, 1, 0, 0, 0, 0, 0, 0, 0, 0, 0, 1, 0, 0, 1, 0, 0, 0, 0, 0, 0, 0, 0, 0, 0, 1],