{"loss": 0.00013009918620809913, "_timestamp": 1739988771.5255322, "_runtime": 149.52028131484985, "_step": 2793, "params/['params']['last']['bias']": {"_type": "histogram", "values": [1, 0, 0, 0, 0, 0, 0, 0, 0, 0, 0, 0, 0, 0, 0, 0, 0, 0, 0, 0, 0, 0, 0, 0, 0, 0, 0, 0, 0, 0, 0, 0, 0, 0, 0, 0, 0, 0, 0, 0, 0, 0, 0, 0, 0, 0, 0, 0, 0, 0, 0, 0, 0, 0, 0, 0, 0, 0, 0, 0, 0, 0, 0, 1], "bins": [0.0, 0.013087479397654533, 0.026174958795309067, 0.03926243633031845, 0.052349917590618134, 0.06543739885091782, 0.0785248726606369, 0.09161235392093658, 0.10469983518123627, 0.11778731644153595, 0.13087479770183563, 0.14396227896213531, 0.1570497453212738, 0.1701372265815735, 0.18322470784187317, 0.19631218910217285, 0.20939967036247253, 0.22248715162277222, 0.2355746328830719, 0.24866211414337158, 0.26174959540367126, 0.27483707666397095, 0.28792455792427063, 0.3010120391845703, 0.3140994906425476, 0.3271869719028473, 0.340274453163147, 0.35336193442344666, 0.36644941568374634, 0.379536896944046, 0.3926243782043457, 0.4057118594646454, 0.41879934072494507, 0.43188682198524475, 0.44497430324554443, 0.4580617845058441, 0.4711492657661438, 0.4842367470264435, 0.49732422828674316, 0.5104116797447205, 0.5234991908073425, 0.5365866422653198, 0.5496741533279419, 0.5627616047859192, 0.5758491158485413, 0.5889365673065186, 0.6020240783691406, 0.6151115298271179, 0.6281989812850952, 0.6412864923477173, 0.6543739438056946, 0.6674614548683167, 0.680548906326294, 0.693636417388916, 0.7067238688468933, 0.7198113799095154, 0.7328988313674927, 0.7459863424301147, 0.759073793888092, 0.7721613049507141, 0.7852487564086914, 0.7983362674713135, 0.8114237189292908, 0.8245112299919128, 0.8375986814498901]}, "params/['params']['last']['kernel']": {"_type": "histogram", "values": [1, 0, 0, 0, 0, 0, 0, 0, 0, 0, 0, 0, 0, 0, 0, 0, 0, 0, 0, 0, 0, 0, 0, 0, 0, 0, 0, 0, 0, 0, 0, 0, 0, 0, 0, 0, 0, 0, 1, 0, 0, 0, 0, 0, 0, 0, 0, 0, 0, 0, 0, 0, 0, 0, 0, 0, 0, 1, 1, 22, 2, 0, 0, 2], "bins": [-0.44216832518577576, -0.4347518980503082, -0.4273354411125183, -0.4199190139770508, -0.41250255703926086, -0.40508612990379333, -0.3976696729660034, -0.3902532458305359, -0.38283681869506836, -0.37542036175727844, -0.3680039048194885, -0.360587477684021, -0.35317105054855347, -0.34575459361076355, -0.338338166475296, -0.3309217095375061, -0.3235052824020386, -0.31608885526657104, -0.30867239832878113, -0.3012559413909912, -0.2938395142555237, -0.28642308712005615, -0.2790066599845886, -0.2715902030467987, -0.2641737461090088, -0.25675731897354126, -0.24934087693691254, -0.2419244349002838, -0.23450800776481628, -0.22709156572818756, -0.21967512369155884, -0.21225868165493011, -0.2048422396183014, -0.19742579758167267, -0.19000935554504395, -0.18259292840957642, -0.1751764714717865, -0.16776004433631897, -0.16034358739852905, -0.15292716026306152, -0.1455107033252716, -0.13809427618980408, -0.13067784905433655, -0.12326139211654663, -0.1158449649810791, -0.10842850804328918, -0.10101208090782166, -0.09359562397003174, -0.08617919683456421, -0.07876276969909668, -0.07134631276130676, -0.06392988562583923, -0.056513428688049316, -0.04909700155258179, -0.04168054461479187, -0.03426411747932434, -0.02684769034385681, -0.019431233406066895, -0.012014806270599365, -0.004598349332809448, 0.002818077802658081, 0.010234534740447998, 0.017650961875915527, 0.025067418813705444, 0.03248383849859238]}, "params/['params']['layers_0']['linear_layer']['bias']": {"_type": "histogram", "values": [0, 0, 0, 0, 0, 0, 0, 0, 0, 0, 0, 0, 0, 0, 0, 0, 0, 0, 0, 0, 0, 0, 0, 0, 0, 0, 0, 0, 0, 0, 0, 0, 18, 0, 0, 0, 0, 0, 0, 0, 0, 0, 0, 0, 0, 0, 0, 0, 0, 0, 0, 0, 0, 0, 0, 0, 0, 0, 0, 0, 0, 0, 0, 0], "bins": [-0.5, -0.484375, -0.46875, -0.453125, -0.4375, -0.421875, -0.40625, -0.390625, -0.375, -0.359375, -0.34375, -0.328125, -0.3125, -0.296875, -0.28125, -0.265625, -0.25, -0.234375, -0.21875, -0.203125, -0.1875, -0.171875, -0.15625, -0.140625, -0.125, -0.109375, -0.09375, -0.078125, -0.0625, -0.046875, -0.03125, -0.015625, 0.0, 0.015625, 0.03125, 0.046875, 0.0625, 0.078125, 0.09375, 0.109375, 0.125, 0.140625, 0.15625, 0.171875, 0.1875, 0.203125, 0.21875, 0.234375, 0.25, 0.265625, 0.28125, 0.296875, 0.3125, 0.328125, 0.34375, 0.359375, 0.375, 0.390625, 0.40625, 0.421875, 0.4375, 0.453125, 0.46875, 0.484375, 0.5]}, "params/['params']['layers_0']['linear_layer']['kernel']": {"_type": "histogram", "values": [1, 0, 0, 0, 0, 0, 0, 0, 0, 0, 2, 0, 0, 0, 0, 0, 0, 0, 0, 0, 0, 0, 0, 0, 0, 0, 0, 1, 1, 0, 0, 0, 0, 28, 0, 0, 0, 0, 0, 0, 0, 0, 1, 0, 0, 1, 0, 0, 0, 0, 0, 0, 0, 0, 0, 0, 0, 0, 0, 0, 0, 0, 0, 1], "bins": [-0.5425413250923157, -0.5265783071517944, -0.510615348815918, -0.4946523606777191, -0.47868937253952026, -0.462726354598999, -0.44676336646080017, -0.4308003783226013, -0.41483739018440247, -0.3988744020462036, -0.38291141390800476, -0.3669484257698059, -0.35098540782928467, -0.3350224494934082, -0.31905943155288696, -0.3030964434146881, -0.28713345527648926, -0.2711704671382904, -0.25520747900009155, -0.2392444908618927, -0.22328150272369385, -0.2073184847831726, -0.19135549664497375, -0.1753925085067749, -0.15942952036857605, -0.1434665322303772, -0.12750354409217834, -0.11154055595397949, -0.09557753801345825, -0.0796145498752594, -0.06365156173706055, -0.047688573598861694, -0.03172558546066284, -0.0157625675201416, 0.00020039081573486328, 0.016163408756256104, 0.03212636709213257, 0.04808938503265381, 0.06405234336853027, 0.08001536130905151, 0.09597831964492798, 0.11194133758544922, 0.12790435552597046, 0.14386731386184692, 0.15983033180236816, 0.17579329013824463, 0.19175630807876587, 0.20771926641464233, 0.22368228435516357, 0.23964530229568481, 0.2556082606315613, 0.2715712785720825, 0.287534236907959, 0.3034972548484802, 0.3194602131843567, 0.33542323112487793, 0.35138624906539917, 0.36734920740127563, 0.3833122253417969, 0.39927518367767334, 0.4152382016181946, 0.43120115995407104, 0.4471641778945923, 0.4631271958351135, 0.47909021377563477]}, "params/['params']['layers_1']['linear_layer']['bias']": {"_type": "histogram", "values": [1, 0, 0, 0, 0, 0, 0, 0, 0, 0, 0, 0, 0, 0, 0, 0, 0, 0, 0, 0, 0, 0, 0, 0, 0, 0, 0, 0, 0, 0, 0, 0, 0, 0, 0, 0, 0, 0, 0, 0, 0, 0, 0, 0, 0, 0, 0, 0, 0, 0, 0, 0, 0, 0, 0, 0, 0, 0, 0, 0, 0, 0, 0, 17], "bins": [-0.001425385125912726, -0.0014031134778633714, -0.0013808418298140168, -0.0013585701817646623, -0.0013362985337153077, -0.0013140268856659532, -0.0012917552376165986, -0.001269483589567244, -0.0012472119415178895, -0.001224940293468535, -0.0012026687618345022, -0.0011803971137851477, -0.0011581254657357931, -0.0011358538176864386, -0.001113582169637084, -0.0010913105215877295, -0.001069038873538375, -0.0010467672254890203, -0.0010244955774396658, -0.0010022239293903112, -0.0009799522813409567, -0.0009576806332916021, -0.0009354089852422476, -0.000913137337192893, -0.0008908656891435385, -0.0008685940410941839, -0.0008463223930448294, -0.0008240508032031357, -0.0008017791551537812, -0.0007795075071044266, -0.0007572358590550721, -0.0007349642110057175, -0.000712692562956363, -0.0006904209149070084, -0.0006681492668576539, -0.0006458776188082993, -0.0006236059707589447, -0.0006013343227095902, -0.0005790627328678966, -0.000556791084818542, -0.0005345194367691875, -0.0005122477887198329, -0.0004899761406704783, -0.0004677044926211238, -0.00044543284457176924, -0.0004231611965224147, -0.00040088954847306013, -0.0003786179004237056, -0.000356346252374351, -0.00033407460432499647, -0.0003118029562756419, -0.00028953130822628736, -0.0002672596601769328, -0.00024498801212757826, -0.00022271648049354553, -0.00020044483244419098, -0.00017817318439483643, -0.00015590153634548187, -0.00013362988829612732, -0.00011135824024677277, -8.908659219741821e-05, -6.681494414806366e-05, -4.4543296098709106e-05, -2.2271648049354553e-05, 0.0]}, "params/['params']['layers_1']['linear_layer']['kernel']": {"_type": "histogram",