{"loss": 0.0008582311565987766, "_timestamp": 1739969397.866025, "_runtime": 166.28400492668152, "_step": 2793, "params/['params']['last']['bias']": {"_type": "histogram", "values": [1, 0, 0, 0, 0, 0, 0, 0, 0, 0, 0, 0, 0, 0, 0, 0, 0, 0, 0, 0, 0, 0, 0, 0, 0, 0, 0, 0, 0, 0, 0, 0, 0, 0, 0, 0, 0, 0, 0, 0, 0, 0, 0, 0, 0, 0, 0, 0, 0, 0, 0, 0, 0, 0, 0, 0, 0, 0, 0, 0, 0, 0, 0, 1], "bins": [0.0, 0.008242623880505562, 0.016485247761011124, 0.024727871641516685, 0.03297049552202225, 0.04121311753988266, 0.04945574328303337, 0.05769836902618408, 0.0659409910440445, 0.07418361306190491, 0.08242623507976532, 0.09066886454820633, 0.09891148656606674, 0.10715410858392715, 0.11539673805236816, 0.12363936007022858, 0.131881982088089, 0.1401246041059494, 0.14836722612380981, 0.15660984814167023, 0.16485247015953064, 0.17309510707855225, 0.18133772909641266, 0.18958035111427307, 0.19782297313213348, 0.2060655951499939, 0.2143082171678543, 0.22255083918571472, 0.23079347610473633, 0.23903609812259674, 0.24727872014045715, 0.25552132725715637, 0.263763964176178, 0.2720066010951996, 0.2802492082118988, 0.2884918451309204, 0.29673445224761963, 0.30497708916664124, 0.31321969628334045, 0.32146233320236206, 0.3297049403190613, 0.3379475772380829, 0.3461902141571045, 0.3544328212738037, 0.3626754581928253, 0.37091806530952454, 0.37916070222854614, 0.38740330934524536, 0.39564594626426697, 0.4038885831832886, 0.4121311902999878, 0.4203738272190094, 0.4286164343357086, 0.4368590712547302, 0.44510167837142944, 0.45334431529045105, 0.46158695220947266, 0.4698295593261719, 0.4780721962451935, 0.4863148033618927, 0.4945574402809143, 0.5028000473976135, 0.5110426545143127, 0.5192853212356567, 0.527527928352356]}, "params/['params']['last']['kernel']": {"_type": "histogram", "values": [1, 0, 0, 0, 0, 0, 0, 0, 0, 0, 0, 0, 0, 0, 0, 0, 0, 0, 0, 0, 0, 0, 0, 0, 0, 0, 28, 0, 0, 0, 0, 0, 0, 0, 0, 0, 0, 0, 0, 0, 0, 0, 0, 0, 0, 0, 0, 0, 0, 0, 0, 0, 0, 0, 0, 0, 0, 0, 0, 0, 0, 0, 0, 1], "bins": [-0.20093658566474915, -0.19325080513954163, -0.1855650395154953, -0.17787925899028778, -0.17019347846508026, -0.16250771284103394, -0.15482193231582642, -0.1471361517906189, -0.13945037126541138, -0.13176460564136505, -0.12407882511615753, -0.11639305204153061, -0.10870727896690369, -0.10102149844169617, -0.09333572536706924, -0.08564994484186172, -0.0779641717672348, -0.07027839124202728, -0.06259262561798096, -0.05490684509277344, -0.04722106456756592, -0.03953529894351959, -0.03184951841831207, -0.024163737893104553, -0.016477972269058228, -0.008792191743850708, -0.0011064112186431885, 0.006579369306564331, 0.014265134930610657, 0.021950915455818176, 0.029636695981025696, 0.03732246160507202, 0.04500824213027954, 0.05269402265548706, 0.06037980318069458, 0.0680655837059021, 0.07575133442878723, 0.08343711495399475, 0.09112289547920227, 0.09880867600440979, 0.10649445652961731, 0.11418023705482483, 0.12186598777770996, 0.12955176830291748, 0.137237548828125, 0.14492332935333252, 0.15260910987854004, 0.16029489040374756, 0.1679806411266327, 0.1756664216518402, 0.18335220217704773, 0.19103798270225525, 0.19872376322746277, 0.2064095437526703, 0.2140953242778778, 0.22178107500076294, 0.22946685552597046, 0.23715263605117798, 0.2448384165763855, 0.252524197101593, 0.26020997762680054, 0.26789572834968567, 0.2755815088748932, 0.2832672894001007, 0.2909530699253082]}, "params/['params']['layers_0']['linear_layer']['bias']": {"_type": "histogram", "values": [0, 0, 0, 0, 0, 0, 0, 0, 0, 0, 0, 0, 0, 0, 0, 0, 0, 0, 0, 0, 0, 0, 0, 0, 0, 0, 0, 0, 0, 0, 0, 0, 18, 0, 0, 0, 0, 0, 0, 0, 0, 0, 0, 0, 0, 0, 0, 0, 0, 0, 0, 0, 0, 0, 0, 0, 0, 0, 0, 0, 0, 0, 0, 0], "bins": [-0.5, -0.484375, -0.46875, -0.453125, -0.4375, -0.421875, -0.40625, -0.390625, -0.375, -0.359375, -0.34375, -0.328125, -0.3125, -0.296875, -0.28125, -0.265625, -0.25, -0.234375, -0.21875, -0.203125, -0.1875, -0.171875, -0.15625, -0.140625, -0.125, -0.109375, -0.09375, -0.078125, -0.0625, -0.046875, -0.03125, -0.015625, 0.0, 0.015625, 0.03125, 0.046875, 0.0625, 0.078125, 0.09375, 0.109375, 0.125, 0.140625, 0.15625, 0.171875, 0.1875, 0.203125, 0.21875, 0.234375, 0.25, 0.265625, 0.28125, 0.296875, 0.3125, 0.328125, 0.34375, 0.359375, 0.375, 0.390625, 0.40625, 0.421875, 0.4375, 0.453125, 0.46875, 0.484375, 0.5]}, "params/['params']['layers_0']['linear_layer']['kernel']": {"_type": "histogram", "values": [2, 0, 0, 1, 0, 0, 1, 0, 0, 0, 0, 0, 0, 0, 0, 0, 0, 0, 0, 0, 0, 0, 0, 0, 0, 66, 0, 0, 0, 0, 0, 0, 0, 0, 0, 0, 0, 0, 0, 0, 0, 0, 0, 1, 0, 0, 0, 0, 0, 0, 0, 0, 0, 0, 0, 0, 0, 0, 0, 0, 0, 0, 0, 1], "bins": [-0.8511798977851868, -0.8172681331634521, -0.7833564281463623, -0.7494446635246277, -0.7155328989028931, -0.6816211938858032, -0.6477094292640686, -0.613797664642334, -0.5798859596252441, -0.5459742546081543, -0.5120624899864197, -0.47815072536468506, -0.4442389905452728, -0.4103272557258606, -0.376415491104126, -0.34250378608703613, -0.3085920214653015, -0.2746802568435669, -0.24076855182647705, -0.20685678720474243, -0.1729450821876526, -0.13903331756591797, -0.10512155294418335, -0.0712098479270935, -0.03729808330535889, -0.0033863186836242676, 0.030525386333465576, 0.0644371509552002, 0.09834891557693481, 0.13226062059402466, 0.1661723256111145, 0.2000841498374939, 0.23399585485458374, 0.2679075598716736, 0.301819384098053, 0.3357310891151428, 0.36964279413223267, 0.40355461835861206, 0.4374663233757019, 0.47137802839279175, 0.5052897334098816, 0.539201557636261, 0.5731132626533508, 0.6070249676704407, 0.6409367918968201, 0.6748484969139099, 0.7087602019309998, 0.7426720261573792, 0.776583731174469, 0.8104954361915588, 0.8444072604179382, 0.8783189654350281, 0.9122306704521179, 0.9461424946784973, 0.9800541996955872, 1.0139658451080322, 1.0478777885437012, 1.081789493560791, 1.1157011985778809, 1.1496129035949707, 1.1835246086120605, 1.2174365520477295, 1.2513482570648193, 1.2852599620819092, 1.319171667098999]}, "params/['params']['layers_1']['linear_layer']['bias']": {"_type": "histogram", "values": [0, 0, 0, 0, 0, 0, 0, 0, 0, 0, 0, 0, 0, 0, 0, 0, 0, 0, 0, 0, 0, 0, 0, 0, 0, 0, 0, 0, 0, 0, 0, 0, 18, 0, 0, 0, 0, 0, 0, 0, 0, 0, 0, 0, 0, 0, 0, 0, 0, 0, 0, 0, 0, 0, 0, 0, 0, 0, 0, 0, 0, 0, 0, 0], "bins": [-0.5, -0.484375, -0.46875, -0.453125, -0.4375, -0.421875, -0.40625, -0.390625, -0.375, -0.359375, -0.34375, -0.328125, -0.3125, -0.296875, -0.28125, -0.265625, -0.25, -0.234375, -0.21875, -0.203125, -0.1875, -0.171875, -0.15625, -0.140625, -0.125, -0.109375, -0.09375, -0.078125, -0.0625, -0.046875, -0.03125, -0.015625, 0.0, 0.015625, 0.03125, 0.046875, 0.0625, 0.078125, 0.09375, 0.109375, 0.125, 0.140625, 0.15625, 0.171875, 0.1875, 0.203125, 0.21875, 0.234375, 0.25, 0.265625, 0.28125, 0.296875, 0.3125, 0.328125, 0.34375, 0.359375, 0.375, 0.390625, 0.40625, 0.421875, 0.4375, 0.453125, 0.46875, 0.484375, 0.5]}, "params/['params']['layers_1']['linear_layer']['kernel']": {"_type": "histogram", "values": [1, 0, 0, 0, 0, 0, 0, 0, 1, 0, 0, 0, 0, 0, 1, 0, 0, 0, 1, 0, 0, 0, 0, 0, 0, 0, 0, 0, 0, 0, 0, 1, 0, 1, 0, 0, 1, 0, 0, 0, 0, 0, 0, 0, 0, 0, 1, 0, 258, 0, 0, 1, 1, 0, 0, 0, 0, 0, 0, 0, 1, 0, 0, 1],