{"loss": 0.004168798681348562, "_timestamp": 1739374250.6748624, "_runtime": 164.31116127967834, "_step": 404, "params/['params']['last']['bias']": {"_type": "histogram", "values": [1, 0, 0, 0, 0, 0, 0, 0, 0, 0, 0, 0, 0, 0, 0, 0, 0, 0, 0, 0, 0, 0, 0, 0, 0, 0, 0, 0, 0, 0, 0, 0, 0, 0, 0, 0, 0, 0, 0, 0, 0, 0, 0, 0, 0, 0, 0, 0, 0, 0, 0, 0, 0, 0, 0, 0, 0, 0, 0, 0, 0, 0, 0, 1], "bins": [0.0, 0.008291174657642841, 0.016582349315285683, 0.0248735249042511, 0.033164698630571365, 0.04145587235689163, 0.0497470498085022, 0.058038223534822464, 0.06632939726114273, 0.0746205747127533, 0.08291174471378326, 0.09120292216539383, 0.0994940996170044, 0.10778526961803436, 0.11607644706964493, 0.1243676170706749, 0.13265879452228546, 0.14094996452331543, 0.1492411494255066, 0.15753231942653656, 0.16582348942756653, 0.1741146743297577, 0.18240584433078766, 0.19069701433181763, 0.1989881992340088, 0.20727936923503876, 0.21557053923606873, 0.2238617092370987, 0.23215289413928986, 0.24044406414031982, 0.2487352341413498, 0.25702640414237976, 0.2653175890445709, 0.2736087739467621, 0.28189992904663086, 0.290191113948822, 0.2984822988510132, 0.30677345395088196, 0.3150646388530731, 0.3233558237552643, 0.33164697885513306, 0.3399381637573242, 0.3482293486595154, 0.35652050375938416, 0.3648116886615753, 0.3731028735637665, 0.38139402866363525, 0.3896852135658264, 0.3979763984680176, 0.40626755356788635, 0.4145587384700775, 0.4228498935699463, 0.43114107847213745, 0.4394322633743286, 0.4477234184741974, 0.45601460337638855, 0.4643057882785797, 0.4725969433784485, 0.48088812828063965, 0.4891793131828308, 0.4974704682826996, 0.5057616829872131, 0.5140528082847595, 0.5223439931869507, 0.5306351780891418]}, "params/['params']['last']['kernel']": {"_type": "histogram", "values": [28, 0, 0, 0, 0, 0, 0, 0, 0, 0, 0, 0, 0, 0, 0, 0, 0, 0, 0, 0, 0, 0, 0, 0, 0, 0, 0, 0, 0, 0, 0, 0, 0, 0, 0, 0, 0, 0, 0, 0, 0, 0, 0, 0, 0, 0, 0, 0, 0, 0, 0, 0, 0, 0, 0, 0, 0, 0, 0, 0, 0, 0, 1, 1], "bins": [0.0, 0.004901696927845478, 0.009803393855690956, 0.014705090783536434, 0.019606787711381912, 0.024508483707904816, 0.02941018156707287, 0.03431187942624092, 0.039213575422763824, 0.04411527141928673, 0.04901696741580963, 0.05391866713762283, 0.05882036313414574, 0.06372205913066864, 0.06862375885248184, 0.07352545112371445, 0.07842715084552765, 0.08332885056734085, 0.08823054283857346, 0.09313224256038666, 0.09803393483161926, 0.10293563455343246, 0.10783733427524567, 0.11273902654647827, 0.11764072626829147, 0.12254242599010468, 0.12744411826133728, 0.13234581053256989, 0.13724751770496368, 0.1421492099761963, 0.1470509022474289, 0.1519526094198227, 0.1568543016910553, 0.1617559939622879, 0.1666577011346817, 0.1715593934059143, 0.1764610856771469, 0.1813627928495407, 0.18626448512077332, 0.19116617739200592, 0.19606786966323853, 0.20096957683563232, 0.20587126910686493, 0.21077296137809753, 0.21567466855049133, 0.22057636082172394, 0.22547805309295654, 0.23037976026535034, 0.23528145253658295, 0.24018314480781555, 0.24508485198020935, 0.24998654425144196, 0.25488823652267456, 0.25978994369506836, 0.26469162106513977, 0.26959332823753357, 0.27449503540992737, 0.2793967127799988, 0.2842984199523926, 0.2892001271247864, 0.2941018044948578, 0.2990035116672516, 0.3039052188396454, 0.3088068962097168, 0.3137086033821106]}, "params/['params']['layers_0']['linear_layer']['bias']": {"_type": "histogram", "values": [0, 0, 0, 0, 0, 0, 0, 0, 0, 0, 0, 0, 0, 0, 0, 0, 0, 0, 0, 0, 0, 0, 0, 0, 0, 0, 0, 0, 0, 0, 0, 0, 18, 0, 0, 0, 0, 0, 0, 0, 0, 0, 0, 0, 0, 0, 0, 0, 0, 0, 0, 0, 0, 0, 0, 0, 0, 0, 0, 0, 0, 0, 0, 0], "bins": [-0.5, -0.484375, -0.46875, -0.453125, -0.4375, -0.421875, -0.40625, -0.390625, -0.375, -0.359375, -0.34375, -0.328125, -0.3125, -0.296875, -0.28125, -0.265625, -0.25, -0.234375, -0.21875, -0.203125, -0.1875, -0.171875, -0.15625, -0.140625, -0.125, -0.109375, -0.09375, -0.078125, -0.0625, -0.046875, -0.03125, -0.015625, 0.0, 0.015625, 0.03125, 0.046875, 0.0625, 0.078125, 0.09375, 0.109375, 0.125, 0.140625, 0.15625, 0.171875, 0.1875, 0.203125, 0.21875, 0.234375, 0.25, 0.265625, 0.28125, 0.296875, 0.3125, 0.328125, 0.34375, 0.359375, 0.375, 0.390625, 0.40625, 0.421875, 0.4375, 0.453125, 0.46875, 0.484375, 0.5]}, "params/['params']['layers_0']['linear_layer']['kernel']": {"_type": "histogram", "values": [1, 0, 0, 0, 0, 0, 0, 0, 0, 0, 0, 0, 0, 0, 0, 0, 0, 0, 0, 0, 0, 0, 0, 0, 0, 0, 0, 0, 0, 0, 0, 68, 0, 0, 0, 0, 0, 0, 0, 0, 0, 0, 0, 0, 0, 0, 0, 0, 0, 0, 0, 0, 1, 0, 0, 0, 0, 0, 0, 0, 0, 0, 0, 2], "bins": [-0.9186112880706787, -0.8894115686416626, -0.8602118492126465, -0.8310121297836304, -0.8018124103546143, -0.7726126909255981, -0.743412971496582, -0.7142132520675659, -0.6850135326385498, -0.6558138132095337, -0.6266140937805176, -0.5974143743515015, -0.5682146549224854, -0.5390149354934692, -0.5098152160644531, -0.480615496635437, -0.4514157772064209, -0.4222160577774048, -0.39301633834838867, -0.36381661891937256, -0.33461689949035645, -0.30541718006134033, -0.2762174606323242, -0.2470177412033081, -0.217818021774292, -0.18861830234527588, -0.15941858291625977, -0.13021886348724365, -0.10101914405822754, -0.07181942462921143, -0.04261970520019531, -0.0134199857711792, 0.015779733657836914, 0.04497945308685303, 0.07417917251586914, 0.10337889194488525, 0.13257861137390137, 0.16177833080291748, 0.1909780502319336, 0.2201777696609497, 0.24937748908996582, 0.27857720851898193, 0.30777692794799805, 0.33697664737701416, 0.3661763668060303, 0.3953760862350464, 0.4245758056640625, 0.4537755250930786, 0.4829752445220947, 0.5121749639511108, 0.541374683380127, 0.5705744028091431, 0.5997741222381592, 0.6289738416671753, 0.6581735610961914, 0.6873732805252075, 0.7165729999542236, 0.7457727193832397, 0.7749724388122559, 0.804172158241272, 0.8333718776702881, 0.8625715970993042, 0.8917713165283203, 0.9209710359573364, 0.9501706957817078]}, "params/['params']['layers_1']['linear_layer']['bias']": {"_type": "histogram", "values": [0, 0, 0, 0, 0, 0, 0, 0, 0, 0, 0, 0, 0, 0, 0, 0, 0, 0, 0, 0, 0, 0, 0, 0, 0, 0, 0, 0, 0, 0, 0, 0, 18, 0, 0, 0, 0, 0, 0, 0, 0, 0, 0, 0, 0, 0, 0, 0, 0, 0, 0, 0, 0, 0, 0, 0, 0, 0, 0, 0, 0, 0, 0, 0], "bins": [-0.5, -0.484375, -0.46875, -0.453125, -0.4375, -0.421875, -0.40625, -0.390625, -0.375, -0.359375, -0.34375, -0.328125, -0.3125, -0.296875, -0.28125, -0.265625, -0.25, -0.234375, -0.21875, -0.203125, -0.1875, -0.171875, -0.15625, -0.140625, -0.125, -0.109375, -0.09375, -0.078125, -0.0625, -0.046875, -0.03125, -0.015625, 0.0, 0.015625, 0.03125, 0.046875, 0.0625, 0.078125, 0.09375, 0.109375, 0.125, 0.140625, 0.15625, 0.171875, 0.1875, 0.203125, 0.21875, 0.234375, 0.25, 0.265625, 0.28125, 0.296875, 0.3125, 0.328125, 0.34375, 0.359375, 0.375, 0.390625, 0.40625, 0.421875, 0.4375, 0.453125, 0.46875, 0.484375, 0.5]}, "params/['params']['layers_1']['linear_layer']['kernel']": {"_type": "histogram", "values": [1, 0, 0, 1, 0, 0, 0, 1, 0, 0, 0, 1, 0, 0, 1, 0, 0, 1, 0, 0, 0, 0, 0, 0, 0, 262, 0, 0, 0, 0, 0, 0, 0, 0, 0, 0, 0, 0, 0, 0, 0, 0, 0, 0, 0, 0, 0, 0, 0, 0, 0, 0, 0, 0, 0, 0, 0, 0, 0, 0, 0, 1, 0, 1],