{"params/['params']['layers_0']['linear_layer']['kernel']":{"bins":[-0.457496702671051,-0.4241935908794403,-0.3908904492855072,-0.3575873374938965,-0.3242841958999634,-0.29098108410835266,-0.25767797231674194,-0.22437484562397003,-0.19107171893119812,-0.1577686071395874,-0.1244654655456543,-0.09116235375404358,-0.05785924196243286,-0.024556100368499756,0.008747011423110962,0.04205015301704407,0.07535326480865479,0.10865640640258789,0.14195948839187622,0.17526262998580933,0.20856577157974243,0.24186885356903076,0.27517199516296387,0.308475136756897,0.3417782187461853,0.3750813603401184,0.4083845019340515,0.4416876435279846,0.47499072551727295,0.508293867111206,0.5415970087051392,0.5749000906944275,0.6082032322883606,0.6415063738822937,0.6748095154762268,0.7081126570701599,0.7414156794548035,0.7747188210487366,0.8080219626426697,0.8413251042366028,0.8746282458305359,0.907931387424469,0.9412344098091125,0.9745375514030457,1.007840633392334,1.0411438941955566,1.0744469165802002,1.1077501773834229,1.1410531997680664,1.17435622215271,1.2076594829559326,1.2409625053405762,1.2742657661437988,1.3075687885284424,1.340872049331665,1.3741750717163086,1.4074780941009521,1.4407813549041748,1.4740843772888184,1.507387638092041,1.5406906604766846,1.5739939212799072,1.6072969436645508,1.6406002044677734,1.673903226852417],"_type":"histogram","values":[2,0,0,0,1,0,0,0,0,0,0,0,0,47,1,0,0,0,0,0,0,0,0,1,0,0,0,0,0,0,0,0,0,0,0,0,0,0,0,0,0,0,0,0,0,0,0,0,0,0,0,0,0,0,0,0,0,0,0,0,0,0,1,1]},"loss":1.6143612810992636e-05,"_runtime":165.106909,"_step":2793,"params/['params']['layers_1']['linear_layer']['kernel']":{"values":[1,0,0,0,0,0,1,0,0,1,0,0,0,0,0,0,0,0,0,0,0,0,1,0,0,0,0,1,1,0,249,2,2,2,0,0,0,0,0,1,0,1,1,0,0,0,1,1,0,0,0,0,0,0,1,1,0,0,0,1,0,0,0,1],"bins":[-1.87956964969635,-1.8188083171844482,-1.7580469846725464,-1.6972856521606445,-1.6365243196487427,-1.5757629871368408,-1.5150017738342285,-1.454240322113037,-1.3934791088104248,-1.3327176570892334,-1.271956443786621,-1.2111949920654297,-1.1504337787628174,-1.0896724462509155,-1.0289111137390137,-0.9681497812271118,-0.90738844871521,-0.8466271162033081,-0.7858657836914062,-0.7251044511795044,-0.6643431186676025,-0.6035817861557007,-0.5428204536437988,-0.482059121131897,-0.42129790782928467,-0.3605365753173828,-0.29977524280548096,-0.2390139102935791,-0.17825257778167725,-0.11749124526977539,-0.056729912757873535,0.00403141975402832,0.06479275226593018,0.12555396556854248,0.1863154172897339,0.2470766305923462,0.3078380823135376,0.3685992956161499,0.4293607473373413,0.4901219606399536,0.550883412361145,0.6116446256637573,0.6724060773849487,0.733167290687561,0.7939287424087524,0.8546899557113647,0.9154514074325562,0.9762126207351685,1.0369738340377808,1.0977352857589722,1.1584964990615845,1.2192579507827759,1.2800191640853882,1.3407806158065796,1.401541829109192,1.4623032808303833,1.5230644941329956,1.583825945854187,1.6445871591567993,1.7053486108779907,1.766109824180603,1.8268712759017944,1.8876324892044067,1.9483939409255981,2.009155035018921],"_type":"histogram"},"_timestamp":1.7405889305436513e+09,"params/['params']['last']['kernel']":{"bins":[-0.23856894671916962,-0.23484130203723907,-0.23111367225646973,-0.22738602757453918,-0.22365838289260864,-0.2199307531118393,-0.21620310842990875,-0.2124754637479782,-0.20874783396720886,-0.20502018928527832,-0.20129254460334778,-0.19756489992141724,-0.1938372701406479,-0.19010962545871735,-0.186381995677948,-0.18265435099601746,-0.17892670631408691,-0.17519906163215637,-0.17147143185138702,-0.16774378716945648,-0.16401615738868713,-0.1602885127067566,-0.15656086802482605,-0.1528332233428955,-0.14910559356212616,-0.14537794888019562,-0.14165031909942627,-0.13792267441749573,-0.13419502973556519,-0.13046738505363464,-0.1267397552728653,-0.12301211059093475,-0.11928447335958481,-0.11555683612823486,-0.11182919144630432,-0.10810154676437378,-0.10437391698360443,-0.10064627230167389,-0.09691862761974335,-0.093190997838974,-0.08946335315704346,-0.08573570847511292,-0.08200807869434357,-0.07828043401241302,-0.07455278933048248,-0.07082515954971313,-0.06709751486778259,-0.06336987018585205,-0.0596422404050827,-0.05591459572315216,-0.05218695104122162,-0.04845932126045227,-0.04473167657852173,-0.041004031896591187,-0.03727640211582184,-0.033548757433891296,-0.029821112751960754,-0.026093482971191406,-0.022365838289260864,-0.018638193607330322,-0.014910563826560974,-0.011182919144630432,-0.00745527446269989,-0.003727644681930542,0],"_type":"histogram","values":[1,0,0,0,0,0,0,2,0,0,0,0,0,0,0,0,0,0,0,0,0,0,0,0,0,0,0,0,0,0,0,0,0,0,0,0,0,0,0,0,0,0,0,0,0,0,0,0,0,0,0,0,0,1,0,0,2,0,0,0,0,0,0,24]},"params/['params']['layers_0']['linear_layer']['bias']":{"bins":[-0.5,-0.484375,-0.46875,-0.453125,-0.4375,-0.421875,-0.40625,-0.390625,-0.375,-0.359375,-0.34375,-0.328125,-0.3125,-0.296875,-0.28125,-0.265625,-0.25,-0.234375,-0.21875,-0.203125,-0.1875,-0.171875,-0.15625,-0.140625,-0.125,-0.109375,-0.09375,-0.078125,-0.0625,-0.046875,-0.03125,-0.015625,0,0.015625,0.03125,0.046875,0.0625,0.078125,0.09375,0.109375,0.125,0.140625,0.15625,0.171875,0.1875,0.203125,0.21875,0.234375,0.25,0.265625,0.28125,0.296875,0.3125,0.328125,0.34375,0.359375,0.375,0.390625,0.40625,0.421875,0.4375,0.453125,0.46875,0.484375,0.5],"_type":"histogram","values":[0,0,0,0,0,0,0,0,0,0,0,0,0,0,0,0,0,0,0,0,0,0,0,0,0,0,0,0,0,0,0,0,18,0,0,0,0,0,0,0,0,0,0,0,0,0,0,0,0,0,0,0,0,0,0,0,0,0,0,0,0,0,0,0]},"params/['params']['layers_1']['linear_layer']['bias']":{"_type":"histogram","values":[0,0,0,0,0,0,0,0,0,0,0,0,0,0,0,0,0,0,0,0,0,0,0,0,0,0,0,0,0,0,0,0,18,0,0,0,0,0,0,0,0,0,0,0,0,0,0,0,0,0,0,0,0,0,0,0,0,0,0,0,0,0,0,0],"bins":[-0.5,-0.484375,-0.46875,-0.453125,-0.4375,-0.421875,-0.40625,-0.390625,-0.375,-0.359375,-0.34375,-0.328125,-0.3125,-0.296875,-0.28125,-0.265625,-0.25,-0.234375,-0.21875,-0.203125,-0.1875,-0.171875,-0.15625,-0.140625,-0.125,-0.109375,-0.09375,-0.078125,-0.0625,-0.046875,-0.03125,-0.015625,0,0.015625,0.03125,0.046875,0.0625,0.078125,0.09375,0.109375,0.125,0.140625,0.15625,0.171875,0.1875,0.203125,0.21875,0.234375,0.25,0.265625,0.28125,0.296875,0.3125,0.328125,0.34375,0.359375,0.375,0.390625,0.40625,0.421875,0.4375,0.453125,0.46875,0.484375,0.5]},"_wandb":{"runtime":167},"params/['params']['last']['bias']":{"values":[1,0,0,0,0,0,0,0,0,0,0,0,0,0,0,0,0,0,0,0,0,0,0,0,0,0,0,0,0,0,0,0,0,0,0,0,0,0,0,0,0,0,0,0,0,0,0,0,0,0,0,0,0,0,0,0,0,0,0,0,0,0,0,1],"bins":[0,0.008133435621857643,0.016266871243715286,0.02440030686557293,0.03253374248743057,0.040667176246643066,0.04880061373114586,0.05693405121564865,0.06506748497486115,0.07320091873407364,0.08133435249328613,0.08946779370307922,0.09760122746229172,0.10573466122150421,0.1138681024312973,0.1220015361905098,0.1301349699497223,0.13826841115951538,0.14640183746814728,0.15453527867794037,0.16266870498657227,0.17080214619636536,0.17893558740615845,0.18706901371479034,0.19520245492458344,0.20333589613437653,0.21146932244300842,0.2196027636528015,0.2277362048625946,0.2358696311712265,0.2440030723810196,0.2521364986896515,0.2602699398994446,0.26840338110923767,0.27653682231903076,0.28467023372650146,0.29280367493629456,0.30093711614608765,0.30907055735588074,0.31720399856567383,0.32533740997314453,0.3334708511829376,0.3416042923927307,0.3497377336025238,0.3578711748123169,0.36600461602211,0.3741380274295807,0.3822714686393738,0.39040490984916687,0.39853835105895996,0.40667179226875305,0.41480520367622375,0.42293864488601685,0.43107208609580994,0.439205527305603,0.4473389685153961,0.4554724097251892,0.4636058211326599,0.471739262342453,0.4798727035522461,0.4880061447620392,0.4961395859718323,0.504272997379303,0.5124064683914185,0.5205398797988892],"_type":"histogram"},"validation_loss":1.6543686797376722e-05}