{"loss": 0.0008648614748381078, "_timestamp": 1739551440.0398734, "_runtime": 280.3557233810425, "_step": 405, "validation_loss": 0.0007943353848531842, "params/['params']['last']['bias']": {"_type": "histogram", "values": [1, 0, 0, 0, 0, 0, 0, 0, 0, 0, 0, 0, 0, 0, 0, 0, 0, 0, 0, 0, 0, 0, 0, 0, 0, 0, 0, 0, 0, 0, 0, 0, 0, 0, 0, 0, 0, 0, 0, 0, 0, 0, 0, 0, 0, 0, 0, 0, 0, 0, 0, 0, 0, 0, 0, 0, 0, 0, 0, 0, 0, 0, 0, 1], "bins": [0.09255479276180267, 0.10422945022583008, 0.11590410768985748, 0.1275787651538849, 0.1392534226179123, 0.1509280800819397, 0.1626027226448059, 0.1742773950099945, 0.18595203757286072, 0.19762670993804932, 0.20930135250091553, 0.22097600996494293, 0.23265066742897034, 0.24432532489299774, 0.25599998235702515, 0.26767462491989136, 0.27934929728507996, 0.29102396965026855, 0.30269861221313477, 0.314373254776001, 0.3260479271411896, 0.3377225995063782, 0.3493972420692444, 0.3610718846321106, 0.3727465271949768, 0.3844212293624878, 0.396095871925354, 0.4077705144882202, 0.4194451570510864, 0.4311198592185974, 0.4427945017814636, 0.45446914434432983, 0.46614378690719604, 0.47781842947006226, 0.48949313163757324, 0.5011677742004395, 0.5128424167633057, 0.5245170593261719, 0.5361917614936829, 0.5478664040565491, 0.5595410466194153, 0.5712156891822815, 0.5828903913497925, 0.5945650339126587, 0.6062396764755249, 0.6179143786430359, 0.6295890212059021, 0.6412636637687683, 0.6529383063316345, 0.6646129488945007, 0.6762876510620117, 0.6879622936248779, 0.6996369361877441, 0.7113115787506104, 0.7229862809181213, 0.7346609234809875, 0.7463355660438538, 0.75801020860672, 0.769684910774231, 0.7813595533370972, 0.7930341958999634, 0.8047088384628296, 0.8163835406303406, 0.8280581831932068, 0.839732825756073]}, "params/['params']['last']['kernel']": {"_type": "histogram", "values": [1, 0, 0, 0, 1, 0, 1, 1, 0, 0, 0, 0, 1, 0, 2, 19, 2, 1, 0, 2, 0, 1, 0, 1, 0, 0, 0, 0, 0, 0, 0, 0, 0, 0, 0, 0, 0, 0, 0, 0, 0, 1, 0, 0, 0, 0, 0, 0, 0, 0, 1, 0, 0, 0, 0, 0, 0, 0, 0, 0, 0, 0, 0, 1], "bins": [-0.06411770731210709, -0.059876877814531326, -0.055636048316955566, -0.05139521509408951, -0.04715438559651375, -0.04291355609893799, -0.03867272287607193, -0.03443189337849617, -0.03019106388092041, -0.02595023438334465, -0.02170940488576889, -0.017468571662902832, -0.013227742165327072, -0.008986912667751312, -0.004746079444885254, -0.0005052536725997925, 0.003735579550266266, 0.007976412773132324, 0.012217238545417786, 0.016458071768283844, 0.020698897540569305, 0.024939730763435364, 0.029180563986301422, 0.033421389758586884, 0.03766222298145294, 0.041903056204319, 0.04614388197660446, 0.05038471519947052, 0.05462554842233658, 0.05886637419462204, 0.0631071999669075, 0.06734804064035416, 0.07158886641263962, 0.07582969218492508, 0.08007053285837173, 0.0843113586306572, 0.08855218440294266, 0.09279302507638931, 0.09703385084867477, 0.10127467662096024, 0.1055155023932457, 0.10975634306669235, 0.11399716883897781, 0.11823799461126328, 0.12247883528470993, 0.1267196536064148, 0.13096049427986145, 0.1352013349533081, 0.13944214582443237, 0.14368298649787903, 0.14792382717132568, 0.15216463804244995, 0.1564054787158966, 0.16064631938934326, 0.16488713026046753, 0.16912797093391418, 0.17336881160736084, 0.1776096224784851, 0.18185046315193176, 0.18609130382537842, 0.19033211469650269, 0.19457295536994934, 0.198813796043396, 0.20305460691452026, 0.20729543268680573]}, "params/['params']['layers_0']['linear_layer']['bias']": {"_type": "histogram", "values": [0, 0, 0, 0, 0, 0, 0, 0, 0, 0, 0, 0, 0, 0, 0, 0, 0, 0, 0, 0, 0, 0, 0, 0, 0, 0, 0, 0, 0, 0, 0, 0, 22, 0, 0, 0, 0, 0, 0, 0, 0, 0, 0, 0, 0, 0, 0, 0, 0, 0, 0, 0, 0, 0, 0, 0, 0, 0, 0, 0, 0, 0, 0, 0], "bins": [-0.5, -0.484375, -0.46875, -0.453125, -0.4375, -0.421875, -0.40625, -0.390625, -0.375, -0.359375, -0.34375, -0.328125, -0.3125, -0.296875, -0.28125, -0.265625, -0.25, -0.234375, -0.21875, -0.203125, -0.1875, -0.171875, -0.15625, -0.140625, -0.125, -0.109375, -0.09375, -0.078125, -0.0625, -0.046875, -0.03125, -0.015625, 0.0, 0.015625, 0.03125, 0.046875, 0.0625, 0.078125, 0.09375, 0.109375, 0.125, 0.140625, 0.15625, 0.171875, 0.1875, 0.203125, 0.21875, 0.234375, 0.25, 0.265625, 0.28125, 0.296875, 0.3125, 0.328125, 0.34375, 0.359375, 0.375, 0.390625, 0.40625, 0.421875, 0.4375, 0.453125, 0.46875, 0.484375, 0.5]}, "params/['params']['layers_0']['linear_layer']['kernel']": {"_type": "histogram", "values": [2, 1, 1, 1, 0, 0, 0, 1, 0, 1, 0, 0, 0, 0, 0, 0, 0, 0, 1, 0, 1, 0, 1, 2, 47, 1, 1, 1, 1, 0, 0, 1, 0, 0, 0, 0, 0, 0, 0, 0, 0, 0, 0, 0, 0, 0, 0, 0, 0, 0, 0, 0, 1, 0, 0, 0, 0, 0, 0, 0, 0, 0, 0, 1], "bins": [-0.7621762156486511, -0.7310135364532471, -0.699850857257843, -0.668688178062439, -0.6375254988670349, -0.6063628196716309, -0.575200080871582, -0.5440374612808228, -0.5128747224807739, -0.48171207308769226, -0.4505493938922882, -0.41938671469688416, -0.3882240056991577, -0.35706132650375366, -0.3258986473083496, -0.29473596811294556, -0.2635732889175415, -0.23241060972213745, -0.2012479305267334, -0.17008525133132935, -0.1389225721359253, -0.10775989294052124, -0.07659721374511719, -0.045434534549713135, -0.014271795749664307, 0.016890883445739746, 0.0480535626411438, 0.07921624183654785, 0.1103789210319519, 0.14154160022735596, 0.17270427942276, 0.20386695861816406, 0.23502963781356812, 0.26619237661361694, 0.2973549962043762, 0.32851773500442505, 0.3596803545951843, 0.39084309339523315, 0.42200571298599243, 0.45316845178604126, 0.48433107137680054, 0.5154938101768494, 0.5466564297676086, 0.5778191685676575, 0.6089817881584167, 0.6401445269584656, 0.6713071465492249, 0.7024698853492737, 0.7336326241493225, 0.7647952437400818, 0.7959579825401306, 0.8271206021308899, 0.8582833409309387, 0.889445960521698, 0.9206086993217468, 0.9517713189125061, 0.9829340577125549, 1.014096736907959, 1.0452594757080078, 1.0764219760894775, 1.1075847148895264, 1.1387474536895752, 1.169910192489624, 1.2010726928710938, 1.2322354316711426]}, "params/['params']['layers_1']['linear_layer']['bias']": {"_type": "histogram", "values": [1, 0, 0, 0, 0, 0, 0, 0, 0, 0, 0, 0, 0, 0, 0, 0, 0, 0, 0, 0, 0, 0, 0, 0, 0, 0, 0, 0, 0, 0, 0, 20, 0, 0, 0, 0, 0, 0, 0, 0, 0, 0, 0, 0, 0, 0, 0, 0, 0, 0, 0, 0, 0, 0, 0, 0, 0, 0, 0, 0, 0, 0, 0, 1], "bins": [-0.001943179639056325, -0.0018821976846083999, -0.0018212157301604748, -0.0017602336592972279, -0.0016992517048493028, -0.0016382697504013777, -0.0015772877959534526, -0.0015163058415055275, -0.0014553238870576024, -0.0013943419326096773, -0.0013333598617464304, -0.0012723780237138271, -0.0012113959528505802, -0.0011504139984026551, -0.00108943204395473, -0.0010284499730914831, -0.0009674680768512189, -0.0009064860641956329, -0.0008455041097477078, -0.0007845221552997828, -0.0007235402008518577, -0.0006625582464039326, -0.0006015762919560075, -0.0005405942210927606, -0.00047961226664483547, -0.0004186303121969104, -0.0003576483577489853, -0.0002966664033010602, -0.0002356844488531351, -0.0001747023779898882, -0.0001137204235419631, -5.273846909403801e-05, 8.243485353887081e-06, 6.922543980181217e-05, 0.0001302075106650591, 0.00019118934869766235, 0.00025217141956090927, 0.00031315325759351254, 0.00037413532845675945, 0.00043511739932000637, 0.0004960992373526096, 0.0005570813082158566, 0.0006180631462484598, 0.0006790452171117067, 0.00074002705514431, 0.0008010091260075569, 0.0008619911968708038, 0.0009229730349034071, 0.000983955105766654, 0.0010449369437992573, 0.0011059190146625042, 0.0011669008526951075, 0.0012278829235583544, 0.0012888649944216013, 0.0013498468324542046, 0.0014108289033174515, 0.0014718107413500547, 0.0015327928122133017, 0.0015937748830765486, 0.0016547567211091518, 0.0017157387919723988, 0.001776720630005002, 0.001837702700868249, 0.0018986845389008522, 0.001959666609764099]}, "params/['params']['layers_1']['linear_layer']['kernel']": {"_type": "histogram",