{"loss": 0.0009808223694562912, "_timestamp": 1739304264.6146767, "_runtime": 168.0091097354889, "_step": 27, "params/['params']['last']['bias']": {"_type": "histogram", "values": [1, 0, 0, 0, 0, 0, 0, 0, 0, 0, 0, 0, 0, 0, 0, 0, 0, 0, 0, 0, 0, 0, 0, 0, 0, 0, 0, 0, 0, 0, 0, 0, 0, 0, 0, 0, 0, 0, 0, 0, 0, 0, 0, 0, 0, 0, 0, 0, 0, 0, 0, 0, 0, 0, 0, 0, 0, 0, 0, 0, 0, 0, 0, 1], "bins": [0.9427221417427063, 0.943711519241333, 0.9447008967399597, 0.9456903338432312, 0.9466797113418579, 0.9476690888404846, 0.9486584663391113, 0.949647843837738, 0.9506372213363647, 0.9516266584396362, 0.9526160359382629, 0.9536054134368896, 0.9545947909355164, 0.9555841684341431, 0.9565735459327698, 0.9575629830360413, 0.958552360534668, 0.9595417380332947, 0.9605311155319214, 0.9615204930305481, 0.9625098705291748, 0.9634993076324463, 0.964488685131073, 0.9654780626296997, 0.9664674401283264, 0.9674568176269531, 0.9684461951255798, 0.9694356322288513, 0.970425009727478, 0.9714143872261047, 0.9724037647247314, 0.9733931422233582, 0.9743825197219849, 0.9753719568252563, 0.9763613343238831, 0.9773507118225098, 0.9783400893211365, 0.9793294668197632, 0.9803189039230347, 0.9813082814216614, 0.9822976589202881, 0.9832870364189148, 0.9842764139175415, 0.9852657914161682, 0.9862552285194397, 0.9872446060180664, 0.9882339835166931, 0.9892233610153198, 0.9902127385139465, 0.9912021160125732, 0.9921915531158447, 0.9931809306144714, 0.9941703081130981, 0.9951596856117249, 0.9961490631103516, 0.9971384406089783, 0.9981278777122498, 0.9991172552108765, 1.0001065731048584, 1.0010960102081299, 1.0020854473114014, 1.0030747652053833, 1.0040642023086548, 1.0050535202026367, 1.0060429573059082]}, "params/['params']['last']['kernel']": {"_type": "histogram", "values": [1, 0, 0, 0, 0, 0, 0, 0, 1, 1, 2, 2, 1, 0, 0, 1, 1, 0, 0, 0, 0, 0, 0, 0, 11, 0, 0, 10, 0, 0, 0, 0, 0, 1, 0, 1, 2, 2, 1, 1, 0, 0, 1, 0, 0, 0, 0, 0, 1, 0, 0, 0, 0, 0, 0, 0, 0, 0, 0, 0, 0, 0, 0, 1], "bins": [-0.1403229534626007, -0.13491831719875336, -0.1295136660337448, -0.12410902976989746, -0.11870437860488892, -0.11329974234104156, -0.10789509862661362, -0.10249045491218567, -0.09708581119775772, -0.09168116748332977, -0.08627652376890182, -0.08087188005447388, -0.07546724379062653, -0.07006260007619858, -0.06465795636177063, -0.05925331264734268, -0.053848668932914734, -0.048444025218486786, -0.04303938150405884, -0.03763473778963089, -0.03223009407520294, -0.02682545781135559, -0.021420814096927643, -0.016016170382499695, -0.010611534118652344, -0.005206882953643799, 0.00019775331020355225, 0.005602404475212097, 0.011007040739059448, 0.016411691904067993, 0.021816328167915344, 0.02722097933292389, 0.03262561559677124, 0.03803025186061859, 0.043434903025627136, 0.04883953928947449, 0.05424419045448303, 0.05964882671833038, 0.06505347788333893, 0.07045811414718628, 0.07586276531219482, 0.08126740157604218, 0.08667203783988953, 0.09207668900489807, 0.09748132526874542, 0.10288597643375397, 0.10829061269760132, 0.11369526386260986, 0.11909988522529602, 0.12450453639030457, 0.1299091875553131, 0.13531383872032166, 0.1407184600830078, 0.14612311124801636, 0.1515277624130249, 0.15693241357803345, 0.1623370349407196, 0.16774168610572815, 0.1731463372707367, 0.17855095863342285, 0.1839556097984314, 0.18936026096343994, 0.1947649121284485, 0.20016953349113464, 0.205574169754982]}, "params/['params']['layers_0']['linear_layer']['bias']": {"_type": "histogram", "values": [1, 0, 0, 0, 1, 0, 0, 0, 0, 0, 0, 0, 0, 0, 0, 0, 0, 0, 0, 0, 0, 0, 0, 0, 0, 0, 0, 0, 0, 1, 0, 2, 0, 0, 1, 0, 1, 0, 0, 0, 1, 0, 1, 1, 0, 5, 1, 2, 0, 1, 1, 1, 1, 0, 0, 0, 1, 0, 0, 0, 0, 0, 0, 1], "bins": [-0.38703349232673645, -0.3784447908401489, -0.3698560893535614, -0.3612673878669739, -0.35267868638038635, -0.34408998489379883, -0.3355012834072113, -0.3269125819206238, -0.31832391023635864, -0.30973517894744873, -0.3011465072631836, -0.29255780577659607, -0.28396910429000854, -0.275380402803421, -0.2667917013168335, -0.25820299983024597, -0.24961429834365845, -0.24102559685707092, -0.2324368953704834, -0.22384819388389587, -0.21525949239730835, -0.20667080581188202, -0.1980821043252945, -0.18949340283870697, -0.18090470135211945, -0.17231599986553192, -0.1637272983789444, -0.15513859689235687, -0.14654991030693054, -0.13796120882034302, -0.1293725073337555, -0.12078380584716797, -0.11219510436058044, -0.10360640287399292, -0.0950177013874054, -0.08642899990081787, -0.07784029841423035, -0.06925159692764282, -0.0606628954410553, -0.05207419395446777, -0.04348549246788025, -0.03489682078361511, -0.026308119297027588, -0.017719417810440063, -0.009130716323852539, -0.0005420148372650146, 0.00804668664932251, 0.016635388135910034, 0.02522408962249756, 0.03381279110908508, 0.04240149259567261, 0.05099019408226013, 0.059578895568847656, 0.06816759705543518, 0.0767562985420227, 0.08534500002861023, 0.09393367171287537, 0.10252237319946289, 0.11111107468605042, 0.11969980597496033, 0.12828847765922546, 0.13687720894813538, 0.1454658806324005, 0.15405461192131042, 0.16264331340789795]}, "params/['params']['layers_0']['linear_layer']['kernel']": {"_type": "histogram", "values": [1, 0, 0, 0, 0, 0, 0, 0, 0, 0, 0, 0, 1, 1, 0, 0, 2, 1, 0, 0, 1, 2, 2, 0, 1, 0, 2, 0, 3, 2, 0, 0, 1, 1, 0, 1, 4, 1, 2, 1, 0, 3, 1, 1, 0, 0, 0, 0, 0, 1, 2, 1, 0, 0, 2, 0, 1, 4, 1, 0, 0, 0, 0, 1], "bins": [-2.0887022018432617, -2.0320639610290527, -1.9754258394241333, -1.9187877178192139, -1.8621494770050049, -1.8055113554000854, -1.748873233795166, -1.692234992980957, -1.635596752166748, -1.5789586305618286, -1.5223205089569092, -1.4656822681427002, -1.4090441465377808, -1.3524060249328613, -1.2957677841186523, -1.2391295433044434, -1.182491421699524, -1.1258533000946045, -1.0692150592803955, -1.012576937675476, -0.9559386968612671, -0.8993005752563477, -0.8426623344421387, -0.7860242128372192, -0.7293860912322998, -0.6727478504180908, -0.6161097288131714, -0.5594714879989624, -0.502833366394043, -0.446195125579834, -0.38955700397491455, -0.33291876316070557, -0.27628064155578613, -0.2196425199508667, -0.16300427913665771, -0.10636615753173828, -0.0497279167175293, 0.0069103240966796875, 0.06354832649230957, 0.12018656730651855, 0.17682480812072754, 0.23346281051635742, 0.2901010513305664, 0.3467392921447754, 0.4033775329589844, 0.46001553535461426, 0.5166537761688232, 0.5732920169830322, 0.6299300193786621, 0.6865682601928711, 0.7432065010070801, 0.7998447418212891, 0.856482744216919, 0.9131209850311279, 0.9697592258453369, 1.026397466659546, 1.0830354690551758, 1.1396737098693848, 1.1963119506835938, 1.2529499530792236, 1.3095881938934326, 1.3662264347076416, 1.4228646755218506, 1.4795026779174805, 1.5361407995224]}, "params/['params']['layers_1']['linear_layer']['bias']": {"_type": "histogram", "values": [1, 0, 0, 0, 0, 0, 0, 1, 0, 1, 3, 6, 1, 1, 1, 0, 0, 0, 0, 0, 0, 0, 0, 0, 0, 1, 1, 4, 1, 0, 0, 1, 0, 0, 0, 0, 0, 0, 0, 0, 0, 0, 0, 0, 0, 0, 0, 0, 0, 0, 0, 0, 0, 0, 0, 0, 0, 0, 0, 0, 0, 0, 0, 1],