{"loss": 6.97542418492958e-05, "_timestamp": 1739368231.1821816, "_runtime": 136.3306016921997, "_step": 404, "params/['params']['last']['bias']": {"_type": "histogram", "values": [1, 0, 0, 0, 0, 0, 0, 0, 0, 0, 0, 0, 0, 0, 0, 0, 0, 0, 0, 0, 0, 0, 0, 0, 0, 0, 0, 0, 0, 0, 0, 0, 0, 0, 0, 0, 0, 0, 0, 0, 0, 0, 0, 0, 0, 0, 0, 0, 0, 0, 0, 0, 0, 0, 0, 0, 0, 0, 0, 0, 0, 0, 0, 1], "bins": [0.0, 0.008194280788302422, 0.016388561576604843, 0.024582842364907265, 0.032777123153209686, 0.04097140580415726, 0.04916568472981453, 0.0573599636554718, 0.06555424630641937, 0.07374852895736694, 0.08194281160831451, 0.09013708680868149, 0.09833136945962906, 0.10652565211057663, 0.1147199273109436, 0.12291420996189117, 0.13110849261283875, 0.13930277526378632, 0.1474970579147339, 0.15569134056568146, 0.16388562321662903, 0.1720798909664154, 0.18027417361736298, 0.18846845626831055, 0.19666273891925812, 0.2048570215702057, 0.21305130422115326, 0.22124558687210083, 0.2294398546218872, 0.23763413727283478, 0.24582841992378235, 0.2540227174758911, 0.2622169852256775, 0.27041125297546387, 0.27860555052757263, 0.286799818277359, 0.2949941158294678, 0.30318838357925415, 0.3113826811313629, 0.3195769488811493, 0.32777124643325806, 0.33596551418304443, 0.3441597819328308, 0.3523540794849396, 0.36054834723472595, 0.3687426447868347, 0.3769369125366211, 0.38513121008872986, 0.39332547783851624, 0.4015197455883026, 0.4097140431404114, 0.41790831089019775, 0.4261026084423065, 0.4342968761920929, 0.44249117374420166, 0.45068544149398804, 0.4588797092437744, 0.4670740067958832, 0.47526827454566956, 0.4834625720977783, 0.4916568398475647, 0.49985113739967346, 0.5080454349517822, 0.5162397027015686, 0.524433970451355]}, "params/['params']['last']['kernel']": {"_type": "histogram", "values": [27, 0, 0, 0, 0, 0, 0, 0, 0, 0, 0, 0, 0, 0, 0, 0, 0, 0, 0, 0, 0, 0, 0, 0, 0, 0, 0, 0, 0, 0, 0, 0, 0, 0, 0, 0, 0, 0, 0, 0, 0, 0, 0, 0, 0, 0, 0, 0, 0, 0, 0, 0, 0, 0, 0, 0, 0, 0, 0, 0, 0, 1, 1, 1], "bins": [0.0, 0.004589906893670559, 0.009179813787341118, 0.013769720681011677, 0.018359627574682236, 0.02294953539967537, 0.027539441362023354, 0.03212934732437134, 0.03671925514936447, 0.041309162974357605, 0.04589907079935074, 0.050488974899053574, 0.05507888272404671, 0.05966879054903984, 0.06425869464874268, 0.06884860247373581, 0.07343851029872894, 0.07802841812372208, 0.08261832594871521, 0.08720823377370834, 0.09179814159870148, 0.09638804197311401, 0.10097794979810715, 0.10556785762310028, 0.11015776544809341, 0.11474767327308655, 0.11933758109807968, 0.12392748892307281, 0.12851738929748535, 0.13310730457305908, 0.13769720494747162, 0.14228712022304535, 0.14687702059745789, 0.15146692097187042, 0.15605683624744415, 0.1606467366218567, 0.16523665189743042, 0.16982655227184296, 0.1744164675474167, 0.17900636792182922, 0.18359628319740295, 0.1881861835718155, 0.19277608394622803, 0.19736599922180176, 0.2019558995962143, 0.20654581487178802, 0.21113571524620056, 0.2157256305217743, 0.22031553089618683, 0.22490543127059937, 0.2294953465461731, 0.23408524692058563, 0.23867516219615936, 0.2432650625705719, 0.24785497784614563, 0.25244489312171936, 0.2570347785949707, 0.26162469387054443, 0.26621460914611816, 0.2708044946193695, 0.27539440989494324, 0.27998432517051697, 0.2845742404460907, 0.28916412591934204, 0.29375404119491577]}, "params/['params']['layers_0']['linear_layer']['bias']": {"_type": "histogram", "values": [0, 0, 0, 0, 0, 0, 0, 0, 0, 0, 0, 0, 0, 0, 0, 0, 0, 0, 0, 0, 0, 0, 0, 0, 0, 0, 0, 0, 0, 0, 0, 0, 18, 0, 0, 0, 0, 0, 0, 0, 0, 0, 0, 0, 0, 0, 0, 0, 0, 0, 0, 0, 0, 0, 0, 0, 0, 0, 0, 0, 0, 0, 0, 0], "bins": [-0.5, -0.484375, -0.46875, -0.453125, -0.4375, -0.421875, -0.40625, -0.390625, -0.375, -0.359375, -0.34375, -0.328125, -0.3125, -0.296875, -0.28125, -0.265625, -0.25, -0.234375, -0.21875, -0.203125, -0.1875, -0.171875, -0.15625, -0.140625, -0.125, -0.109375, -0.09375, -0.078125, -0.0625, -0.046875, -0.03125, -0.015625, 0.0, 0.015625, 0.03125, 0.046875, 0.0625, 0.078125, 0.09375, 0.109375, 0.125, 0.140625, 0.15625, 0.171875, 0.1875, 0.203125, 0.21875, 0.234375, 0.25, 0.265625, 0.28125, 0.296875, 0.3125, 0.328125, 0.34375, 0.359375, 0.375, 0.390625, 0.40625, 0.421875, 0.4375, 0.453125, 0.46875, 0.484375, 0.5]}, "params/['params']['layers_0']['linear_layer']['kernel']": {"_type": "histogram", "values": [1, 0, 0, 0, 0, 0, 0, 0, 1, 0, 0, 0, 0, 0, 0, 0, 0, 0, 0, 0, 0, 0, 0, 0, 0, 0, 0, 0, 0, 0, 65, 0, 0, 0, 0, 0, 0, 0, 0, 0, 1, 0, 0, 0, 0, 0, 0, 0, 0, 0, 0, 0, 2, 0, 0, 0, 0, 1, 0, 0, 0, 0, 0, 1], "bins": [-0.9277195930480957, -0.897430419921875, -0.8671412467956543, -0.8368520736694336, -0.8065629005432129, -0.7762737274169922, -0.7459845542907715, -0.7156953811645508, -0.6854062080383301, -0.6551170349121094, -0.6248278617858887, -0.594538688659668, -0.5642494559288025, -0.5339602828025818, -0.5036711096763611, -0.4733819365501404, -0.4430927634239197, -0.412803590297699, -0.38251441717147827, -0.35222524404525757, -0.32193607091903687, -0.29164689779281616, -0.26135772466659546, -0.23106855154037476, -0.20077931880950928, -0.17049014568328857, -0.14020097255706787, -0.10991179943084717, -0.07962262630462646, -0.04933345317840576, -0.01904428005218506, 0.011244893074035645, 0.04153406620025635, 0.07182323932647705, 0.10211241245269775, 0.13240158557891846, 0.16269075870513916, 0.19297993183135986, 0.22326910495758057, 0.25355827808380127, 0.283847451210022, 0.3141366243362427, 0.3444257974624634, 0.3747149705886841, 0.4050041437149048, 0.4352933168411255, 0.4655824899673462, 0.4958716630935669, 0.5261609554290771, 0.5564501285552979, 0.5867393016815186, 0.6170284748077393, 0.64731764793396, 0.6776068210601807, 0.7078959941864014, 0.7381851673126221, 0.7684743404388428, 0.7987635135650635, 0.8290526866912842, 0.8593418598175049, 0.8896310329437256, 0.9199202060699463, 0.950209379196167, 0.9804985523223877, 1.0107877254486084]}, "params/['params']['layers_1']['linear_layer']['bias']": {"_type": "histogram", "values": [0, 0, 0, 0, 0, 0, 0, 0, 0, 0, 0, 0, 0, 0, 0, 0, 0, 0, 0, 0, 0, 0, 0, 0, 0, 0, 0, 0, 0, 0, 0, 0, 18, 0, 0, 0, 0, 0, 0, 0, 0, 0, 0, 0, 0, 0, 0, 0, 0, 0, 0, 0, 0, 0, 0, 0, 0, 0, 0, 0, 0, 0, 0, 0], "bins": [-0.5, -0.484375, -0.46875, -0.453125, -0.4375, -0.421875, -0.40625, -0.390625, -0.375, -0.359375, -0.34375, -0.328125, -0.3125, -0.296875, -0.28125, -0.265625, -0.25, -0.234375, -0.21875, -0.203125, -0.1875, -0.171875, -0.15625, -0.140625, -0.125, -0.109375, -0.09375, -0.078125, -0.0625, -0.046875, -0.03125, -0.015625, 0.0, 0.015625, 0.03125, 0.046875, 0.0625, 0.078125, 0.09375, 0.109375, 0.125, 0.140625, 0.15625, 0.171875, 0.1875, 0.203125, 0.21875, 0.234375, 0.25, 0.265625, 0.28125, 0.296875, 0.3125, 0.328125, 0.34375, 0.359375, 0.375, 0.390625, 0.40625, 0.421875, 0.4375, 0.453125, 0.46875, 0.484375, 0.5]}, "params/['params']['layers_1']['linear_layer']['kernel']": {"_type": "histogram", "values": [1, 1, 0, 0, 0, 0, 1, 0, 0, 1, 0, 0, 0, 0, 1, 0, 0, 0, 0, 0, 0, 1, 1, 0, 0, 0, 0, 260, 0, 0, 0, 0, 0, 0, 0, 0, 0, 0, 0, 0, 0, 0, 0, 0, 0, 0, 0, 0, 0, 0, 0, 0, 1, 0, 0, 0, 0, 1, 0, 0, 0, 0, 0, 1],