{"loss": 0.0065650115720927715, "_timestamp": 1739304642.8635275, "_runtime": 74.99530863761902, "_step": 27, "params/['params']['last']['bias']": {"_type": "histogram", "values": [1, 0, 0, 0, 0, 0, 0, 0, 0, 0, 0, 0, 0, 0, 0, 0, 0, 0, 0, 0, 0, 0, 0, 0, 0, 0, 0, 0, 0, 0, 0, 0, 0, 0, 0, 0, 0, 0, 0, 0, 0, 0, 0, 0, 0, 0, 0, 0, 0, 0, 0, 0, 0, 0, 0, 0, 0, 0, 0, 0, 0, 0, 0, 1], "bins": [0.8989260196685791, 0.9006016850471497, 0.902277410030365, 0.9039530754089355, 0.9056287407875061, 0.9073044061660767, 0.908980131149292, 0.9106557965278625, 0.9123314619064331, 0.9140071868896484, 0.915682852268219, 0.9173585176467896, 0.9190341830253601, 0.9207099080085754, 0.922385573387146, 0.9240612387657166, 0.9257369041442871, 0.9274126291275024, 0.929088294506073, 0.9307639598846436, 0.9324396848678589, 0.9341153502464294, 0.935791015625, 0.9374667406082153, 0.9391424059867859, 0.9408180713653564, 0.942493736743927, 0.9441694617271423, 0.9458451271057129, 0.9475207924842834, 0.949196457862854, 0.9508721828460693, 0.9525478482246399, 0.9542235136032104, 0.9558992385864258, 0.9575749039649963, 0.9592505693435669, 0.9609262347221375, 0.9626019597053528, 0.9642776250839233, 0.9659532904624939, 0.9676289558410645, 0.9693046808242798, 0.9709803462028503, 0.9726560115814209, 0.9743317365646362, 0.9760074019432068, 0.9776830673217773, 0.9793587923049927, 0.9810344576835632, 0.9827101230621338, 0.9843857884407043, 0.9860615134239197, 0.9877371788024902, 0.9894128441810608, 0.9910885095596313, 0.9927642345428467, 0.9944398999214172, 0.9961155652999878, 0.9977912902832031, 0.9994669556617737, 1.0011426210403442, 1.0028183460235596, 1.0044939517974854, 1.0061696767807007]}, "params/['params']['last']['kernel']": {"_type": "histogram", "values": [1, 0, 0, 0, 0, 0, 0, 0, 0, 1, 0, 0, 0, 2, 0, 0, 0, 0, 2, 1, 0, 1, 0, 0, 0, 7, 1, 7, 0, 0, 0, 0, 0, 0, 0, 0, 0, 1, 0, 0, 0, 1, 1, 1, 0, 1, 0, 0, 0, 0, 0, 1, 0, 0, 0, 0, 0, 0, 0, 0, 0, 0, 0, 1], "bins": [-0.2316535860300064, -0.2229934185743332, -0.21433323621749878, -0.20567306876182556, -0.19701290130615234, -0.18835271894931793, -0.17969255149364471, -0.1710323691368103, -0.16237220168113708, -0.15371203422546387, -0.14505185186862946, -0.13639168441295624, -0.12773150205612183, -0.11907133460044861, -0.11041116714477539, -0.10175098478794098, -0.09309081733226776, -0.08443064987659454, -0.07577046751976013, -0.06711030006408691, -0.0584501177072525, -0.049789950251579285, -0.04112978279590607, -0.032469600439071655, -0.023809432983398438, -0.01514926552772522, -0.006489083170890808, 0.0021710842847824097, 0.010831251740455627, 0.019491419196128845, 0.02815161645412445, 0.03681178390979767, 0.045471951365470886, 0.054132118821144104, 0.06279228627681732, 0.07145248353481293, 0.08011265099048615, 0.08877281844615936, 0.09743298590183258, 0.1060931533575058, 0.1147533506155014, 0.12341351807117462, 0.13207368552684784, 0.14073385298252106, 0.14939402043819427, 0.1580541878938675, 0.1667143851518631, 0.17537455260753632, 0.18403472006320953, 0.19269488751888275, 0.20135505497455597, 0.21001525223255157, 0.2186754196882248, 0.227335587143898, 0.23599575459957123, 0.24465592205524445, 0.25331610441207886, 0.26197630167007446, 0.2706364393234253, 0.2792966365814209, 0.2879568338394165, 0.29661697149276733, 0.30527716875076294, 0.31393730640411377, 0.322597473859787]}, "params/['params']['layers_0']['linear_layer']['bias']": {"_type": "histogram", "values": [1, 0, 0, 0, 1, 0, 0, 1, 0, 0, 0, 1, 1, 1, 1, 1, 0, 0, 0, 0, 2, 1, 0, 1, 0, 0, 0, 0, 0, 0, 0, 0, 0, 0, 1, 0, 0, 0, 0, 0, 0, 1, 0, 0, 0, 0, 0, 0, 0, 0, 0, 0, 0, 0, 0, 0, 0, 1, 0, 0, 0, 0, 2, 1], "bins": [-0.24864518642425537, -0.2414230853319168, -0.23420096933841705, -0.2269788682460785, -0.21975675225257874, -0.21253465116024017, -0.2053125500679016, -0.19809043407440186, -0.1908683329820633, -0.18364623188972473, -0.17642411589622498, -0.16920199990272522, -0.16197989881038666, -0.1547577977180481, -0.14753568172454834, -0.14031358063220978, -0.13309147953987122, -0.12586936354637146, -0.1186472624540329, -0.11142514646053314, -0.10420304536819458, -0.09698092937469482, -0.08975882828235626, -0.0825367271900177, -0.07531461119651794, -0.06809251010417938, -0.060870394110679626, -0.053648293018341064, -0.0464261919260025, -0.03920407593250275, -0.031981974840164185, -0.02475985884666443, -0.017537757754325867, -0.010315656661987305, -0.003093540668487549, 0.004128575325012207, 0.011350661516189575, 0.01857277750968933, 0.025794893503189087, 0.033016979694366455, 0.04023909568786621, 0.04746121168136597, 0.05468332767486572, 0.06190541386604309, 0.06912752985954285, 0.0763496458530426, 0.08357173204421997, 0.09079384803771973, 0.09801596403121948, 0.10523805022239685, 0.1124601662158966, 0.11968228220939636, 0.12690439820289612, 0.1341264843940735, 0.14134860038757324, 0.148570716381073, 0.15579280257225037, 0.16301491856575012, 0.17023703455924988, 0.17745912075042725, 0.184681236743927, 0.19190335273742676, 0.1991254687309265, 0.20634755492210388, 0.21356967091560364]}, "params/['params']['layers_0']['linear_layer']['kernel']": {"_type": "histogram", "values": [2, 1, 1, 1, 3, 1, 0, 1, 0, 0, 1, 0, 1, 2, 0, 0, 1, 0, 2, 1, 2, 3, 0, 2, 2, 1, 0, 1, 9, 1, 2, 2, 1, 5, 3, 0, 2, 0, 0, 0, 0, 3, 2, 1, 3, 0, 2, 1, 0, 2, 1, 1, 0, 0, 0, 0, 0, 0, 0, 0, 0, 0, 1, 1], "bins": [-1.0381677150726318, -1.0014688968658447, -0.9647699594497681, -0.928071141242981, -0.8913722634315491, -0.8546733856201172, -0.8179745674133301, -0.7812756896018982, -0.7445768117904663, -0.7078779339790344, -0.6711790561676025, -0.6344802379608154, -0.5977813601493835, -0.5610824823379517, -0.5243836641311646, -0.48768478631973267, -0.4509859085083008, -0.4142870306968689, -0.377588152885437, -0.3408893346786499, -0.304190456867218, -0.26749157905578613, -0.23079276084899902, -0.19409388303756714, -0.15739500522613525, -0.12069612741470337, -0.08399724960327148, -0.047298431396484375, -0.010599613189697266, 0.026099324226379395, 0.0627981424331665, 0.09949707984924316, 0.13619589805603027, 0.17289471626281738, 0.20959365367889404, 0.24629247188568115, 0.2829914093017578, 0.3196902275085449, 0.35638904571533203, 0.3930879831314087, 0.4297868013381958, 0.4664856195449829, 0.5031845569610596, 0.5398833751678467, 0.5765821933746338, 0.6132811307907104, 0.6499799489974976, 0.6866788864135742, 0.7233777046203613, 0.7600765228271484, 0.7967754602432251, 0.8334742784500122, 0.8701732158660889, 0.906872034072876, 0.9435708522796631, 0.9802696704864502, 1.0169684886932373, 1.0536675453186035, 1.0903663635253906, 1.1270651817321777, 1.1637639999389648, 1.200462818145752, 1.2371618747711182, 1.2738606929779053, 1.3105593919754028]}, "params/['params']['layers_1']['linear_layer']['bias']": {"_type": "histogram", "values": [4, 0, 0, 0, 1, 0, 0, 0, 0, 0, 0, 0, 0, 0, 0, 0, 0, 0, 0, 0, 0, 1, 0, 0, 0, 0, 0, 0, 0, 2, 0, 0, 1, 0, 0, 0, 0, 0, 0, 1, 0, 0, 0, 0, 0, 1, 0, 0, 1, 0, 0, 0, 0, 1, 1, 1, 1, 1, 0, 0, 0, 0, 0, 1],