{"_runtime":19.3677437,"_step":46,"loss":6.975501509742799e-09,"_timestamp":1.7374086495670166e+09,"_wandb":{"runtime":19}}