{"loss": 0.00029190070927143097, "_timestamp": 1739520745.1152177, "_runtime": 199.2132966518402, "_step": 404, "params/['params']['last']['bias']": {"_type": "histogram", "values": [0, 0, 0, 0, 0, 0, 0, 0, 0, 0, 0, 0, 0, 0, 0, 0, 0, 0, 0, 0, 0, 0, 0, 0, 0, 0, 0, 0, 0, 0, 0, 0, 2, 0, 0, 0, 0, 0, 0, 0, 0, 0, 0, 0, 0, 0, 0, 0, 0, 0, 0, 0, 0, 0, 0, 0, 0, 0, 0, 0, 0, 0, 0, 0], "bins": [-0.5, -0.484375, -0.46875, -0.453125, -0.4375, -0.421875, -0.40625, -0.390625, -0.375, -0.359375, -0.34375, -0.328125, -0.3125, -0.296875, -0.28125, -0.265625, -0.25, -0.234375, -0.21875, -0.203125, -0.1875, -0.171875, -0.15625, -0.140625, -0.125, -0.109375, -0.09375, -0.078125, -0.0625, -0.046875, -0.03125, -0.015625, 0.0, 0.015625, 0.03125, 0.046875, 0.0625, 0.078125, 0.09375, 0.109375, 0.125, 0.140625, 0.15625, 0.171875, 0.1875, 0.203125, 0.21875, 0.234375, 0.25, 0.265625, 0.28125, 0.296875, 0.3125, 0.328125, 0.34375, 0.359375, 0.375, 0.390625, 0.40625, 0.421875, 0.4375, 0.453125, 0.46875, 0.484375, 0.5]}, "params/['params']['last']['kernel']": {"_type": "histogram", "values": [2, 0, 0, 0, 0, 0, 0, 0, 0, 0, 0, 0, 0, 0, 0, 0, 0, 0, 0, 0, 0, 0, 0, 0, 0, 0, 0, 0, 0, 0, 0, 0, 0, 0, 0, 0, 0, 0, 0, 0, 0, 30, 0, 0, 0, 0, 0, 0, 0, 0, 0, 0, 0, 0, 0, 0, 0, 0, 0, 0, 0, 1, 1, 2], "bins": [-0.026225687935948372, -0.025593984872102737, -0.024962283670902252, -0.024330580607056618, -0.023698877543210983, -0.023067176342010498, -0.022435473278164864, -0.02180377021431923, -0.021172069013118744, -0.02054036594927311, -0.019908662885427475, -0.01927696168422699, -0.018645258620381355, -0.01801355555653572, -0.017381854355335236, -0.0167501512914896, -0.016118448227643967, -0.015486747026443481, -0.014855043962597847, -0.014223341830074787, -0.013591639697551727, -0.012959936633706093, -0.012328234501183033, -0.011696532368659973, -0.011064829304814339, -0.010433128103613853, -0.009801425039768219, -0.009169721975922585, -0.0085380207747221, -0.007906317710876465, -0.00727461464703083, -0.006642913445830345, -0.006011210381984711, -0.005379507318139076, -0.004747806116938591, -0.0041161030530929565, -0.003484399989247322, -0.002852698788046837, -0.0022209957242012024, -0.001589292660355568, -0.0009575914591550827, -0.00032588839530944824, 0.0003058146685361862, 0.0009375158697366714, 0.001569218933582306, 0.0022009219974279404, 0.0028326231986284256, 0.00346432626247406, 0.0040960293263196945, 0.00472773052752018, 0.005359431728720665, 0.005991136655211449, 0.006622837856411934, 0.007254539057612419, 0.007886243984103203, 0.008517945185303688, 0.009149646386504173, 0.009781351312994957, 0.010413052514195442, 0.011044753715395927, 0.011676458641886711, 0.012308159843087196, 0.012939861044287682, 0.013571565970778465, 0.014203266240656376]}, "params/['params']['layers_0']['linear_layer']['bias']": {"_type": "histogram", "values": [0, 0, 0, 0, 0, 0, 0, 0, 0, 0, 0, 0, 0, 0, 0, 0, 0, 0, 0, 0, 0, 0, 0, 0, 0, 0, 0, 0, 0, 0, 0, 0, 22, 0, 0, 0, 0, 0, 0, 0, 0, 0, 0, 0, 0, 0, 0, 0, 0, 0, 0, 0, 0, 0, 0, 0, 0, 0, 0, 0, 0, 0, 0, 0], "bins": [-0.5, -0.484375, -0.46875, -0.453125, -0.4375, -0.421875, -0.40625, -0.390625, -0.375, -0.359375, -0.34375, -0.328125, -0.3125, -0.296875, -0.28125, -0.265625, -0.25, -0.234375, -0.21875, -0.203125, -0.1875, -0.171875, -0.15625, -0.140625, -0.125, -0.109375, -0.09375, -0.078125, -0.0625, -0.046875, -0.03125, -0.015625, 0.0, 0.015625, 0.03125, 0.046875, 0.0625, 0.078125, 0.09375, 0.109375, 0.125, 0.140625, 0.15625, 0.171875, 0.1875, 0.203125, 0.21875, 0.234375, 0.25, 0.265625, 0.28125, 0.296875, 0.3125, 0.328125, 0.34375, 0.359375, 0.375, 0.390625, 0.40625, 0.421875, 0.4375, 0.453125, 0.46875, 0.484375, 0.5]}, "params/['params']['layers_0']['linear_layer']['kernel']": {"_type": "histogram", "values": [1, 0, 0, 0, 0, 0, 0, 0, 0, 0, 0, 0, 0, 0, 0, 0, 0, 0, 0, 0, 0, 0, 0, 0, 0, 0, 1, 0, 0, 0, 0, 0, 0, 0, 0, 0, 0, 0, 0, 0, 0, 0, 0, 0, 0, 0, 0, 0, 0, 0, 0, 0, 0, 0, 0, 0, 0, 0, 0, 0, 0, 0, 0, 42], "bins": [-0.8375790119171143, -0.8244918584823608, -0.8114046454429626, -0.7983174920082092, -0.7852303385734558, -0.7721431255340576, -0.7590559720993042, -0.7459688186645508, -0.7328816652297974, -0.7197944521903992, -0.7067072987556458, -0.6936200857162476, -0.6805329322814941, -0.6674457788467407, -0.6543586254119873, -0.6412714123725891, -0.6281842589378357, -0.6150971055030823, -0.6020098924636841, -0.5889227390289307, -0.5758355855941772, -0.5627484321594238, -0.5496612191200256, -0.5365740656852722, -0.523486852645874, -0.5103996992111206, -0.4973125457763672, -0.4842253625392914, -0.4711381793022156, -0.45805102586746216, -0.44496384263038635, -0.43187668919563293, -0.41878950595855713, -0.4057023227214813, -0.3926151692867279, -0.3795279860496521, -0.3664408326148987, -0.3533536493778229, -0.34026646614074707, -0.32717931270599365, -0.31409215927124023, -0.30100494623184204, -0.2879177927970886, -0.2748306393623352, -0.261743426322937, -0.2486562728881836, -0.23556911945343018, -0.22248190641403198, -0.20939475297927856, -0.19630759954452515, -0.18322038650512695, -0.17013323307037354, -0.15704607963562012, -0.14395886659622192, -0.1308717131614685, -0.11778455972671509, -0.1046973466873169, -0.09161019325256348, -0.07852303981781006, -0.06543588638305664, -0.05234867334365845, -0.03926151990890503, -0.02617436647415161, -0.013087153434753418, 0.0]}, "params/['params']['layers_1']['linear_layer']['bias']": {"_type": "histogram", "values": [0, 0, 0, 0, 0, 0, 0, 0, 0, 0, 0, 0, 0, 0, 0, 0, 0, 0, 0, 0, 0, 0, 0, 0, 0, 0, 0, 0, 0, 0, 0, 0, 22, 0, 0, 0, 0, 0, 0, 0, 0, 0, 0, 0, 0, 0, 0, 0, 0, 0, 0, 0, 0, 0, 0, 0, 0, 0, 0, 0, 0, 0, 0, 0], "bins": [-0.5, -0.484375, -0.46875, -0.453125, -0.4375, -0.421875, -0.40625, -0.390625, -0.375, -0.359375, -0.34375, -0.328125, -0.3125, -0.296875, -0.28125, -0.265625, -0.25, -0.234375, -0.21875, -0.203125, -0.1875, -0.171875, -0.15625, -0.140625, -0.125, -0.109375, -0.09375, -0.078125, -0.0625, -0.046875, -0.03125, -0.015625, 0.0, 0.015625, 0.03125, 0.046875, 0.0625, 0.078125, 0.09375, 0.109375, 0.125, 0.140625, 0.15625, 0.171875, 0.1875, 0.203125, 0.21875, 0.234375, 0.25, 0.265625, 0.28125, 0.296875, 0.3125, 0.328125, 0.34375, 0.359375, 0.375, 0.390625, 0.40625, 0.421875, 0.4375, 0.453125, 0.46875, 0.484375, 0.5]}, "params/['params']['layers_1']['linear_layer']['kernel']": {"_type": "histogram", "values": [1, 0, 0, 0, 0, 0, 0, 0, 0, 0, 0, 0, 0, 0, 0, 0, 0, 0, 0, 0, 0, 0, 0, 392, 0, 0, 0, 0, 0, 0, 0, 0, 0, 0, 0, 0, 0, 0, 0, 0, 0, 0, 0, 0, 0, 0, 0, 1, 0, 0, 0, 0, 0, 0, 0, 0, 0, 0, 0, 0, 0, 0, 0, 2], "bins": [-2.2072017192840576, -2.114112615585327, -2.021023750305176, -1.9279346466064453, -1.8348456621170044, -1.7417566776275635, -1.648667573928833, -1.555578589439392, -1.4624896049499512, -1.3694005012512207, -1.2763115167617798, -1.1832225322723389, -1.0901334285736084, -0.9970444440841675, -0.9039554595947266, -0.8108663558959961, -0.7177773714065552, -0.6246883869171143, -0.5315992832183838, -0.43851029872894287, -0.34542131423950195, -0.2523322105407715, -0.15924334526062012, -0.06615424156188965, 0.02693486213684082, 0.12002372741699219, 0.21311283111572266, 0.3062019348144531, 0.3992908000946045, 0.49237990379333496, 0.5854690074920654, 0.6785578727722168, 0.7716469764709473, 0.8647360801696777, 0.9578249454498291, 1.0509140491485596, 1.14400315284729, 1.2370920181274414, 1.3301811218261719, 1.4232702255249023, 1.5163590908050537, 1.6094481945037842, 1.7025372982025146, 1.7956264019012451, 1.8887150287628174, 1.9818041324615479, 2.0748932361602783, 2.167982339859009, 2.2610714435577393, 2.3541605472564697, 2.447249174118042, 2.5403382778167725, 2.633427381515503, 2.7265164852142334, 2.819605588912964, 2.9126946926116943, 3.0057833194732666, 3.098872423171997, 3.1919615268707275, 3.285050630569458, 3.3781397342681885, 3.471228837966919, 3.564317464828491, 3.6574065685272217, 3.750495672225952]}, "_wandb": {"runtime": 198}}