{"loss": 0.00023249370860867202, "_timestamp": 1739525116.6111758, "_runtime": 169.05608487129211, "_step": 404, "params/['params']['last']['bias']": {"_type": "histogram", "values": [0, 0, 0, 0, 0, 0, 0, 0, 0, 0, 0, 0, 0, 0, 0, 0, 0, 0, 0, 0, 0, 0, 0, 0, 0, 0, 0, 0, 0, 0, 0, 0, 2, 0, 0, 0, 0, 0, 0, 0, 0, 0, 0, 0, 0, 0, 0, 0, 0, 0, 0, 0, 0, 0, 0, 0, 0, 0, 0, 0, 0, 0, 0, 0], "bins": [-0.5, -0.484375, -0.46875, -0.453125, -0.4375, -0.421875, -0.40625, -0.390625, -0.375, -0.359375, -0.34375, -0.328125, -0.3125, -0.296875, -0.28125, -0.265625, -0.25, -0.234375, -0.21875, -0.203125, -0.1875, -0.171875, -0.15625, -0.140625, -0.125, -0.109375, -0.09375, -0.078125, -0.0625, -0.046875, -0.03125, -0.015625, 0.0, 0.015625, 0.03125, 0.046875, 0.0625, 0.078125, 0.09375, 0.109375, 0.125, 0.140625, 0.15625, 0.171875, 0.1875, 0.203125, 0.21875, 0.234375, 0.25, 0.265625, 0.28125, 0.296875, 0.3125, 0.328125, 0.34375, 0.359375, 0.375, 0.390625, 0.40625, 0.421875, 0.4375, 0.453125, 0.46875, 0.484375, 0.5]}, "params/['params']['last']['kernel']": {"_type": "histogram", "values": [1, 0, 0, 0, 0, 0, 0, 0, 0, 0, 0, 0, 0, 0, 0, 0, 0, 0, 0, 0, 0, 0, 0, 0, 0, 0, 0, 0, 0, 0, 30, 4, 0, 0, 0, 0, 0, 0, 0, 0, 0, 0, 0, 0, 0, 0, 0, 0, 0, 0, 0, 0, 0, 0, 0, 0, 0, 0, 0, 0, 0, 0, 0, 1], "bins": [-0.1046270951628685, -0.10122459381818771, -0.09782208502292633, -0.09441958367824554, -0.09101708233356476, -0.08761457353830338, -0.08421207219362259, -0.0808095633983612, -0.07740706205368042, -0.07400456070899963, -0.07060205936431885, -0.06719955056905746, -0.06379704922437668, -0.060394544154405594, -0.05699203908443451, -0.05358953773975372, -0.05018703266978264, -0.046784527599811554, -0.04338202625513077, -0.039979517459869385, -0.0365770161151886, -0.03317451477050781, -0.02977200597524643, -0.026369504630565643, -0.022967003285884857, -0.019564494490623474, -0.016161993145942688, -0.012759491801261902, -0.009356983006000519, -0.005954481661319733, -0.0025519803166389465, 0.0008505284786224365, 0.004253029823303223, 0.007655531167984009, 0.011058039963245392, 0.014460541307926178, 0.017863042652606964, 0.02126554399728775, 0.02466806024312973, 0.028070561587810516, 0.0314730629324913, 0.03487556427717209, 0.038278065621852875, 0.04168056696653366, 0.04508308321237564, 0.04848558455705643, 0.05188808590173721, 0.055290587246418, 0.058693088591098785, 0.06209558993577957, 0.06549810618162155, 0.06890060752630234, 0.07230310887098312, 0.07570561021566391, 0.0791081115603447, 0.08251061290502548, 0.08591312915086746, 0.08931563049554825, 0.09271813184022903, 0.09612063318490982, 0.0995231345295906, 0.10292563587427139, 0.10632815212011337, 0.10973065346479416, 0.11313315480947495]}, "params/['params']['layers_0']['linear_layer']['bias']": {"_type": "histogram", "values": [0, 0, 0, 0, 0, 0, 0, 0, 0, 0, 0, 0, 0, 0, 0, 0, 0, 0, 0, 0, 0, 0, 0, 0, 0, 0, 0, 0, 0, 0, 0, 0, 22, 0, 0, 0, 0, 0, 0, 0, 0, 0, 0, 0, 0, 0, 0, 0, 0, 0, 0, 0, 0, 0, 0, 0, 0, 0, 0, 0, 0, 0, 0, 0], "bins": [-0.5, -0.484375, -0.46875, -0.453125, -0.4375, -0.421875, -0.40625, -0.390625, -0.375, -0.359375, -0.34375, -0.328125, -0.3125, -0.296875, -0.28125, -0.265625, -0.25, -0.234375, -0.21875, -0.203125, -0.1875, -0.171875, -0.15625, -0.140625, -0.125, -0.109375, -0.09375, -0.078125, -0.0625, -0.046875, -0.03125, -0.015625, 0.0, 0.015625, 0.03125, 0.046875, 0.0625, 0.078125, 0.09375, 0.109375, 0.125, 0.140625, 0.15625, 0.171875, 0.1875, 0.203125, 0.21875, 0.234375, 0.25, 0.265625, 0.28125, 0.296875, 0.3125, 0.328125, 0.34375, 0.359375, 0.375, 0.390625, 0.40625, 0.421875, 0.4375, 0.453125, 0.46875, 0.484375, 0.5]}, "params/['params']['layers_0']['linear_layer']['kernel']": {"_type": "histogram", "values": [1, 0, 0, 0, 0, 0, 0, 0, 0, 0, 0, 0, 0, 0, 0, 0, 0, 0, 0, 0, 0, 0, 0, 0, 0, 0, 0, 0, 0, 0, 0, 0, 0, 0, 0, 0, 0, 0, 0, 0, 0, 0, 0, 0, 1, 0, 2, 0, 0, 0, 1, 0, 0, 0, 81, 0, 0, 0, 0, 0, 0, 0, 0, 2], "bins": [-1.6141321659088135, -1.5843912363052368, -1.5546503067016602, -1.5249093770980835, -1.4951685667037964, -1.4654276371002197, -1.435686707496643, -1.4059457778930664, -1.3762048482894897, -1.346463918685913, -1.316723108291626, -1.2869820594787598, -1.2572412490844727, -1.227500319480896, -1.1977593898773193, -1.1680184602737427, -1.138277530670166, -1.108536720275879, -1.0787956714630127, -1.0490548610687256, -1.019313931465149, -0.9895730018615723, -0.9598320722579956, -0.930091142654419, -0.9003502726554871, -0.8706093430519104, -0.8408684134483337, -0.8111275434494019, -0.7813866138458252, -0.7516456842422485, -0.7219047546386719, -0.69216388463974, -0.6624229550361633, -0.6326820254325867, -0.6029411554336548, -0.5732002258300781, -0.5434592962265015, -0.5137183666229248, -0.48397743701934814, -0.4542365074157715, -0.4244956970214844, -0.3947547674179077, -0.36501383781433105, -0.3352729082107544, -0.30553197860717773, -0.2757910490036011, -0.24605011940002441, -0.2163093090057373, -0.18656837940216064, -0.15682744979858398, -0.12708652019500732, -0.09734559059143066, -0.067604660987854, -0.037863731384277344, -0.008122920989990234, 0.021618008613586426, 0.051358938217163086, 0.08109986782073975, 0.1108407974243164, 0.14058172702789307, 0.17032265663146973, 0.20006346702575684, 0.2298043966293335, 0.25954532623291016, 0.2892862558364868]}, "params/['params']['layers_1']['linear_layer']['bias']": {"_type": "histogram", "values": [0, 0, 0, 0, 0, 0, 0, 0, 0, 0, 0, 0, 0, 0, 0, 0, 0, 0, 0, 0, 0, 0, 0, 0, 0, 0, 0, 0, 0, 0, 0, 0, 22, 0, 0, 0, 0, 0, 0, 0, 0, 0, 0, 0, 0, 0, 0, 0, 0, 0, 0, 0, 0, 0, 0, 0, 0, 0, 0, 0, 0, 0, 0, 0], "bins": [-0.5, -0.484375, -0.46875, -0.453125, -0.4375, -0.421875, -0.40625, -0.390625, -0.375, -0.359375, -0.34375, -0.328125, -0.3125, -0.296875, -0.28125, -0.265625, -0.25, -0.234375, -0.21875, -0.203125, -0.1875, -0.171875, -0.15625, -0.140625, -0.125, -0.109375, -0.09375, -0.078125, -0.0625, -0.046875, -0.03125, -0.015625, 0.0, 0.015625, 0.03125, 0.046875, 0.0625, 0.078125, 0.09375, 0.109375, 0.125, 0.140625, 0.15625, 0.171875, 0.1875, 0.203125, 0.21875, 0.234375, 0.25, 0.265625, 0.28125, 0.296875, 0.3125, 0.328125, 0.34375, 0.359375, 0.375, 0.390625, 0.40625, 0.421875, 0.4375, 0.453125, 0.46875, 0.484375, 0.5]}, "params/['params']['layers_1']['linear_layer']['kernel']": {"_type": "histogram", "values": [1, 0, 0, 0, 0, 0, 0, 0, 0, 0, 0, 0, 0, 0, 1, 0, 0, 0, 0, 0, 0, 0, 0, 0, 0, 0, 0, 1, 0, 0, 0, 0, 0, 0, 0, 0, 0, 0, 0, 391, 0, 0, 0, 0, 0, 0, 0, 0, 0, 0, 0, 0, 0, 0, 0, 0, 0, 0, 0, 0, 0, 1, 0, 1], "bins": [-2.1373283863067627, -2.0826008319854736, -2.0278732776641846, -1.9731457233428955, -1.918418288230896, -1.863690733909607, -1.8089631795883179, -1.7542356252670288, -1.6995080709457397, -1.6447806358337402, -1.5900530815124512, -1.535325527191162, -1.480597972869873, -1.425870418548584, -1.371142864227295, -1.3164153099060059, -1.2616877555847168, -1.2069602012634277, -1.1522327661514282, -1.0975052118301392, -1.04277765750885, -0.988050103187561, -0.933322548866272, -0.8785951137542725, -0.8238675594329834, -0.7691400051116943, -0.7144124507904053, -0.6596848964691162, -0.6049573421478271, -0.5502299070358276, -0.4955023527145386, -0.4407747983932495, -0.38604724407196045, -0.3313196897506714, -0.2765921354293823, -0.22186458110809326, -0.16713714599609375, -0.11240959167480469, -0.057682037353515625, -0.0029544830322265625, 0.0517730712890625, 0.10650062561035156, 0.16122817993164062, 0.2159557342529297, 0.27068328857421875, 0.3254106044769287, 0.3801381587982178, 0.43486571311950684, 0.4895932674407959, 0.544320821762085, 0.599048376083374, 0.6537759304046631, 0.7085034847259521, 0.7632310390472412, 0.8179585933685303, 0.8726861476898193, 0.9274137020111084, 0.9821412563323975, 1.0368685722351074, 1.0915961265563965, 1.1463236808776855, 1.2010512351989746, 1.2557787895202637, 1.3105063438415527, 1.3652338981628418]}, "_wandb": {"runtime": 168}}