{"loss": 1.1150612831115723, "_timestamp": 1739304330.5563319, "_runtime": 16.606623888015747, "_step": 27, "params/['params']['last']['bias']": {"_type": "histogram", "values": [1, 0, 0, 0, 0, 0, 0, 0, 0, 0, 0, 0, 0, 0, 0, 0, 0, 0, 0, 0, 0, 0, 0, 0, 0, 0, 0, 0, 0, 0, 0, 0, 0, 0, 0, 0, 0, 0, 0, 0, 0, 0, 0, 0, 0, 0, 0, 0, 0, 0, 0, 0, 0, 0, 0, 0, 0, 0, 0, 0, 0, 0, 0, 1], "bins": [0.8938176035881042, 0.8955005407333374, 0.8971834182739258, 0.8988663554191589, 0.9005492329597473, 0.9022321701049805, 0.9039151072502136, 0.905597984790802, 0.9072809219360352, 0.9089637994766235, 0.9106467366218567, 0.9123296737670898, 0.9140125513076782, 0.9156954884529114, 0.9173784255981445, 0.9190613031387329, 0.9207442402839661, 0.9224271178245544, 0.9241100549697876, 0.9257929921150208, 0.9274758696556091, 0.9291588068008423, 0.9308416843414307, 0.9325246214866638, 0.934207558631897, 0.9358904361724854, 0.9375733733177185, 0.9392562508583069, 0.94093918800354, 0.9426221251487732, 0.9443050026893616, 0.9459879398345947, 0.9476708173751831, 0.9493537545204163, 0.9510366916656494, 0.9527195692062378, 0.954402506351471, 0.9560854434967041, 0.9577683210372925, 0.9594512581825256, 0.961134135723114, 0.9628170728683472, 0.9645000100135803, 0.9661828875541687, 0.9678658246994019, 0.9695487022399902, 0.9712316393852234, 0.9729145765304565, 0.9745974540710449, 0.9762803912162781, 0.9779633283615112, 0.9796462059020996, 0.9813291430473328, 0.9830120205879211, 0.9846949577331543, 0.9863778352737427, 0.9880607724189758, 0.989743709564209, 0.9914265871047974, 0.9931095242500305, 0.9947924613952637, 0.996475338935852, 0.9981582760810852, 0.9998411536216736, 1.0015240907669067]}, "params/['params']['last']['kernel']": {"_type": "histogram", "values": [0, 0, 0, 0, 0, 0, 0, 0, 0, 0, 0, 0, 0, 0, 0, 0, 0, 0, 0, 0, 0, 0, 0, 0, 0, 0, 0, 0, 0, 0, 0, 0, 30, 0, 0, 0, 0, 0, 0, 0, 0, 0, 0, 0, 0, 0, 0, 0, 0, 0, 0, 0, 0, 0, 0, 0, 0, 0, 0, 0, 0, 0, 0, 0], "bins": [-0.5, -0.484375, -0.46875, -0.453125, -0.4375, -0.421875, -0.40625, -0.390625, -0.375, -0.359375, -0.34375, -0.328125, -0.3125, -0.296875, -0.28125, -0.265625, -0.25, -0.234375, -0.21875, -0.203125, -0.1875, -0.171875, -0.15625, -0.140625, -0.125, -0.109375, -0.09375, -0.078125, -0.0625, -0.046875, -0.03125, -0.015625, 0.0, 0.015625, 0.03125, 0.046875, 0.0625, 0.078125, 0.09375, 0.109375, 0.125, 0.140625, 0.15625, 0.171875, 0.1875, 0.203125, 0.21875, 0.234375, 0.25, 0.265625, 0.28125, 0.296875, 0.3125, 0.328125, 0.34375, 0.359375, 0.375, 0.390625, 0.40625, 0.421875, 0.4375, 0.453125, 0.46875, 0.484375, 0.5]}, "params/['params']['layers_0']['linear_layer']['bias']": {"_type": "histogram", "values": [0, 0, 0, 0, 0, 0, 0, 0, 0, 0, 0, 0, 0, 0, 0, 0, 0, 0, 0, 0, 0, 0, 0, 0, 0, 0, 0, 0, 0, 0, 0, 0, 18, 0, 0, 0, 0, 0, 0, 0, 0, 0, 0, 0, 0, 0, 0, 0, 0, 0, 0, 0, 0, 0, 0, 0, 0, 0, 0, 0, 0, 0, 0, 0], "bins": [-0.5, -0.484375, -0.46875, -0.453125, -0.4375, -0.421875, -0.40625, -0.390625, -0.375, -0.359375, -0.34375, -0.328125, -0.3125, -0.296875, -0.28125, -0.265625, -0.25, -0.234375, -0.21875, -0.203125, -0.1875, -0.171875, -0.15625, -0.140625, -0.125, -0.109375, -0.09375, -0.078125, -0.0625, -0.046875, -0.03125, -0.015625, 0.0, 0.015625, 0.03125, 0.046875, 0.0625, 0.078125, 0.09375, 0.109375, 0.125, 0.140625, 0.15625, 0.171875, 0.1875, 0.203125, 0.21875, 0.234375, 0.25, 0.265625, 0.28125, 0.296875, 0.3125, 0.328125, 0.34375, 0.359375, 0.375, 0.390625, 0.40625, 0.421875, 0.4375, 0.453125, 0.46875, 0.484375, 0.5]}, "params/['params']['layers_0']['linear_layer']['kernel']": {"_type": "histogram", "values": [1, 0, 1, 1, 0, 0, 1, 0, 0, 0, 1, 2, 0, 0, 0, 0, 1, 0, 0, 1, 0, 1, 1, 0, 1, 0, 0, 0, 0, 1, 2, 0, 1, 1, 4, 2, 0, 0, 1, 0, 1, 1, 0, 0, 1, 3, 1, 0, 0, 0, 0, 1, 0, 1, 0, 0, 1, 0, 0, 0, 1, 0, 0, 1], "bins": [-0.9985660910606384, -0.9620059728622437, -0.9254457950592041, -0.8888856768608093, -0.8523255586624146, -0.815765380859375, -0.7792052626609802, -0.7426451444625854, -0.7060849666595459, -0.6695248484611511, -0.6329647302627563, -0.5964045524597168, -0.559844434261322, -0.5232843160629272, -0.48672419786453247, -0.4501640200614929, -0.41360390186309814, -0.37704378366470337, -0.3404836058616638, -0.30392348766326904, -0.26736336946487427, -0.23080319166183472, -0.19424307346343994, -0.15768295526504517, -0.12112277746200562, -0.08456265926361084, -0.048002541065216064, -0.011442422866821289, 0.025117695331573486, 0.06167787313461304, 0.09823805093765259, 0.1347981095314026, 0.17135828733444214, 0.2079184651374817, 0.2444785237312317, 0.28103870153427124, 0.3175988793373108, 0.3541589379310608, 0.39071911573410034, 0.4272792935371399, 0.4638393521308899, 0.5003995299339294, 0.536959707736969, 0.573519766330719, 0.6100799441337585, 0.6466401219367981, 0.6832001805305481, 0.7197603583335876, 0.7563205361366272, 0.7928805947303772, 0.8294407725334167, 0.8660008311271667, 0.9025610089302063, 0.9391211867332458, 0.9756812453269958, 1.0122413635253906, 1.0488014221191406, 1.0853617191314697, 1.1219217777252197, 1.1584818363189697, 1.1950421333312988, 1.2316021919250488, 1.2681622505187988, 1.304722547531128, 1.341282606124878]}, "params/['params']['layers_1']['linear_layer']['bias']": {"_type": "histogram", "values": [0, 0, 0, 0, 0, 0, 0, 0, 0, 0, 0, 0, 0, 0, 0, 0, 0, 0, 0, 0, 0, 0, 0, 0, 0, 0, 0, 0, 0, 0, 0, 0, 18, 0, 0, 0, 0, 0, 0, 0, 0, 0, 0, 0, 0, 0, 0, 0, 0, 0, 0, 0, 0, 0, 0, 0, 0, 0, 0, 0, 0, 0, 0, 0], "bins": [-0.5, -0.484375, -0.46875, -0.453125, -0.4375, -0.421875, -0.40625, -0.390625, -0.375, -0.359375, -0.34375, -0.328125, -0.3125, -0.296875, -0.28125, -0.265625, -0.25, -0.234375, -0.21875, -0.203125, -0.1875, -0.171875, -0.15625, -0.140625, -0.125, -0.109375, -0.09375, -0.078125, -0.0625, -0.046875, -0.03125, -0.015625, 0.0, 0.015625, 0.03125, 0.046875, 0.0625, 0.078125, 0.09375, 0.109375, 0.125, 0.140625, 0.15625, 0.171875, 0.1875, 0.203125, 0.21875, 0.234375, 0.25, 0.265625, 0.28125, 0.296875, 0.3125, 0.328125, 0.34375, 0.359375, 0.375, 0.390625, 0.40625, 0.421875, 0.4375, 0.453125, 0.46875, 0.484375, 0.5]}, "params/['params']['layers_1']['linear_layer']['kernel']": {"_type": "histogram", "values": [1, 2, 1, 4, 2, 2, 0, 1, 2, 3, 3, 4, 4, 3, 2, 2, 8, 4, 6, 2, 7, 4, 5, 8, 3, 8, 7, 11, 10, 4, 5, 4, 8, 8, 5, 4, 4, 12, 5, 6, 5, 9, 4, 3, 5, 2, 5, 9, 4, 3, 5, 2, 2, 3, 7, 7, 2, 0, 0, 2, 3, 3, 0, 1], "bins": [-0.5805272459983826, -0.5623682141304016, -0.5442091226577759, -0.5260500907897949, -0.5078909993171692, -0.48973196744918823, -0.4715729057788849, -0.45341384410858154, -0.4352547824382782, -0.41709572076797485, -0.3989366590976715, -0.38077759742736816, -0.3626185655593872, -0.3444594740867615, -0.3263004422187805, -0.3081413805484772, -0.28998231887817383, -0.2718232572078705, -0.25366419553756714, -0.2355051338672638, -0.21734607219696045, -0.1991870403289795, -0.18102797865867615, -0.1628689169883728, -0.14470985531806946, -0.1265507936477661, -0.10839173197746277, -0.09023267030715942, -0.07207363843917847, -0.053914546966552734, -0.03575551509857178, -0.017596423625946045, 0.0005626082420349121, 0.01872164011001587, 0.0368807315826416, 0.05503976345062256, 0.07319885492324829, 0.09135788679122925, 0.10951697826385498, 0.12767601013183594, 0.14583510160446167, 0.16399413347244263, 0.18215316534042358, 0.20031225681304932, 0.21847128868103027, 0.236630380153656, 0.25478941202163696, 0.2729485034942627, 0.29110753536224365, 0.3092665672302246, 0.32742565870285034, 0.3455846905708313, 0.36374378204345703, 0.381902813911438, 0.4000619053840637, 0.4182209372520447, 0.43637996912002563, 0.4545390009880066, 0.4726981520652771, 0.49085718393325806, 0.509016215801239, 0.52717524766922, 0.5453343987464905, 0.5634934306144714, 0.5816525220870972]}, "_wandb": {"runtime": 16}}