{"loss": 0.19414031505584717, "_timestamp": 1739290453.4401765, "_runtime": 870.3250014781952, "_step": 91, "params/['params']['last']['bias']": {"_type": "histogram", "values": [1, 0, 0, 0, 0, 0, 0, 0, 0, 0, 0, 0, 0, 0, 0, 0, 0, 0, 0, 0, 0, 0, 0, 0, 0, 0, 0, 0, 0, 0, 0, 0, 0, 0, 0, 0, 0, 0, 0, 0, 0, 0, 0, 0, 0, 0, 0, 0, 0, 0, 0, 0, 0, 0, 0, 0, 0, 0, 0, 0, 0, 0, 0, 1], "bins": [0.0, 0.01562921702861786, 0.03125843405723572, 0.04688765108585358, 0.06251686811447144, 0.0781460851430893, 0.09377530217170715, 0.10940451920032501, 0.12503373622894287, 0.14066295325756073, 0.1562921702861786, 0.17192138731479645, 0.1875506043434143, 0.20317982137203217, 0.21880903840065002, 0.23443825542926788, 0.25006747245788574, 0.2656967043876648, 0.28132590651512146, 0.2969551086425781, 0.3125843405723572, 0.32821357250213623, 0.3438427746295929, 0.35947197675704956, 0.3751012086868286, 0.39073044061660767, 0.40635964274406433, 0.421988844871521, 0.43761807680130005, 0.4532473087310791, 0.46887651085853577, 0.48450571298599243, 0.5001349449157715, 0.5157641768455505, 0.5313934087753296, 0.5470225811004639, 0.5626518130302429, 0.578281044960022, 0.5939102172851562, 0.6095394492149353, 0.6251686811447144, 0.6407979130744934, 0.6564271450042725, 0.6720563173294067, 0.6876855492591858, 0.7033147811889648, 0.7189439535140991, 0.7345731854438782, 0.7502024173736572, 0.7658316493034363, 0.7814608812332153, 0.7970900535583496, 0.8127192854881287, 0.8283485174179077, 0.843977689743042, 0.859606921672821, 0.8752361536026001, 0.8908653855323792, 0.9064946174621582, 0.9221237897872925, 0.9377530217170715, 0.9533822536468506, 0.9690114259719849, 0.9846406579017639, 1.000269889831543]}, "params/['params']['last']['kernel']": {"_type": "histogram", "values": [1, 0, 0, 0, 0, 0, 0, 0, 0, 0, 0, 0, 0, 0, 0, 0, 0, 0, 0, 0, 0, 0, 0, 0, 0, 0, 0, 0, 0, 0, 0, 0, 0, 0, 0, 0, 0, 28, 0, 0, 0, 0, 0, 0, 0, 0, 0, 0, 0, 0, 0, 0, 0, 0, 0, 0, 0, 0, 0, 0, 0, 0, 0, 1], "bins": [-0.9788885116577148, -0.9529513120651245, -0.9270141124725342, -0.9010769128799438, -0.8751397132873535, -0.8492025136947632, -0.8232653737068176, -0.7973281741142273, -0.771390974521637, -0.7454537749290466, -0.7195165753364563, -0.6935794353485107, -0.6676422357559204, -0.6417050361633301, -0.6157678365707397, -0.5898306369781494, -0.5638934373855591, -0.5379562377929688, -0.5120190382003784, -0.4860818684101105, -0.46014463901519775, -0.4342074990272522, -0.40827029943466187, -0.38233309984207153, -0.3563959002494812, -0.33045870065689087, -0.30452150106430054, -0.2785843014717102, -0.25264716148376465, -0.22670996189117432, -0.20077276229858398, -0.17483556270599365, -0.14889836311340332, -0.12296116352081299, -0.09702396392822266, -0.07108676433563232, -0.04514956474304199, -0.019212424755096436, 0.0067247748374938965, 0.032662034034729004, 0.058599233627319336, 0.08453631401062012, 0.11047351360321045, 0.13641071319580078, 0.1623479127883911, 0.18828511238098145, 0.21422231197357178, 0.2401595115661621, 0.26609671115875244, 0.2920339107513428, 0.3179711103439331, 0.34390830993652344, 0.36984550952911377, 0.3957827091217041, 0.42171990871429443, 0.44765710830688477, 0.47359418869018555, 0.4995313882827759, 0.5254685878753662, 0.5514057874679565, 0.5773429870605469, 0.6032801866531372, 0.6292173862457275, 0.6551545858383179, 0.6810917854309082]}, "params/['params']['layers_0']['linear_layer']['bias']": {"_type": "histogram", "values": [1, 0, 0, 0, 0, 0, 0, 0, 0, 0, 0, 0, 0, 0, 0, 0, 0, 0, 0, 0, 0, 0, 0, 0, 0, 0, 0, 0, 0, 0, 0, 0, 0, 0, 0, 0, 0, 0, 0, 0, 0, 0, 0, 0, 0, 0, 0, 0, 0, 0, 0, 0, 0, 0, 0, 0, 0, 0, 0, 0, 0, 0, 0, 17], "bins": [-0.8488422632217407, -0.8355790972709656, -0.8223159313201904, -0.8090527653694153, -0.7957895994186401, -0.7825264930725098, -0.7692632675170898, -0.7560001611709595, -0.7427369952201843, -0.7294738292694092, -0.716210663318634, -0.7029474973678589, -0.6896843314170837, -0.6764211654663086, -0.6631579995155334, -0.6498948335647583, -0.6366317272186279, -0.623368501663208, -0.6101053953170776, -0.5968422293663025, -0.5835790634155273, -0.5703158974647522, -0.557052731513977, -0.5437895655632019, -0.5305263996124268, -0.5172632932662964, -0.5040000677108765, -0.4907369315624237, -0.47747376561164856, -0.4642105996608734, -0.45094746351242065, -0.4376842975616455, -0.42442113161087036, -0.4111579656600952, -0.39789479970932007, -0.3846316635608673, -0.37136849761009216, -0.358105331659317, -0.34484219551086426, -0.3315790295600891, -0.31831586360931396, -0.3050526976585388, -0.29178953170776367, -0.2785263657569885, -0.2652631998062134, -0.25200003385543823, -0.23873686790466309, -0.22547370195388794, -0.2122105360031128, -0.19894742965698242, -0.18568426370620728, -0.17242109775543213, -0.15915793180465698, -0.14589476585388184, -0.1326315999031067, -0.11936843395233154, -0.1061052680015564, -0.09284210205078125, -0.0795789361000061, -0.06631582975387573, -0.053052663803100586, -0.03978949785232544, -0.026526331901550293, -0.013263165950775146, 0.0]}, "params/['params']['layers_0']['linear_layer']['kernel']": {"_type": "histogram", "values": [0, 0, 0, 0, 0, 0, 0, 0, 0, 0, 0, 0, 0, 0, 0, 0, 0, 0, 0, 0, 0, 0, 0, 0, 0, 0, 0, 0, 0, 0, 0, 0, 18, 0, 0, 0, 0, 0, 0, 0, 0, 0, 0, 0, 0, 0, 0, 0, 0, 0, 0, 0, 0, 0, 0, 0, 0, 0, 0, 0, 0, 0, 0, 0], "bins": [-0.5, -0.484375, -0.46875, -0.453125, -0.4375, -0.421875, -0.40625, -0.390625, -0.375, -0.359375, -0.34375, -0.328125, -0.3125, -0.296875, -0.28125, -0.265625, -0.25, -0.234375, -0.21875, -0.203125, -0.1875, -0.171875, -0.15625, -0.140625, -0.125, -0.109375, -0.09375, -0.078125, -0.0625, -0.046875, -0.03125, -0.015625, 0.0, 0.015625, 0.03125, 0.046875, 0.0625, 0.078125, 0.09375, 0.109375, 0.125, 0.140625, 0.15625, 0.171875, 0.1875, 0.203125, 0.21875, 0.234375, 0.25, 0.265625, 0.28125, 0.296875, 0.3125, 0.328125, 0.34375, 0.359375, 0.375, 0.390625, 0.40625, 0.421875, 0.4375, 0.453125, 0.46875, 0.484375, 0.5]}, "_wandb": {"runtime": 869}}