{"loss": 0.00044082917156629264, "_timestamp": 1739367216.2048423, "_runtime": 133.7837462425232, "_step": 404, "params/['params']['last']['bias']": {"_type": "histogram", "values": [1, 0, 0, 0, 0, 0, 0, 0, 0, 0, 0, 0, 0, 0, 0, 0, 0, 0, 0, 0, 0, 0, 0, 0, 0, 0, 0, 0, 0, 0, 0, 0, 0, 0, 0, 0, 0, 0, 0, 0, 0, 0, 0, 0, 0, 0, 0, 0, 0, 0, 0, 0, 0, 0, 0, 0, 0, 0, 0, 0, 0, 0, 0, 1], "bins": [0.0, 0.000654785253573209, 0.001309570507146418, 0.001964355818927288, 0.002619141014292836, 0.0032739262096583843, 0.003928711637854576, 0.004583496600389481, 0.005238282028585672, 0.005893067456781864, 0.006547852419316769, 0.0072026378475129604, 0.007857423275709152, 0.008512208238244057, 0.009166993200778961, 0.00982177909463644, 0.010476564057171345, 0.01113134901970625, 0.011786134913563728, 0.012440919876098633, 0.013095704838633537, 0.013750490732491016, 0.014405275695025921, 0.015060060657560825, 0.015714846551418304, 0.01636963151395321, 0.017024416476488113, 0.017679201439023018, 0.018333986401557922, 0.018988773226737976, 0.01964355818927288, 0.020298343151807785, 0.02095312811434269, 0.021607913076877594, 0.0222626980394125, 0.022917483001947403, 0.023572269827127457, 0.02422705478966236, 0.024881839752197266, 0.02553662471473217, 0.026191409677267075, 0.02684619463980198, 0.027500981464982033, 0.028155766427516937, 0.028810551390051842, 0.029465336352586746, 0.03012012131512165, 0.030774906277656555, 0.03142969310283661, 0.032084476202726364, 0.03273926302790642, 0.03339404612779617, 0.03404883295297623, 0.03470361977815628, 0.035358402878046036, 0.03601318970322609, 0.036667972803115845, 0.0373227596282959, 0.03797754645347595, 0.03863232955336571, 0.03928711637854576, 0.039941899478435516, 0.04059668630361557, 0.041251469403505325, 0.04190625622868538]}, "params/['params']['last']['kernel']": {"_type": "histogram", "values": [1, 0, 0, 0, 0, 0, 0, 0, 0, 0, 0, 0, 0, 1, 0, 0, 0, 0, 0, 0, 0, 0, 24, 0, 2, 0, 0, 0, 0, 0, 0, 0, 0, 0, 0, 0, 1, 0, 0, 0, 0, 0, 0, 0, 0, 0, 0, 0, 0, 0, 0, 0, 0, 0, 0, 0, 0, 0, 0, 0, 0, 0, 0, 1], "bins": [-0.09511751681566238, -0.09093891829252243, -0.08676031976938248, -0.08258172124624252, -0.07840312272310257, -0.07422452419996262, -0.07004591822624207, -0.06586731970310211, -0.06168872490525246, -0.0575101263821125, -0.05333152785897255, -0.049152929335832596, -0.044974327087402344, -0.04079572856426239, -0.036617130041122437, -0.03243853151798248, -0.02825993299484253, -0.024081334471702576, -0.019902735948562622, -0.01572413742542267, -0.011545538902282715, -0.007366940379142761, -0.0031883418560028076, 0.000990256667137146, 0.0051688626408576965, 0.00934746116399765, 0.013526059687137604, 0.017704658210277557, 0.02188325673341751, 0.026061855256557465, 0.030240453779697418, 0.03441905230283737, 0.038597650825977325, 0.04277624934911728, 0.04695484787225723, 0.051133446395397186, 0.05531204491853714, 0.059490643441677094, 0.06366924196481705, 0.067847840487957, 0.07202643901109695, 0.07620503753423691, 0.08038363605737686, 0.08456223458051682, 0.08874083310365677, 0.09291943162679672, 0.09709803014993668, 0.10127662867307663, 0.10545524209737778, 0.10963384062051773, 0.11381243914365768, 0.11799103766679764, 0.12216963618993759, 0.12634822726249695, 0.1305268406867981, 0.13470542430877686, 0.138884037733078, 0.14306262135505676, 0.1472412347793579, 0.15141981840133667, 0.15559843182563782, 0.15977701544761658, 0.16395562887191772, 0.16813421249389648, 0.17231281101703644]}, "params/['params']['layers_0']['linear_layer']['bias']": {"_type": "histogram", "values": [0, 0, 0, 0, 0, 0, 0, 0, 0, 0, 0, 0, 0, 0, 0, 0, 0, 0, 0, 0, 0, 0, 0, 0, 0, 0, 0, 0, 0, 0, 0, 0, 18, 0, 0, 0, 0, 0, 0, 0, 0, 0, 0, 0, 0, 0, 0, 0, 0, 0, 0, 0, 0, 0, 0, 0, 0, 0, 0, 0, 0, 0, 0, 0], "bins": [-0.5, -0.484375, -0.46875, -0.453125, -0.4375, -0.421875, -0.40625, -0.390625, -0.375, -0.359375, -0.34375, -0.328125, -0.3125, -0.296875, -0.28125, -0.265625, -0.25, -0.234375, -0.21875, -0.203125, -0.1875, -0.171875, -0.15625, -0.140625, -0.125, -0.109375, -0.09375, -0.078125, -0.0625, -0.046875, -0.03125, -0.015625, 0.0, 0.015625, 0.03125, 0.046875, 0.0625, 0.078125, 0.09375, 0.109375, 0.125, 0.140625, 0.15625, 0.171875, 0.1875, 0.203125, 0.21875, 0.234375, 0.25, 0.265625, 0.28125, 0.296875, 0.3125, 0.328125, 0.34375, 0.359375, 0.375, 0.390625, 0.40625, 0.421875, 0.4375, 0.453125, 0.46875, 0.484375, 0.5]}, "params/['params']['layers_0']['linear_layer']['kernel']": {"_type": "histogram", "values": [2, 0, 0, 0, 0, 0, 0, 0, 0, 0, 0, 0, 1, 0, 0, 0, 0, 0, 0, 0, 0, 0, 0, 0, 0, 0, 0, 0, 66, 0, 0, 0, 0, 0, 0, 0, 0, 0, 0, 0, 0, 0, 0, 1, 0, 0, 0, 1, 0, 0, 0, 0, 0, 0, 0, 0, 0, 0, 0, 0, 0, 0, 0, 1], "bins": [-0.5919296741485596, -0.5709124803543091, -0.5498953461647034, -0.5288781523704529, -0.5078610181808472, -0.4868438243865967, -0.4658266305923462, -0.4448094666004181, -0.42379230260849, -0.4027751386165619, -0.3817579746246338, -0.3607407808303833, -0.3397236168384552, -0.3187064528465271, -0.2976892590522766, -0.2766720950603485, -0.2556549310684204, -0.2346377670764923, -0.2136206030845642, -0.19260340929031372, -0.17158624529838562, -0.15056908130645752, -0.12955188751220703, -0.10853472352027893, -0.08751755952835083, -0.06650036573410034, -0.04548323154449463, -0.02446603775024414, -0.0034488439559936523, 0.01756829023361206, 0.03858548402786255, 0.05960261821746826, 0.08061981201171875, 0.10163700580596924, 0.12265413999557495, 0.14367133378982544, 0.16468846797943115, 0.18570566177368164, 0.20672285556793213, 0.22773998975753784, 0.24875718355178833, 0.2697743773460388, 0.29079151153564453, 0.311808705329895, 0.3328258991241455, 0.3538430333137512, 0.3748602271080017, 0.3958773612976074, 0.4168945550918579, 0.4379117488861084, 0.4589289426803589, 0.4799460172653198, 0.5009632110595703, 0.5219804048538208, 0.5429975986480713, 0.5640147924423218, 0.5850319862365723, 0.6060490608215332, 0.6270662546157837, 0.6480834484100342, 0.6691006422042847, 0.6901178359985352, 0.7111349105834961, 0.7321521043777466, 0.7531692981719971]}, "params/['params']['layers_1']['linear_layer']['bias']": {"_type": "histogram", "values": [0, 0, 0, 0, 0, 0, 0, 0, 0, 0, 0, 0, 0, 0, 0, 0, 0, 0, 0, 0, 0, 0, 0, 0, 0, 0, 0, 0, 0, 0, 0, 0, 18, 0, 0, 0, 0, 0, 0, 0, 0, 0, 0, 0, 0, 0, 0, 0, 0, 0, 0, 0, 0, 0, 0, 0, 0, 0, 0, 0, 0, 0, 0, 0], "bins": [-0.5, -0.484375, -0.46875, -0.453125, -0.4375, -0.421875, -0.40625, -0.390625, -0.375, -0.359375, -0.34375, -0.328125, -0.3125, -0.296875, -0.28125, -0.265625, -0.25, -0.234375, -0.21875, -0.203125, -0.1875, -0.171875, -0.15625, -0.140625, -0.125, -0.109375, -0.09375, -0.078125, -0.0625, -0.046875, -0.03125, -0.015625, 0.0, 0.015625, 0.03125, 0.046875, 0.0625, 0.078125, 0.09375, 0.109375, 0.125, 0.140625, 0.15625, 0.171875, 0.1875, 0.203125, 0.21875, 0.234375, 0.25, 0.265625, 0.28125, 0.296875, 0.3125, 0.328125, 0.34375, 0.359375, 0.375, 0.390625, 0.40625, 0.421875, 0.4375, 0.453125, 0.46875, 0.484375, 0.5]}, "params/['params']['layers_1']['linear_layer']['kernel']": {"_type": "histogram", "values": [1, 0, 0, 0, 0, 0, 0, 0, 0, 0, 0, 0, 0, 0, 0, 0, 0, 0, 0, 0, 0, 0, 262, 1, 0, 0, 0, 1, 0, 0, 1, 0, 0, 0, 0, 0, 0, 1, 0, 0, 0, 0, 0, 0, 0, 0, 0, 0, 0, 0, 1, 0, 0, 0, 0, 0, 0, 1, 0, 0, 0, 0, 0, 1],