{"loss": 0.19413605332374573, "_timestamp": 1739301377.1930754, "_runtime": 135.30453252792358, "_step": 21, "params/['params']['last']['bias']": {"_type": "histogram", "values": [1, 0, 0, 0, 0, 0, 0, 0, 0, 0, 0, 0, 0, 0, 0, 0, 0, 0, 0, 0, 0, 0, 0, 0, 0, 0, 0, 0, 0, 0, 0, 0, 0, 0, 0, 0, 0, 0, 0, 0, 0, 0, 0, 0, 0, 0, 0, 0, 0, 0, 0, 0, 0, 0, 0, 0, 0, 0, 0, 0, 0, 0, 0, 1], "bins": [1.005957841873169, 1.0067713260650635, 1.007584810256958, 1.0083982944488525, 1.009211778640747, 1.0100252628326416, 1.0108387470245361, 1.0116522312164307, 1.0124657154083252, 1.0132793188095093, 1.0140928030014038, 1.0149062871932983, 1.0157197713851929, 1.0165332555770874, 1.017346739768982, 1.0181602239608765, 1.018973708152771, 1.0197871923446655, 1.02060067653656, 1.0214141607284546, 1.0222276449203491, 1.0230411291122437, 1.0238546133041382, 1.0246680974960327, 1.0254817008972168, 1.0262951850891113, 1.0271086692810059, 1.0279221534729004, 1.028735637664795, 1.0295491218566895, 1.030362606048584, 1.0311760902404785, 1.031989574432373, 1.0328030586242676, 1.033616542816162, 1.0344300270080566, 1.0352435111999512, 1.0360569953918457, 1.0368704795837402, 1.0376839637756348, 1.0384974479675293, 1.0393110513687134, 1.040124535560608, 1.0409380197525024, 1.041751503944397, 1.0425649881362915, 1.043378472328186, 1.0441919565200806, 1.045005440711975, 1.0458189249038696, 1.0466324090957642, 1.0474458932876587, 1.0482593774795532, 1.0490728616714478, 1.0498863458633423, 1.0506998300552368, 1.051513433456421, 1.0523269176483154, 1.05314040184021, 1.0539538860321045, 1.054767370223999, 1.0555808544158936, 1.056394338607788, 1.0572078227996826, 1.0580213069915771]}, "params/['params']['last']['kernel']": {"_type": "histogram", "values": [1, 2, 0, 0, 0, 0, 1, 0, 0, 1, 2, 2, 0, 0, 1, 0, 1, 0, 0, 0, 0, 1, 0, 0, 0, 0, 12, 0, 1, 0, 9, 0, 0, 0, 0, 0, 0, 0, 0, 0, 2, 0, 0, 1, 1, 0, 0, 0, 0, 3, 0, 0, 0, 0, 0, 0, 0, 0, 0, 0, 0, 0, 0, 1], "bins": [-0.0777869001030922, -0.07503484934568405, -0.07228279858827591, -0.06953074783086777, -0.06677869707345963, -0.06402664631605148, -0.06127459183335304, -0.0585225410759449, -0.05577049031853676, -0.053018439561128616, -0.050266388803720474, -0.047514334321022034, -0.04476228356361389, -0.04201023280620575, -0.03925818204879761, -0.036506131291389465, -0.03375408053398132, -0.03100202977657318, -0.02824997901916504, -0.025497928261756897, -0.022745877504348755, -0.019993823021650314, -0.017241772264242172, -0.014489725232124329, -0.01173766702413559, -0.008985616266727448, -0.006233565509319305, -0.0034815147519111633, -0.0007294639945030212, 0.002022586762905121, 0.004774637520313263, 0.007526688277721405, 0.010278739035129547, 0.01303078979253769, 0.01578284054994583, 0.018534891307353973, 0.021286942064762115, 0.024038992822170258, 0.0267910435795784, 0.029543094336986542, 0.032295145094394684, 0.03504720330238342, 0.037799254059791565, 0.04055130481719971, 0.04330335557460785, 0.04605540633201599, 0.048807449638843536, 0.05155950039625168, 0.054311566054821014, 0.057063616812229156, 0.0598156675696373, 0.06256771832704544, 0.06531976908445358, 0.06807181984186172, 0.07082387059926987, 0.07357592135667801, 0.07632797211408615, 0.0790800228714943, 0.08183207362890244, 0.08458412438631058, 0.08733617514371872, 0.09008822590112686, 0.092840276658535, 0.09559232741594315, 0.09834437817335129]}, "params/['params']['layers_0']['linear_layer']['bias']": {"_type": "histogram", "values": [1, 0, 0, 0, 0, 0, 0, 0, 0, 1, 1, 1, 0, 1, 1, 0, 1, 0, 0, 0, 0, 0, 0, 0, 0, 0, 0, 0, 1, 0, 0, 1, 0, 1, 0, 0, 5, 0, 1, 0, 0, 0, 0, 0, 0, 0, 0, 0, 0, 0, 2, 0, 0, 1, 0, 0, 0, 2, 0, 1, 1, 0, 0, 1], "bins": [-0.08897397667169571, -0.08651217818260193, -0.08405038714408875, -0.08158858865499496, -0.07912679016590118, -0.076664999127388, -0.07420320063829422, -0.07174140214920044, -0.06927961111068726, -0.06681782007217407, -0.06435602158308029, -0.06189422309398651, -0.05943242833018303, -0.05697063356637955, -0.05450883507728577, -0.052047040313482285, -0.0495852455496788, -0.04712345078587532, -0.04466165602207184, -0.04219985753297806, -0.039738062769174576, -0.037276268005371094, -0.03481446951627731, -0.03235267475247383, -0.02989087998867035, -0.027429085224866867, -0.024967290461063385, -0.022505491971969604, -0.020043693482875824, -0.01758190244436264, -0.01512010395526886, -0.012658312916755676, -0.010196514427661896, -0.007734715938568115, -0.005272924900054932, -0.002811126410961151, -0.00034933537244796753, 0.002112463116645813, 0.0045742616057395935, 0.007036052644252777, 0.009497851133346558, 0.011959649622440338, 0.014421440660953522, 0.016883239150047302, 0.019345037639141083, 0.021806828677654266, 0.024268627166748047, 0.02673041820526123, 0.02919221669435501, 0.03165401518344879, 0.034115806221961975, 0.036577604711055756, 0.03903939574956894, 0.04150120168924332, 0.0439629927277565, 0.046424783766269684, 0.04888658970594406, 0.051348380744457245, 0.05381017178297043, 0.05627196282148361, 0.05873376876115799, 0.06119555979967117, 0.06365735083818436, 0.06611915677785873, 0.06858094036579132]}, "params/['params']['layers_0']['linear_layer']['kernel']": {"_type": "histogram", "values": [1, 0, 0, 0, 1, 0, 0, 1, 0, 0, 0, 1, 0, 0, 1, 0, 1, 0, 0, 0, 1, 0, 0, 0, 1, 0, 1, 0, 0, 1, 1, 0, 0, 0, 2, 2, 2, 1, 0, 0, 0, 1, 0, 0, 0, 0, 0, 0, 1, 1, 0, 0, 0, 0, 1, 0, 0, 0, 0, 0, 0, 0, 0, 2], "bins": [-1.9616831541061401, -1.8976764678955078, -1.8336697816848755, -1.7696630954742432, -1.7056562900543213, -1.6416497230529785, -1.5776429176330566, -1.5136362314224243, -1.449629545211792, -1.3856228590011597, -1.3216161727905273, -1.2576093673706055, -1.1936028003692627, -1.1295959949493408, -1.0655893087387085, -1.0015826225280762, -0.9375759363174438, -0.8735692501068115, -0.8095625638961792, -0.7455558776855469, -0.6815491914749146, -0.6175423860549927, -0.5535356998443604, -0.489529013633728, -0.4255223274230957, -0.3615156412124634, -0.29750895500183105, -0.23350226879119873, -0.16949546337127686, -0.10548877716064453, -0.04148209095001221, 0.022524595260620117, 0.08653128147125244, 0.15053808689117432, 0.2145446538925171, 0.27855145931243896, 0.34255802631378174, 0.4065648317337036, 0.4705713987350464, 0.5345782041549683, 0.598584771156311, 0.6625915765762329, 0.7265983819961548, 0.7906049489974976, 0.8546117544174194, 0.9186183214187622, 0.9826251268386841, 1.0466316938400269, 1.1106384992599487, 1.1746453046798706, 1.2386518716812134, 1.3026586771011353, 1.366665244102478, 1.4306720495224, 1.4946786165237427, 1.5586854219436646, 1.6226922273635864, 1.6866987943649292, 1.750705599784851, 1.8147121667861938, 1.8787189722061157, 1.9427255392074585, 2.00673246383667, 2.0707387924194336, 2.1347458362579346]}, "params/['params']['layers_1']['linear_layer']['bias']": {"_type": "histogram", "values": [1, 0, 0, 1, 1, 0, 0, 0, 0, 0, 0, 1, 1, 1, 0, 3, 4, 0, 2, 0, 1, 0, 0, 0, 0, 0, 0, 0, 0, 1, 0, 0, 0, 0, 0, 0, 0, 0, 0, 0, 0, 0, 0, 0, 0, 0, 0, 0, 1, 0, 0, 0, 0, 0, 1, 0, 1, 0, 0, 1, 2, 0, 0, 1],