{"loss": 0.001378388493321836, "_timestamp": 1739967720.4751444, "_runtime": 199.05518341064453, "_step": 2793, "params/['params']['last']['bias']": {"_type": "histogram", "values": [1, 0, 0, 0, 0, 0, 0, 0, 0, 0, 0, 0, 0, 0, 0, 0, 0, 0, 0, 0, 0, 0, 0, 0, 0, 0, 0, 0, 0, 0, 0, 0, 0, 0, 0, 0, 0, 0, 0, 0, 0, 0, 0, 0, 0, 0, 0, 0, 0, 0, 0, 0, 0, 0, 0, 0, 0, 0, 0, 0, 0, 0, 0, 1], "bins": [0.13518840074539185, 0.147157683968544, 0.15912695229053497, 0.17109623551368713, 0.1830655187368393, 0.19503480195999146, 0.20700407028198242, 0.21897335350513458, 0.23094263672828674, 0.2429119050502777, 0.25488120317459106, 0.26685047149658203, 0.278819739818573, 0.29078900814056396, 0.3027583062648773, 0.3147275745868683, 0.32669687271118164, 0.3386661410331726, 0.3506354093551636, 0.36260467767715454, 0.3745739758014679, 0.38654324412345886, 0.3985125422477722, 0.4104818105697632, 0.42245107889175415, 0.4344203770160675, 0.44638964533805847, 0.45835891366004944, 0.4703282117843628, 0.48229748010635376, 0.4942667484283447, 0.5062360763549805, 0.5182052850723267, 0.5301746129989624, 0.5421438813209534, 0.5541131496429443, 0.5660824179649353, 0.5780516862869263, 0.590021014213562, 0.6019902229309082, 0.613959550857544, 0.6259288191795349, 0.6378980875015259, 0.6498673558235168, 0.6618366837501526, 0.6738059520721436, 0.6857752203941345, 0.6977444887161255, 0.7097137570381165, 0.7216830253601074, 0.7336523532867432, 0.7456216216087341, 0.7575908899307251, 0.7695601582527161, 0.781529426574707, 0.793498694896698, 0.8054680228233337, 0.8174372911453247, 0.8294065594673157, 0.8413758277893066, 0.8533450961112976, 0.8653143644332886, 0.8772836923599243, 0.8892529606819153, 0.9012222290039062]}, "params/['params']['last']['kernel']": {"_type": "histogram", "values": [1, 0, 0, 0, 0, 0, 0, 0, 0, 0, 0, 0, 0, 0, 0, 1, 0, 0, 0, 0, 0, 0, 0, 0, 0, 0, 0, 1, 1, 0, 0, 0, 0, 0, 0, 0, 0, 1, 1, 0, 0, 28, 1, 0, 0, 0, 0, 0, 0, 0, 0, 0, 0, 0, 0, 0, 0, 0, 0, 0, 0, 0, 0, 1], "bins": [-0.23563449084758759, -0.22992385923862457, -0.22421322762966156, -0.21850259602069855, -0.21279196441173553, -0.20708133280277252, -0.2013707011938095, -0.1956600695848465, -0.18994943797588348, -0.18423880636692047, -0.17852817475795746, -0.17281752824783325, -0.16710689663887024, -0.16139626502990723, -0.1556856334209442, -0.1499750018119812, -0.1442643702030182, -0.13855373859405518, -0.13284310698509216, -0.12713247537612915, -0.12142185121774673, -0.11571121960878372, -0.11000058054924011, -0.1042899489402771, -0.09857931733131409, -0.09286868572235107, -0.08715805411338806, -0.08144742250442505, -0.07573679089546204, -0.07002615928649902, -0.06431552767753601, -0.058604896068573, -0.052894264459609985, -0.04718363285064697, -0.04147300124168396, -0.03576236963272095, -0.030051738023757935, -0.024341106414794922, -0.01863047480583191, -0.012919843196868896, -0.007209211587905884, -0.001498579978942871, 0.004212051630020142, 0.009922683238983154, 0.01563332974910736, 0.021343961358070374, 0.027054592967033386, 0.0327652245759964, 0.03847585618495941, 0.044186487793922424, 0.04989711940288544, 0.05560775101184845, 0.06131838262081146, 0.06702901422977448, 0.07273964583873749, 0.0784502774477005, 0.08416090905666351, 0.08987154066562653, 0.09558217227458954, 0.10129280388355255, 0.10700343549251556, 0.11271406710147858, 0.11842469871044159, 0.1241353303194046, 0.12984596192836761]}, "params/['params']['layers_0']['linear_layer']['bias']": {"_type": "histogram", "values": [0, 0, 0, 0, 0, 0, 0, 0, 0, 0, 0, 0, 0, 0, 0, 0, 0, 0, 0, 0, 0, 0, 0, 0, 0, 0, 0, 0, 0, 0, 0, 0, 22, 0, 0, 0, 0, 0, 0, 0, 0, 0, 0, 0, 0, 0, 0, 0, 0, 0, 0, 0, 0, 0, 0, 0, 0, 0, 0, 0, 0, 0, 0, 0], "bins": [-0.5, -0.484375, -0.46875, -0.453125, -0.4375, -0.421875, -0.40625, -0.390625, -0.375, -0.359375, -0.34375, -0.328125, -0.3125, -0.296875, -0.28125, -0.265625, -0.25, -0.234375, -0.21875, -0.203125, -0.1875, -0.171875, -0.15625, -0.140625, -0.125, -0.109375, -0.09375, -0.078125, -0.0625, -0.046875, -0.03125, -0.015625, 0.0, 0.015625, 0.03125, 0.046875, 0.0625, 0.078125, 0.09375, 0.109375, 0.125, 0.140625, 0.15625, 0.171875, 0.1875, 0.203125, 0.21875, 0.234375, 0.25, 0.265625, 0.28125, 0.296875, 0.3125, 0.328125, 0.34375, 0.359375, 0.375, 0.390625, 0.40625, 0.421875, 0.4375, 0.453125, 0.46875, 0.484375, 0.5]}, "params/['params']['layers_0']['linear_layer']['kernel']": {"_type": "histogram", "values": [1, 0, 0, 0, 0, 0, 1, 1, 1, 0, 0, 1, 0, 1, 0, 0, 0, 0, 0, 0, 2, 0, 0, 1, 4, 37, 5, 2, 0, 0, 2, 0, 0, 1, 0, 0, 0, 1, 0, 1, 0, 0, 0, 1, 0, 1, 0, 0, 0, 0, 0, 0, 0, 0, 1, 0, 0, 0, 0, 0, 0, 0, 0, 1], "bins": [-0.7968587279319763, -0.7656905055046082, -0.7345223426818848, -0.7033541202545166, -0.6721858978271484, -0.6410176753997803, -0.6098494529724121, -0.5786812901496887, -0.5475130677223206, -0.5163448452949524, -0.4851766526699066, -0.45400846004486084, -0.4228402376174927, -0.3916720151901245, -0.36050382256507874, -0.32933562994003296, -0.2981674075126648, -0.26699918508529663, -0.23583096265792847, -0.20466279983520508, -0.17349457740783691, -0.14232635498046875, -0.11115819215774536, -0.0799899697303772, -0.04882174730300903, -0.01765352487564087, 0.013514697551727295, 0.044682860374450684, 0.07585108280181885, 0.10701930522918701, 0.1381874680519104, 0.16935569047927856, 0.20052391290664673, 0.2316921353340149, 0.26286035776138306, 0.2940285801887512, 0.3251968026161194, 0.356364905834198, 0.38753312826156616, 0.4187013506889343, 0.4498695731163025, 0.48103779554367065, 0.5122060179710388, 0.543374240398407, 0.5745423436164856, 0.6057105660438538, 0.6368787884712219, 0.6680470108985901, 0.6992152333259583, 0.7303834557533264, 0.7615516781806946, 0.7927199006080627, 0.8238881230354309, 0.8550562262535095, 0.8862244486808777, 0.9173926711082458, 0.948560893535614, 0.9797291159629822, 1.0108973979949951, 1.0420656204223633, 1.0732336044311523, 1.1044018268585205, 1.1355700492858887, 1.1667382717132568, 1.197906494140625]}, "params/['params']['layers_1']['linear_layer']['bias']": {"_type": "histogram", "values": [0, 0, 0, 0, 0, 0, 0, 0, 0, 0, 0, 0, 0, 0, 0, 0, 0, 0, 0, 0, 0, 0, 0, 0, 0, 0, 0, 0, 0, 0, 0, 0, 22, 0, 0, 0, 0, 0, 0, 0, 0, 0, 0, 0, 0, 0, 0, 0, 0, 0, 0, 0, 0, 0, 0, 0, 0, 0, 0, 0, 0, 0, 0, 0], "bins": [-0.5, -0.484375, -0.46875, -0.453125, -0.4375, -0.421875, -0.40625, -0.390625, -0.375, -0.359375, -0.34375, -0.328125, -0.3125, -0.296875, -0.28125, -0.265625, -0.25, -0.234375, -0.21875, -0.203125, -0.1875, -0.171875, -0.15625, -0.140625, -0.125, -0.109375, -0.09375, -0.078125, -0.0625, -0.046875, -0.03125, -0.015625, 0.0, 0.015625, 0.03125, 0.046875, 0.0625, 0.078125, 0.09375, 0.109375, 0.125, 0.140625, 0.15625, 0.171875, 0.1875, 0.203125, 0.21875, 0.234375, 0.25, 0.265625, 0.28125, 0.296875, 0.3125, 0.328125, 0.34375, 0.359375, 0.375, 0.390625, 0.40625, 0.421875, 0.4375, 0.453125, 0.46875, 0.484375, 0.5]}, "params/['params']['layers_1']['linear_layer']['kernel']": {"_type": "histogram", "values": [1, 0, 0, 2, 0, 0, 0, 0, 0, 1, 1, 0, 2, 1, 1, 0, 1, 3, 3, 1, 2, 3, 2, 3, 1, 0, 2, 2, 2, 4, 5, 9, 318, 4, 2, 3, 4, 1, 0, 1, 1, 1, 0, 0, 0, 1, 0, 2, 1, 0, 2, 0, 0, 0, 0, 0, 0, 1, 0, 0, 0, 0, 0, 2],