{"loss": 0.8792781829833984, "_timestamp": 1739300843.0439527, "_runtime": 10.56853175163269, "_step": 25, "params/['params']['last']['bias']": {"_type": "histogram", "values": [1, 0, 0, 0, 0, 0, 0, 0, 0, 0, 0, 0, 0, 0, 0, 0, 0, 0, 0, 0, 0, 0, 0, 0, 0, 0, 0, 0, 0, 0, 0, 0, 0, 0, 0, 0, 0, 0, 0, 0, 0, 0, 0, 0, 0, 0, 0, 0, 0, 0, 0, 0, 0, 0, 0, 0, 0, 0, 0, 0, 0, 0, 0, 1], "bins": [0.8938096165657043, 0.8954927325248718, 0.8971757888793945, 0.898858904838562, 0.9005420207977295, 0.9022250771522522, 0.9039081931114197, 0.9055913090705872, 0.9072743654251099, 0.9089574813842773, 0.9106405973434448, 0.9123236536979675, 0.914006769657135, 0.9156898856163025, 0.9173729419708252, 0.9190560579299927, 0.9207391738891602, 0.9224222302436829, 0.9241053462028503, 0.9257884621620178, 0.9274715185165405, 0.929154634475708, 0.9308377504348755, 0.9325208067893982, 0.9342039227485657, 0.9358870387077332, 0.9375700950622559, 0.9392532110214233, 0.9409363269805908, 0.9426194429397583, 0.944302499294281, 0.9459856152534485, 0.9476686716079712, 0.9493517875671387, 0.9510349035263062, 0.9527180194854736, 0.9544010758399963, 0.9560841917991638, 0.9577672481536865, 0.959450364112854, 0.9611334800720215, 0.962816596031189, 0.9644996523857117, 0.9661827683448792, 0.9678658246994019, 0.9695489406585693, 0.9712320566177368, 0.9729151725769043, 0.974598228931427, 0.9762813448905945, 0.977964460849762, 0.9796475172042847, 0.9813306331634521, 0.9830137491226196, 0.9846968054771423, 0.9863799214363098, 0.9880630373954773, 0.98974609375, 0.9914292097091675, 0.993112325668335, 0.9947953820228577, 0.9964784979820251, 0.9981616139411926, 0.9998446702957153, 1.0015277862548828]}, "params/['params']['last']['kernel']": {"_type": "histogram", "values": [0, 0, 0, 0, 0, 0, 0, 0, 0, 0, 0, 0, 0, 0, 0, 0, 0, 0, 0, 0, 0, 0, 0, 0, 0, 0, 0, 0, 0, 0, 0, 0, 30, 0, 0, 0, 0, 0, 0, 0, 0, 0, 0, 0, 0, 0, 0, 0, 0, 0, 0, 0, 0, 0, 0, 0, 0, 0, 0, 0, 0, 0, 0, 0], "bins": [-0.5, -0.484375, -0.46875, -0.453125, -0.4375, -0.421875, -0.40625, -0.390625, -0.375, -0.359375, -0.34375, -0.328125, -0.3125, -0.296875, -0.28125, -0.265625, -0.25, -0.234375, -0.21875, -0.203125, -0.1875, -0.171875, -0.15625, -0.140625, -0.125, -0.109375, -0.09375, -0.078125, -0.0625, -0.046875, -0.03125, -0.015625, 0.0, 0.015625, 0.03125, 0.046875, 0.0625, 0.078125, 0.09375, 0.109375, 0.125, 0.140625, 0.15625, 0.171875, 0.1875, 0.203125, 0.21875, 0.234375, 0.25, 0.265625, 0.28125, 0.296875, 0.3125, 0.328125, 0.34375, 0.359375, 0.375, 0.390625, 0.40625, 0.421875, 0.4375, 0.453125, 0.46875, 0.484375, 0.5]}, "params/['params']['layers_0']['linear_layer']['bias']": {"_type": "histogram", "values": [0, 0, 0, 0, 0, 0, 0, 0, 0, 0, 0, 0, 0, 0, 0, 0, 0, 0, 0, 0, 0, 0, 0, 0, 0, 0, 0, 0, 0, 0, 0, 0, 18, 0, 0, 0, 0, 0, 0, 0, 0, 0, 0, 0, 0, 0, 0, 0, 0, 0, 0, 0, 0, 0, 0, 0, 0, 0, 0, 0, 0, 0, 0, 0], "bins": [-0.5, -0.484375, -0.46875, -0.453125, -0.4375, -0.421875, -0.40625, -0.390625, -0.375, -0.359375, -0.34375, -0.328125, -0.3125, -0.296875, -0.28125, -0.265625, -0.25, -0.234375, -0.21875, -0.203125, -0.1875, -0.171875, -0.15625, -0.140625, -0.125, -0.109375, -0.09375, -0.078125, -0.0625, -0.046875, -0.03125, -0.015625, 0.0, 0.015625, 0.03125, 0.046875, 0.0625, 0.078125, 0.09375, 0.109375, 0.125, 0.140625, 0.15625, 0.171875, 0.1875, 0.203125, 0.21875, 0.234375, 0.25, 0.265625, 0.28125, 0.296875, 0.3125, 0.328125, 0.34375, 0.359375, 0.375, 0.390625, 0.40625, 0.421875, 0.4375, 0.453125, 0.46875, 0.484375, 0.5]}, "params/['params']['layers_0']['linear_layer']['kernel']": {"_type": "histogram", "values": [1, 0, 0, 0, 1, 0, 1, 0, 2, 0, 1, 0, 0, 1, 0, 1, 1, 1, 0, 2, 1, 0, 1, 1, 3, 2, 0, 0, 1, 5, 3, 2, 1, 1, 1, 0, 3, 1, 3, 2, 2, 2, 2, 0, 2, 0, 2, 0, 0, 3, 0, 1, 2, 1, 3, 2, 2, 2, 0, 0, 1, 1, 0, 1], "bins": [-1.108559250831604, -1.0743579864501953, -1.0401568412780762, -1.0059555768966675, -0.9717543125152588, -0.9375531077384949, -0.903351902961731, -0.8691506385803223, -0.8349493741989136, -0.8007481694221497, -0.7665469646453857, -0.732345700263977, -0.6981444954872131, -0.6639432907104492, -0.6297420263290405, -0.5955407619476318, -0.5613395571708679, -0.527138352394104, -0.4929370880126953, -0.4587358832359314, -0.4245346188545227, -0.3903334140777588, -0.3561321496963501, -0.3219309449195862, -0.28772974014282227, -0.2535284757614136, -0.21932727098464966, -0.18512600660324097, -0.15092480182647705, -0.11672353744506836, -0.08252227306365967, -0.04832112789154053, -0.014119863510131836, 0.020081400871276855, 0.054282546043395996, 0.08848381042480469, 0.12268507480621338, 0.15688633918762207, 0.1910874843597412, 0.2252887487411499, 0.2594900131225586, 0.29369115829467773, 0.3278924226760864, 0.3620936870574951, 0.3962949514389038, 0.43049609661102295, 0.46469736099243164, 0.49889862537384033, 0.5330997705459595, 0.5673010349273682, 0.6015022993087769, 0.6357035636901855, 0.6699047088623047, 0.7041059732437134, 0.7383072376251221, 0.7725085020065308, 0.8067096471786499, 0.8409109115600586, 0.8751121759414673, 0.9093133211135864, 0.9435147047042847, 0.9777158498764038, 1.011916995048523, 1.0461183786392212, 1.0803195238113403]}, "_wandb": {"runtime": 10}}