{"loss": 0.000260327709838748, "_timestamp": 1739544516.5814767, "_runtime": 144.5591857433319, "_step": 405, "validation_loss": 0.00026638770941644907, "params/['params']['last']['bias']": {"_type": "histogram", "values": [1, 0, 0, 0, 0, 0, 0, 0, 0, 0, 0, 0, 0, 0, 0, 0, 0, 0, 0, 0, 0, 0, 0, 0, 0, 0, 0, 0, 0, 0, 0, 0, 0, 0, 0, 0, 0, 0, 0, 0, 0, 0, 0, 0, 0, 0, 0, 0, 0, 0, 0, 0, 0, 0, 0, 0, 0, 0, 0, 0, 0, 0, 0, 1], "bins": [0.0, 0.00039393521728925407, 0.0007878704345785081, 0.0011818056227639318, 0.0015757408691570163, 0.001969675999134779, 0.0023636112455278635, 0.002757546491920948, 0.0031514817383140326, 0.003545416984707117, 0.003939351998269558, 0.004333287477493286, 0.004727222491055727, 0.005121157970279455, 0.005515092983841896, 0.005909028463065624, 0.006302963476628065, 0.006696898490190506, 0.007090833969414234, 0.007484768982976675, 0.007878703996539116, 0.008272639475762844, 0.008666574954986572, 0.0090605104342103, 0.009454444982111454, 0.009848380461335182, 0.01024231594055891, 0.010636250488460064, 0.011030185967683792, 0.01142412144690752, 0.011818056926131248, 0.012211991474032402, 0.01260592695325613, 0.012999862432479858, 0.013393796980381012, 0.01378773245960474, 0.014181667938828468, 0.014575603418052197, 0.01496953796595335, 0.015363473445177078, 0.015757407993078232, 0.016151344403624535, 0.016545278951525688, 0.016939213499426842, 0.017333149909973145, 0.017727084457874298, 0.0181210208684206, 0.018514955416321754, 0.018908889964222908, 0.01930282637476921, 0.019696760922670364, 0.020090695470571518, 0.02048463188111782, 0.020878566429018974, 0.021272500976920128, 0.02166643738746643, 0.022060371935367584, 0.022454306483268738, 0.02284824289381504, 0.023242177441716194, 0.023636113852262497, 0.02403004840016365, 0.024423982948064804, 0.024817919358611107, 0.02521185390651226]}, "params/['params']['last']['kernel']": {"_type": "histogram", "values": [1, 0, 1, 0, 0, 0, 0, 0, 0, 0, 0, 0, 0, 0, 0, 0, 0, 0, 0, 0, 0, 0, 0, 1, 0, 0, 0, 1, 20, 0, 0, 0, 0, 0, 0, 0, 3, 0, 0, 0, 0, 0, 0, 0, 1, 0, 0, 0, 0, 0, 0, 0, 1, 0, 0, 0, 0, 0, 0, 0, 0, 0, 0, 1], "bins": [-0.11990326642990112, -0.11570564657449722, -0.11150802671909332, -0.10731040686368942, -0.10311278700828552, -0.09891516715288162, -0.09471754729747772, -0.09051991999149323, -0.08632230758666992, -0.08212468028068542, -0.07792706787586212, -0.07372944056987762, -0.06953182071447372, -0.06533420085906982, -0.061136581003665924, -0.056938961148262024, -0.052741341292858124, -0.048543721437454224, -0.044346101582050323, -0.04014848172664642, -0.03595086187124252, -0.03175324201583862, -0.027555622160434723, -0.023358002305030823, -0.019160374999046326, -0.014962755143642426, -0.010765135288238525, -0.006567515432834625, -0.002369895577430725, 0.001827724277973175, 0.006025344133377075, 0.010222956538200378, 0.014420583844184875, 0.018618211150169373, 0.022815823554992676, 0.027013450860977173, 0.031211063265800476, 0.03540869057178497, 0.039606302976608276, 0.04380393028259277, 0.04800154268741608, 0.052199169993400574, 0.05639678239822388, 0.060594409704208374, 0.06479202210903168, 0.06898964941501617, 0.07318726181983948, 0.07738488912582397, 0.08158251643180847, 0.08578012883663177, 0.08997775614261627, 0.09417536854743958, 0.09837299585342407, 0.10257060825824738, 0.10676823556423187, 0.11096584796905518, 0.11516347527503967, 0.11936108767986298, 0.12355871498584747, 0.12775632739067078, 0.13195395469665527, 0.13615158200263977, 0.14034917950630188, 0.14454680681228638, 0.14874443411827087]}, "params/['params']['layers_0']['linear_layer']['bias']": {"_type": "histogram", "values": [0, 0, 0, 0, 0, 0, 0, 0, 0, 0, 0, 0, 0, 0, 0, 0, 0, 0, 0, 0, 0, 0, 0, 0, 0, 0, 0, 0, 0, 0, 0, 0, 18, 0, 0, 0, 0, 0, 0, 0, 0, 0, 0, 0, 0, 0, 0, 0, 0, 0, 0, 0, 0, 0, 0, 0, 0, 0, 0, 0, 0, 0, 0, 0], "bins": [-0.5, -0.484375, -0.46875, -0.453125, -0.4375, -0.421875, -0.40625, -0.390625, -0.375, -0.359375, -0.34375, -0.328125, -0.3125, -0.296875, -0.28125, -0.265625, -0.25, -0.234375, -0.21875, -0.203125, -0.1875, -0.171875, -0.15625, -0.140625, -0.125, -0.109375, -0.09375, -0.078125, -0.0625, -0.046875, -0.03125, -0.015625, 0.0, 0.015625, 0.03125, 0.046875, 0.0625, 0.078125, 0.09375, 0.109375, 0.125, 0.140625, 0.15625, 0.171875, 0.1875, 0.203125, 0.21875, 0.234375, 0.25, 0.265625, 0.28125, 0.296875, 0.3125, 0.328125, 0.34375, 0.359375, 0.375, 0.390625, 0.40625, 0.421875, 0.4375, 0.453125, 0.46875, 0.484375, 0.5]}, "params/['params']['layers_0']['linear_layer']['kernel']": {"_type": "histogram", "values": [1, 0, 0, 0, 1, 0, 1, 0, 0, 0, 0, 0, 1, 0, 0, 0, 63, 0, 0, 0, 1, 0, 0, 0, 0, 0, 1, 0, 0, 0, 0, 1, 0, 0, 0, 1, 0, 0, 0, 0, 0, 0, 0, 0, 0, 0, 0, 0, 0, 0, 0, 0, 0, 0, 0, 0, 0, 0, 0, 0, 0, 0, 0, 1], "bins": [-0.45888832211494446, -0.4307979643344879, -0.40270763635635376, -0.3746172785758972, -0.3465269207954407, -0.3184365928173065, -0.29034623503685, -0.2622559070587158, -0.23416554927825928, -0.20607519149780273, -0.17798486351966858, -0.14989450573921204, -0.1218041479587555, -0.09371381998062134, -0.0656234622001648, -0.03753313422203064, -0.009442776441574097, 0.018647581338882446, 0.04673793911933899, 0.07482823729515076, 0.1029185950756073, 0.13100895285606384, 0.15909931063652039, 0.18718966841697693, 0.21528002619743347, 0.24337032437324524, 0.2714606821537018, 0.2995510399341583, 0.32764139771461487, 0.3557317554950714, 0.3838220536708832, 0.4119124114513397, 0.44000276923179626, 0.4680931270122528, 0.49618348479270935, 0.5242737531661987, 0.5523642301559448, 0.5804545879364014, 0.6085448265075684, 0.6366351842880249, 0.6647255420684814, 0.692815899848938, 0.7209062576293945, 0.7489966154098511, 0.7770869731903076, 0.8051773309707642, 0.8332676887512207, 0.8613580465316772, 0.8894484043121338, 0.9175386428833008, 0.9456290006637573, 0.9737193584442139, 1.0018097162246704, 1.029900074005127, 1.0579904317855835, 1.08608078956604, 1.1141711473464966, 1.1422615051269531, 1.1703518629074097, 1.1984421014785767, 1.2265324592590332, 1.2546228170394897, 1.2827131748199463, 1.3108035326004028, 1.3388938903808594]}, "params/['params']['layers_1']['linear_layer']['bias']": {"_type": "histogram", "values": [0, 0, 0, 0, 0, 0, 0, 0, 0, 0, 0, 0, 0, 0, 0, 0, 0, 0, 0, 0, 0, 0, 0, 0, 0, 0, 0, 0, 0, 0, 0, 0, 18, 0, 0, 0, 0, 0, 0, 0, 0, 0, 0, 0, 0, 0, 0, 0, 0, 0, 0, 0, 0, 0, 0, 0, 0, 0, 0, 0, 0, 0, 0, 0], "bins": [-0.5, -0.484375, -0.46875, -0.453125, -0.4375, -0.421875, -0.40625, -0.390625, -0.375, -0.359375, -0.34375, -0.328125, -0.3125, -0.296875, -0.28125, -0.265625, -0.25, -0.234375, -0.21875, -0.203125, -0.1875, -0.171875, -0.15625, -0.140625, -0.125, -0.109375, -0.09375, -0.078125, -0.0625, -0.046875, -0.03125, -0.015625, 0.0, 0.015625, 0.03125, 0.046875, 0.0625, 0.078125, 0.09375, 0.109375, 0.125, 0.140625, 0.15625, 0.171875, 0.1875, 0.203125, 0.21875, 0.234375, 0.25, 0.265625, 0.28125, 0.296875, 0.3125, 0.328125, 0.34375, 0.359375, 0.375, 0.390625, 0.40625, 0.421875, 0.4375, 0.453125, 0.46875, 0.484375, 0.5]}, "params/['params']['layers_1']['linear_layer']['kernel']": {"_type": "histogram", "values": [1, 0, 0, 0, 0, 0, 0, 0, 0, 0, 0, 0, 0, 0, 1, 0, 0, 0, 1, 4, 4, 3, 241, 5, 2, 1, 3, 0, 0, 0, 1, 0, 0, 0, 0, 0, 0, 0, 0, 0, 0, 0, 0, 0, 0, 0, 0, 0, 0, 0, 1, 0, 0, 0, 0, 1, 0, 0, 0, 0, 0, 0, 0, 1],