{"loss": 0.00019795223488472402, "_timestamp": 1739373669.9739363, "_runtime": 200.9566752910614, "_step": 404, "params/['params']['last']['bias']": {"_type": "histogram", "values": [0, 0, 0, 0, 0, 0, 0, 0, 0, 0, 0, 0, 0, 0, 0, 0, 0, 0, 0, 0, 0, 0, 0, 0, 0, 0, 0, 0, 0, 0, 0, 0, 2, 0, 0, 0, 0, 0, 0, 0, 0, 0, 0, 0, 0, 0, 0, 0, 0, 0, 0, 0, 0, 0, 0, 0, 0, 0, 0, 0, 0, 0, 0, 0], "bins": [-0.5, -0.484375, -0.46875, -0.453125, -0.4375, -0.421875, -0.40625, -0.390625, -0.375, -0.359375, -0.34375, -0.328125, -0.3125, -0.296875, -0.28125, -0.265625, -0.25, -0.234375, -0.21875, -0.203125, -0.1875, -0.171875, -0.15625, -0.140625, -0.125, -0.109375, -0.09375, -0.078125, -0.0625, -0.046875, -0.03125, -0.015625, 0.0, 0.015625, 0.03125, 0.046875, 0.0625, 0.078125, 0.09375, 0.109375, 0.125, 0.140625, 0.15625, 0.171875, 0.1875, 0.203125, 0.21875, 0.234375, 0.25, 0.265625, 0.28125, 0.296875, 0.3125, 0.328125, 0.34375, 0.359375, 0.375, 0.390625, 0.40625, 0.421875, 0.4375, 0.453125, 0.46875, 0.484375, 0.5]}, "params/['params']['last']['kernel']": {"_type": "histogram", "values": [1, 0, 0, 0, 0, 0, 0, 0, 0, 0, 0, 0, 0, 0, 0, 0, 0, 0, 0, 0, 0, 0, 0, 0, 0, 0, 0, 0, 0, 0, 0, 0, 0, 0, 0, 0, 0, 0, 0, 0, 0, 0, 0, 0, 0, 2, 0, 0, 0, 0, 0, 0, 0, 0, 0, 0, 0, 0, 0, 0, 36, 0, 0, 3], "bins": [-0.12852562963962555, -0.12641096115112305, -0.12429628521203995, -0.12218160927295685, -0.12006693333387375, -0.11795225739479065, -0.11583758890628815, -0.11372291296720505, -0.11160823702812195, -0.10949356853961945, -0.10737889260053635, -0.10526421666145325, -0.10314954817295074, -0.10103487223386765, -0.09892019629478455, -0.09680552780628204, -0.09469085186719894, -0.09257617592811584, -0.09046150743961334, -0.08834683150053024, -0.08623215556144714, -0.08411748707294464, -0.08200281113386154, -0.07988813519477844, -0.07777346670627594, -0.07565879076719284, -0.07354411482810974, -0.07142944633960724, -0.06931477040052414, -0.06720009446144104, -0.06508541852235794, -0.06297075003385544, -0.06085607409477234, -0.05874139815568924, -0.05662672966718674, -0.05451205372810364, -0.05239737778902054, -0.050282709300518036, -0.048168033361434937, -0.04605335742235184, -0.04393868148326874, -0.041824012994766235, -0.039709337055683136, -0.03759466111660004, -0.035479992628097534, -0.033365316689014435, -0.031250640749931335, -0.029135972261428833, -0.027021296322345734, -0.024906620383262634, -0.022791951894760132, -0.020677275955677032, -0.018562600016593933, -0.01644793152809143, -0.014333255589008331, -0.012218579649925232, -0.01010391116142273, -0.00798923522233963, -0.005874559283256531, -0.0037598833441734314, -0.001645207405090332, 0.0004694610834121704, 0.002584129571914673, 0.004698812961578369, 0.00681348517537117]}, "params/['params']['layers_0']['linear_layer']['bias']": {"_type": "histogram", "values": [0, 0, 0, 0, 0, 0, 0, 0, 0, 0, 0, 0, 0, 0, 0, 0, 0, 0, 0, 0, 0, 0, 0, 0, 0, 0, 0, 0, 0, 0, 0, 0, 24, 0, 0, 0, 0, 0, 0, 0, 0, 0, 0, 0, 0, 0, 0, 0, 0, 0, 0, 0, 0, 0, 0, 0, 0, 0, 0, 0, 0, 0, 0, 0], "bins": [-0.5, -0.484375, -0.46875, -0.453125, -0.4375, -0.421875, -0.40625, -0.390625, -0.375, -0.359375, -0.34375, -0.328125, -0.3125, -0.296875, -0.28125, -0.265625, -0.25, -0.234375, -0.21875, -0.203125, -0.1875, -0.171875, -0.15625, -0.140625, -0.125, -0.109375, -0.09375, -0.078125, -0.0625, -0.046875, -0.03125, -0.015625, 0.0, 0.015625, 0.03125, 0.046875, 0.0625, 0.078125, 0.09375, 0.109375, 0.125, 0.140625, 0.15625, 0.171875, 0.1875, 0.203125, 0.21875, 0.234375, 0.25, 0.265625, 0.28125, 0.296875, 0.3125, 0.328125, 0.34375, 0.359375, 0.375, 0.390625, 0.40625, 0.421875, 0.4375, 0.453125, 0.46875, 0.484375, 0.5]}, "params/['params']['layers_0']['linear_layer']['kernel']": {"_type": "histogram", "values": [2, 0, 0, 0, 0, 0, 0, 0, 1, 0, 0, 0, 0, 0, 0, 0, 0, 0, 0, 0, 0, 0, 90, 0, 0, 0, 0, 0, 0, 0, 0, 0, 0, 0, 0, 0, 2, 0, 0, 0, 0, 0, 0, 0, 0, 0, 0, 0, 0, 0, 0, 0, 0, 0, 0, 0, 0, 0, 0, 0, 0, 0, 0, 1], "bins": [-0.4661531150341034, -0.4456714689731598, -0.4251898229122162, -0.4047081768512726, -0.384226530790329, -0.3637448847293854, -0.34326326847076416, -0.32278162240982056, -0.30229997634887695, -0.28181833028793335, -0.26133668422698975, -0.24085502326488495, -0.22037339210510254, -0.19989174604415894, -0.17941009998321533, -0.15892845392227173, -0.13844680786132812, -0.11796516180038452, -0.09748351573944092, -0.07700186967849731, -0.05652022361755371, -0.03603857755661011, -0.015556931495666504, 0.0049247145652771, 0.025406330823898315, 0.04588797688484192, 0.06636962294578552, 0.08685126900672913, 0.10733291506767273, 0.12781456112861633, 0.14829620718955994, 0.16877785325050354, 0.18925949931144714, 0.20974114537239075, 0.23022279143333435, 0.25070443749427795, 0.27118608355522156, 0.29166772961616516, 0.31214937567710876, 0.33263102173805237, 0.35311266779899597, 0.3735943138599396, 0.3940759599208832, 0.4145576059818268, 0.4350392520427704, 0.455520898103714, 0.4760025441646576, 0.4964841902256012, 0.5169657468795776, 0.537447452545166, 0.5579290390014648, 0.5784107446670532, 0.598892331123352, 0.6193740367889404, 0.6398556232452393, 0.6603373289108276, 0.6808189153671265, 0.7013006210327148, 0.7217822074890137, 0.742263913154602, 0.7627454996109009, 0.7832272052764893, 0.8037087917327881, 0.8241904973983765, 0.8446721434593201]}, "params/['params']['layers_1']['linear_layer']['bias']": {"_type": "histogram", "values": [0, 0, 0, 0, 0, 0, 0, 0, 0, 0, 0, 0, 0, 0, 0, 0, 0, 0, 0, 0, 0, 0, 0, 0, 0, 0, 0, 0, 0, 0, 0, 0, 24, 0, 0, 0, 0, 0, 0, 0, 0, 0, 0, 0, 0, 0, 0, 0, 0, 0, 0, 0, 0, 0, 0, 0, 0, 0, 0, 0, 0, 0, 0, 0], "bins": [-0.5, -0.484375, -0.46875, -0.453125, -0.4375, -0.421875, -0.40625, -0.390625, -0.375, -0.359375, -0.34375, -0.328125, -0.3125, -0.296875, -0.28125, -0.265625, -0.25, -0.234375, -0.21875, -0.203125, -0.1875, -0.171875, -0.15625, -0.140625, -0.125, -0.109375, -0.09375, -0.078125, -0.0625, -0.046875, -0.03125, -0.015625, 0.0, 0.015625, 0.03125, 0.046875, 0.0625, 0.078125, 0.09375, 0.109375, 0.125, 0.140625, 0.15625, 0.171875, 0.1875, 0.203125, 0.21875, 0.234375, 0.25, 0.265625, 0.28125, 0.296875, 0.3125, 0.328125, 0.34375, 0.359375, 0.375, 0.390625, 0.40625, 0.421875, 0.4375, 0.453125, 0.46875, 0.484375, 0.5]}, "params/['params']['layers_1']['linear_layer']['kernel']": {"_type": "histogram", "values": [1, 0, 0, 0, 0, 0, 0, 0, 0, 0, 0, 0, 2, 0, 0, 2, 0, 0, 0, 0, 0, 0, 0, 0, 0, 0, 0, 0, 0, 0, 0, 0, 0, 0, 0, 0, 0, 498, 0, 0, 0, 0, 0, 0, 0, 0, 0, 0, 0, 0, 0, 0, 0, 0, 0, 0, 0, 0, 0, 0, 0, 0, 0, 1], "bins": [-2.241520881652832, -2.181706666946411, -2.121892213821411, -2.0620779991149902, -2.0022635459899902, -1.9424493312835693, -1.8826351165771484, -1.822820782661438, -1.7630064487457275, -1.703192114830017, -1.6433777809143066, -1.5835635662078857, -1.5237492322921753, -1.4639348983764648, -1.404120683670044, -1.3443063497543335, -1.284492015838623, -1.2246776819229126, -1.1648633480072021, -1.1050491333007812, -1.0452347993850708, -0.9854204654693604, -0.9256062507629395, -0.865791916847229, -0.8059775829315186, -0.7461632490158081, -0.6863489151000977, -0.6265347003936768, -0.5667203664779663, -0.5069060325622559, -0.44709181785583496, -0.3872774839401245, -0.32746315002441406, -0.2676488161087036, -0.20783448219299316, -0.14802026748657227, -0.08820581436157227, -0.028391599655151367, 0.03142261505126953, 0.09123706817626953, 0.15105128288269043, 0.21086549758911133, 0.27067995071411133, 0.3304941654205322, 0.3903083801269531, 0.4501228332519531, 0.509937047958374, 0.569751501083374, 0.6295657157897949, 0.6893799304962158, 0.7491943836212158, 0.8090085983276367, 0.8688230514526367, 0.9286372661590576, 0.9884514808654785, 1.0482659339904785, 1.1080801486968994, 1.1678943634033203, 1.2277088165283203, 1.2875230312347412, 1.347337245941162, 1.407151699066162, 1.466965913772583, 1.526780366897583, 1.5865947008132935]}, "_wandb": {"runtime": 200}}