{"loss": 0.02297150529921055, "_timestamp": 1739300507.945834, "_runtime": 18.56597399711609, "_step": 25, "params/['params']['last']['bias']": {"_type": "histogram", "values": [1, 0, 0, 0, 0, 0, 0, 0, 0, 0, 0, 0, 0, 0, 0, 0, 0, 0, 0, 0, 0, 0, 0, 0, 0, 0, 0, 0, 0, 0, 0, 0, 0, 0, 0, 0, 0, 0, 0, 0, 0, 0, 0, 0, 0, 0, 0, 0, 0, 0, 0, 0, 0, 0, 0, 0, 0, 0, 0, 0, 0, 0, 0, 1], "bins": [0.7806390523910522, 0.7841653227806091, 0.787691593170166, 0.7912179231643677, 0.7947441935539246, 0.7982704639434814, 0.8017967939376831, 0.80532306432724, 0.8088493347167969, 0.8123756051063538, 0.8159018754959106, 0.8194282054901123, 0.8229544758796692, 0.8264807462692261, 0.8300070762634277, 0.8335333466529846, 0.8370596170425415, 0.8405858874320984, 0.8441121578216553, 0.8476384878158569, 0.8511647582054138, 0.8546910285949707, 0.8582173585891724, 0.8617436289787292, 0.8652698993682861, 0.868796169757843, 0.8723224401473999, 0.8758487701416016, 0.8793750405311584, 0.8829013109207153, 0.886427640914917, 0.8899539113044739, 0.8934801816940308, 0.8970064520835876, 0.9005327224731445, 0.9040590524673462, 0.9075853228569031, 0.91111159324646, 0.9146379232406616, 0.9181641936302185, 0.9216904640197754, 0.9252167344093323, 0.9287430047988892, 0.9322693347930908, 0.9357956051826477, 0.9393218755722046, 0.9428482055664062, 0.9463744759559631, 0.94990074634552, 0.9534270167350769, 0.9569532871246338, 0.9604796171188354, 0.9640058875083923, 0.9675321578979492, 0.9710584878921509, 0.9745847582817078, 0.9781110286712646, 0.9816372990608215, 0.9851635694503784, 0.9886898994445801, 0.992216169834137, 0.9957424402236938, 0.9992687702178955, 1.0027949810028076, 1.0063213109970093]}, "params/['params']['last']['kernel']": {"_type": "histogram", "values": [1, 0, 0, 0, 0, 0, 0, 0, 0, 0, 0, 0, 0, 0, 0, 0, 2, 1, 0, 0, 1, 0, 0, 0, 0, 0, 0, 0, 0, 0, 0, 0, 0, 0, 0, 2, 4, 0, 0, 0, 0, 0, 0, 0, 0, 0, 0, 0, 0, 0, 0, 0, 0, 0, 0, 0, 0, 0, 0, 0, 0, 0, 0, 1], "bins": [-0.44442218542099, -0.43195468187332153, -0.4194871485233307, -0.40701964497566223, -0.3945521116256714, -0.38208460807800293, -0.3696171045303345, -0.357149600982666, -0.34468206763267517, -0.3322145342826843, -0.31974703073501587, -0.3072795271873474, -0.29481202363967896, -0.2823444902896881, -0.26987698674201965, -0.2574094533920288, -0.24494194984436035, -0.2324744313955307, -0.22000691294670105, -0.2075394093990326, -0.19507189095020294, -0.1826043725013733, -0.17013686895370483, -0.157669335603714, -0.14520183205604553, -0.13273432850837708, -0.12026679515838623, -0.10779929161071777, -0.09533178806304932, -0.08286425471305847, -0.07039675116539001, -0.05792921781539917, -0.04546171426773071, -0.032994210720062256, -0.02052667737007141, -0.008059173822402954, 0.004408359527587891, 0.016875863075256348, 0.029343366622924805, 0.04181089997291565, 0.054278403520584106, 0.06674593687057495, 0.07921344041824341, 0.09168094396591187, 0.10414844751358032, 0.11661595106124878, 0.129083514213562, 0.14155101776123047, 0.15401852130889893, 0.16648602485656738, 0.17895352840423584, 0.19142109155654907, 0.20388859510421753, 0.216356098651886, 0.22882360219955444, 0.2412911057472229, 0.25375860929489136, 0.2662261724472046, 0.27869367599487305, 0.2911611795425415, 0.30362868309020996, 0.3160961866378784, 0.32856374979019165, 0.3410312533378601, 0.35349875688552856]}, "params/['params']['layers_0']['linear_layer']['bias']": {"_type": "histogram", "values": [1, 0, 0, 0, 0, 1, 0, 2, 0, 0, 0, 0, 0, 0, 0, 0, 0, 0, 1, 0, 0, 0, 0, 0, 0, 0, 0, 0, 0, 0, 0, 0, 0, 0, 0, 0, 1, 0, 0, 0, 0, 0, 0, 0, 0, 0, 0, 0, 0, 0, 0, 0, 0, 0, 0, 0, 1, 0, 0, 0, 0, 0, 0, 1], "bins": [-0.5649052262306213, -0.549509584903717, -0.534113883972168, -0.5187182426452637, -0.5033225417137146, -0.4879269003868103, -0.4725312292575836, -0.45713555812835693, -0.44173988699913025, -0.42634421586990356, -0.41094857454299927, -0.3955528736114502, -0.3801572322845459, -0.3647615611553192, -0.34936589002609253, -0.33397024869918823, -0.31857454776763916, -0.30317890644073486, -0.2877832353115082, -0.2723875641822815, -0.2569918930530548, -0.24159622192382812, -0.22620055079460144, -0.21080490946769714, -0.19540923833847046, -0.18001356720924377, -0.1646178960800171, -0.1492222249507904, -0.13382655382156372, -0.11843091249465942, -0.10303524136543274, -0.08763957023620605, -0.07224389910697937, -0.056848227977752686, -0.04145258665084839, -0.026056885719299316, -0.01066124439239502, 0.004734456539154053, 0.02013009786605835, 0.035525739192962646, 0.05092144012451172, 0.06631708145141602, 0.08171278238296509, 0.09710842370986938, 0.11250412464141846, 0.12789976596832275, 0.14329540729522705, 0.15869110822677612, 0.17408674955368042, 0.1894824504852295, 0.2048780918121338, 0.22027379274368286, 0.23566943407058716, 0.25106507539749146, 0.2664607763290405, 0.2818564176559448, 0.2972521185874939, 0.3126477599143982, 0.3280434012413025, 0.34343910217285156, 0.35883474349975586, 0.37423044443130493, 0.38962608575820923, 0.4050217866897583, 0.4204174280166626]}, "params/['params']['layers_0']['linear_layer']['kernel']": {"_type": "histogram", "values": [1, 0, 4, 0, 2, 0, 0, 0, 3, 0, 0, 1, 1, 1, 0, 0, 0, 1, 1, 7, 0, 3, 0, 0, 1, 2, 0, 1, 0, 0, 0, 0, 0, 0, 0, 0, 0, 1, 0, 0, 0, 0, 0, 0, 0, 0, 1, 0, 0, 0, 0, 0, 0, 0, 0, 0, 0, 0, 0, 0, 0, 0, 0, 1], "bins": [-0.9376577734947205, -0.8894601464271545, -0.8412625193595886, -0.7930649518966675, -0.7448673248291016, -0.6966696977615356, -0.6484720706939697, -0.6002744436264038, -0.5520768165588379, -0.503879189491272, -0.45568156242370605, -0.40748393535614014, -0.359286367893219, -0.3110887408256531, -0.26289111375808716, -0.21469348669052124, -0.16649585962295532, -0.1182982325553894, -0.07010060548782349, -0.02190297842025757, 0.02629464864730835, 0.07449227571487427, 0.12268990278244019, 0.1708875298500061, 0.21908503770828247, 0.2672826647758484, 0.3154802918434143, 0.3636779189109802, 0.41187554597854614, 0.46007317304611206, 0.508270800113678, 0.5564684271812439, 0.6046660542488098, 0.6528636813163757, 0.7010613083839417, 0.7492589354515076, 0.7974565625190735, 0.8456541895866394, 0.8938518166542053, 0.9420494437217712, 0.9902470707893372, 1.0384445190429688, 1.0866422653198242, 1.1348397731781006, 1.183037519454956, 1.2312350273132324, 1.279432773590088, 1.3276302814483643, 1.3758277893066406, 1.424025535583496, 1.4722230434417725, 1.520420789718628, 1.5686182975769043, 1.6168160438537598, 1.6650135517120361, 1.7132112979888916, 1.761408805847168, 1.8096065521240234, 1.8578040599822998, 1.9060018062591553, 1.9541993141174316, 2.002397060394287, 2.0505945682525635, 2.098792314529419, 2.1469898223876953]}, "_wandb": {"runtime": 18}}