{"loss": 0.00020686509378720075, "_timestamp": 1739525485.8506415, "_runtime": 167.7005136013031, "_step": 404, "params/['params']['last']['bias']": {"_type": "histogram", "values": [1, 0, 0, 0, 0, 0, 0, 0, 0, 0, 0, 0, 0, 0, 0, 0, 0, 0, 0, 0, 0, 0, 0, 0, 0, 0, 0, 0, 0, 0, 0, 0, 0, 0, 0, 0, 0, 0, 0, 0, 0, 0, 0, 0, 0, 0, 0, 0, 0, 0, 0, 0, 0, 0, 0, 0, 0, 0, 0, 0, 0, 0, 0, 1], "bins": [0.0, 0.008251179940998554, 0.01650235988199711, 0.024753540754318237, 0.03300471976399422, 0.0412558987736702, 0.049507081508636475, 0.057758260518312454, 0.06600943952798843, 0.07426062226295471, 0.0825117975473404, 0.09076298028230667, 0.09901416301727295, 0.10726533830165863, 0.11551652103662491, 0.12376769632101059, 0.13201887905597687, 0.14027005434036255, 0.14852124452590942, 0.1567724198102951, 0.1650235950946808, 0.17327478528022766, 0.18152596056461334, 0.18977713584899902, 0.1980283260345459, 0.20627950131893158, 0.21453067660331726, 0.22278185188770294, 0.23103304207324982, 0.2392842173576355, 0.24753539264202118, 0.25578656792640686, 0.26403775811195374, 0.2722889482975006, 0.2805401086807251, 0.288791298866272, 0.29704248905181885, 0.30529364943504333, 0.3135448396205902, 0.3217960298061371, 0.3300471901893616, 0.33829838037490845, 0.3465495705604553, 0.3548007309436798, 0.3630519211292267, 0.37130311131477356, 0.37955427169799805, 0.3878054618835449, 0.3960566520690918, 0.4043078124523163, 0.41255900263786316, 0.42081016302108765, 0.4290613532066345, 0.4373125433921814, 0.4455637037754059, 0.45381489396095276, 0.46206608414649963, 0.4703172445297241, 0.478568434715271, 0.48681962490081787, 0.49507078528404236, 0.5033220052719116, 0.5115731358528137, 0.5198243260383606, 0.5280755162239075]}, "params/['params']['last']['kernel']": {"_type": "histogram", "values": [1, 0, 0, 0, 0, 0, 0, 0, 0, 0, 0, 0, 0, 0, 0, 0, 0, 0, 0, 0, 0, 0, 0, 0, 0, 0, 0, 0, 0, 0, 0, 0, 0, 0, 0, 0, 4, 30, 0, 0, 0, 0, 0, 0, 0, 0, 0, 0, 0, 0, 0, 0, 0, 0, 0, 0, 0, 0, 0, 0, 0, 0, 0, 1], "bins": [-0.37736043334007263, -0.3673318028450012, -0.3573031723499298, -0.3472745418548584, -0.337245911359787, -0.3272172808647156, -0.31718865036964417, -0.30716001987457275, -0.29713141918182373, -0.28710275888442993, -0.2770741581916809, -0.2670455276966095, -0.2570168972015381, -0.24698826670646667, -0.23695963621139526, -0.22693100571632385, -0.21690237522125244, -0.20687374472618103, -0.19684511423110962, -0.1868164837360382, -0.1767878532409668, -0.16675923764705658, -0.15673060715198517, -0.14670197665691376, -0.13667334616184235, -0.12664473056793213, -0.11661610007286072, -0.1065874695777893, -0.0965588390827179, -0.08653020858764648, -0.07650157809257507, -0.06647294759750366, -0.05644431710243225, -0.04641568660736084, -0.03638705611228943, -0.026358425617218018, -0.016329795122146606, -0.006301164627075195, 0.003727465867996216, 0.013756096363067627, 0.023784726858139038, 0.03381332755088806, 0.04384195804595947, 0.053870588541030884, 0.0638992190361023, 0.0739278495311737, 0.08395648002624512, 0.09398511052131653, 0.10401374101638794, 0.11404237151145935, 0.12407097220420837, 0.13409963250160217, 0.1441282331943512, 0.154156893491745, 0.16418549418449402, 0.17421415448188782, 0.18424275517463684, 0.19427141547203064, 0.20430001616477966, 0.21432867646217346, 0.22435727715492249, 0.23438593745231628, 0.2444145381450653, 0.2544431984424591, 0.26447179913520813]}, "params/['params']['layers_0']['linear_layer']['bias']": {"_type": "histogram", "values": [0, 0, 0, 0, 0, 0, 0, 0, 0, 0, 0, 0, 0, 0, 0, 0, 0, 0, 0, 0, 0, 0, 0, 0, 0, 0, 0, 0, 0, 0, 0, 0, 22, 0, 0, 0, 0, 0, 0, 0, 0, 0, 0, 0, 0, 0, 0, 0, 0, 0, 0, 0, 0, 0, 0, 0, 0, 0, 0, 0, 0, 0, 0, 0], "bins": [-0.5, -0.484375, -0.46875, -0.453125, -0.4375, -0.421875, -0.40625, -0.390625, -0.375, -0.359375, -0.34375, -0.328125, -0.3125, -0.296875, -0.28125, -0.265625, -0.25, -0.234375, -0.21875, -0.203125, -0.1875, -0.171875, -0.15625, -0.140625, -0.125, -0.109375, -0.09375, -0.078125, -0.0625, -0.046875, -0.03125, -0.015625, 0.0, 0.015625, 0.03125, 0.046875, 0.0625, 0.078125, 0.09375, 0.109375, 0.125, 0.140625, 0.15625, 0.171875, 0.1875, 0.203125, 0.21875, 0.234375, 0.25, 0.265625, 0.28125, 0.296875, 0.3125, 0.328125, 0.34375, 0.359375, 0.375, 0.390625, 0.40625, 0.421875, 0.4375, 0.453125, 0.46875, 0.484375, 0.5]}, "params/['params']['layers_0']['linear_layer']['kernel']": {"_type": "histogram", "values": [1, 0, 0, 0, 0, 0, 0, 0, 0, 0, 0, 0, 0, 0, 0, 0, 0, 0, 0, 0, 0, 0, 0, 0, 0, 0, 1, 2, 0, 0, 0, 0, 1, 0, 0, 0, 0, 0, 0, 0, 0, 0, 0, 0, 0, 81, 0, 0, 0, 0, 0, 0, 0, 0, 0, 0, 0, 0, 0, 0, 0, 0, 0, 2], "bins": [-1.612504482269287, -1.5767089128494263, -1.5409133434295654, -1.505117654800415, -1.4693220853805542, -1.4335265159606934, -1.3977309465408325, -1.3619353771209717, -1.3261396884918213, -1.2903441190719604, -1.2545485496520996, -1.2187529802322388, -1.182957410812378, -1.1471617221832275, -1.1113662719726562, -1.0755705833435059, -1.039775013923645, -1.0039794445037842, -0.9681838154792786, -0.9323882460594177, -0.8965926170349121, -0.8607970476150513, -0.8250014781951904, -0.7892058491706848, -0.753410279750824, -0.7176147103309631, -0.6818190813064575, -0.6460235118865967, -0.6102279424667358, -0.574432373046875, -0.5386366844177246, -0.5028411149978638, -0.46704554557800293, -0.4312499761581421, -0.39545440673828125, -0.35965871810913086, -0.32386314868927, -0.2880675792694092, -0.25227200984954834, -0.2164764404296875, -0.1806807518005371, -0.14488518238067627, -0.10908961296081543, -0.07329404354095459, -0.03749847412109375, -0.0017029047012329102, 0.03409278392791748, 0.06988835334777832, 0.10568392276763916, 0.1414794921875, 0.17727506160736084, 0.21307075023651123, 0.24886631965637207, 0.2846618890762329, 0.32045745849609375, 0.3562530279159546, 0.39204859733581543, 0.4278442859649658, 0.4636397361755371, 0.4994354248046875, 0.5352311134338379, 0.5710265636444092, 0.6068222522735596, 0.6426177024841309, 0.6784132719039917]}, "params/['params']['layers_1']['linear_layer']['bias']": {"_type": "histogram", "values": [0, 0, 0, 0, 0, 0, 0, 0, 0, 0, 0, 0, 0, 0, 0, 0, 0, 0, 0, 0, 0, 0, 0, 0, 0, 0, 0, 0, 0, 0, 0, 0, 22, 0, 0, 0, 0, 0, 0, 0, 0, 0, 0, 0, 0, 0, 0, 0, 0, 0, 0, 0, 0, 0, 0, 0, 0, 0, 0, 0, 0, 0, 0, 0], "bins": [-0.5, -0.484375, -0.46875, -0.453125, -0.4375, -0.421875, -0.40625, -0.390625, -0.375, -0.359375, -0.34375, -0.328125, -0.3125, -0.296875, -0.28125, -0.265625, -0.25, -0.234375, -0.21875, -0.203125, -0.1875, -0.171875, -0.15625, -0.140625, -0.125, -0.109375, -0.09375, -0.078125, -0.0625, -0.046875, -0.03125, -0.015625, 0.0, 0.015625, 0.03125, 0.046875, 0.0625, 0.078125, 0.09375, 0.109375, 0.125, 0.140625, 0.15625, 0.171875, 0.1875, 0.203125, 0.21875, 0.234375, 0.25, 0.265625, 0.28125, 0.296875, 0.3125, 0.328125, 0.34375, 0.359375, 0.375, 0.390625, 0.40625, 0.421875, 0.4375, 0.453125, 0.46875, 0.484375, 0.5]}, "params/['params']['layers_1']['linear_layer']['kernel']": {"_type": "histogram", "values": [1, 0, 0, 0, 0, 0, 0, 0, 0, 0, 1, 0, 1, 0, 0, 0, 0, 0, 0, 0, 0, 0, 0, 0, 1, 1, 0, 0, 0, 0, 2, 0, 0, 0, 0, 383, 0, 0, 1, 0, 2, 1, 0, 0, 0, 0, 0, 0, 0, 0, 0, 0, 0, 0, 0, 0, 0, 0, 0, 0, 0, 0, 1, 1],