{"params/['params']['layers_1']['linear_layer']['bias']":{"bins":[-0.5,-0.484375,-0.46875,-0.453125,-0.4375,-0.421875,-0.40625,-0.390625,-0.375,-0.359375,-0.34375,-0.328125,-0.3125,-0.296875,-0.28125,-0.265625,-0.25,-0.234375,-0.21875,-0.203125,-0.1875,-0.171875,-0.15625,-0.140625,-0.125,-0.109375,-0.09375,-0.078125,-0.0625,-0.046875,-0.03125,-0.015625,0,0.015625,0.03125,0.046875,0.0625,0.078125,0.09375,0.109375,0.125,0.140625,0.15625,0.171875,0.1875,0.203125,0.21875,0.234375,0.25,0.265625,0.28125,0.296875,0.3125,0.328125,0.34375,0.359375,0.375,0.390625,0.40625,0.421875,0.4375,0.453125,0.46875,0.484375,0.5],"_type":"histogram","values":[0,0,0,0,0,0,0,0,0,0,0,0,0,0,0,0,0,0,0,0,0,0,0,0,0,0,0,0,0,0,0,0,18,0,0,0,0,0,0,0,0,0,0,0,0,0,0,0,0,0,0,0,0,0,0,0,0,0,0,0,0,0,0,0]},"params/['params']['layers_0']['linear_layer']['bias']":{"bins":[-0.5,-0.484375,-0.46875,-0.453125,-0.4375,-0.421875,-0.40625,-0.390625,-0.375,-0.359375,-0.34375,-0.328125,-0.3125,-0.296875,-0.28125,-0.265625,-0.25,-0.234375,-0.21875,-0.203125,-0.1875,-0.171875,-0.15625,-0.140625,-0.125,-0.109375,-0.09375,-0.078125,-0.0625,-0.046875,-0.03125,-0.015625,0,0.015625,0.03125,0.046875,0.0625,0.078125,0.09375,0.109375,0.125,0.140625,0.15625,0.171875,0.1875,0.203125,0.21875,0.234375,0.25,0.265625,0.28125,0.296875,0.3125,0.328125,0.34375,0.359375,0.375,0.390625,0.40625,0.421875,0.4375,0.453125,0.46875,0.484375,0.5],"_type":"histogram","values":[0,0,0,0,0,0,0,0,0,0,0,0,0,0,0,0,0,0,0,0,0,0,0,0,0,0,0,0,0,0,0,0,18,0,0,0,0,0,0,0,0,0,0,0,0,0,0,0,0,0,0,0,0,0,0,0,0,0,0,0,0,0,0,0]},"validation_loss":0.00030754084582440555,"params/['params']['last']['bias']":{"values":[1,0,0,0,0,0,0,0,0,0,0,0,0,0,0,0,0,0,0,0,0,0,0,0,0,0,0,0,0,0,0,0,0,0,0,0,0,0,0,0,0,0,0,0,0,0,0,0,0,0,0,0,0,0,0,0,0,0,0,0,0,0,0,1],"bins":[0,0.008006679825484753,0.016013359650969505,0.024020038545131683,0.03202671930193901,0.04003340005874634,0.04804007709026337,0.056046757847070694,0.06405343860387802,0.07206011563539505,0.08006680011749268,0.0880734771490097,0.09608015418052673,0.10408683866262436,0.11209351569414139,0.12010020017623901,0.12810687720775604,0.13611355423927307,0.1441202312707901,0.15212692320346832,0.16013360023498535,0.16814027726650238,0.1761469542980194,0.18415363132953644,0.19216030836105347,0.2001670002937317,0.20817367732524872,0.21618035435676575,0.22418703138828278,0.2321937084197998,0.24020040035247803,0.24820707738399506,0.2562137544155121,0.2642204463481903,0.27222710847854614,0.28023380041122437,0.2882404625415802,0.2962471544742584,0.30425384640693665,0.3122605085372925,0.3202672004699707,0.32827386260032654,0.33628055453300476,0.344287246465683,0.3522939085960388,0.36030060052871704,0.3683072626590729,0.3763139545917511,0.38432061672210693,0.39232730865478516,0.4003340005874634,0.4083406627178192,0.41634735465049744,0.42435401678085327,0.4323607087135315,0.4403674006462097,0.44837406277656555,0.4563807547092438,0.4643874168395996,0.47239410877227783,0.48040080070495605,0.4884074628353119,0.4964141547679901,0.504420816898346,0.5124275088310242],"_type":"histogram"},"params/['params']['layers_0']['linear_layer']['kernel']":{"bins":[-1.5899384021759033,-1.552701711654663,-1.5154650211334229,-1.4782283306121826,-1.440991759300232,-1.4037550687789917,-1.3665183782577515,-1.3292816877365112,-1.292044997215271,-1.2548084259033203,-1.21757173538208,-1.1803350448608398,-1.1430983543395996,-1.1058616638183594,-1.0686249732971191,-1.031388282775879,-0.9941516518592834,-0.9569149613380432,-0.9196783304214478,-0.8824416399002075,-0.8452049493789673,-0.8079683184623718,-0.7707316279411316,-0.7334949374198914,-0.6962583065032959,-0.6590216159820557,-0.6217849254608154,-0.5845482349395752,-0.547311544418335,-0.5100749731063843,-0.47283828258514404,-0.4356015920639038,-0.3983649015426636,-0.36112821102142334,-0.3238915205001831,-0.28665482997894287,-0.2494182586669922,-0.21218156814575195,-0.17494487762451172,-0.13770818710327148,-0.10047149658203125,-0.06323480606079102,-0.025998234748840332,0.011238455772399902,0.04847514629364014,0.08571183681488037,0.1229485273361206,0.16018521785736084,0.19742178916931152,0.23465847969055176,0.271895170211792,0.3091318607330322,0.34636855125427246,0.3836052417755127,0.42084193229675293,0.45807862281799316,0.4953153133392334,0.5325520038604736,0.5697884559631348,0.607025146484375,0.6442618370056152,0.6814985275268555,0.7187352180480957,0.7559719085693359,0.7932085990905762],"_type":"histogram","values":[1,0,0,0,0,0,0,0,0,0,0,0,0,0,0,0,0,0,0,0,0,0,0,0,0,0,0,0,0,0,0,0,0,0,0,0,0,0,0,0,1,0,50,0,0,0,0,0,0,0,0,1,0,0,0,0,0,0,0,0,0,0,0,1]},"loss":0.0003053842228837311,"_step":405,"_wandb":{"runtime":151},"params/['params']['layers_1']['linear_layer']['kernel']":{"bins":[-1.4733760356903076,-1.427310585975647,-1.3812452554702759,-1.3351798057556152,-1.2891143560409546,-1.243048906326294,-1.1969835758209229,-1.1509181261062622,-1.1048526763916016,-1.0587873458862305,-1.0127218961715698,-0.966656506061554,-0.9205911159515381,-0.8745256662368774,-0.8284602761268616,-0.7823948264122009,-0.7363294363021851,-0.6902640461921692,-0.6441985964775085,-0.5981332063674927,-0.552067756652832,-0.5060023665428162,-0.4599369764328003,-0.41387152671813965,-0.36780619621276855,-0.3217407464981079,-0.27567529678344727,-0.22960984706878662,-0.18354451656341553,-0.13747906684875488,-0.09141361713409424,-0.045348286628723145,0.0007171630859375,0.046782612800598145,0.09284794330596924,0.13891339302062988,0.18497884273529053,0.23104417324066162,0.27710962295532227,0.3231750726699829,0.36924052238464355,0.41530585289001465,0.4613713026046753,0.5074367523193359,0.553502082824707,0.5995674133300781,0.6456329822540283,0.6916983127593994,0.7377636432647705,0.7838292121887207,0.8298945426940918,0.875960111618042,0.9220254421234131,0.9680907726287842,1.0141563415527344,1.0602216720581055,1.1062870025634766,1.1523525714874268,1.1984179019927979,1.244483232498169,1.2905488014221191,1.3366141319274902,1.3826794624328613,1.4287450313568115,1.4748103618621826],"_type":"histogram","values":[1,0,0,0,0,0,1,1,0,0,0,1,0,0,0,0,0,0,0,0,0,0,1,1,0,2,0,1,0,0,0,250,0,3,2,2,0,0,0,0,0,1,0,0,0,0,0,0,0,0,0,0,0,0,0,0,0,0,1,0,0,0,0,2]},"_timestamp":1.739536219190128e+09,"_runtime":151.5619,"params/['params']['last']['kernel']":{"values":[1,0,0,0,0,0,0,0,23,1,0,0,0,0,0,0,0,0,0,0,0,1,0,0,0,0,0,0,0,0,0,0,0,0,0,0,1,0,0,0,0,0,0,0,0,0,0,1,0,0,0,1,0,0,0,0,0,0,0,0,0,0,0,1],"bins":[-0.05901459604501724,-0.0524415522813797,-0.04586850851774216,-0.039295464754104614,-0.03272242099046707,-0.02614937350153923,-0.019576329737901688,-0.013003285974264145,-0.006430242210626602,0.00014280155301094055,0.006715849041938782,0.013288892805576324,0.019861936569213867,0.02643498033285141,0.03300802409648895,0.039581067860126495,0.04615411162376404,0.05272715538740158,0.059300199151039124,0.06587324291467667,0.0724462941288948,0.07901933044195175,0.08559238165616989,0.09216541796922684,0.09873846918344498,0.10531150549650192,0.11188455671072006,0.11845759302377701,0.12503063678741455,0.1316036880016327,0.13817673921585083,0.14474976062774658,0.15132281184196472,0.15789586305618286,0.164468914270401,0.17104196548461914,0.1776149868965149,0.18418803811073303,0.19076108932495117,0.1973341405391693,0.20390719175338745,0.2104802131652832,0.21705326437950134,0.22362631559371948,0.23019936680793762,0.23677238821983337,0.2433454394340515,0.24991849064826965,0.2564915418624878,0.26306459307670593,0.2696376144886017,0.2762106657028198,0.28278371691703796,0.2893567681312561,0.29592978954315186,0.30250284075737,0.30907589197158813,0.3156489431858063,0.322221964597702,0.32879501581192017,0.3353680670261383,0.34194111824035645,0.3485141396522522,0.35508719086647034,0.3616602420806885],"_type":"histogram"}}