{"loss": 0.000502229668200016, "_timestamp": 1739549989.5865953, "_runtime": 211.6194863319397, "_step": 405, "validation_loss": 0.00048666191287338734, "params/['params']['last']['bias']": {"_type": "histogram", "values": [0, 0, 0, 0, 0, 0, 0, 0, 0, 0, 0, 0, 0, 0, 0, 0, 0, 0, 0, 0, 0, 0, 0, 0, 0, 0, 0, 0, 0, 0, 0, 0, 2, 0, 0, 0, 0, 0, 0, 0, 0, 0, 0, 0, 0, 0, 0, 0, 0, 0, 0, 0, 0, 0, 0, 0, 0, 0, 0, 0, 0, 0, 0, 0], "bins": [-0.5, -0.484375, -0.46875, -0.453125, -0.4375, -0.421875, -0.40625, -0.390625, -0.375, -0.359375, -0.34375, -0.328125, -0.3125, -0.296875, -0.28125, -0.265625, -0.25, -0.234375, -0.21875, -0.203125, -0.1875, -0.171875, -0.15625, -0.140625, -0.125, -0.109375, -0.09375, -0.078125, -0.0625, -0.046875, -0.03125, -0.015625, 0.0, 0.015625, 0.03125, 0.046875, 0.0625, 0.078125, 0.09375, 0.109375, 0.125, 0.140625, 0.15625, 0.171875, 0.1875, 0.203125, 0.21875, 0.234375, 0.25, 0.265625, 0.28125, 0.296875, 0.3125, 0.328125, 0.34375, 0.359375, 0.375, 0.390625, 0.40625, 0.421875, 0.4375, 0.453125, 0.46875, 0.484375, 0.5]}, "params/['params']['last']['kernel']": {"_type": "histogram", "values": [1, 0, 0, 0, 0, 0, 0, 0, 0, 0, 0, 0, 28, 0, 0, 4, 0, 0, 1, 0, 0, 0, 0, 0, 0, 0, 0, 0, 0, 0, 0, 0, 0, 0, 0, 0, 0, 0, 0, 0, 0, 1, 0, 0, 0, 0, 0, 0, 0, 0, 0, 0, 0, 0, 0, 0, 0, 0, 0, 0, 0, 0, 0, 1], "bins": [-0.016668036580085754, -0.01527948398143053, -0.013890932314097881, -0.012502379715442657, -0.011113828048110008, -0.009725275449454784, -0.00833672285079956, -0.006948171183466911, -0.0055596185848116875, -0.004171065986156464, -0.0027825143188238144, -0.0013939617201685905, -5.409121513366699e-06, 0.0013831425458192825, 0.0027716942131519318, 0.00416024774312973, 0.0055487994104623795, 0.006937351077795029, 0.008325904607772827, 0.009714456275105476, 0.011103007942438126, 0.012491561472415924, 0.013880113139748573, 0.015268664807081223, 0.01665721833705902, 0.01804576814174652, 0.01943432167172432, 0.020822875201702118, 0.022211425006389618, 0.023599978536367416, 0.024988532066345215, 0.026377081871032715, 0.027765635401010513, 0.029154188930988312, 0.030542738735675812, 0.03193129226565361, 0.03331984579563141, 0.03470839560031891, 0.03609694913029671, 0.037485502660274506, 0.038874052464962006, 0.040262605994939804, 0.0416511595249176, 0.0430397093296051, 0.0444282628595829, 0.0458168163895607, 0.0472053661942482, 0.0485939159989357, 0.049982473254203796, 0.051371023058891296, 0.052759572863578796, 0.05414813011884689, 0.05553667992353439, 0.05692522972822189, 0.05831378698348999, 0.05970233678817749, 0.06109088659286499, 0.06247944384813309, 0.06386799365282059, 0.06525654345750809, 0.06664510071277618, 0.06803365051746368, 0.06942220032215118, 0.07081075757741928, 0.07219930738210678]}, "params/['params']['layers_0']['linear_layer']['bias']": {"_type": "histogram", "values": [0, 0, 0, 0, 0, 0, 0, 0, 0, 0, 0, 0, 0, 0, 0, 0, 0, 0, 0, 0, 0, 0, 0, 0, 0, 0, 0, 0, 0, 0, 0, 0, 22, 0, 0, 0, 0, 0, 0, 0, 0, 0, 0, 0, 0, 0, 0, 0, 0, 0, 0, 0, 0, 0, 0, 0, 0, 0, 0, 0, 0, 0, 0, 0], "bins": [-0.5, -0.484375, -0.46875, -0.453125, -0.4375, -0.421875, -0.40625, -0.390625, -0.375, -0.359375, -0.34375, -0.328125, -0.3125, -0.296875, -0.28125, -0.265625, -0.25, -0.234375, -0.21875, -0.203125, -0.1875, -0.171875, -0.15625, -0.140625, -0.125, -0.109375, -0.09375, -0.078125, -0.0625, -0.046875, -0.03125, -0.015625, 0.0, 0.015625, 0.03125, 0.046875, 0.0625, 0.078125, 0.09375, 0.109375, 0.125, 0.140625, 0.15625, 0.171875, 0.1875, 0.203125, 0.21875, 0.234375, 0.25, 0.265625, 0.28125, 0.296875, 0.3125, 0.328125, 0.34375, 0.359375, 0.375, 0.390625, 0.40625, 0.421875, 0.4375, 0.453125, 0.46875, 0.484375, 0.5]}, "params/['params']['layers_0']['linear_layer']['kernel']": {"_type": "histogram", "values": [1, 0, 0, 0, 0, 0, 0, 0, 0, 0, 0, 0, 0, 0, 0, 0, 0, 0, 0, 1, 0, 0, 0, 0, 0, 0, 0, 0, 0, 0, 61, 0, 1, 0, 0, 0, 0, 0, 0, 0, 0, 0, 0, 1, 0, 0, 0, 0, 0, 0, 0, 0, 0, 0, 0, 0, 0, 0, 0, 0, 0, 0, 0, 1], "bins": [-2.0766372680664062, -2.0093882083892822, -1.9421393871307373, -1.8748904466629028, -1.8076415061950684, -1.7403925657272339, -1.6731436252593994, -1.6058945655822754, -1.5386457443237305, -1.4713966846466064, -1.4041478633880615, -1.3368988037109375, -1.269649863243103, -1.2024009227752686, -1.135151982307434, -1.0679030418395996, -1.0006541013717651, -0.9334051609039307, -0.8661562204360962, -0.7989072799682617, -0.7316583395004272, -0.6644093990325928, -0.5971604585647583, -0.5299115180969238, -0.4626624584197998, -0.39541351795196533, -0.32816457748413086, -0.2609156370162964, -0.19366669654846191, -0.12641775608062744, -0.05916881561279297, 0.008080005645751953, 0.07532906532287598, 0.142578125, 0.20982694625854492, 0.27707600593566895, 0.34432482719421387, 0.4115738868713379, 0.4788227081298828, 0.5460717678070068, 0.6133205890655518, 0.6805696487426758, 0.7478184700012207, 0.8150675296783447, 0.8823163509368896, 0.9495654106140137, 1.0168142318725586, 1.0840632915496826, 1.1513123512268066, 1.2185611724853516, 1.2858102321624756, 1.3530590534210205, 1.4203081130981445, 1.4875569343566895, 1.5548059940338135, 1.6220548152923584, 1.6893038749694824, 1.7565526962280273, 1.8238017559051514, 1.8910505771636963, 1.9582996368408203, 2.0255484580993652, 2.09279727935791, 2.1600465774536133, 2.227295398712158]}, "params/['params']['layers_1']['linear_layer']['bias']": {"_type": "histogram", "values": [0, 0, 0, 0, 0, 0, 0, 0, 0, 0, 0, 0, 0, 0, 0, 0, 0, 0, 0, 0, 0, 0, 0, 0, 0, 0, 0, 0, 0, 0, 0, 0, 22, 0, 0, 0, 0, 0, 0, 0, 0, 0, 0, 0, 0, 0, 0, 0, 0, 0, 0, 0, 0, 0, 0, 0, 0, 0, 0, 0, 0, 0, 0, 0], "bins": [-0.5, -0.484375, -0.46875, -0.453125, -0.4375, -0.421875, -0.40625, -0.390625, -0.375, -0.359375, -0.34375, -0.328125, -0.3125, -0.296875, -0.28125, -0.265625, -0.25, -0.234375, -0.21875, -0.203125, -0.1875, -0.171875, -0.15625, -0.140625, -0.125, -0.109375, -0.09375, -0.078125, -0.0625, -0.046875, -0.03125, -0.015625, 0.0, 0.015625, 0.03125, 0.046875, 0.0625, 0.078125, 0.09375, 0.109375, 0.125, 0.140625, 0.15625, 0.171875, 0.1875, 0.203125, 0.21875, 0.234375, 0.25, 0.265625, 0.28125, 0.296875, 0.3125, 0.328125, 0.34375, 0.359375, 0.375, 0.390625, 0.40625, 0.421875, 0.4375, 0.453125, 0.46875, 0.484375, 0.5]}, "params/['params']['layers_1']['linear_layer']['kernel']": {"_type": "histogram", "values": [1, 0, 0, 0, 0, 0, 0, 0, 0, 0, 0, 0, 0, 0, 0, 0, 0, 0, 0, 0, 0, 2, 0, 0, 0, 0, 0, 1, 0, 1, 0, 0, 0, 386, 1, 1, 0, 0, 2, 0, 0, 0, 0, 0, 0, 0, 0, 0, 0, 0, 0, 0, 0, 0, 0, 0, 0, 0, 0, 0, 0, 0, 0, 1], "bins": [-4.026010990142822, -3.9065184593200684, -3.7870259284973145, -3.6675333976745605, -3.5480411052703857, -3.428548574447632, -3.309056043624878, -3.189563512802124, -3.070071220397949, -2.9505786895751953, -2.8310861587524414, -2.7115936279296875, -2.5921010971069336, -2.4726085662841797, -2.353116035461426, -2.233623743057251, -2.114131212234497, -1.9946386814117432, -1.8751461505889893, -1.7556538581848145, -1.6361613273620605, -1.5166687965393066, -1.3971762657165527, -1.2776837348937988, -1.158191204071045, -1.0386989116668701, -0.9192063808441162, -0.7997138500213623, -0.6802213191986084, -0.5607287883758545, -0.4412364959716797, -0.3217439651489258, -0.20225143432617188, -0.08275890350341797, 0.03673362731933594, 0.15622615814208984, 0.27571868896484375, 0.39521121978759766, 0.5147032737731934, 0.6341958045959473, 0.7536883354187012, 0.8731808662414551, 0.992673397064209, 1.112165927886963, 1.2316584587097168, 1.3511509895324707, 1.4706435203552246, 1.5901360511779785, 1.7096285820007324, 1.8291206359863281, 1.948613166809082, 2.068105697631836, 2.18759822845459, 2.3070907592773438, 2.4265832901000977, 2.5460758209228516, 2.6655683517456055, 2.7850608825683594, 2.9045534133911133, 3.024045467376709, 3.143537998199463, 3.263030529022217, 3.3825230598449707, 3.5020155906677246, 3.6215078830718994]}, "_wandb": {"runtime": 210}}