{"_wandb":{"runtime":35},"loss":7.692024155403487e-06,"_timestamp":1.7374026836576414e+09,"_runtime":35.3294488,"_step":99}