{"loss": 0.8792766332626343, "_timestamp": 1739305287.514026, "_runtime": 13.017529964447021, "_step": 27, "params/['params']['last']['bias']": {"_type": "histogram", "values": [1, 0, 0, 0, 0, 0, 0, 0, 0, 0, 0, 0, 0, 0, 0, 0, 0, 0, 0, 0, 0, 0, 0, 0, 0, 0, 0, 0, 0, 0, 0, 0, 0, 0, 0, 0, 0, 0, 0, 0, 0, 0, 0, 0, 0, 0, 0, 0, 0, 0, 0, 0, 0, 0, 0, 0, 0, 0, 0, 0, 0, 0, 0, 1], "bins": [0.8938087224960327, 0.8954918384552002, 0.8971749544143677, 0.8988580703735352, 0.9005411863327026, 0.9022243022918701, 0.9039073586463928, 0.9055904746055603, 0.9072735905647278, 0.9089567065238953, 0.9106398224830627, 0.9123229384422302, 0.9140060544013977, 0.9156891703605652, 0.9173722863197327, 0.9190554022789001, 0.9207384586334229, 0.9224215745925903, 0.9241046905517578, 0.9257878065109253, 0.9274709224700928, 0.9291540384292603, 0.9308371543884277, 0.9325202703475952, 0.9342033863067627, 0.9358865022659302, 0.9375696182250977, 0.9392527341842651, 0.9409357905387878, 0.9426189064979553, 0.9443020224571228, 0.9459851384162903, 0.9476682543754578, 0.9493513703346252, 0.9510344862937927, 0.9527176022529602, 0.9544007182121277, 0.9560837745666504, 0.9577668905258179, 0.9594500064849854, 0.9611331224441528, 0.9628162384033203, 0.9644993543624878, 0.9661824703216553, 0.9678655862808228, 0.9695487022399902, 0.9712318181991577, 0.9729149341583252, 0.9745980501174927, 0.9762811064720154, 0.9779642224311829, 0.9796473383903503, 0.9813304543495178, 0.9830135703086853, 0.9846966862678528, 0.9863798022270203, 0.9880629181861877, 0.9897460341453552, 0.9914290904998779, 0.9931122064590454, 0.9947953224182129, 0.9964784383773804, 0.9981615543365479, 0.9998446702957153, 1.0015277862548828]}, "params/['params']['last']['kernel']": {"_type": "histogram", "values": [0, 0, 0, 0, 0, 0, 0, 0, 0, 0, 0, 0, 0, 0, 0, 0, 0, 0, 0, 0, 0, 0, 0, 0, 0, 0, 0, 0, 0, 0, 0, 0, 12, 0, 0, 0, 0, 0, 0, 0, 0, 0, 0, 0, 0, 0, 0, 0, 0, 0, 0, 0, 0, 0, 0, 0, 0, 0, 0, 0, 0, 0, 0, 0], "bins": [-0.5, -0.484375, -0.46875, -0.453125, -0.4375, -0.421875, -0.40625, -0.390625, -0.375, -0.359375, -0.34375, -0.328125, -0.3125, -0.296875, -0.28125, -0.265625, -0.25, -0.234375, -0.21875, -0.203125, -0.1875, -0.171875, -0.15625, -0.140625, -0.125, -0.109375, -0.09375, -0.078125, -0.0625, -0.046875, -0.03125, -0.015625, 0.0, 0.015625, 0.03125, 0.046875, 0.0625, 0.078125, 0.09375, 0.109375, 0.125, 0.140625, 0.15625, 0.171875, 0.1875, 0.203125, 0.21875, 0.234375, 0.25, 0.265625, 0.28125, 0.296875, 0.3125, 0.328125, 0.34375, 0.359375, 0.375, 0.390625, 0.40625, 0.421875, 0.4375, 0.453125, 0.46875, 0.484375, 0.5]}, "params/['params']['layers_0']['linear_layer']['bias']": {"_type": "histogram", "values": [0, 0, 0, 0, 0, 0, 0, 0, 0, 0, 0, 0, 0, 0, 0, 0, 0, 0, 0, 0, 0, 0, 0, 0, 0, 0, 0, 0, 0, 0, 0, 0, 8, 0, 0, 0, 0, 0, 0, 0, 0, 0, 0, 0, 0, 0, 0, 0, 0, 0, 0, 0, 0, 0, 0, 0, 0, 0, 0, 0, 0, 0, 0, 0], "bins": [-0.5, -0.484375, -0.46875, -0.453125, -0.4375, -0.421875, -0.40625, -0.390625, -0.375, -0.359375, -0.34375, -0.328125, -0.3125, -0.296875, -0.28125, -0.265625, -0.25, -0.234375, -0.21875, -0.203125, -0.1875, -0.171875, -0.15625, -0.140625, -0.125, -0.109375, -0.09375, -0.078125, -0.0625, -0.046875, -0.03125, -0.015625, 0.0, 0.015625, 0.03125, 0.046875, 0.0625, 0.078125, 0.09375, 0.109375, 0.125, 0.140625, 0.15625, 0.171875, 0.1875, 0.203125, 0.21875, 0.234375, 0.25, 0.265625, 0.28125, 0.296875, 0.3125, 0.328125, 0.34375, 0.359375, 0.375, 0.390625, 0.40625, 0.421875, 0.4375, 0.453125, 0.46875, 0.484375, 0.5]}, "params/['params']['layers_0']['linear_layer']['kernel']": {"_type": "histogram", "values": [1, 0, 0, 1, 0, 0, 0, 1, 1, 1, 0, 0, 1, 0, 0, 2, 1, 2, 0, 0, 3, 1, 0, 1, 0, 0, 1, 0, 0, 0, 1, 0, 2, 0, 2, 0, 2, 1, 0, 1, 1, 1, 0, 1, 0, 1, 0, 0, 0, 0, 0, 0, 0, 1, 0, 0, 0, 0, 0, 0, 0, 0, 0, 1], "bins": [-0.6739815473556519, -0.6466851234436035, -0.6193886995315552, -0.5920922756195068, -0.5647958517074585, -0.5374994277954102, -0.5102030634880066, -0.48290663957595825, -0.4556102156639099, -0.4283137917518616, -0.40101736783981323, -0.3737209737300873, -0.34642454981803894, -0.3191281259059906, -0.29183173179626465, -0.2645353078842163, -0.23723888397216797, -0.20994246006011963, -0.1826460361480713, -0.15534961223602295, -0.1280531883239746, -0.10075682401657104, -0.0734604001045227, -0.046163976192474365, -0.018867552280426025, 0.008428871631622314, 0.035725295543670654, 0.063021719455719, 0.09031808376312256, 0.1176145076751709, 0.14491093158721924, 0.17220735549926758, 0.19950377941131592, 0.22680020332336426, 0.2540966272354126, 0.28139305114746094, 0.3086894750595093, 0.3359858989715576, 0.36328232288360596, 0.3905787467956543, 0.41787517070770264, 0.4451714754104614, 0.47246789932250977, 0.4997643232345581, 0.5270607471466064, 0.5543571710586548, 0.5816535949707031, 0.6089500188827515, 0.6362464427947998, 0.6635428667068481, 0.6908392906188965, 0.7181357145309448, 0.7454321384429932, 0.7727285623550415, 0.8000249862670898, 0.8273214101791382, 0.854617714881897, 0.8819141387939453, 0.9092105627059937, 0.936506986618042, 0.9638034105300903, 0.9910998344421387, 1.018396258354187, 1.0456926822662354, 1.0729891061782837]}, "params/['params']['layers_1']['linear_layer']['bias']": {"_type": "histogram", "values": [0, 0, 0, 0, 0, 0, 0, 0, 0, 0, 0, 0, 0, 0, 0, 0, 0, 0, 0, 0, 0, 0, 0, 0, 0, 0, 0, 0, 0, 0, 0, 0, 8, 0, 0, 0, 0, 0, 0, 0, 0, 0, 0, 0, 0, 0, 0, 0, 0, 0, 0, 0, 0, 0, 0, 0, 0, 0, 0, 0, 0, 0, 0, 0], "bins": [-0.5, -0.484375, -0.46875, -0.453125, -0.4375, -0.421875, -0.40625, -0.390625, -0.375, -0.359375, -0.34375, -0.328125, -0.3125, -0.296875, -0.28125, -0.265625, -0.25, -0.234375, -0.21875, -0.203125, -0.1875, -0.171875, -0.15625, -0.140625, -0.125, -0.109375, -0.09375, -0.078125, -0.0625, -0.046875, -0.03125, -0.015625, 0.0, 0.015625, 0.03125, 0.046875, 0.0625, 0.078125, 0.09375, 0.109375, 0.125, 0.140625, 0.15625, 0.171875, 0.1875, 0.203125, 0.21875, 0.234375, 0.25, 0.265625, 0.28125, 0.296875, 0.3125, 0.328125, 0.34375, 0.359375, 0.375, 0.390625, 0.40625, 0.421875, 0.4375, 0.453125, 0.46875, 0.484375, 0.5]}, "params/['params']['layers_1']['linear_layer']['kernel']": {"_type": "histogram", "values": [1, 0, 0, 0, 3, 0, 0, 0, 1, 0, 0, 0, 0, 0, 1, 0, 0, 0, 0, 0, 3, 2, 2, 1, 0, 1, 1, 0, 1, 1, 0, 1, 1, 1, 1, 1, 1, 4, 1, 5, 0, 0, 0, 0, 0, 0, 3, 0, 1, 1, 0, 1, 1, 0, 0, 1, 2, 1, 1, 1, 0, 0, 0, 1], "bins": [-0.8742409348487854, -0.8480957746505737, -0.8219506144523621, -0.7958054542541504, -0.769660234451294, -0.743515133857727, -0.7173699140548706, -0.6912247538566589, -0.6650795936584473, -0.6389344334602356, -0.6127892732620239, -0.5866440534591675, -0.5604989528656006, -0.5343537330627441, -0.5082085728645325, -0.4820634126663208, -0.45591825246810913, -0.42977309226989746, -0.4036279320716858, -0.37748274207115173, -0.35133761167526245, -0.325192391872406, -0.29904723167419434, -0.27290207147598267, -0.246756911277771, -0.22061175107955933, -0.19446659088134766, -0.168321430683136, -0.14217621088027954, -0.11603105068206787, -0.0898858904838562, -0.06374073028564453, -0.03759557008743286, -0.011450409889221191, 0.014694750308990479, 0.04083991050720215, 0.06698507070541382, 0.09313029050827026, 0.11927545070648193, 0.1454206109046936, 0.1715657114982605, 0.19771093130111694, 0.2238561511039734, 0.2500012516975403, 0.27614647150039673, 0.3022915720939636, 0.32843679189682007, 0.35458189249038696, 0.3807271122932434, 0.40687233209609985, 0.43301743268966675, 0.4591626524925232, 0.4853077530860901, 0.5114529728889465, 0.5375980734825134, 0.5637432932853699, 0.5898885130882263, 0.6160336136817932, 0.6421788334846497, 0.6683239340782166, 0.694469153881073, 0.7206142544746399, 0.7467594742774963, 0.7729045748710632, 0.7990497350692749]}, "_wandb": {"runtime": 12}}