{"loss": 0.0013774120016023517, "_timestamp": 1739544163.3912804, "_runtime": 176.02906346321106, "_step": 405, "validation_loss": 0.001279484829865396, "params/['params']['last']['bias']": {"_type": "histogram", "values": [1, 0, 0, 0, 0, 0, 0, 0, 0, 0, 0, 0, 0, 0, 0, 0, 0, 0, 0, 0, 0, 0, 0, 0, 0, 0, 0, 0, 0, 0, 0, 0, 0, 0, 0, 0, 0, 0, 0, 0, 0, 0, 0, 0, 0, 0, 0, 0, 0, 0, 0, 0, 0, 0, 0, 0, 0, 0, 0, 0, 0, 0, 0, 1], "bins": [0.12293168902397156, 0.1351868063211441, 0.14744192361831665, 0.159697026014328, 0.17195214331150055, 0.1842072606086731, 0.19646236300468445, 0.208717480301857, 0.22097259759902954, 0.2332277148962021, 0.24548283219337463, 0.257737934589386, 0.2699930667877197, 0.2822481691837311, 0.29450327157974243, 0.30675840377807617, 0.3190135061740875, 0.3312686085700989, 0.3435237407684326, 0.35577884316444397, 0.3680339455604553, 0.38028907775878906, 0.3925441801548004, 0.40479931235313416, 0.4170544147491455, 0.42930951714515686, 0.4415646493434906, 0.45381975173950195, 0.4660748541355133, 0.47832998633384705, 0.4905850887298584, 0.5028402209281921, 0.5150953531265259, 0.5273504257202148, 0.5396055579185486, 0.5518606901168823, 0.5641157627105713, 0.576370894908905, 0.5886260271072388, 0.6008810997009277, 0.6131362318992615, 0.6253913640975952, 0.6376464366912842, 0.6499016284942627, 0.6621567010879517, 0.6744117736816406, 0.6866669654846191, 0.6989220380783081, 0.7111771106719971, 0.7234323024749756, 0.7356873750686646, 0.7479424476623535, 0.760197639465332, 0.772452712059021, 0.78470778465271, 0.7969629764556885, 0.8092180490493774, 0.8214731216430664, 0.8337283134460449, 0.8459833860397339, 0.8582384586334229, 0.8704936504364014, 0.8827487230300903, 0.8950037956237793, 0.907258927822113]}, "params/['params']['last']['kernel']": {"_type": "histogram", "values": [1, 0, 0, 0, 0, 0, 0, 0, 0, 0, 0, 0, 0, 0, 0, 1, 0, 0, 0, 0, 0, 0, 0, 0, 0, 0, 0, 1, 1, 0, 0, 0, 0, 0, 0, 0, 1, 0, 1, 0, 0, 28, 1, 0, 0, 0, 0, 0, 0, 0, 0, 0, 0, 0, 0, 0, 0, 0, 0, 0, 0, 0, 0, 1], "bins": [-0.24101193249225616, -0.2351800501346588, -0.22934818267822266, -0.2235163003206253, -0.21768441796302795, -0.2118525505065918, -0.20602066814899445, -0.2001887857913971, -0.19435691833496094, -0.1885250359773636, -0.18269315361976624, -0.17686128616333008, -0.17102940380573273, -0.16519752144813538, -0.15936565399169922, -0.15353375673294067, -0.14770188927650452, -0.14187002182006836, -0.13603812456130981, -0.13020625710487366, -0.1243743747472763, -0.11854249984025955, -0.1127106249332428, -0.10687874257564545, -0.10104687511920929, -0.09521499276161194, -0.08938311040401459, -0.08355122804641724, -0.07771936058998108, -0.07188747823238373, -0.06605559587478638, -0.06022372841835022, -0.05439184606075287, -0.04855996370315552, -0.04272809624671936, -0.03689621388912201, -0.031064331531524658, -0.0252324640750885, -0.01940058171749115, -0.013568699359893799, -0.007736817002296448, -0.0019049495458602905, 0.0039269328117370605, 0.009758815169334412, 0.015590682625770569, 0.021422550082206726, 0.02725444734096527, 0.03308631479740143, 0.038918182253837585, 0.04475007951259613, 0.05058194696903229, 0.05641384422779083, 0.06224571168422699, 0.06807757914066315, 0.07390947639942169, 0.07974134385585785, 0.085573211312294, 0.09140510857105255, 0.09723697602748871, 0.10306884348392487, 0.10890074074268341, 0.11473260819911957, 0.12056447565555573, 0.12639637291431427, 0.13222824037075043]}, "params/['params']['layers_0']['linear_layer']['bias']": {"_type": "histogram", "values": [0, 0, 0, 0, 0, 0, 0, 0, 0, 0, 0, 0, 0, 0, 0, 0, 0, 0, 0, 0, 0, 0, 0, 0, 0, 0, 0, 0, 0, 0, 0, 0, 22, 0, 0, 0, 0, 0, 0, 0, 0, 0, 0, 0, 0, 0, 0, 0, 0, 0, 0, 0, 0, 0, 0, 0, 0, 0, 0, 0, 0, 0, 0, 0], "bins": [-0.5, -0.484375, -0.46875, -0.453125, -0.4375, -0.421875, -0.40625, -0.390625, -0.375, -0.359375, -0.34375, -0.328125, -0.3125, -0.296875, -0.28125, -0.265625, -0.25, -0.234375, -0.21875, -0.203125, -0.1875, -0.171875, -0.15625, -0.140625, -0.125, -0.109375, -0.09375, -0.078125, -0.0625, -0.046875, -0.03125, -0.015625, 0.0, 0.015625, 0.03125, 0.046875, 0.0625, 0.078125, 0.09375, 0.109375, 0.125, 0.140625, 0.15625, 0.171875, 0.1875, 0.203125, 0.21875, 0.234375, 0.25, 0.265625, 0.28125, 0.296875, 0.3125, 0.328125, 0.34375, 0.359375, 0.375, 0.390625, 0.40625, 0.421875, 0.4375, 0.453125, 0.46875, 0.484375, 0.5]}, "params/['params']['layers_0']['linear_layer']['kernel']": {"_type": "histogram", "values": [1, 0, 0, 0, 0, 1, 0, 1, 1, 0, 0, 1, 0, 1, 0, 0, 0, 0, 0, 0, 2, 0, 0, 1, 4, 40, 4, 0, 0, 1, 1, 0, 0, 1, 0, 0, 0, 1, 0, 1, 0, 0, 1, 0, 0, 1, 0, 0, 0, 0, 0, 0, 0, 0, 1, 0, 0, 0, 0, 0, 0, 0, 0, 1], "bins": [-0.7854552268981934, -0.7544447183609009, -0.7234342694282532, -0.6924237608909607, -0.661413311958313, -0.6304028034210205, -0.5993923544883728, -0.5683818459510803, -0.5373713970184326, -0.5063608884811401, -0.47535040974617004, -0.44433993101119995, -0.41332945227622986, -0.38231897354125977, -0.3513084948062897, -0.3202980160713196, -0.2892875373363495, -0.2582770586013794, -0.22726655006408691, -0.1962561011314392, -0.16524559259414673, -0.13423514366149902, -0.10322463512420654, -0.07221418619155884, -0.04120367765426636, -0.010193228721618652, 0.020817279815673828, 0.05182772874832153, 0.08283823728561401, 0.11384868621826172, 0.1448591947555542, 0.1758696436882019, 0.20688015222549438, 0.2378906011581421, 0.26890110969543457, 0.29991161823272705, 0.33092212677001953, 0.36193251609802246, 0.39294302463531494, 0.4239535331726074, 0.4549640417098999, 0.48597443103790283, 0.5169849395751953, 0.5479954481124878, 0.5790059566497803, 0.6100163459777832, 0.6410268545150757, 0.6720373630523682, 0.7030478715896606, 0.7340583801269531, 0.765068769454956, 0.7960792779922485, 0.827089786529541, 0.8581002950668335, 0.8891106843948364, 0.9201211929321289, 0.9511317014694214, 0.9821422100067139, 1.0131525993347168, 1.0441631078720093, 1.0751736164093018, 1.1061841249465942, 1.1371945142745972, 1.1682050228118896, 1.1992155313491821]}, "params/['params']['layers_1']['linear_layer']['bias']": {"_type": "histogram", "values": [0, 0, 0, 0, 0, 0, 0, 0, 0, 0, 0, 0, 0, 0, 0, 0, 0, 0, 0, 0, 0, 0, 0, 0, 0, 0, 0, 0, 0, 0, 0, 0, 22, 0, 0, 0, 0, 0, 0, 0, 0, 0, 0, 0, 0, 0, 0, 0, 0, 0, 0, 0, 0, 0, 0, 0, 0, 0, 0, 0, 0, 0, 0, 0], "bins": [-0.5, -0.484375, -0.46875, -0.453125, -0.4375, -0.421875, -0.40625, -0.390625, -0.375, -0.359375, -0.34375, -0.328125, -0.3125, -0.296875, -0.28125, -0.265625, -0.25, -0.234375, -0.21875, -0.203125, -0.1875, -0.171875, -0.15625, -0.140625, -0.125, -0.109375, -0.09375, -0.078125, -0.0625, -0.046875, -0.03125, -0.015625, 0.0, 0.015625, 0.03125, 0.046875, 0.0625, 0.078125, 0.09375, 0.109375, 0.125, 0.140625, 0.15625, 0.171875, 0.1875, 0.203125, 0.21875, 0.234375, 0.25, 0.265625, 0.28125, 0.296875, 0.3125, 0.328125, 0.34375, 0.359375, 0.375, 0.390625, 0.40625, 0.421875, 0.4375, 0.453125, 0.46875, 0.484375, 0.5]}, "params/['params']['layers_1']['linear_layer']['kernel']": {"_type": "histogram", "values": [1, 0, 0, 2, 0, 0, 0, 0, 0, 1, 1, 0, 1, 1, 2, 0, 1, 2, 3, 1, 3, 1, 4, 1, 2, 1, 2, 2, 2, 3, 6, 9, 319, 3, 3, 2, 5, 0, 0, 1, 2, 0, 0, 0, 0, 1, 0, 2, 0, 1, 1, 1, 0, 0, 0, 0, 1, 0, 0, 0, 0, 0, 0, 2],