{"loss": 0.0009724129340611398, "_timestamp": 1739303737.7760417, "_runtime": 74.9687328338623, "_step": 27, "params/['params']['last']['bias']": {"_type": "histogram", "values": [1, 0, 0, 0, 0, 0, 0, 0, 0, 0, 0, 0, 0, 0, 0, 0, 0, 0, 0, 0, 0, 0, 0, 0, 0, 0, 0, 0, 0, 0, 0, 0, 0, 0, 0, 0, 0, 0, 0, 0, 0, 0, 0, 0, 0, 0, 0, 0, 0, 0, 0, 0, 0, 0, 0, 0, 0, 0, 0, 0, 0, 0, 0, 1], "bins": [0.9394435882568359, 0.9404839277267456, 0.9415242671966553, 0.9425645470619202, 0.9436048865318298, 0.9446452260017395, 0.9456855058670044, 0.9467258453369141, 0.9477661848068237, 0.9488065242767334, 0.9498468637466431, 0.950887143611908, 0.9519274830818176, 0.9529678225517273, 0.9540081024169922, 0.9550484418869019, 0.9560887813568115, 0.9571291208267212, 0.9581694602966309, 0.9592097401618958, 0.9602500796318054, 0.9612904191017151, 0.96233069896698, 0.9633710384368896, 0.9644113779067993, 0.965451717376709, 0.9664920568466187, 0.9675323367118835, 0.9685726761817932, 0.9696130156517029, 0.9706532955169678, 0.9716936349868774, 0.9727339744567871, 0.9737743139266968, 0.9748146533966064, 0.9758549332618713, 0.976895272731781, 0.9779356122016907, 0.9789758920669556, 0.9800162315368652, 0.9810565710067749, 0.9820969104766846, 0.9831372499465942, 0.9841775298118591, 0.9852178692817688, 0.9862582087516785, 0.9872984886169434, 0.988338828086853, 0.9893791675567627, 0.9904195070266724, 0.991459846496582, 0.9925001263618469, 0.9935404658317566, 0.9945808053016663, 0.9956210851669312, 0.9966614246368408, 0.9977017641067505, 0.9987421035766602, 0.9997824430465698, 1.0008227825164795, 1.0018630027770996, 1.0029033422470093, 1.003943681716919, 1.0049840211868286, 1.0060243606567383]}, "params/['params']['last']['kernel']": {"_type": "histogram", "values": [1, 0, 0, 0, 0, 0, 0, 0, 0, 0, 0, 0, 0, 0, 0, 0, 0, 0, 0, 0, 0, 0, 0, 0, 0, 0, 1, 1, 1, 1, 1, 1, 3, 0, 1, 0, 0, 0, 0, 7, 3, 11, 0, 1, 0, 0, 0, 1, 3, 0, 2, 0, 1, 1, 0, 0, 0, 0, 0, 0, 0, 0, 0, 1], "bins": [-0.3279210329055786, -0.3198685050010681, -0.3118159770965576, -0.3037634491920471, -0.2957109212875366, -0.2876583933830261, -0.2796058654785156, -0.2715533375740051, -0.26350080966949463, -0.25544828176498413, -0.24739573895931244, -0.23934319615364075, -0.23129066824913025, -0.22323814034461975, -0.21518561244010925, -0.20713308453559875, -0.19908055663108826, -0.19102802872657776, -0.18297550082206726, -0.17492297291755676, -0.16687044501304626, -0.15881790220737457, -0.15076537430286407, -0.14271284639835358, -0.13466031849384308, -0.12660779058933258, -0.11855526268482208, -0.11050273478031158, -0.10245019197463989, -0.0943976640701294, -0.0863451361656189, -0.0782926082611084, -0.0702400803565979, -0.0621875524520874, -0.054135024547576904, -0.046082496643066406, -0.03802996873855591, -0.02997744083404541, -0.021924912929534912, -0.013872385025024414, -0.005819857120513916, 0.0022327005863189697, 0.010285228490829468, 0.018337756395339966, 0.026390284299850464, 0.03444281220436096, 0.04249534010887146, 0.05054786801338196, 0.058600395917892456, 0.06665292382240295, 0.07470545172691345, 0.08275797963142395, 0.09081050753593445, 0.09886303544044495, 0.10691556334495544, 0.11496809124946594, 0.12302064895629883, 0.13107317686080933, 0.13912570476531982, 0.14717823266983032, 0.15523076057434082, 0.16328328847885132, 0.17133581638336182, 0.17938834428787231, 0.1874408721923828]}, "params/['params']['layers_0']['linear_layer']['bias']": {"_type": "histogram", "values": [1, 0, 1, 1, 1, 0, 0, 0, 0, 0, 1, 0, 0, 1, 0, 1, 2, 0, 0, 1, 0, 8, 0, 0, 0, 0, 0, 0, 0, 0, 0, 1, 0, 0, 1, 0, 0, 0, 0, 0, 1, 0, 1, 0, 0, 0, 0, 0, 0, 0, 0, 0, 1, 0, 0, 0, 0, 0, 0, 0, 0, 0, 0, 1], "bins": [-0.1124798133969307, -0.10715427994728088, -0.10182874649763107, -0.09650321304798126, -0.09117768704891205, -0.08585215359926224, -0.08052662014961243, -0.07520109415054321, -0.0698755532503128, -0.06455002725124359, -0.05922449380159378, -0.05389896035194397, -0.04857342690229416, -0.04324789345264435, -0.037922367453575134, -0.032596834003925323, -0.027271300554275513, -0.021945767104625702, -0.01662023365497589, -0.011294707655906677, -0.0059691742062568665, -0.0006436407566070557, 0.004681892693042755, 0.010007426142692566, 0.015332959592342377, 0.02065848559141159, 0.025984026491642, 0.03130955249071121, 0.036635078489780426, 0.041960619390010834, 0.04728614538908005, 0.052611686289310455, 0.05793721228837967, 0.06326273828744888, 0.06858827918767929, 0.0739138051867485, 0.07923934608697891, 0.08456487208604813, 0.08989039808511734, 0.09521593898534775, 0.10054146498441696, 0.10586700588464737, 0.11119253188371658, 0.1165180578827858, 0.1218435987830162, 0.12716913223266602, 0.13249465823173523, 0.13782021403312683, 0.14314574003219604, 0.14847126603126526, 0.15379679203033447, 0.1591223180294037, 0.1644478738307953, 0.1697733998298645, 0.17509892582893372, 0.18042445182800293, 0.18574997782707214, 0.19107553362846375, 0.19640105962753296, 0.20172658562660217, 0.2070521116256714, 0.2123776376247406, 0.2177031934261322, 0.22302871942520142, 0.22835423052310944]}, "params/['params']['layers_0']['linear_layer']['kernel']": {"_type": "histogram", "values": [1, 0, 0, 0, 0, 0, 0, 0, 0, 0, 0, 1, 2, 0, 0, 1, 2, 1, 0, 1, 1, 1, 0, 2, 1, 0, 2, 1, 1, 1, 2, 0, 2, 1, 4, 0, 1, 0, 1, 0, 2, 0, 1, 0, 2, 0, 2, 1, 0, 0, 1, 1, 0, 0, 4, 0, 1, 1, 1, 0, 0, 0, 0, 1], "bins": [-1.8024691343307495, -1.7496647834777832, -1.6968605518341064, -1.6440562009811401, -1.5912518501281738, -1.538447618484497, -1.4856432676315308, -1.4328389167785645, -1.3800346851348877, -1.3272303342819214, -1.274425983428955, -1.2216217517852783, -1.168817400932312, -1.1160130500793457, -1.063208818435669, -1.010404348373413, -0.9576001167297363, -0.9047958254814148, -0.8519914746284485, -0.799187183380127, -0.7463828325271606, -0.6935786008834839, -0.6407742500305176, -0.5879698991775513, -0.5351656675338745, -0.4823613166809082, -0.4295569658279419, -0.3767526149749756, -0.32394838333129883, -0.2711440324783325, -0.2183396816253662, -0.16553544998168945, -0.11273109912872314, -0.059926748275756836, -0.007122516632080078, 0.04568183422088623, 0.09848618507385254, 0.1512904167175293, 0.2040947675704956, 0.25689899921417236, 0.3097034692764282, 0.362507700920105, 0.41531193256378174, 0.4681164026260376, 0.5209206342697144, 0.5737248659133911, 0.626529335975647, 0.6793335676193237, 0.7321377992630005, 0.7849422693252563, 0.8377465009689331, 0.890550971031189, 0.9433552026748657, 0.9961594343185425, 1.0489639043807983, 1.101768136024475, 1.1545723676681519, 1.2073768377304077, 1.2601810693740845, 1.3129853010177612, 1.365789771080017, 1.4185940027236938, 1.4713982343673706, 1.5242027044296265, 1.5770069360733032]}, "params/['params']['layers_1']['linear_layer']['bias']": {"_type": "histogram", "values": [1, 0, 0, 0, 0, 0, 4, 3, 2, 0, 0, 0, 1, 0, 0, 0, 0, 0, 0, 0, 1, 0, 0, 1, 0, 0, 0, 0, 0, 0, 0, 0, 0, 0, 0, 3, 0, 0, 0, 0, 0, 0, 0, 0, 0, 0, 0, 0, 1, 0, 0, 0, 0, 1, 0, 0, 1, 0, 0, 1, 0, 0, 0, 4],