{"loss": 0.00020894789486192167, "_timestamp": 1739987487.2853, "_runtime": 175.38652896881104, "_step": 2793, "params/['params']['last']['bias']": {"_type": "histogram", "values": [0, 0, 0, 0, 0, 0, 0, 0, 0, 0, 0, 0, 0, 0, 0, 0, 0, 0, 0, 0, 0, 0, 0, 0, 0, 0, 0, 0, 0, 0, 0, 0, 2, 0, 0, 0, 0, 0, 0, 0, 0, 0, 0, 0, 0, 0, 0, 0, 0, 0, 0, 0, 0, 0, 0, 0, 0, 0, 0, 0, 0, 0, 0, 0], "bins": [-0.5, -0.484375, -0.46875, -0.453125, -0.4375, -0.421875, -0.40625, -0.390625, -0.375, -0.359375, -0.34375, -0.328125, -0.3125, -0.296875, -0.28125, -0.265625, -0.25, -0.234375, -0.21875, -0.203125, -0.1875, -0.171875, -0.15625, -0.140625, -0.125, -0.109375, -0.09375, -0.078125, -0.0625, -0.046875, -0.03125, -0.015625, 0.0, 0.015625, 0.03125, 0.046875, 0.0625, 0.078125, 0.09375, 0.109375, 0.125, 0.140625, 0.15625, 0.171875, 0.1875, 0.203125, 0.21875, 0.234375, 0.25, 0.265625, 0.28125, 0.296875, 0.3125, 0.328125, 0.34375, 0.359375, 0.375, 0.390625, 0.40625, 0.421875, 0.4375, 0.453125, 0.46875, 0.484375, 0.5]}, "params/['params']['last']['kernel']": {"_type": "histogram", "values": [2, 0, 0, 0, 0, 0, 0, 0, 0, 0, 0, 0, 0, 0, 0, 0, 0, 0, 0, 0, 0, 0, 0, 0, 0, 0, 0, 0, 0, 0, 38, 0, 0, 0, 0, 0, 0, 0, 0, 0, 0, 0, 0, 0, 0, 0, 0, 0, 0, 0, 0, 0, 0, 0, 0, 0, 0, 0, 0, 0, 1, 0, 0, 1], "bins": [-0.011171040125191212, -0.010806551203131676, -0.010442061349749565, -0.010077571496367455, -0.009713082574307919, -0.009348593652248383, -0.008984103798866272, -0.008619613945484161, -0.008255125023424625, -0.00789063610136509, -0.007526146247982979, -0.0071616568602621555, -0.006797167472541332, -0.006432678084820509, -0.006068188697099686, -0.005703699309378862, -0.005339209921658039, -0.004974720533937216, -0.0046102311462163925, -0.004245741758495569, -0.003881252370774746, -0.0035167629830539227, -0.0031522735953330994, -0.0027877846732735634, -0.002423294819891453, -0.002058804966509342, -0.0016943160444498062, -0.0013298271223902702, -0.0009653372690081596, -0.000600847415626049, -0.00023635849356651306, 0.00012813042849302292, 0.0004926202818751335, 0.0008571101352572441, 0.00122159905731678, 0.001586087979376316, 0.0019505778327584267, 0.0023150676861405373, 0.0026795566082000732, 0.0030440455302596092, 0.00340853538364172, 0.0037730252370238304, 0.004137514159083366, 0.004502003081142902, 0.004866492934525013, 0.0052309827879071236, 0.005595470778644085, 0.0059599606320261955, 0.006324450485408306, 0.006688940338790417, 0.007053430192172527, 0.007417918182909489, 0.007782408036291599, 0.00814689788967371, 0.008511385880410671, 0.008875875733792782, 0.009240365587174892, 0.009604855440557003, 0.009969345293939114, 0.010333833284676075, 0.010698323138058186, 0.011062812991440296, 0.011427300982177258, 0.011791790835559368, 0.012156281620264053]}, "params/['params']['layers_0']['linear_layer']['bias']": {"_type": "histogram", "values": [0, 0, 0, 0, 0, 0, 0, 0, 0, 0, 0, 0, 0, 0, 0, 0, 0, 0, 0, 0, 0, 0, 0, 0, 0, 0, 0, 0, 0, 0, 0, 0, 24, 0, 0, 0, 0, 0, 0, 0, 0, 0, 0, 0, 0, 0, 0, 0, 0, 0, 0, 0, 0, 0, 0, 0, 0, 0, 0, 0, 0, 0, 0, 0], "bins": [-0.5, -0.484375, -0.46875, -0.453125, -0.4375, -0.421875, -0.40625, -0.390625, -0.375, -0.359375, -0.34375, -0.328125, -0.3125, -0.296875, -0.28125, -0.265625, -0.25, -0.234375, -0.21875, -0.203125, -0.1875, -0.171875, -0.15625, -0.140625, -0.125, -0.109375, -0.09375, -0.078125, -0.0625, -0.046875, -0.03125, -0.015625, 0.0, 0.015625, 0.03125, 0.046875, 0.0625, 0.078125, 0.09375, 0.109375, 0.125, 0.140625, 0.15625, 0.171875, 0.1875, 0.203125, 0.21875, 0.234375, 0.25, 0.265625, 0.28125, 0.296875, 0.3125, 0.328125, 0.34375, 0.359375, 0.375, 0.390625, 0.40625, 0.421875, 0.4375, 0.453125, 0.46875, 0.484375, 0.5]}, "params/['params']['layers_0']['linear_layer']['kernel']": {"_type": "histogram", "values": [1, 0, 0, 0, 0, 0, 0, 0, 0, 0, 0, 0, 0, 0, 0, 0, 0, 0, 0, 0, 0, 0, 1, 0, 0, 0, 0, 0, 0, 0, 0, 0, 0, 0, 0, 0, 0, 0, 0, 0, 0, 0, 0, 0, 0, 0, 0, 0, 0, 0, 0, 0, 0, 0, 0, 0, 0, 0, 0, 0, 0, 0, 0, 46], "bins": [-0.7737980484962463, -0.7617074251174927, -0.7496168613433838, -0.7375262379646301, -0.7254356741905212, -0.7133450508117676, -0.7012544870376587, -0.689163863658905, -0.6770732998847961, -0.6649826765060425, -0.6528921127319336, -0.6408014893531799, -0.628710925579071, -0.6166203022003174, -0.6045297384262085, -0.5924391150474548, -0.580348551273346, -0.5682579278945923, -0.5561673641204834, -0.5440767407417297, -0.5319861769676208, -0.5198955535888672, -0.5078049898147583, -0.49571436643600464, -0.48362377285957336, -0.4715331792831421, -0.4594425857067108, -0.44735199213027954, -0.43526139855384827, -0.423170804977417, -0.4110802114009857, -0.39898961782455444, -0.38689902424812317, -0.3748084306716919, -0.3627178370952606, -0.35062724351882935, -0.33853664994239807, -0.3264460563659668, -0.3143554627895355, -0.30226486921310425, -0.290174275636673, -0.2780836820602417, -0.26599305868148804, -0.25390249490737915, -0.2418118715286255, -0.2297213077545166, -0.21763068437576294, -0.20554012060165405, -0.1934494972229004, -0.1813589334487915, -0.16926831007003784, -0.15717774629592896, -0.1450871229171753, -0.1329965591430664, -0.12090593576431274, -0.10881537199020386, -0.0967247486114502, -0.08463418483734131, -0.07254356145858765, -0.06045299768447876, -0.0483623743057251, -0.03627181053161621, -0.02418118715286255, -0.012090623378753662, 0.0]}, "params/['params']['layers_1']['linear_layer']['bias']": {"_type": "histogram", "values": [0, 0, 0, 0, 0, 0, 0, 0, 0, 0, 0, 0, 0, 0, 0, 0, 0, 0, 0, 0, 0, 0, 0, 0, 0, 0, 0, 0, 0, 0, 0, 0, 24, 0, 0, 0, 0, 0, 0, 0, 0, 0, 0, 0, 0, 0, 0, 0, 0, 0, 0, 0, 0, 0, 0, 0, 0, 0, 0, 0, 0, 0, 0, 0], "bins": [-0.5, -0.484375, -0.46875, -0.453125, -0.4375, -0.421875, -0.40625, -0.390625, -0.375, -0.359375, -0.34375, -0.328125, -0.3125, -0.296875, -0.28125, -0.265625, -0.25, -0.234375, -0.21875, -0.203125, -0.1875, -0.171875, -0.15625, -0.140625, -0.125, -0.109375, -0.09375, -0.078125, -0.0625, -0.046875, -0.03125, -0.015625, 0.0, 0.015625, 0.03125, 0.046875, 0.0625, 0.078125, 0.09375, 0.109375, 0.125, 0.140625, 0.15625, 0.171875, 0.1875, 0.203125, 0.21875, 0.234375, 0.25, 0.265625, 0.28125, 0.296875, 0.3125, 0.328125, 0.34375, 0.359375, 0.375, 0.390625, 0.40625, 0.421875, 0.4375, 0.453125, 0.46875, 0.484375, 0.5]}, "params/['params']['layers_1']['linear_layer']['kernel']": {"_type": "histogram", "values": [1, 0, 0, 0, 0, 0, 0, 0, 0, 0, 0, 0, 0, 0, 0, 0, 2, 0, 0, 1, 0, 0, 497, 0, 0, 0, 0, 0, 0, 0, 0, 0, 0, 0, 0, 0, 0, 0, 0, 0, 0, 0, 0, 0, 0, 1, 0, 0, 0, 0, 0, 0, 0, 0, 0, 0, 0, 0, 0, 0, 0, 0, 0, 2], "bins": [-2.276196002960205, -2.177184820175171, -2.0781736373901367, -1.9791624546051025, -1.8801512718200684, -1.7811400890350342, -1.6821287870407104, -1.5831176042556763, -1.484106421470642, -1.385095238685608, -1.2860840559005737, -1.1870728731155396, -1.0880615711212158, -0.9890503883361816, -0.8900392055511475, -0.7910280227661133, -0.6920168399810791, -0.5930056571960449, -0.49399447441101074, -0.39498329162597656, -0.2959721088409424, -0.1969609260559082, -0.09794974327087402, 0.0010614395141601562, 0.10007286071777344, 0.19908404350280762, 0.2980952262878418, 0.397106409072876, 0.49611759185791016, 0.5951287746429443, 0.6941399574279785, 0.7931511402130127, 0.8921623229980469, 0.991173505783081, 1.0901846885681152, 1.1891958713531494, 1.2882070541381836, 1.3872182369232178, 1.486229419708252, 1.5852406024932861, 1.6842517852783203, 1.7832632064819336, 1.8822741508483887, 1.981285572052002, 2.080296516418457, 2.1793079376220703, 2.2783188819885254, 2.3773303031921387, 2.476341724395752, 2.575352668762207, 2.6743640899658203, 2.7733750343322754, 2.8723864555358887, 2.9713973999023438, 3.070408821105957, 3.169419765472412, 3.2684311866760254, 3.3674421310424805, 3.4664535522460938, 3.565464496612549, 3.664475917816162, 3.763486862182617, 3.8624982833862305, 3.9615092277526855, 4.060520648956299]}, "validation_loss": 0.00021074926189612597, "_wandb": {"runtime": 176}}