{"loss": 0.0027559574227780104, "_timestamp": 1739962891.8392582, "_runtime": 174.16871523857117, "_step": 2793, "params/['params']['last']['bias']": {"_type": "histogram", "values": [0, 0, 0, 0, 0, 0, 0, 0, 0, 0, 0, 0, 0, 0, 0, 0, 0, 0, 0, 0, 0, 0, 0, 0, 0, 0, 0, 0, 0, 0, 0, 0, 2, 0, 0, 0, 0, 0, 0, 0, 0, 0, 0, 0, 0, 0, 0, 0, 0, 0, 0, 0, 0, 0, 0, 0, 0, 0, 0, 0, 0, 0, 0, 0], "bins": [-0.5, -0.484375, -0.46875, -0.453125, -0.4375, -0.421875, -0.40625, -0.390625, -0.375, -0.359375, -0.34375, -0.328125, -0.3125, -0.296875, -0.28125, -0.265625, -0.25, -0.234375, -0.21875, -0.203125, -0.1875, -0.171875, -0.15625, -0.140625, -0.125, -0.109375, -0.09375, -0.078125, -0.0625, -0.046875, -0.03125, -0.015625, 0.0, 0.015625, 0.03125, 0.046875, 0.0625, 0.078125, 0.09375, 0.109375, 0.125, 0.140625, 0.15625, 0.171875, 0.1875, 0.203125, 0.21875, 0.234375, 0.25, 0.265625, 0.28125, 0.296875, 0.3125, 0.328125, 0.34375, 0.359375, 0.375, 0.390625, 0.40625, 0.421875, 0.4375, 0.453125, 0.46875, 0.484375, 0.5]}, "params/['params']['last']['kernel']": {"_type": "histogram", "values": [1, 0, 0, 0, 0, 0, 0, 0, 0, 0, 0, 0, 0, 0, 0, 0, 0, 0, 0, 0, 0, 0, 0, 0, 0, 0, 0, 0, 0, 0, 0, 0, 0, 0, 0, 0, 0, 0, 0, 0, 0, 0, 0, 0, 0, 0, 0, 0, 0, 0, 0, 0, 0, 0, 0, 0, 0, 0, 0, 26, 0, 0, 2, 1], "bins": [-0.10150723159313202, -0.09980647265911102, -0.09810570627450943, -0.09640494734048843, -0.09470418095588684, -0.09300342202186584, -0.09130266308784485, -0.08960189670324326, -0.08790113776922226, -0.08620037138462067, -0.08449961245059967, -0.08279885351657867, -0.08109808713197708, -0.07939732819795609, -0.07769656181335449, -0.0759958028793335, -0.0742950439453125, -0.07259427756071091, -0.07089351862668991, -0.06919275224208832, -0.06749199330806732, -0.06579123437404633, -0.06409046798944473, -0.06238970533013344, -0.060688942670822144, -0.05898818373680115, -0.05728742107748985, -0.05558665841817856, -0.053885895758867264, -0.05218513309955597, -0.05048437416553497, -0.04878361150622368, -0.047082848846912384, -0.04538208618760109, -0.043681323528289795, -0.0419805645942688, -0.040279801934957504, -0.03857903927564621, -0.036878280341625214, -0.03517751395702362, -0.033476755023002625, -0.03177598863840103, -0.030075229704380035, -0.02837447077035904, -0.026673704385757446, -0.02497294545173645, -0.023272179067134857, -0.02157142013311386, -0.019870653748512268, -0.018169894814491272, -0.016469135880470276, -0.014768369495868683, -0.013067610561847687, -0.011366844177246094, -0.009666085243225098, -0.007965326309204102, -0.0062645599246025085, -0.0045638009905815125, -0.0028630346059799194, -0.0011622756719589233, 0.0005384832620620728, 0.0022392496466636658, 0.003940008580684662, 0.005640774965286255, 0.0073415315710008144]}, "params/['params']['layers_0']['linear_layer']['bias']": {"_type": "histogram", "values": [0, 0, 0, 0, 0, 0, 0, 0, 0, 0, 0, 0, 0, 0, 0, 0, 0, 0, 0, 0, 0, 0, 0, 0, 0, 0, 0, 0, 0, 0, 0, 0, 18, 0, 0, 0, 0, 0, 0, 0, 0, 0, 0, 0, 0, 0, 0, 0, 0, 0, 0, 0, 0, 0, 0, 0, 0, 0, 0, 0, 0, 0, 0, 0], "bins": [-0.5, -0.484375, -0.46875, -0.453125, -0.4375, -0.421875, -0.40625, -0.390625, -0.375, -0.359375, -0.34375, -0.328125, -0.3125, -0.296875, -0.28125, -0.265625, -0.25, -0.234375, -0.21875, -0.203125, -0.1875, -0.171875, -0.15625, -0.140625, -0.125, -0.109375, -0.09375, -0.078125, -0.0625, -0.046875, -0.03125, -0.015625, 0.0, 0.015625, 0.03125, 0.046875, 0.0625, 0.078125, 0.09375, 0.109375, 0.125, 0.140625, 0.15625, 0.171875, 0.1875, 0.203125, 0.21875, 0.234375, 0.25, 0.265625, 0.28125, 0.296875, 0.3125, 0.328125, 0.34375, 0.359375, 0.375, 0.390625, 0.40625, 0.421875, 0.4375, 0.453125, 0.46875, 0.484375, 0.5]}, "params/['params']['layers_0']['linear_layer']['kernel']": {"_type": "histogram", "values": [1, 0, 0, 0, 2, 0, 0, 0, 32, 0, 0, 0, 0, 0, 0, 0, 0, 0, 0, 0, 0, 0, 0, 0, 0, 0, 0, 0, 0, 0, 0, 0, 0, 0, 0, 0, 0, 0, 0, 0, 0, 0, 0, 0, 0, 0, 0, 0, 0, 0, 0, 0, 0, 0, 0, 0, 0, 0, 0, 0, 0, 0, 0, 1], "bins": [-0.31139299273490906, -0.27365052700042725, -0.23590809106826782, -0.198165625333786, -0.1604231745004654, -0.12268072366714478, -0.08493825793266296, -0.04719582200050354, -0.009453356266021729, 0.028289109468460083, 0.0660315454006195, 0.10377401113510132, 0.14151647686958313, 0.17925891280174255, 0.21700134873390198, 0.2547438442707062, 0.2924862802028656, 0.330228716135025, 0.3679712116718292, 0.40571364760398865, 0.44345608353614807, 0.48119857907295227, 0.5189410448074341, 0.5566834211349487, 0.5944259166717529, 0.6321684122085571, 0.6699107885360718, 0.707653284072876, 0.7453956604003906, 0.7831381559371948, 0.820880651473999, 0.8586230278015137, 0.8963655233383179, 0.9341080188751221, 0.9718503952026367, 1.009592890739441, 1.0473353862762451, 1.0850777626037598, 1.122820258140564, 1.1605627536773682, 1.1983051300048828, 1.236047625541687, 1.2737901210784912, 1.3115324974060059, 1.34927499294281, 1.3870174884796143, 1.424759864807129, 1.462502360343933, 1.5002448558807373, 1.537987232208252, 1.5757297277450562, 1.6134721040725708, 1.651214599609375, 1.6889569759368896, 1.7266995906829834, 1.764441967010498, 1.8021843433380127, 1.8399269580841064, 1.877669334411621, 1.9154117107391357, 1.9531543254852295, 1.9908967018127441, 2.028639078140259, 2.0663816928863525, 2.104124069213867]}, "params/['params']['layers_1']['linear_layer']['bias']": {"_type": "histogram", "values": [0, 0, 0, 0, 0, 0, 0, 0, 0, 0, 0, 0, 0, 0, 0, 0, 0, 0, 0, 0, 0, 0, 0, 0, 0, 0, 0, 0, 0, 0, 0, 0, 18, 0, 0, 0, 0, 0, 0, 0, 0, 0, 0, 0, 0, 0, 0, 0, 0, 0, 0, 0, 0, 0, 0, 0, 0, 0, 0, 0, 0, 0, 0, 0], "bins": [-0.5, -0.484375, -0.46875, -0.453125, -0.4375, -0.421875, -0.40625, -0.390625, -0.375, -0.359375, -0.34375, -0.328125, -0.3125, -0.296875, -0.28125, -0.265625, -0.25, -0.234375, -0.21875, -0.203125, -0.1875, -0.171875, -0.15625, -0.140625, -0.125, -0.109375, -0.09375, -0.078125, -0.0625, -0.046875, -0.03125, -0.015625, 0.0, 0.015625, 0.03125, 0.046875, 0.0625, 0.078125, 0.09375, 0.109375, 0.125, 0.140625, 0.15625, 0.171875, 0.1875, 0.203125, 0.21875, 0.234375, 0.25, 0.265625, 0.28125, 0.296875, 0.3125, 0.328125, 0.34375, 0.359375, 0.375, 0.390625, 0.40625, 0.421875, 0.4375, 0.453125, 0.46875, 0.484375, 0.5]}, "params/['params']['layers_1']['linear_layer']['kernel']": {"_type": "histogram", "values": [1, 0, 0, 0, 0, 0, 0, 0, 0, 0, 0, 0, 0, 0, 0, 0, 0, 0, 0, 265, 0, 0, 0, 0, 0, 0, 1, 0, 0, 0, 0, 0, 1, 0, 0, 0, 0, 1, 0, 0, 0, 0, 0, 0, 0, 0, 0, 0, 0, 0, 0, 0, 0, 0, 0, 0, 0, 0, 0, 0, 0, 0, 0, 1], "bins": [-1.3359065055847168, -1.26812744140625, -1.2003483772277832, -1.1325693130493164, -1.0647902488708496, -0.997011125087738, -0.9292320013046265, -0.8614529371261597, -0.7936738729476929, -0.7258948087692261, -0.6581157445907593, -0.5903366208076477, -0.5225575566291809, -0.4547784924507141, -0.38699936866760254, -0.31922030448913574, -0.25144124031066895, -0.18366217613220215, -0.11588311195373535, -0.048104047775268555, 0.019675016403198242, 0.08745419979095459, 0.1552332639694214, 0.22301232814788818, 0.290791392326355, 0.3585704565048218, 0.4263495206832886, 0.49412858486175537, 0.5619077682495117, 0.6296868324279785, 0.6974658966064453, 0.7652449607849121, 0.8330240249633789, 0.9008030891418457, 0.9685821533203125, 1.0363612174987793, 1.104140281677246, 1.171919345855713, 1.2396984100341797, 1.3074774742126465, 1.3752565383911133, 1.4430358409881592, 1.510814905166626, 1.5785939693450928, 1.6463730335235596, 1.7141520977020264, 1.7819311618804932, 1.84971022605896, 1.9174892902374268, 1.9852683544158936, 2.0530474185943604, 2.120826482772827, 2.188605546951294, 2.2563846111297607, 2.3241636753082275, 2.3919427394866943, 2.4597220420837402, 2.527501106262207, 2.595280170440674, 2.6630592346191406, 2.7308382987976074, 2.798617362976074, 2.866396427154541, 2.934175491333008, 3.0019547939300537]}, "validation_loss": 0.0026786052621901035, "_wandb": {"runtime": 177}}