{"loss": 0.0007397799054160714, "_timestamp": 1739305154.1866915, "_runtime": 99.01340842247009, "_step": 27, "params/['params']['last']['bias']": {"_type": "histogram", "values": [1, 0, 0, 0, 0, 0, 0, 0, 0, 0, 0, 0, 0, 0, 0, 0, 0, 0, 0, 0, 0, 0, 0, 0, 0, 0, 0, 0, 0, 0, 0, 0, 0, 0, 0, 0, 0, 0, 0, 0, 0, 0, 0, 0, 0, 0, 0, 0, 0, 0, 0, 0, 0, 0, 0, 0, 0, 0, 0, 0, 0, 0, 0, 1], "bins": [0.939324140548706, 0.9403668642044067, 0.9414095878601074, 0.9424523115158081, 0.9434950351715088, 0.9445377588272095, 0.9455804824829102, 0.9466232061386108, 0.9476659297943115, 0.9487086534500122, 0.9497513771057129, 0.9507941007614136, 0.9518368244171143, 0.9528795480728149, 0.9539222717285156, 0.9549649953842163, 0.956007719039917, 0.9570505023002625, 0.9580932259559631, 0.9591359496116638, 0.9601786732673645, 0.9612213969230652, 0.9622641205787659, 0.9633068442344666, 0.9643495678901672, 0.9653922915458679, 0.9664350152015686, 0.9674777388572693, 0.96852046251297, 0.9695631861686707, 0.9706059098243713, 0.971648633480072, 0.9726913571357727, 0.9737340807914734, 0.9747768044471741, 0.9758195281028748, 0.9768622517585754, 0.9779049754142761, 0.9789476990699768, 0.9799904227256775, 0.9810331463813782, 0.9820758700370789, 0.9831185936927795, 0.9841613173484802, 0.9852040410041809, 0.9862467646598816, 0.9872894883155823, 0.9883322715759277, 0.9893749952316284, 0.9904177188873291, 0.9914604425430298, 0.9925031661987305, 0.9935458898544312, 0.9945886135101318, 0.9956313371658325, 0.9966740608215332, 0.9977167844772339, 0.9987595081329346, 0.9998022317886353, 1.000844955444336, 1.0018876791000366, 1.0029304027557373, 1.003973126411438, 1.0050158500671387, 1.0060585737228394]}, "params/['params']['last']['kernel']": {"_type": "histogram", "values": [1, 0, 0, 0, 0, 0, 0, 0, 0, 0, 0, 0, 0, 0, 0, 0, 0, 0, 0, 0, 0, 0, 0, 0, 0, 0, 0, 0, 0, 1, 0, 2, 3, 2, 1, 2, 0, 0, 0, 0, 0, 0, 0, 0, 0, 0, 0, 9, 0, 0, 12, 0, 0, 0, 0, 0, 0, 0, 0, 0, 0, 4, 2, 3], "bins": [-0.24397806823253632, -0.23898345232009888, -0.23398883640766144, -0.2289942353963852, -0.22399961948394775, -0.21900500357151031, -0.21401038765907288, -0.20901577174663544, -0.204021155834198, -0.19902655482292175, -0.19403193891048431, -0.18903732299804688, -0.18404270708560944, -0.179048091173172, -0.17405349016189575, -0.1690588742494583, -0.16406425833702087, -0.15906964242458344, -0.154075026512146, -0.14908042550086975, -0.1440858095884323, -0.13909119367599487, -0.13409657776355743, -0.12910196185112, -0.12410735338926315, -0.11911273747682571, -0.11411812901496887, -0.10912351310253143, -0.104128897190094, -0.09913428127765656, -0.09413968026638031, -0.08914506435394287, -0.08415044844150543, -0.079155832529068, -0.07416121661663055, -0.06916661560535431, -0.06417199969291687, -0.05917738378047943, -0.05418276786804199, -0.04918815195560455, -0.04419355094432831, -0.03919893503189087, -0.03420431911945343, -0.02920970320701599, -0.024215087294578552, -0.019220471382141113, -0.014225870370864868, -0.00923125445842743, -0.00423663854598999, 0.0007579773664474487, 0.005752593278884888, 0.010747209191322327, 0.015741810202598572, 0.020736441016197205, 0.02573104202747345, 0.030725643038749695, 0.03572027385234833, 0.04071487486362457, 0.045709505677223206, 0.05070410668849945, 0.055698707699775696, 0.06069333851337433, 0.06568793952465057, 0.0706825703382492, 0.07567716389894485]}, "params/['params']['layers_0']['linear_layer']['bias']": {"_type": "histogram", "values": [1, 0, 0, 0, 0, 0, 0, 0, 0, 0, 0, 0, 0, 0, 0, 0, 0, 0, 0, 0, 0, 0, 0, 0, 0, 0, 1, 1, 1, 0, 0, 0, 0, 1, 0, 0, 0, 1, 12, 0, 0, 0, 0, 0, 0, 1, 0, 0, 0, 0, 0, 1, 0, 0, 0, 1, 0, 0, 1, 0, 0, 1, 0, 1], "bins": [-0.2573148310184479, -0.25064170360565186, -0.24396857619285583, -0.23729544878005981, -0.2306223213672638, -0.22394919395446777, -0.21727606654167175, -0.21060293912887573, -0.2039298117160797, -0.1972566843032837, -0.19058355689048767, -0.18391042947769165, -0.17723730206489563, -0.1705641746520996, -0.1638910472393036, -0.15721791982650757, -0.15054479241371155, -0.14387166500091553, -0.1371985375881195, -0.1305253952741623, -0.12385226786136627, -0.11717914044857025, -0.11050601303577423, -0.10383288562297821, -0.09715975821018219, -0.09048663079738617, -0.08381350338459015, -0.07714037597179413, -0.07046724855899811, -0.06379412114620209, -0.05712099373340607, -0.050447866320610046, -0.043774738907814026, -0.037101611495018005, -0.030428484082221985, -0.023755356669425964, -0.017082229256629944, -0.010409101843833923, -0.003735959529876709, 0.0029371678829193115, 0.009610295295715332, 0.016283422708511353, 0.022956550121307373, 0.029629677534103394, 0.036302804946899414, 0.042975932359695435, 0.049649059772491455, 0.056322187185287476, 0.0629953145980835, 0.06966844201087952, 0.07634156942367554, 0.08301469683647156, 0.08968782424926758, 0.0963609516620636, 0.10303407907485962, 0.10970720648765564, 0.11638033390045166, 0.12305346131324768, 0.1297265887260437, 0.13639971613883972, 0.14307284355163574, 0.14974597096443176, 0.15641909837722778, 0.1630922257900238, 0.16976535320281982]}, "params/['params']['layers_0']['linear_layer']['kernel']": {"_type": "histogram", "values": [1, 0, 0, 1, 0, 1, 0, 0, 1, 0, 1, 3, 3, 1, 1, 2, 2, 2, 2, 1, 2, 3, 2, 1, 2, 4, 2, 0, 2, 2, 8, 1, 3, 0, 5, 1, 3, 1, 1, 1, 3, 3, 5, 2, 1, 1, 1, 1, 3, 1, 1, 0, 4, 0, 1, 0, 0, 0, 0, 0, 1, 0, 0, 2], "bins": [-1.1606366634368896, -1.1221940517425537, -1.0837513208389282, -1.0453087091445923, -1.0068659782409668, -0.9684233665466309, -0.9299806952476501, -0.8915380239486694, -0.8530953526496887, -0.814652681350708, -0.7762100100517273, -0.7377673387527466, -0.6993247270584106, -0.6608819961547852, -0.6224393844604492, -0.5839967131614685, -0.5455540418624878, -0.5071113705635071, -0.46866869926452637, -0.43022602796554565, -0.39178335666656494, -0.353340744972229, -0.3148980736732483, -0.2764554023742676, -0.23801273107528687, -0.19957005977630615, -0.16112738847732544, -0.12268471717834473, -0.08424210548400879, -0.0457993745803833, -0.007356762886047363, 0.031085968017578125, 0.06952857971191406, 0.10797119140625, 0.1464139223098755, 0.18485653400421143, 0.22329926490783691, 0.26174187660217285, 0.30018460750579834, 0.3386272192001343, 0.37706995010375977, 0.4155125617980957, 0.45395517349243164, 0.49239790439605713, 0.5308405160903931, 0.5692832469940186, 0.6077258586883545, 0.64616858959198, 0.6846112012863159, 0.7230538129806519, 0.7614965438842773, 0.7999391555786133, 0.8383818864822388, 0.8768246173858643, 0.9152672290802002, 0.9537098407745361, 0.9921524524688721, 1.030595064163208, 1.069037914276123, 1.107480525970459, 1.145923137664795, 1.1843657493591309, 1.222808599472046, 1.2612512111663818, 1.2996939420700073]}, "params/['params']['layers_1']['linear_layer']['bias']": {"_type": "histogram", "values": [1, 0, 0, 0, 1, 2, 7, 0, 0, 0, 0, 0, 0, 0, 0, 0, 0, 0, 0, 0, 0, 0, 1, 0, 0, 0, 0, 0, 0, 0, 0, 0, 0, 0, 2, 0, 0, 0, 0, 0, 0, 0, 0, 0, 1, 0, 0, 0, 1, 0, 0, 0, 0, 0, 0, 0, 0, 0, 0, 0, 0, 0, 2, 6],