{"loss": 0.0008483049459755421, "_timestamp": 1739543612.739524, "_runtime": 232.52888298034668, "_step": 405, "validation_loss": 0.0007690393831580877, "params/['params']['last']['bias']": {"_type": "histogram", "values": [1, 0, 0, 0, 0, 0, 0, 0, 0, 0, 0, 0, 0, 0, 0, 0, 0, 0, 0, 0, 0, 0, 0, 0, 0, 0, 0, 0, 0, 0, 0, 0, 0, 0, 0, 0, 0, 0, 0, 0, 0, 0, 0, 0, 0, 0, 0, 0, 0, 0, 0, 0, 0, 0, 0, 0, 0, 0, 0, 0, 0, 0, 0, 1], "bins": [0.09677529335021973, 0.1085573211312294, 0.12033935636281967, 0.13212138414382935, 0.14390341937541962, 0.1556854546070099, 0.16746747493743896, 0.17924951016902924, 0.1910315454006195, 0.20281356573104858, 0.21459560096263885, 0.22637763619422913, 0.2381596565246582, 0.24994169175624847, 0.26172372698783875, 0.2735057473182678, 0.2852877974510193, 0.29706981778144836, 0.30885183811187744, 0.3206338882446289, 0.332415908575058, 0.34419792890548706, 0.3559799790382385, 0.3677619993686676, 0.3795440196990967, 0.39132606983184814, 0.4031080901622772, 0.4148901104927063, 0.42667216062545776, 0.43845418095588684, 0.4502362012863159, 0.4620182514190674, 0.47380027174949646, 0.48558229207992554, 0.497364342212677, 0.5091463327407837, 0.5209283828735352, 0.5327104330062866, 0.5444924831390381, 0.5562744736671448, 0.5680565237998962, 0.5798385143280029, 0.5916205644607544, 0.6034026145935059, 0.6151846647262573, 0.626966655254364, 0.6387487053871155, 0.6505307555198669, 0.6623127460479736, 0.6740947961807251, 0.6858768463134766, 0.6976588368415833, 0.7094408869743347, 0.7212229371070862, 0.7330049276351929, 0.7447869777679443, 0.7565690279006958, 0.7683510184288025, 0.780133068561554, 0.7919151186943054, 0.8036971092224121, 0.8154791593551636, 0.827261209487915, 0.8390432000160217, 0.8508252501487732]}, "params/['params']['last']['kernel']": {"_type": "histogram", "values": [1, 0, 0, 0, 1, 0, 0, 0, 1, 1, 0, 0, 1, 0, 16, 4, 2, 0, 0, 2, 2, 1, 1, 0, 0, 0, 0, 0, 0, 0, 0, 0, 0, 0, 0, 0, 0, 0, 0, 0, 0, 1, 0, 0, 0, 0, 0, 0, 0, 0, 1, 0, 0, 0, 0, 0, 0, 0, 0, 0, 0, 0, 0, 1], "bins": [-0.06333975493907928, -0.059090081602334976, -0.05484040826559067, -0.05059073492884636, -0.04634106159210205, -0.04209138825535774, -0.037841714918613434, -0.033592041581869125, -0.029342368245124817, -0.02509269490838051, -0.0208430215716362, -0.01659334823489189, -0.012343674898147583, -0.008094001561403275, -0.003844328224658966, 0.00040534138679504395, 0.004655018448829651, 0.008904695510864258, 0.013154365122318268, 0.017404034733772278, 0.021653711795806885, 0.02590338885784149, 0.0301530584692955, 0.03440272808074951, 0.03865240514278412, 0.042902082204818726, 0.047151751816272736, 0.051401421427726746, 0.05565109848976135, 0.05990077555179596, 0.06415043771266937, 0.06840011477470398, 0.07264979183673859, 0.0768994688987732, 0.0811491459608078, 0.08539880812168121, 0.08964848518371582, 0.09389816224575043, 0.09814782440662384, 0.10239750146865845, 0.10664717853069305, 0.11089685559272766, 0.11514653265476227, 0.11939619481563568, 0.12364587187767029, 0.1278955489397049, 0.1321452111005783, 0.13639488816261292, 0.14064456522464752, 0.14489424228668213, 0.14914391934871674, 0.15339358150959015, 0.15764325857162476, 0.16189293563365936, 0.16614259779453278, 0.17039227485656738, 0.174641951918602, 0.1788916289806366, 0.1831413060426712, 0.18739096820354462, 0.19164063036441803, 0.19589032232761383, 0.20013998448848724, 0.20438967645168304, 0.20863933861255646]}, "params/['params']['layers_0']['linear_layer']['bias']": {"_type": "histogram", "values": [0, 0, 0, 0, 0, 0, 0, 0, 0, 0, 0, 0, 0, 0, 0, 0, 0, 0, 0, 0, 0, 0, 0, 0, 0, 0, 0, 0, 0, 0, 0, 0, 22, 0, 0, 0, 0, 0, 0, 0, 0, 0, 0, 0, 0, 0, 0, 0, 0, 0, 0, 0, 0, 0, 0, 0, 0, 0, 0, 0, 0, 0, 0, 0], "bins": [-0.5, -0.484375, -0.46875, -0.453125, -0.4375, -0.421875, -0.40625, -0.390625, -0.375, -0.359375, -0.34375, -0.328125, -0.3125, -0.296875, -0.28125, -0.265625, -0.25, -0.234375, -0.21875, -0.203125, -0.1875, -0.171875, -0.15625, -0.140625, -0.125, -0.109375, -0.09375, -0.078125, -0.0625, -0.046875, -0.03125, -0.015625, 0.0, 0.015625, 0.03125, 0.046875, 0.0625, 0.078125, 0.09375, 0.109375, 0.125, 0.140625, 0.15625, 0.171875, 0.1875, 0.203125, 0.21875, 0.234375, 0.25, 0.265625, 0.28125, 0.296875, 0.3125, 0.328125, 0.34375, 0.359375, 0.375, 0.390625, 0.40625, 0.421875, 0.4375, 0.453125, 0.46875, 0.484375, 0.5]}, "params/['params']['layers_0']['linear_layer']['kernel']": {"_type": "histogram", "values": [1, 1, 1, 1, 1, 0, 0, 1, 1, 0, 0, 0, 0, 0, 0, 0, 0, 0, 2, 0, 0, 0, 2, 1, 47, 0, 1, 3, 0, 0, 0, 1, 0, 0, 0, 0, 0, 0, 0, 0, 0, 0, 0, 0, 0, 0, 0, 0, 0, 0, 0, 1, 0, 0, 0, 0, 0, 0, 0, 0, 0, 0, 0, 1], "bins": [-0.7642309069633484, -0.7329266667366028, -0.7016224265098572, -0.6703181266784668, -0.6390138864517212, -0.6077096462249756, -0.57640540599823, -0.5451011657714844, -0.5137969255447388, -0.4824926555156708, -0.4511883854866028, -0.4198841452598572, -0.3885799050331116, -0.3572756350040436, -0.325971394777298, -0.29466712474823, -0.2633628845214844, -0.23205864429473877, -0.20075440406799316, -0.16945010423660278, -0.13814586400985718, -0.10684162378311157, -0.07553738355636597, -0.04423314332962036, -0.012928903102874756, 0.018375396728515625, 0.04967963695526123, 0.08098387718200684, 0.11228811740875244, 0.14359235763549805, 0.17489665746688843, 0.20620089769363403, 0.23750513792037964, 0.26880937814712524, 0.30011361837387085, 0.33141785860061646, 0.36272209882736206, 0.39402633905410767, 0.4253306984901428, 0.4566349387168884, 0.48793917894363403, 0.5192434191703796, 0.5505476593971252, 0.5818518996238708, 0.6131561398506165, 0.6444603800773621, 0.6757646203041077, 0.7070688605308533, 0.7383731007575989, 0.769677460193634, 0.8009817004203796, 0.8322859406471252, 0.8635901808738708, 0.8948944211006165, 0.9261986613273621, 0.9575029015541077, 0.9888071417808533, 1.020111322402954, 1.0514156818389893, 1.0827200412750244, 1.1140241622924805, 1.1453285217285156, 1.1766326427459717, 1.2079370021820068, 1.239241123199463]}, "params/['params']['layers_1']['linear_layer']['bias']": {"_type": "histogram", "values": [1, 0, 0, 0, 0, 0, 0, 0, 0, 0, 0, 0, 0, 0, 0, 0, 0, 0, 0, 0, 0, 0, 0, 0, 0, 0, 0, 0, 0, 0, 0, 20, 0, 0, 0, 0, 0, 0, 0, 0, 0, 0, 0, 0, 0, 0, 0, 0, 0, 0, 0, 0, 0, 0, 0, 0, 0, 0, 0, 0, 0, 0, 0, 1], "bins": [-0.0022683176212012768, -0.002197141293436289, -0.002125964965671301, -0.002054788637906313, -0.001983612310141325, -0.001912435982376337, -0.001841259654611349, -0.0017700833268463612, -0.0016989069990813732, -0.0016277306713163853, -0.0015565543435513973, -0.0014853780157864094, -0.0014142016880214214, -0.0013430253602564335, -0.0012718490324914455, -0.0012006727047264576, -0.0011294963769614697, -0.0010583200491964817, -0.0009871437214314938, -0.0009159673936665058, -0.0008447910659015179, -0.0007736147381365299, -0.000702438410371542, -0.000631262082606554, -0.0005600857548415661, -0.0004889094270765781, -0.0004177330993115902, -0.00034655677154660225, -0.0002753804437816143, -0.00020420411601662636, -0.0001330277882516384, -6.185146048665047e-05, 9.324867278337479e-06, 8.050119504332542e-05, 0.00015167752280831337, 0.00022285385057330132, 0.00029403017833828926, 0.0003652065061032772, 0.00043638283386826515, 0.0005075591616332531, 0.000578735489398241, 0.000649911817163229, 0.0007210881449282169, 0.0007922644726932049, 0.0008634408004581928, 0.0009346171282231808, 0.0010057934559881687, 0.0010769697837531567, 0.0011481461115181446, 0.0012193224392831326, 0.0012904987670481205, 0.0013616750948131084, 0.0014328514225780964, 0.0015040277503430843, 0.0015752040781080723, 0.0016463804058730602, 0.0017175567336380482, 0.0017887330614030361, 0.001859909389168024, 0.001931085716933012, 0.002002262044698, 0.002073438372462988, 0.002144614700227976, 0.002215791027992964, 0.002286967122927308]}, "params/['params']['layers_1']['linear_layer']['kernel']": {"_type": "histogram",