{"loss": 0.00031394162215292454, "_timestamp": 1739372238.6735134, "_runtime": 176.9088053703308, "_step": 404, "params/['params']['last']['bias']": {"_type": "histogram", "values": [1, 0, 0, 0, 0, 0, 0, 0, 0, 0, 0, 0, 0, 0, 0, 0, 0, 0, 0, 0, 0, 0, 0, 0, 0, 0, 0, 0, 0, 0, 0, 0, 0, 0, 0, 0, 0, 0, 0, 0, 0, 0, 0, 0, 0, 0, 0, 0, 0, 0, 0, 0, 0, 0, 0, 0, 0, 0, 0, 0, 0, 0, 0, 1], "bins": [0.0, 0.008240352384746075, 0.01648070476949215, 0.02472105622291565, 0.0329614095389843, 0.04120176285505295, 0.0494421124458313, 0.05768246576189995, 0.0659228190779686, 0.07416316866874695, 0.0824035257101059, 0.09064387530088425, 0.0988842248916626, 0.10712458193302155, 0.1153649315237999, 0.12360528856515884, 0.1318456381559372, 0.14008599519729614, 0.1483263373374939, 0.15656669437885284, 0.1648070514202118, 0.17304739356040955, 0.1812877506017685, 0.18952810764312744, 0.1977684497833252, 0.20600880682468414, 0.2142491638660431, 0.22248952090740204, 0.2307298630475998, 0.23897022008895874, 0.2472105771303177, 0.25545093417167664, 0.2636912763118744, 0.27193161845207214, 0.2801719903945923, 0.28841233253479004, 0.2966526746749878, 0.30489304661750793, 0.3131333887577057, 0.32137373089790344, 0.3296141028404236, 0.33785444498062134, 0.3460947871208191, 0.35433515906333923, 0.362575501203537, 0.37081584334373474, 0.3790562152862549, 0.38729655742645264, 0.3955368995666504, 0.40377727150917053, 0.4120176136493683, 0.4202579855918884, 0.4284983277320862, 0.43673866987228394, 0.4449790418148041, 0.45321938395500183, 0.4614597260951996, 0.4697000980377197, 0.4779404401779175, 0.48618078231811523, 0.4944211542606354, 0.5026614665985107, 0.5109018683433533, 0.519142210483551, 0.5273825526237488]}, "params/['params']['last']['kernel']": {"_type": "histogram", "values": [27, 0, 0, 0, 1, 0, 0, 0, 0, 0, 0, 0, 0, 0, 0, 0, 0, 0, 0, 0, 0, 0, 0, 0, 0, 0, 0, 0, 0, 0, 0, 0, 0, 0, 0, 0, 0, 0, 0, 0, 0, 0, 0, 0, 0, 0, 0, 0, 0, 0, 0, 0, 0, 1, 0, 0, 0, 0, 0, 0, 0, 0, 0, 1], "bins": [0.0, 0.004381231032311916, 0.008762462064623833, 0.013143693096935749, 0.017524924129247665, 0.021906156092882156, 0.026287386193871498, 0.03066861629486084, 0.03504984825849533, 0.03943108022212982, 0.04381231218576431, 0.048193540424108505, 0.052574772387742996, 0.05695600435137749, 0.06133723258972168, 0.06571846455335617, 0.07009969651699066, 0.07448092848062515, 0.07886216044425964, 0.08324339240789413, 0.08762462437152863, 0.09200584888458252, 0.09638708084821701, 0.1007683128118515, 0.10514954477548599, 0.10953077673912048, 0.11391200870275497, 0.11829324066638947, 0.12267446517944336, 0.12705570459365845, 0.13143692910671234, 0.13581816852092743, 0.14019939303398132, 0.14458061754703522, 0.1489618569612503, 0.1533430814743042, 0.1577243208885193, 0.16210554540157318, 0.16648678481578827, 0.17086800932884216, 0.17524924874305725, 0.17963047325611115, 0.18401169776916504, 0.18839293718338013, 0.19277416169643402, 0.1971554011106491, 0.201536625623703, 0.2059178650379181, 0.21029908955097198, 0.21468031406402588, 0.21906155347824097, 0.22344277799129486, 0.22782401740550995, 0.23220524191856384, 0.23658648133277893, 0.24096770584583282, 0.24534893035888672, 0.2497301697731018, 0.2541114091873169, 0.2584926187992096, 0.2628738582134247, 0.26725509762763977, 0.27163633704185486, 0.27601754665374756, 0.28039878606796265]}, "params/['params']['layers_0']['linear_layer']['bias']": {"_type": "histogram", "values": [0, 0, 0, 0, 0, 0, 0, 0, 0, 0, 0, 0, 0, 0, 0, 0, 0, 0, 0, 0, 0, 0, 0, 0, 0, 0, 0, 0, 0, 0, 0, 0, 18, 0, 0, 0, 0, 0, 0, 0, 0, 0, 0, 0, 0, 0, 0, 0, 0, 0, 0, 0, 0, 0, 0, 0, 0, 0, 0, 0, 0, 0, 0, 0], "bins": [-0.5, -0.484375, -0.46875, -0.453125, -0.4375, -0.421875, -0.40625, -0.390625, -0.375, -0.359375, -0.34375, -0.328125, -0.3125, -0.296875, -0.28125, -0.265625, -0.25, -0.234375, -0.21875, -0.203125, -0.1875, -0.171875, -0.15625, -0.140625, -0.125, -0.109375, -0.09375, -0.078125, -0.0625, -0.046875, -0.03125, -0.015625, 0.0, 0.015625, 0.03125, 0.046875, 0.0625, 0.078125, 0.09375, 0.109375, 0.125, 0.140625, 0.15625, 0.171875, 0.1875, 0.203125, 0.21875, 0.234375, 0.25, 0.265625, 0.28125, 0.296875, 0.3125, 0.328125, 0.34375, 0.359375, 0.375, 0.390625, 0.40625, 0.421875, 0.4375, 0.453125, 0.46875, 0.484375, 0.5]}, "params/['params']['layers_0']['linear_layer']['kernel']": {"_type": "histogram", "values": [1, 0, 0, 0, 0, 0, 0, 0, 32, 0, 0, 0, 0, 0, 0, 0, 0, 0, 0, 0, 0, 0, 0, 0, 0, 0, 0, 0, 0, 0, 0, 1, 0, 0, 0, 0, 0, 1, 0, 0, 0, 0, 0, 0, 0, 0, 0, 0, 0, 0, 0, 0, 0, 0, 0, 0, 0, 0, 0, 0, 0, 0, 0, 1], "bins": [-0.2544008195400238, -0.22543004155158997, -0.19645926356315613, -0.1674884855747223, -0.13851770758628845, -0.10954692959785461, -0.08057615160942078, -0.05160537362098694, -0.0226345956325531, 0.006336182355880737, 0.035306960344314575, 0.06427773833274841, 0.09324851632118225, 0.12221929430961609, 0.15119007229804993, 0.18016085028648376, 0.2091316282749176, 0.23810240626335144, 0.2670731842517853, 0.2960439622402191, 0.32501474022865295, 0.3539855182170868, 0.38295629620552063, 0.41192707419395447, 0.4408978521823883, 0.46986863017082214, 0.498839408159256, 0.5278102159500122, 0.5567809343338013, 0.5857517719268799, 0.614722490310669, 0.6436933279037476, 0.6726640462875366, 0.7016348838806152, 0.7306056022644043, 0.7595764398574829, 0.788547158241272, 0.817517876625061, 0.8464887142181396, 0.8754595518112183, 0.9044302701950073, 0.9334009885787964, 0.962371826171875, 0.9913426637649536, 1.0203133821487427, 1.0492841005325317, 1.0782549381256104, 1.107225775718689, 1.136196494102478, 1.165167212486267, 1.1941380500793457, 1.2231088876724243, 1.2520796060562134, 1.2810503244400024, 1.310021162033081, 1.3389919996261597, 1.3679627180099487, 1.3969334363937378, 1.4259042739868164, 1.454875111579895, 1.483845829963684, 1.5128165483474731, 1.5417873859405518, 1.5707582235336304, 1.5997289419174194]}, "params/['params']['layers_1']['linear_layer']['bias']": {"_type": "histogram", "values": [0, 0, 0, 0, 0, 0, 0, 0, 0, 0, 0, 0, 0, 0, 0, 0, 0, 0, 0, 0, 0, 0, 0, 0, 0, 0, 0, 0, 0, 0, 0, 0, 18, 0, 0, 0, 0, 0, 0, 0, 0, 0, 0, 0, 0, 0, 0, 0, 0, 0, 0, 0, 0, 0, 0, 0, 0, 0, 0, 0, 0, 0, 0, 0], "bins": [-0.5, -0.484375, -0.46875, -0.453125, -0.4375, -0.421875, -0.40625, -0.390625, -0.375, -0.359375, -0.34375, -0.328125, -0.3125, -0.296875, -0.28125, -0.265625, -0.25, -0.234375, -0.21875, -0.203125, -0.1875, -0.171875, -0.15625, -0.140625, -0.125, -0.109375, -0.09375, -0.078125, -0.0625, -0.046875, -0.03125, -0.015625, 0.0, 0.015625, 0.03125, 0.046875, 0.0625, 0.078125, 0.09375, 0.109375, 0.125, 0.140625, 0.15625, 0.171875, 0.1875, 0.203125, 0.21875, 0.234375, 0.25, 0.265625, 0.28125, 0.296875, 0.3125, 0.328125, 0.34375, 0.359375, 0.375, 0.390625, 0.40625, 0.421875, 0.4375, 0.453125, 0.46875, 0.484375, 0.5]}, "params/['params']['layers_1']['linear_layer']['kernel']": {"_type": "histogram", "values": [2, 0, 0, 0, 0, 0, 1, 0, 0, 0, 0, 0, 0, 0, 0, 0, 0, 0, 0, 0, 0, 2, 0, 0, 0, 1, 1, 253, 0, 0, 2, 1, 0, 0, 0, 0, 0, 0, 1, 0, 0, 2, 0, 0, 0, 0, 0, 0, 0, 1, 1, 0, 0, 0, 0, 0, 1, 0, 0, 0, 0, 0, 0, 1],