{"loss": 0.004692875314503908, "_timestamp": 1739548356.3588974, "_runtime": 190.9109444618225, "_step": 405, "validation_loss": 0.004514893051236868, "params/['params']['last']['bias']": {"_type": "histogram", "values": [1, 0, 0, 0, 0, 0, 0, 0, 0, 0, 0, 0, 0, 0, 0, 0, 0, 0, 0, 0, 0, 0, 0, 0, 0, 0, 0, 0, 0, 0, 0, 0, 0, 0, 0, 0, 0, 0, 0, 0, 0, 0, 0, 0, 0, 0, 0, 0, 0, 0, 0, 0, 0, 0, 0, 0, 0, 0, 0, 0, 0, 0, 0, 1], "bins": [0.0, 0.008252058178186417, 0.016504116356372833, 0.02475617453455925, 0.033008232712745667, 0.04126029089093208, 0.0495123490691185, 0.057764407247304916, 0.06601646542549133, 0.07426851987838745, 0.08252058178186417, 0.09077264368534088, 0.099024698138237, 0.10727675259113312, 0.11552881449460983, 0.12378087639808655, 0.13203293085098267, 0.14028498530387878, 0.1485370397567749, 0.15678910911083221, 0.16504116356372833, 0.17329321801662445, 0.18154528737068176, 0.18979734182357788, 0.198049396276474, 0.20630145072937012, 0.21455350518226624, 0.22280557453632355, 0.23105762898921967, 0.23930968344211578, 0.2475617527961731, 0.2558138072490692, 0.26406586170196533, 0.27231791615486145, 0.28056997060775757, 0.2888220250606537, 0.2970740795135498, 0.3053261637687683, 0.31357821822166443, 0.32183027267456055, 0.33008232712745667, 0.3383343815803528, 0.3465864360332489, 0.354838490486145, 0.3630905747413635, 0.37134262919425964, 0.37959468364715576, 0.3878467381000519, 0.396098792552948, 0.4043508470058441, 0.41260290145874023, 0.42085495591163635, 0.42910701036453247, 0.437359094619751, 0.4456111490726471, 0.4538632035255432, 0.46211525797843933, 0.47036731243133545, 0.47861936688423157, 0.4868714213371277, 0.4951235055923462, 0.5033755302429199, 0.5116276144981384, 0.5198796391487122, 0.5281317234039307]}, "params/['params']['last']['kernel']": {"_type": "histogram", "values": [1, 0, 0, 0, 0, 0, 0, 0, 0, 0, 0, 0, 0, 0, 0, 0, 0, 0, 0, 0, 0, 0, 0, 0, 0, 0, 0, 0, 0, 0, 0, 0, 0, 0, 0, 0, 0, 0, 0, 0, 0, 0, 0, 0, 0, 0, 0, 0, 0, 0, 0, 0, 0, 0, 0, 0, 0, 0, 0, 0, 1, 0, 0, 28], "bins": [-0.534604012966156, -0.5262508392333984, -0.5178976655006409, -0.5095444321632385, -0.501191258430481, -0.4928380846977234, -0.48448488116264343, -0.47613170742988586, -0.4677785038948059, -0.45942533016204834, -0.4510721266269684, -0.4427189528942108, -0.43436574935913086, -0.4260125756263733, -0.4176594018936157, -0.40930619835853577, -0.4009529948234558, -0.39259982109069824, -0.3842466473579407, -0.3758934438228607, -0.36754024028778076, -0.3591870665550232, -0.3508338928222656, -0.34248068928718567, -0.3341275155544281, -0.32577431201934814, -0.3174211382865906, -0.309067964553833, -0.30071476101875305, -0.2923615574836731, -0.2840083837509155, -0.27565518021583557, -0.267302006483078, -0.25894883275032043, -0.2505956292152405, -0.2422424554824829, -0.23388925194740295, -0.22553607821464539, -0.21718287467956543, -0.20882970094680786, -0.2004764974117279, -0.19212332367897034, -0.18377012014389038, -0.1754169464111328, -0.16706374287605286, -0.1587105691432953, -0.15035736560821533, -0.14200419187545776, -0.1336510181427002, -0.12529781460762024, -0.11694464087486267, -0.10859143733978271, -0.10023826360702515, -0.09188506007194519, -0.08353188633918762, -0.07517868280410767, -0.0668255090713501, -0.05847230553627014, -0.05011913180351257, -0.04176592826843262, -0.03341275453567505, -0.02505958080291748, -0.016706347465515137, -0.008353173732757568, 0.0]}, "params/['params']['layers_0']['linear_layer']['bias']": {"_type": "histogram", "values": [0, 0, 0, 0, 0, 0, 0, 0, 0, 0, 0, 0, 0, 0, 0, 0, 0, 0, 0, 0, 0, 0, 0, 0, 0, 0, 0, 0, 0, 0, 0, 0, 18, 0, 0, 0, 0, 0, 0, 0, 0, 0, 0, 0, 0, 0, 0, 0, 0, 0, 0, 0, 0, 0, 0, 0, 0, 0, 0, 0, 0, 0, 0, 0], "bins": [-0.5, -0.484375, -0.46875, -0.453125, -0.4375, -0.421875, -0.40625, -0.390625, -0.375, -0.359375, -0.34375, -0.328125, -0.3125, -0.296875, -0.28125, -0.265625, -0.25, -0.234375, -0.21875, -0.203125, -0.1875, -0.171875, -0.15625, -0.140625, -0.125, -0.109375, -0.09375, -0.078125, -0.0625, -0.046875, -0.03125, -0.015625, 0.0, 0.015625, 0.03125, 0.046875, 0.0625, 0.078125, 0.09375, 0.109375, 0.125, 0.140625, 0.15625, 0.171875, 0.1875, 0.203125, 0.21875, 0.234375, 0.25, 0.265625, 0.28125, 0.296875, 0.3125, 0.328125, 0.34375, 0.359375, 0.375, 0.390625, 0.40625, 0.421875, 0.4375, 0.453125, 0.46875, 0.484375, 0.5]}, "params/['params']['layers_0']['linear_layer']['kernel']": {"_type": "histogram", "values": [1, 0, 0, 0, 0, 0, 0, 0, 0, 0, 0, 0, 0, 0, 0, 0, 0, 0, 0, 0, 0, 0, 0, 0, 0, 0, 0, 0, 0, 0, 32, 0, 0, 0, 0, 0, 0, 0, 0, 0, 2, 0, 0, 0, 0, 0, 0, 0, 0, 0, 0, 0, 0, 0, 0, 0, 0, 0, 0, 0, 0, 0, 0, 1], "bins": [-1.1956101655960083, -1.15680730342865, -1.118004322052002, -1.0792014598846436, -1.0403985977172852, -1.0015956163406372, -0.9627927541732788, -0.9239898324012756, -0.8851869106292725, -0.8463839888572693, -0.8075810670852661, -0.7687782049179077, -0.7299752831459045, -0.6911723613739014, -0.652369499206543, -0.6135665774345398, -0.5747636556625366, -0.5359607338905334, -0.4971578121185303, -0.4583549499511719, -0.4195520281791687, -0.3807491064071655, -0.34194624423980713, -0.30314332246780396, -0.2643404006958008, -0.2255374789237976, -0.18673455715179443, -0.14793169498443604, -0.10912883281707764, -0.07032585144042969, -0.03152298927307129, 0.00727999210357666, 0.04608285427093506, 0.08488571643829346, 0.1236886978149414, 0.1624915599822998, 0.20129454135894775, 0.24009740352630615, 0.27890026569366455, 0.3177032470703125, 0.3565061092376709, 0.3953089714050293, 0.43411195278167725, 0.47291481494903564, 0.511717677116394, 0.550520658493042, 0.5893235206604004, 0.6281265020370483, 0.6669293642044067, 0.7057322263717651, 0.7445352077484131, 0.7833380699157715, 0.8221410512924194, 0.8609439134597778, 0.8997467756271362, 0.9385496377944946, 0.977352499961853, 1.0161556005477905, 1.054958462715149, 1.0937613248825073, 1.1325641870498657, 1.1713670492172241, 1.2101701498031616, 1.24897301197052, 1.2877757549285889]}, "params/['params']['layers_1']['linear_layer']['bias']": {"_type": "histogram", "values": [0, 0, 0, 0, 0, 0, 0, 0, 0, 0, 0, 0, 0, 0, 0, 0, 0, 0, 0, 0, 0, 0, 0, 0, 0, 0, 0, 0, 0, 0, 0, 0, 18, 0, 0, 0, 0, 0, 0, 0, 0, 0, 0, 0, 0, 0, 0, 0, 0, 0, 0, 0, 0, 0, 0, 0, 0, 0, 0, 0, 0, 0, 0, 0], "bins": [-0.5, -0.484375, -0.46875, -0.453125, -0.4375, -0.421875, -0.40625, -0.390625, -0.375, -0.359375, -0.34375, -0.328125, -0.3125, -0.296875, -0.28125, -0.265625, -0.25, -0.234375, -0.21875, -0.203125, -0.1875, -0.171875, -0.15625, -0.140625, -0.125, -0.109375, -0.09375, -0.078125, -0.0625, -0.046875, -0.03125, -0.015625, 0.0, 0.015625, 0.03125, 0.046875, 0.0625, 0.078125, 0.09375, 0.109375, 0.125, 0.140625, 0.15625, 0.171875, 0.1875, 0.203125, 0.21875, 0.234375, 0.25, 0.265625, 0.28125, 0.296875, 0.3125, 0.328125, 0.34375, 0.359375, 0.375, 0.390625, 0.40625, 0.421875, 0.4375, 0.453125, 0.46875, 0.484375, 0.5]}, "params/['params']['layers_1']['linear_layer']['kernel']": {"_type": "histogram", "values": [1, 0, 0, 0, 0, 0, 0, 0, 0, 0, 0, 0, 0, 0, 0, 0, 0, 0, 0, 0, 0, 0, 1, 0, 0, 0, 0, 0, 0, 0, 1, 261, 2, 0, 0, 0, 0, 0, 0, 1, 0, 0, 0, 1, 0, 0, 0, 0, 0, 0, 0, 0, 0, 0, 0, 0, 0, 0, 0, 0, 0, 0, 0, 2],