{"loss": 0.00028117894544266164, "_timestamp": 1739552542.680806, "_runtime": 171.790776014328, "_step": 405, "validation_loss": 0.0003060525341425091, "params/['params']['last']['bias']": {"_type": "histogram", "values": [0, 0, 0, 0, 0, 0, 0, 0, 0, 0, 0, 0, 0, 0, 0, 0, 0, 0, 0, 0, 0, 0, 0, 0, 0, 0, 0, 0, 0, 0, 0, 0, 2, 0, 0, 0, 0, 0, 0, 0, 0, 0, 0, 0, 0, 0, 0, 0, 0, 0, 0, 0, 0, 0, 0, 0, 0, 0, 0, 0, 0, 0, 0, 0], "bins": [-0.5, -0.484375, -0.46875, -0.453125, -0.4375, -0.421875, -0.40625, -0.390625, -0.375, -0.359375, -0.34375, -0.328125, -0.3125, -0.296875, -0.28125, -0.265625, -0.25, -0.234375, -0.21875, -0.203125, -0.1875, -0.171875, -0.15625, -0.140625, -0.125, -0.109375, -0.09375, -0.078125, -0.0625, -0.046875, -0.03125, -0.015625, 0.0, 0.015625, 0.03125, 0.046875, 0.0625, 0.078125, 0.09375, 0.109375, 0.125, 0.140625, 0.15625, 0.171875, 0.1875, 0.203125, 0.21875, 0.234375, 0.25, 0.265625, 0.28125, 0.296875, 0.3125, 0.328125, 0.34375, 0.359375, 0.375, 0.390625, 0.40625, 0.421875, 0.4375, 0.453125, 0.46875, 0.484375, 0.5]}, "params/['params']['last']['kernel']": {"_type": "histogram", "values": [1, 0, 0, 0, 0, 0, 0, 0, 0, 0, 0, 0, 0, 0, 0, 0, 0, 0, 0, 0, 0, 0, 0, 0, 0, 24, 0, 0, 0, 0, 2, 1, 0, 0, 0, 0, 0, 0, 0, 0, 0, 0, 0, 0, 0, 0, 0, 0, 0, 0, 0, 0, 1, 0, 0, 0, 0, 0, 0, 0, 0, 0, 0, 1], "bins": [-0.08270779252052307, -0.07944503426551819, -0.07618226855993271, -0.07291951030492783, -0.06965674459934235, -0.06639398634433746, -0.06313122808933258, -0.0598684623837471, -0.05660570412874222, -0.05334293842315674, -0.050080180168151855, -0.046817418187856674, -0.04355465620756149, -0.04029189422726631, -0.03702913597226143, -0.03376637399196625, -0.030503612011671066, -0.027240850031375885, -0.023978088051080704, -0.02071532979607582, -0.01745256781578064, -0.01418980211019516, -0.010927043855190277, -0.007664285600185394, -0.0044015198945999146, -0.0011387616395950317, 0.002124004065990448, 0.005386762320995331, 0.008649520576000214, 0.011912286281585693, 0.015175044536590576, 0.018437810242176056, 0.02170056849718094, 0.02496332675218582, 0.0282260924577713, 0.031488850712776184, 0.034751616418361664, 0.03801437467336655, 0.04127713292837143, 0.04453989863395691, 0.04780265688896179, 0.051065415143966675, 0.05432818830013275, 0.057590946555137634, 0.06085370481014252, 0.0641164630651474, 0.06737922132015228, 0.07064199447631836, 0.07390475273132324, 0.07716751098632812, 0.08043026924133301, 0.08369302749633789, 0.08695580065250397, 0.09021855890750885, 0.09348131716251373, 0.09674407541751862, 0.1000068336725235, 0.10326960682868958, 0.10653236508369446, 0.10979512333869934, 0.11305788159370422, 0.1163206398487091, 0.11958341300487518, 0.12284617125988007, 0.12610892951488495]}, "params/['params']['layers_0']['linear_layer']['bias']": {"_type": "histogram", "values": [0, 0, 0, 0, 0, 0, 0, 0, 0, 0, 0, 0, 0, 0, 0, 0, 0, 0, 0, 0, 0, 0, 0, 0, 0, 0, 0, 0, 0, 0, 0, 0, 18, 0, 0, 0, 0, 0, 0, 0, 0, 0, 0, 0, 0, 0, 0, 0, 0, 0, 0, 0, 0, 0, 0, 0, 0, 0, 0, 0, 0, 0, 0, 0], "bins": [-0.5, -0.484375, -0.46875, -0.453125, -0.4375, -0.421875, -0.40625, -0.390625, -0.375, -0.359375, -0.34375, -0.328125, -0.3125, -0.296875, -0.28125, -0.265625, -0.25, -0.234375, -0.21875, -0.203125, -0.1875, -0.171875, -0.15625, -0.140625, -0.125, -0.109375, -0.09375, -0.078125, -0.0625, -0.046875, -0.03125, -0.015625, 0.0, 0.015625, 0.03125, 0.046875, 0.0625, 0.078125, 0.09375, 0.109375, 0.125, 0.140625, 0.15625, 0.171875, 0.1875, 0.203125, 0.21875, 0.234375, 0.25, 0.265625, 0.28125, 0.296875, 0.3125, 0.328125, 0.34375, 0.359375, 0.375, 0.390625, 0.40625, 0.421875, 0.4375, 0.453125, 0.46875, 0.484375, 0.5]}, "params/['params']['layers_0']['linear_layer']['kernel']": {"_type": "histogram", "values": [1, 0, 0, 0, 1, 0, 1, 0, 0, 0, 0, 0, 1, 0, 0, 0, 63, 0, 0, 0, 0, 1, 0, 0, 0, 0, 1, 0, 0, 0, 0, 0, 1, 0, 0, 0, 1, 0, 0, 0, 0, 0, 0, 0, 0, 0, 0, 0, 0, 0, 0, 0, 0, 0, 0, 0, 0, 0, 0, 0, 0, 0, 0, 1], "bins": [-0.468145489692688, -0.4402162432670593, -0.41228702664375305, -0.3843577802181244, -0.3564285337924957, -0.32849931716918945, -0.3005700707435608, -0.27264082431793213, -0.24471159279346466, -0.2167823612689972, -0.18885311484336853, -0.16092386841773987, -0.1329946517944336, -0.10506540536880493, -0.07713615894317627, -0.049206942319869995, -0.021277695894241333, 0.006651550531387329, 0.034580767154693604, 0.06251001358032227, 0.09043926000595093, 0.11836850643157959, 0.14629775285720825, 0.17422693967819214, 0.2021561861038208, 0.23008543252944946, 0.2580146789550781, 0.2859439253807068, 0.31387317180633545, 0.34180235862731934, 0.369731605052948, 0.39766085147857666, 0.4255900979042053, 0.453519344329834, 0.48144859075546265, 0.5093778371810913, 0.5373070240020752, 0.5652363300323486, 0.5931655168533325, 0.6210947036743164, 0.6490240097045898, 0.6769531965255737, 0.7048825025558472, 0.732811689376831, 0.7607409954071045, 0.7886701822280884, 0.8165993690490723, 0.8445286750793457, 0.8724578619003296, 0.900387167930603, 0.9283163547515869, 0.9562456607818604, 0.9841748476028442, 1.0121040344238281, 1.0400333404541016, 1.0679625272750854, 1.0958918333053589, 1.1238210201263428, 1.1517502069473267, 1.1796795129776, 1.207608699798584, 1.2355380058288574, 1.2634671926498413, 1.2913964986801147, 1.3193256855010986]}, "params/['params']['layers_1']['linear_layer']['bias']": {"_type": "histogram", "values": [0, 0, 0, 0, 0, 0, 0, 0, 0, 0, 0, 0, 0, 0, 0, 0, 0, 0, 0, 0, 0, 0, 0, 0, 0, 0, 0, 0, 0, 0, 0, 0, 18, 0, 0, 0, 0, 0, 0, 0, 0, 0, 0, 0, 0, 0, 0, 0, 0, 0, 0, 0, 0, 0, 0, 0, 0, 0, 0, 0, 0, 0, 0, 0], "bins": [-0.5, -0.484375, -0.46875, -0.453125, -0.4375, -0.421875, -0.40625, -0.390625, -0.375, -0.359375, -0.34375, -0.328125, -0.3125, -0.296875, -0.28125, -0.265625, -0.25, -0.234375, -0.21875, -0.203125, -0.1875, -0.171875, -0.15625, -0.140625, -0.125, -0.109375, -0.09375, -0.078125, -0.0625, -0.046875, -0.03125, -0.015625, 0.0, 0.015625, 0.03125, 0.046875, 0.0625, 0.078125, 0.09375, 0.109375, 0.125, 0.140625, 0.15625, 0.171875, 0.1875, 0.203125, 0.21875, 0.234375, 0.25, 0.265625, 0.28125, 0.296875, 0.3125, 0.328125, 0.34375, 0.359375, 0.375, 0.390625, 0.40625, 0.421875, 0.4375, 0.453125, 0.46875, 0.484375, 0.5]}, "params/['params']['layers_1']['linear_layer']['kernel']": {"_type": "histogram", "values": [1, 0, 0, 0, 0, 0, 0, 0, 0, 0, 0, 0, 0, 0, 2, 0, 0, 1, 3, 0, 1, 2, 253, 3, 0, 0, 0, 0, 0, 0, 0, 1, 0, 0, 0, 0, 0, 0, 0, 0, 0, 0, 0, 0, 0, 0, 0, 0, 0, 1, 0, 0, 0, 0, 0, 0, 1, 0, 0, 0, 0, 0, 0, 1], "bins": [-0.9060051441192627, -0.8654205203056335, -0.8248358964920044, -0.7842512726783752, -0.7436666488647461, -0.7030820250511169, -0.6624974012374878, -0.6219127774238586, -0.5813281536102295, -0.5407435297966003, -0.5001589059829712, -0.45957428216934204, -0.4189896583557129, -0.37840503454208374, -0.3378204107284546, -0.29723578691482544, -0.2566511631011963, -0.21606653928756714, -0.175481915473938, -0.13489729166030884, -0.09431266784667969, -0.05372804403305054, -0.013143420219421387, 0.027441203594207764, 0.06802582740783691, 0.10861039161682129, 0.14919507503509521, 0.18977975845336914, 0.23036432266235352, 0.2709488868713379, 0.3115335702896118, 0.35211825370788574, 0.3927028179168701, 0.4332873821258545, 0.4738720655441284, 0.5144567489624023, 0.5550413131713867, 0.5956258773803711, 0.636210560798645, 0.676795244216919, 0.7173798084259033, 0.7579643726348877, 0.7985490560531616, 0.8391337394714355, 0.8797183036804199, 0.9203028678894043, 0.9608875513076782, 1.0014722347259521, 1.0420567989349365, 1.082641363143921, 1.1232259273529053, 1.1638107299804688, 1.2043952941894531, 1.2449798583984375, 1.285564661026001, 1.3261492252349854, 1.3667337894439697, 1.407318353652954, 1.4479029178619385, 1.488487720489502, 1.5290722846984863, 1.5696568489074707, 1.6102416515350342, 1.6508262157440186, 1.691410779953003]}, "_wandb": {"runtime": 171}}