{"loss": 0.0001021454154397361, "_timestamp": 1739540595.690477, "_runtime": 148.9768660068512, "_step": 405, "validation_loss": 0.00010162604303332046, "params/['params']['last']['bias']": {"_type": "histogram", "values": [1, 0, 0, 0, 0, 0, 0, 0, 0, 0, 0, 0, 0, 0, 0, 0, 0, 0, 0, 0, 0, 0, 0, 0, 0, 0, 0, 0, 0, 0, 0, 0, 0, 0, 0, 0, 0, 0, 0, 0, 0, 0, 0, 0, 0, 0, 0, 0, 0, 0, 0, 0, 0, 0, 0, 0, 0, 0, 0, 0, 0, 0, 0, 1], "bins": [0.0, 0.012613358907401562, 0.025226717814803123, 0.03784007579088211, 0.05045343562960625, 0.06306679546833038, 0.07568015158176422, 0.08829351514577866, 0.1009068712592125, 0.11352022737264633, 0.12613359093666077, 0.1387469470500946, 0.15136030316352844, 0.16397365927696228, 0.1765870302915573, 0.18920038640499115, 0.201813742518425, 0.21442709863185883, 0.22704045474529266, 0.2396538257598877, 0.25226718187332153, 0.26488053798675537, 0.2774938941001892, 0.29010725021362305, 0.3027206063270569, 0.3153339624404907, 0.32794731855392456, 0.3405607044696808, 0.3531740605831146, 0.36578741669654846, 0.3784007728099823, 0.39101412892341614, 0.40362748503685, 0.4162408411502838, 0.42885419726371765, 0.4414675533771515, 0.4540809094905853, 0.46669426560401917, 0.4793076515197754, 0.49192100763320923, 0.5045343637466431, 0.5171477198600769, 0.5297610759735107, 0.5423744320869446, 0.5549877882003784, 0.5676011443138123, 0.5802145004272461, 0.5928278565406799, 0.6054412126541138, 0.6180545687675476, 0.6306679248809814, 0.6432812809944153, 0.6558946371078491, 0.668507993221283, 0.6811214089393616, 0.6937347650527954, 0.7063481211662292, 0.7189614772796631, 0.7315748333930969, 0.7441881895065308, 0.7568015456199646, 0.7694149017333984, 0.7820282578468323, 0.7946416139602661, 0.8072549700737]}, "params/['params']['last']['kernel']": {"_type": "histogram", "values": [1, 0, 0, 0, 0, 0, 0, 0, 0, 0, 0, 0, 0, 0, 0, 0, 0, 0, 1, 0, 0, 0, 0, 0, 0, 0, 0, 0, 0, 0, 0, 0, 0, 0, 0, 0, 0, 1, 0, 0, 1, 0, 0, 0, 0, 0, 0, 22, 0, 0, 0, 0, 2, 1, 0, 0, 0, 0, 0, 0, 0, 0, 0, 1], "bins": [-0.409394770860672, -0.4008103907108307, -0.392225980758667, -0.3836416006088257, -0.3750572204589844, -0.36647284030914307, -0.35788843035697937, -0.34930405020713806, -0.34071967005729675, -0.33213526010513306, -0.32355087995529175, -0.31496649980545044, -0.30638211965560913, -0.29779770970344543, -0.2892133295536041, -0.2806289494037628, -0.2720445394515991, -0.2634601593017578, -0.2548757791519165, -0.246291384100914, -0.2377070039510727, -0.2291226089000702, -0.22053822875022888, -0.21195383369922638, -0.20336943864822388, -0.19478505849838257, -0.18620066344738007, -0.17761628329753876, -0.16903188824653625, -0.16044750809669495, -0.15186312794685364, -0.14327871799468994, -0.13469433784484863, -0.12610995769500732, -0.11752554774284363, -0.10894116759300232, -0.10035678744316101, -0.0917724072933197, -0.083187997341156, -0.0746036171913147, -0.06601923704147339, -0.05743482708930969, -0.048850446939468384, -0.040266066789627075, -0.03168168663978577, -0.02309727668762207, -0.014512896537780762, -0.005928516387939453, 0.002655893564224243, 0.011240273714065552, 0.01982465386390686, 0.02840903401374817, 0.036993443965911865, 0.045577824115753174, 0.05416220426559448, 0.06274658441543579, 0.07133099436759949, 0.0799153745174408, 0.0884997546672821, 0.09708413481712341, 0.10566851496696472, 0.1142529547214508, 0.12283733487129211, 0.13142171502113342, 0.14000608026981354]}, "params/['params']['layers_0']['linear_layer']['bias']": {"_type": "histogram", "values": [0, 0, 0, 0, 0, 0, 0, 0, 0, 0, 0, 0, 0, 0, 0, 0, 0, 0, 0, 0, 0, 0, 0, 0, 0, 0, 0, 0, 0, 0, 0, 0, 18, 0, 0, 0, 0, 0, 0, 0, 0, 0, 0, 0, 0, 0, 0, 0, 0, 0, 0, 0, 0, 0, 0, 0, 0, 0, 0, 0, 0, 0, 0, 0], "bins": [-0.5, -0.484375, -0.46875, -0.453125, -0.4375, -0.421875, -0.40625, -0.390625, -0.375, -0.359375, -0.34375, -0.328125, -0.3125, -0.296875, -0.28125, -0.265625, -0.25, -0.234375, -0.21875, -0.203125, -0.1875, -0.171875, -0.15625, -0.140625, -0.125, -0.109375, -0.09375, -0.078125, -0.0625, -0.046875, -0.03125, -0.015625, 0.0, 0.015625, 0.03125, 0.046875, 0.0625, 0.078125, 0.09375, 0.109375, 0.125, 0.140625, 0.15625, 0.171875, 0.1875, 0.203125, 0.21875, 0.234375, 0.25, 0.265625, 0.28125, 0.296875, 0.3125, 0.328125, 0.34375, 0.359375, 0.375, 0.390625, 0.40625, 0.421875, 0.4375, 0.453125, 0.46875, 0.484375, 0.5]}, "params/['params']['layers_0']['linear_layer']['kernel']": {"_type": "histogram", "values": [1, 0, 0, 0, 1, 0, 0, 0, 0, 0, 0, 0, 0, 0, 0, 0, 0, 0, 0, 0, 0, 0, 0, 0, 0, 0, 0, 0, 0, 0, 0, 32, 0, 0, 0, 0, 0, 0, 0, 0, 0, 0, 0, 0, 0, 0, 0, 0, 0, 0, 0, 0, 0, 0, 0, 1, 0, 0, 0, 0, 0, 0, 0, 1], "bins": [-0.35893818736076355, -0.3477080464363098, -0.3364779055118561, -0.32524776458740234, -0.3140176236629486, -0.3027874827384949, -0.29155734181404114, -0.2803272008895874, -0.26909705996513367, -0.25786691904067993, -0.2466367781162262, -0.23540663719177246, -0.22417649626731873, -0.212946355342865, -0.20171621441841125, -0.19048607349395752, -0.17925593256950378, -0.16802579164505005, -0.1567956507205963, -0.14556550979614258, -0.13433536887168884, -0.12310522794723511, -0.11187508702278137, -0.10064494609832764, -0.0894148051738739, -0.07818466424942017, -0.06695452332496643, -0.055724382400512695, -0.04449424147605896, -0.033264100551605225, -0.02203395962715149, -0.010803818702697754, 0.00042632222175598145, 0.011656463146209717, 0.022886604070663452, 0.03411674499511719, 0.04534688591957092, 0.05657702684402466, 0.0678071677684784, 0.07903730869293213, 0.09026744961738586, 0.1014975905418396, 0.11272773146629333, 0.12395787239074707, 0.1351880133152008, 0.14641812443733215, 0.15764829516410828, 0.1688784658908844, 0.18010857701301575, 0.1913386881351471, 0.20256885886192322, 0.21379902958869934, 0.2250291407108307, 0.23625925183296204, 0.24748942255973816, 0.2587195932865143, 0.26994970440864563, 0.281179815530777, 0.2924099862575531, 0.3036401569843292, 0.31487026810646057, 0.3261003792285919, 0.33733054995536804, 0.34856072068214417, 0.3597908318042755]}, "params/['params']['layers_1']['linear_layer']['bias']": {"_type": "histogram", "values": [1, 0, 0, 0, 0, 0, 0, 0, 0, 0, 0, 0, 0, 0, 0, 0, 0, 0, 0, 0, 0, 0, 0, 0, 0, 0, 0, 0, 0, 0, 0, 0, 0, 0, 0, 0, 0, 0, 0, 0, 0, 0, 0, 0, 0, 0, 0, 0, 0, 0, 0, 0, 0, 0, 0, 0, 0, 0, 0, 0, 0, 0, 0, 17], "bins": [-0.019491154700517654, -0.019186604768037796, -0.018882056698203087, -0.01857750676572323, -0.01827295683324337, -0.01796840876340866, -0.017663858830928802, -0.017359308898448944, -0.017054760828614235, -0.016750210896134377, -0.016445662826299667, -0.01614111289381981, -0.01583656296133995, -0.015532013960182667, -0.015227464959025383, -0.014922915026545525, -0.01461836602538824, -0.014313817024230957, -0.014009267091751099, -0.013704718090593815, -0.013400169089436531, -0.013095619156956673, -0.012791070155799389, -0.012486521154642105, -0.012181971222162247, -0.011877422221004963, -0.01157287321984768, -0.011268324218690395, -0.010963774286210537, -0.010659225285053253, -0.01035467628389597, -0.010050126351416111, -0.009745577350258827, -0.009441028349101543, -0.009136478416621685, -0.008831929415464401, -0.008527380414307117, -0.008222830481827259, -0.007918281480669975, -0.0076137324795126915, -0.007309183478355408, -0.007004633545875549, -0.0067000845447182655, -0.006395535543560982, -0.006090985611081123, -0.00578643660992384, -0.005481887608766556, -0.005177337676286697, -0.004872788675129414, -0.00456823967397213, -0.004263689741492271, -0.003959140740334988, -0.003654591739177704, -0.0033500418066978455, -0.0030454937368631363, -0.002740943804383278, -0.0024363938719034195, -0.0021318458020687103, -0.001827295869588852, -0.0015227459371089935, -0.0012181978672742844, -0.000913647934794426, -0.0006090980023145676, -0.0003045499324798584, 0.0]}, "params/['params']['layers_1']['linear_layer']['kernel']": {"_type": "histogram",