{"loss": 0.0013774120016023517, "_timestamp": 1739991280.4155982, "_runtime": 172.26349210739136, "_step": 2793, "params/['params']['last']['bias']": {"_type": "histogram", "values": [1, 0, 0, 0, 0, 0, 0, 0, 0, 0, 0, 0, 0, 0, 0, 0, 0, 0, 0, 0, 0, 0, 0, 0, 0, 0, 0, 0, 0, 0, 0, 0, 0, 0, 0, 0, 0, 0, 0, 0, 0, 0, 0, 0, 0, 0, 0, 0, 0, 0, 0, 0, 0, 0, 0, 0, 0, 0, 0, 0, 0, 0, 0, 1], "bins": [0.12292607128620148, 0.13518126308918, 0.1474364697933197, 0.15969166159629822, 0.17194685339927673, 0.18420204520225525, 0.19645723700523376, 0.20871244370937347, 0.220967635512352, 0.2332228273153305, 0.24547803401947021, 0.25773322582244873, 0.26998841762542725, 0.28224360942840576, 0.2944988012313843, 0.3067539930343628, 0.3190091848373413, 0.3312643766403198, 0.34351956844329834, 0.35577479004859924, 0.36802998185157776, 0.38028520345687866, 0.3925403952598572, 0.4047955870628357, 0.4170507788658142, 0.4293059706687927, 0.44156116247177124, 0.45381635427474976, 0.46607154607772827, 0.4783267378807068, 0.4905819296836853, 0.5028371214866638, 0.5150923132896423, 0.5273475050926208, 0.5396026968955994, 0.5518578886985779, 0.5641130805015564, 0.5763683319091797, 0.5886235237121582, 0.6008787155151367, 0.6131339073181152, 0.6253890991210938, 0.6376442909240723, 0.6498994827270508, 0.6621546745300293, 0.6744098663330078, 0.6866650581359863, 0.6989202499389648, 0.7111754417419434, 0.7234306335449219, 0.7356858253479004, 0.7479410171508789, 0.7601962089538574, 0.7724514007568359, 0.7847065925598145, 0.796961784362793, 0.8092170357704163, 0.8214722275733948, 0.8337274193763733, 0.8459826111793518, 0.8582378029823303, 0.8704929947853088, 0.8827481865882874, 0.8950033783912659, 0.9072585701942444]}, "params/['params']['last']['kernel']": {"_type": "histogram", "values": [1, 0, 0, 0, 0, 0, 0, 0, 0, 0, 0, 0, 0, 0, 0, 1, 0, 0, 0, 0, 0, 0, 0, 0, 0, 0, 0, 1, 1, 0, 0, 0, 0, 0, 0, 0, 1, 0, 1, 0, 0, 28, 1, 0, 0, 0, 0, 0, 0, 0, 0, 0, 0, 0, 0, 0, 0, 0, 0, 0, 0, 0, 0, 1], "bins": [-0.24101300537586212, -0.2351810783147812, -0.22934915125370026, -0.22351722419261932, -0.2176852822303772, -0.21185335516929626, -0.20602142810821533, -0.2001895010471344, -0.19435757398605347, -0.18852564692497253, -0.1826937198638916, -0.17686179280281067, -0.17102986574172974, -0.1651979386806488, -0.15936599671840668, -0.15353406965732574, -0.1477021425962448, -0.14187021553516388, -0.13603828847408295, -0.13020634651184082, -0.12437442690134048, -0.11854249984025955, -0.11271056532859802, -0.10687863826751709, -0.10104671120643616, -0.09521478414535522, -0.08938285708427429, -0.08355093002319336, -0.07771898806095123, -0.0718870609998703, -0.06605513393878937, -0.060223206877708435, -0.0543912798166275, -0.04855935275554657, -0.04272742569446564, -0.036895498633384705, -0.031063571572303772, -0.025231629610061646, -0.019399702548980713, -0.01356777548789978, -0.007735848426818848, -0.001903921365737915, 0.003928005695343018, 0.009759947657585144, 0.015591874718666077, 0.02142380177974701, 0.027255728840827942, 0.033087655901908875, 0.03891958296298981, 0.04475151002407074, 0.05058343708515167, 0.056415364146232605, 0.06224729120731354, 0.06807921826839447, 0.0739111453294754, 0.07974307239055634, 0.08557502925395966, 0.09140695631504059, 0.09723888337612152, 0.10307081043720245, 0.10890273749828339, 0.11473466455936432, 0.12056659162044525, 0.12639851868152618, 0.1322304606437683]}, "params/['params']['layers_0']['linear_layer']['bias']": {"_type": "histogram", "values": [0, 0, 0, 0, 0, 0, 0, 0, 0, 0, 0, 0, 0, 0, 0, 0, 0, 0, 0, 0, 0, 0, 0, 0, 0, 0, 0, 0, 0, 0, 0, 0, 22, 0, 0, 0, 0, 0, 0, 0, 0, 0, 0, 0, 0, 0, 0, 0, 0, 0, 0, 0, 0, 0, 0, 0, 0, 0, 0, 0, 0, 0, 0, 0], "bins": [-0.5, -0.484375, -0.46875, -0.453125, -0.4375, -0.421875, -0.40625, -0.390625, -0.375, -0.359375, -0.34375, -0.328125, -0.3125, -0.296875, -0.28125, -0.265625, -0.25, -0.234375, -0.21875, -0.203125, -0.1875, -0.171875, -0.15625, -0.140625, -0.125, -0.109375, -0.09375, -0.078125, -0.0625, -0.046875, -0.03125, -0.015625, 0.0, 0.015625, 0.03125, 0.046875, 0.0625, 0.078125, 0.09375, 0.109375, 0.125, 0.140625, 0.15625, 0.171875, 0.1875, 0.203125, 0.21875, 0.234375, 0.25, 0.265625, 0.28125, 0.296875, 0.3125, 0.328125, 0.34375, 0.359375, 0.375, 0.390625, 0.40625, 0.421875, 0.4375, 0.453125, 0.46875, 0.484375, 0.5]}, "params/['params']['layers_0']['linear_layer']['kernel']": {"_type": "histogram", "values": [1, 0, 0, 0, 0, 1, 0, 1, 1, 0, 0, 1, 0, 1, 0, 0, 0, 0, 0, 0, 2, 0, 0, 1, 4, 40, 4, 0, 0, 1, 1, 0, 0, 1, 0, 0, 0, 1, 0, 1, 0, 0, 1, 0, 0, 1, 0, 0, 0, 0, 0, 0, 0, 0, 1, 0, 0, 0, 0, 0, 0, 0, 0, 1], "bins": [-0.7853544354438782, -0.7543487548828125, -0.723343014717102, -0.6923372745513916, -0.6613315939903259, -0.6303259134292603, -0.5993201732635498, -0.5683144330978394, -0.5373087525367737, -0.506303071975708, -0.47529733180999756, -0.4442916214466095, -0.41328591108322144, -0.3822802007198334, -0.3512744903564453, -0.32026877999305725, -0.2892630696296692, -0.25825732946395874, -0.22725164890289307, -0.1962459683418274, -0.16524022817611694, -0.1342344880104065, -0.10322880744934082, -0.07222312688827515, -0.0412173867225647, -0.010211646556854248, 0.020794034004211426, 0.0517997145652771, 0.08280545473098755, 0.113811194896698, 0.14481687545776367, 0.17582255601882935, 0.2068282961845398, 0.23783403635025024, 0.2688397765159607, 0.2998453974723816, 0.33085113763809204, 0.3618568778038025, 0.3928624987602234, 0.42386823892593384, 0.4548739790916443, 0.48587971925735474, 0.5168854594230652, 0.5478910803794861, 0.5788968205451965, 0.609902560710907, 0.6409081816673279, 0.6719139218330383, 0.7029196619987488, 0.7339254021644592, 0.7649311423301697, 0.7959367632865906, 0.826942503452301, 0.8579482436180115, 0.8889538645744324, 0.9199596047401428, 0.9509653449058533, 0.9819710850715637, 1.012976884841919, 1.0439825057983398, 1.0749881267547607, 1.1059939861297607, 1.1369996070861816, 1.1680052280426025, 1.199010968208313]}, "params/['params']['layers_1']['linear_layer']['bias']": {"_type": "histogram", "values": [0, 0, 0, 0, 0, 0, 0, 0, 0, 0, 0, 0, 0, 0, 0, 0, 0, 0, 0, 0, 0, 0, 0, 0, 0, 0, 0, 0, 0, 0, 0, 0, 22, 0, 0, 0, 0, 0, 0, 0, 0, 0, 0, 0, 0, 0, 0, 0, 0, 0, 0, 0, 0, 0, 0, 0, 0, 0, 0, 0, 0, 0, 0, 0], "bins": [-0.5, -0.484375, -0.46875, -0.453125, -0.4375, -0.421875, -0.40625, -0.390625, -0.375, -0.359375, -0.34375, -0.328125, -0.3125, -0.296875, -0.28125, -0.265625, -0.25, -0.234375, -0.21875, -0.203125, -0.1875, -0.171875, -0.15625, -0.140625, -0.125, -0.109375, -0.09375, -0.078125, -0.0625, -0.046875, -0.03125, -0.015625, 0.0, 0.015625, 0.03125, 0.046875, 0.0625, 0.078125, 0.09375, 0.109375, 0.125, 0.140625, 0.15625, 0.171875, 0.1875, 0.203125, 0.21875, 0.234375, 0.25, 0.265625, 0.28125, 0.296875, 0.3125, 0.328125, 0.34375, 0.359375, 0.375, 0.390625, 0.40625, 0.421875, 0.4375, 0.453125, 0.46875, 0.484375, 0.5]}, "params/['params']['layers_1']['linear_layer']['kernel']": {"_type": "histogram", "values": [1, 0, 0, 2, 0, 0, 0, 0, 0, 1, 1, 0, 1, 1, 2, 0, 1, 2, 3, 1, 3, 1, 4, 1, 2, 1, 2, 2, 1, 4, 6, 9, 319, 3, 3, 2, 5, 0, 0, 1, 2, 0, 0, 0, 0, 1, 0, 2, 0, 1, 1, 1, 0, 0, 0, 0, 1, 0, 0, 0, 0, 0, 0, 2],