{"loss": 1.6559861251153052e-05, "_timestamp": 1739993577.2857788, "_runtime": 160.67973279953003, "_step": 2793, "params/['params']['last']['bias']": {"_type": "histogram", "values": [1, 0, 0, 0, 0, 0, 0, 0, 0, 0, 0, 0, 0, 0, 0, 0, 0, 0, 0, 0, 0, 0, 0, 0, 0, 0, 0, 0, 0, 0, 0, 0, 0, 0, 0, 0, 0, 0, 0, 0, 0, 0, 0, 0, 0, 0, 0, 0, 0, 0, 0, 0, 0, 0, 0, 0, 0, 0, 0, 0, 0, 0, 0, 1], "bins": [0.0, 0.008260263130068779, 0.016520526260137558, 0.024780789390206337, 0.033041052520275116, 0.041301317512989044, 0.049561578780412674, 0.057821840047836304, 0.06608210504055023, 0.07434237003326416, 0.08260263502597809, 0.09086289256811142, 0.09912315756082535, 0.10738342255353928, 0.11564368009567261, 0.12390394508838654, 0.13216421008110046, 0.1404244750738144, 0.14868474006652832, 0.15694500505924225, 0.16520527005195618, 0.1734655201435089, 0.18172578513622284, 0.18998605012893677, 0.1982463151216507, 0.20650658011436462, 0.21476684510707855, 0.22302711009979248, 0.23128736019134521, 0.23954762518405914, 0.24780789017677307, 0.2560681700706482, 0.2643284201622009, 0.27258867025375366, 0.2808489501476288, 0.2891092002391815, 0.29736948013305664, 0.3056297302246094, 0.3138900101184845, 0.32215026021003723, 0.33041054010391235, 0.3386707901954651, 0.3469310402870178, 0.35519132018089294, 0.3634515702724457, 0.3717118501663208, 0.37997210025787354, 0.38823238015174866, 0.3964926302433014, 0.4047528803348541, 0.41301316022872925, 0.421273410320282, 0.4295336902141571, 0.43779394030570984, 0.44605422019958496, 0.4543144702911377, 0.46257472038269043, 0.47083500027656555, 0.4790952503681183, 0.4873555302619934, 0.49561578035354614, 0.5038760304450989, 0.5121363401412964, 0.5203965902328491, 0.5286568403244019]}, "params/['params']['last']['kernel']": {"_type": "histogram", "values": [2, 0, 1, 0, 0, 0, 0, 0, 0, 0, 0, 0, 0, 0, 0, 0, 0, 0, 0, 0, 0, 0, 0, 0, 0, 0, 0, 0, 0, 0, 0, 0, 0, 0, 0, 0, 0, 0, 0, 0, 0, 0, 0, 0, 0, 0, 0, 0, 0, 0, 0, 0, 0, 0, 0, 0, 0, 0, 0, 0, 0, 2, 0, 37], "bins": [-0.27222973108291626, -0.26797613501548767, -0.2637225389480591, -0.2594689726829529, -0.2552153766155243, -0.2509617805480957, -0.2467081993818283, -0.24245460331439972, -0.23820102214813232, -0.23394742608070374, -0.22969383001327515, -0.22544024884700775, -0.22118665277957916, -0.21693307161331177, -0.21267947554588318, -0.2084258794784546, -0.2041722983121872, -0.1999187171459198, -0.1956651210784912, -0.19141152501106262, -0.18715794384479523, -0.18290434777736664, -0.17865076661109924, -0.17439717054367065, -0.17014357447624207, -0.16588999330997467, -0.16163641214370728, -0.1573828160762787, -0.1531292200088501, -0.1488756239414215, -0.1446220427751541, -0.14036846160888672, -0.13611486554145813, -0.13186126947402954, -0.12760768830776215, -0.12335409224033356, -0.11910051107406616, -0.11484691500663757, -0.11059333384037018, -0.10633973777294159, -0.1020861566066742, -0.0978325605392456, -0.09357896447181702, -0.08932538330554962, -0.08507178723812103, -0.08081820607185364, -0.07656461000442505, -0.07231102883815765, -0.06805743277072906, -0.06380383670330048, -0.05955025553703308, -0.05529665946960449, -0.0510430783033371, -0.04678948223590851, -0.04253590106964111, -0.038282305002212524, -0.034028708934783936, -0.02977512776851654, -0.02552153170108795, -0.021267950534820557, -0.017014354467391968, -0.012760758399963379, -0.008507192134857178, -0.004253596067428589, 0.0]}, "params/['params']['layers_0']['linear_layer']['bias']": {"_type": "histogram", "values": [0, 0, 0, 0, 0, 0, 0, 0, 0, 0, 0, 0, 0, 0, 0, 0, 0, 0, 0, 0, 0, 0, 0, 0, 0, 0, 0, 0, 0, 0, 0, 0, 24, 0, 0, 0, 0, 0, 0, 0, 0, 0, 0, 0, 0, 0, 0, 0, 0, 0, 0, 0, 0, 0, 0, 0, 0, 0, 0, 0, 0, 0, 0, 0], "bins": [-0.5, -0.484375, -0.46875, -0.453125, -0.4375, -0.421875, -0.40625, -0.390625, -0.375, -0.359375, -0.34375, -0.328125, -0.3125, -0.296875, -0.28125, -0.265625, -0.25, -0.234375, -0.21875, -0.203125, -0.1875, -0.171875, -0.15625, -0.140625, -0.125, -0.109375, -0.09375, -0.078125, -0.0625, -0.046875, -0.03125, -0.015625, 0.0, 0.015625, 0.03125, 0.046875, 0.0625, 0.078125, 0.09375, 0.109375, 0.125, 0.140625, 0.15625, 0.171875, 0.1875, 0.203125, 0.21875, 0.234375, 0.25, 0.265625, 0.28125, 0.296875, 0.3125, 0.328125, 0.34375, 0.359375, 0.375, 0.390625, 0.40625, 0.421875, 0.4375, 0.453125, 0.46875, 0.484375, 0.5]}, "params/['params']['layers_0']['linear_layer']['kernel']": {"_type": "histogram", "values": [2, 0, 0, 0, 0, 0, 0, 0, 1, 0, 0, 0, 0, 0, 0, 0, 90, 1, 0, 0, 0, 0, 0, 0, 0, 0, 0, 0, 0, 0, 0, 0, 0, 1, 0, 0, 0, 0, 0, 0, 0, 0, 0, 0, 0, 0, 0, 0, 0, 0, 0, 0, 0, 0, 0, 0, 0, 0, 0, 0, 0, 0, 0, 1], "bins": [-0.5910436511039734, -0.5559781193733215, -0.5209126472473145, -0.4858471155166626, -0.4507816433906555, -0.41571611166000366, -0.3806506097316742, -0.3455851078033447, -0.31051960587501526, -0.2754541039466858, -0.24038860201835632, -0.20532310009002686, -0.170257568359375, -0.13519206643104553, -0.10012656450271606, -0.06506109237670898, -0.02999556064605713, 0.0050699710845947266, 0.04013544321060181, 0.07520097494125366, 0.11026644706726074, 0.1453319787979126, 0.18039745092391968, 0.21546298265457153, 0.2505285143852234, 0.28559398651123047, 0.3206595182418823, 0.3557249903678894, 0.39079052209854126, 0.4258560538291931, 0.4609214663505554, 0.4959869980812073, 0.5310525298118591, 0.566118061542511, 0.6011835932731628, 0.6362490057945251, 0.671314537525177, 0.7063800692558289, 0.7414456009864807, 0.776511013507843, 0.8115765452384949, 0.8466420769691467, 0.8817076086997986, 0.9167731404304504, 0.9518385529518127, 0.9869040846824646, 1.0219695568084717, 1.057035207748413, 1.0921006202697754, 1.1271660327911377, 1.162231683731079, 1.1972970962524414, 1.2323627471923828, 1.2674281597137451, 1.3024935722351074, 1.3375592231750488, 1.3726246356964111, 1.4076902866363525, 1.4427556991577148, 1.4778211116790771, 1.5128865242004395, 1.5479521751403809, 1.5830175876617432, 1.6180832386016846, 1.6531487703323364]}, "params/['params']['layers_1']['linear_layer']['bias']": {"_type": "histogram", "values": [0, 0, 0, 0, 0, 0, 0, 0, 0, 0, 0, 0, 0, 0, 0, 0, 0, 0, 0, 0, 0, 0, 0, 0, 0, 0, 0, 0, 0, 0, 0, 0, 24, 0, 0, 0, 0, 0, 0, 0, 0, 0, 0, 0, 0, 0, 0, 0, 0, 0, 0, 0, 0, 0, 0, 0, 0, 0, 0, 0, 0, 0, 0, 0], "bins": [-0.5, -0.484375, -0.46875, -0.453125, -0.4375, -0.421875, -0.40625, -0.390625, -0.375, -0.359375, -0.34375, -0.328125, -0.3125, -0.296875, -0.28125, -0.265625, -0.25, -0.234375, -0.21875, -0.203125, -0.1875, -0.171875, -0.15625, -0.140625, -0.125, -0.109375, -0.09375, -0.078125, -0.0625, -0.046875, -0.03125, -0.015625, 0.0, 0.015625, 0.03125, 0.046875, 0.0625, 0.078125, 0.09375, 0.109375, 0.125, 0.140625, 0.15625, 0.171875, 0.1875, 0.203125, 0.21875, 0.234375, 0.25, 0.265625, 0.28125, 0.296875, 0.3125, 0.328125, 0.34375, 0.359375, 0.375, 0.390625, 0.40625, 0.421875, 0.4375, 0.453125, 0.46875, 0.484375, 0.5]}, "params/['params']['layers_1']['linear_layer']['kernel']": {"_type": "histogram", "values": [3, 0, 0, 0, 0, 0, 0, 0, 0, 0, 0, 0, 0, 0, 1, 1, 0, 0, 0, 1, 0, 0, 0, 0, 1, 1, 1, 1, 0, 1, 1, 0, 4, 485, 0, 0, 0, 0, 0, 0, 0, 0, 0, 0, 0, 0, 1, 0, 0, 0, 0, 0, 0, 1, 0, 0, 0, 0, 0, 0, 0, 0, 0, 1],