{"loss": 0.004282791167497635, "_timestamp": 1739993219.2072775, "_runtime": 145.40924048423767, "_step": 2793, "params/['params']['last']['bias']": {"_type": "histogram", "values": [1, 0, 0, 0, 0, 0, 0, 0, 0, 0, 0, 0, 0, 0, 0, 0, 0, 0, 0, 0, 0, 0, 0, 0, 0, 0, 0, 0, 0, 0, 0, 0, 0, 0, 0, 0, 0, 0, 0, 0, 0, 0, 0, 0, 0, 0, 0, 0, 0, 0, 0, 0, 0, 0, 0, 0, 0, 0, 0, 0, 0, 0, 0, 1], "bins": [0.0, 0.008273174054920673, 0.016546348109841347, 0.024819523096084595, 0.033092696219682693, 0.04136586934328079, 0.04963904619216919, 0.05791221931576729, 0.06618539243936539, 0.07445856928825378, 0.08273173868656158, 0.09100491553544998, 0.09927809238433838, 0.10755126178264618, 0.11582443863153458, 0.12409760802984238, 0.13237078487873077, 0.14064395427703857, 0.14891713857650757, 0.15719030797481537, 0.16546347737312317, 0.17373666167259216, 0.18200983107089996, 0.19028300046920776, 0.19855618476867676, 0.20682935416698456, 0.21510252356529236, 0.22337569296360016, 0.23164887726306915, 0.23992204666137695, 0.24819521605968475, 0.25646838545799255, 0.26474156975746155, 0.27301475405693054, 0.28128790855407715, 0.28956109285354614, 0.29783427715301514, 0.30610743165016174, 0.31438061594963074, 0.32265380024909973, 0.33092695474624634, 0.33920013904571533, 0.3474733233451843, 0.35574647784233093, 0.3640196621417999, 0.3722928464412689, 0.3805660009384155, 0.3888391852378845, 0.3971123695373535, 0.4053855240345001, 0.4136587083339691, 0.4219318628311157, 0.4302050471305847, 0.4384782314300537, 0.4467513859272003, 0.4550245702266693, 0.4632977545261383, 0.4715709090232849, 0.4798440933227539, 0.4881172776222229, 0.4963904321193695, 0.5046636462211609, 0.5129367709159851, 0.5212099552154541, 0.5294831395149231]}, "params/['params']['last']['kernel']": {"_type": "histogram", "values": [1, 0, 0, 0, 0, 0, 0, 0, 0, 0, 0, 0, 0, 0, 0, 0, 0, 0, 0, 0, 0, 0, 0, 0, 0, 0, 0, 0, 0, 0, 0, 0, 0, 0, 0, 0, 0, 0, 0, 28, 0, 0, 0, 0, 0, 0, 0, 0, 0, 0, 0, 0, 0, 0, 0, 0, 0, 0, 0, 0, 0, 0, 0, 1], "bins": [-0.22686511278152466, -0.22104886174201965, -0.21523261070251465, -0.20941635966300964, -0.20360012352466583, -0.19778387248516083, -0.19196762144565582, -0.18615137040615082, -0.180335134267807, -0.174518883228302, -0.168702632188797, -0.162886381149292, -0.157070130109787, -0.15125387907028198, -0.14543762803077698, -0.13962139189243317, -0.13380514085292816, -0.12798888981342316, -0.12217264622449875, -0.11635639518499374, -0.11054015159606934, -0.10472390055656433, -0.09890764951705933, -0.09309139847755432, -0.08727514743804932, -0.0814589112997055, -0.0756426602602005, -0.0698264092206955, -0.06401015818119049, -0.058193907141685486, -0.052377671003341675, -0.04656141996383667, -0.040745168924331665, -0.03492891788482666, -0.029112666845321655, -0.023296430706977844, -0.01748017966747284, -0.011663928627967834, -0.00584767758846283, -3.142654895782471e-05, 0.005784809589385986, 0.011601060628890991, 0.017417311668395996, 0.023233562707901, 0.029049813747406006, 0.03486606478691101, 0.040682315826416016, 0.04649856686592102, 0.052314817905426025, 0.05813103914260864, 0.06394729018211365, 0.06976354122161865, 0.07557979226112366, 0.08139604330062866, 0.08721229434013367, 0.09302854537963867, 0.09884479641914368, 0.10466104745864868, 0.11047729849815369, 0.1162935197353363, 0.12210977077484131, 0.1279260218143463, 0.13374227285385132, 0.13955852389335632, 0.14537476003170013]}, "params/['params']['layers_0']['linear_layer']['bias']": {"_type": "histogram", "values": [0, 0, 0, 0, 0, 0, 0, 0, 0, 0, 0, 0, 0, 0, 0, 0, 0, 0, 0, 0, 0, 0, 0, 0, 0, 0, 0, 0, 0, 0, 0, 0, 18, 0, 0, 0, 0, 0, 0, 0, 0, 0, 0, 0, 0, 0, 0, 0, 0, 0, 0, 0, 0, 0, 0, 0, 0, 0, 0, 0, 0, 0, 0, 0], "bins": [-0.5, -0.484375, -0.46875, -0.453125, -0.4375, -0.421875, -0.40625, -0.390625, -0.375, -0.359375, -0.34375, -0.328125, -0.3125, -0.296875, -0.28125, -0.265625, -0.25, -0.234375, -0.21875, -0.203125, -0.1875, -0.171875, -0.15625, -0.140625, -0.125, -0.109375, -0.09375, -0.078125, -0.0625, -0.046875, -0.03125, -0.015625, 0.0, 0.015625, 0.03125, 0.046875, 0.0625, 0.078125, 0.09375, 0.109375, 0.125, 0.140625, 0.15625, 0.171875, 0.1875, 0.203125, 0.21875, 0.234375, 0.25, 0.265625, 0.28125, 0.296875, 0.3125, 0.328125, 0.34375, 0.359375, 0.375, 0.390625, 0.40625, 0.421875, 0.4375, 0.453125, 0.46875, 0.484375, 0.5]}, "params/['params']['layers_0']['linear_layer']['kernel']": {"_type": "histogram", "values": [1, 0, 0, 1, 0, 0, 0, 65, 0, 0, 0, 0, 0, 0, 0, 1, 0, 0, 0, 0, 0, 0, 1, 0, 0, 0, 0, 0, 0, 0, 0, 0, 0, 0, 0, 0, 0, 0, 0, 1, 0, 0, 0, 1, 0, 0, 0, 0, 0, 0, 0, 0, 0, 0, 0, 0, 0, 0, 0, 0, 0, 0, 0, 1], "bins": [-0.2373722642660141, -0.20544986426830292, -0.17352744936943054, -0.14160504937171936, -0.10968264937400818, -0.077760249376297, -0.04583783447742462, -0.01391543447971344, 0.01800696551799774, 0.04992936551570892, 0.0818517655134201, 0.11377416551113129, 0.14569659531116486, 0.17761899530887604, 0.20954139530658722, 0.2414637953042984, 0.2733861804008484, 0.30530858039855957, 0.33723098039627075, 0.36915338039398193, 0.4010757803916931, 0.4329981803894043, 0.4649205803871155, 0.49684298038482666, 0.5287654399871826, 0.5606878399848938, 0.592610239982605, 0.6245326399803162, 0.6564550399780273, 0.6883774399757385, 0.7202998399734497, 0.7522222399711609, 0.7841446399688721, 0.816067099571228, 0.8479894399642944, 0.8799118995666504, 0.9118342399597168, 0.9437566995620728, 0.9756790399551392, 1.0076014995574951, 1.0395238399505615, 1.0714462995529175, 1.1033686399459839, 1.1352910995483398, 1.1672134399414062, 1.1991358995437622, 1.2310582399368286, 1.2629806995391846, 1.2949031591415405, 1.326825499534607, 1.358747959136963, 1.3906702995300293, 1.4225927591323853, 1.4545150995254517, 1.4864375591278076, 1.518359899520874, 1.55028235912323, 1.5822046995162964, 1.6141271591186523, 1.6460494995117188, 1.6779719591140747, 1.7098942995071411, 1.741816759109497, 1.773739218711853, 1.805661678314209]}, "params/['params']['layers_1']['linear_layer']['bias']": {"_type": "histogram", "values": [0, 0, 0, 0, 0, 0, 0, 0, 0, 0, 0, 0, 0, 0, 0, 0, 0, 0, 0, 0, 0, 0, 0, 0, 0, 0, 0, 0, 0, 0, 0, 0, 18, 0, 0, 0, 0, 0, 0, 0, 0, 0, 0, 0, 0, 0, 0, 0, 0, 0, 0, 0, 0, 0, 0, 0, 0, 0, 0, 0, 0, 0, 0, 0], "bins": [-0.5, -0.484375, -0.46875, -0.453125, -0.4375, -0.421875, -0.40625, -0.390625, -0.375, -0.359375, -0.34375, -0.328125, -0.3125, -0.296875, -0.28125, -0.265625, -0.25, -0.234375, -0.21875, -0.203125, -0.1875, -0.171875, -0.15625, -0.140625, -0.125, -0.109375, -0.09375, -0.078125, -0.0625, -0.046875, -0.03125, -0.015625, 0.0, 0.015625, 0.03125, 0.046875, 0.0625, 0.078125, 0.09375, 0.109375, 0.125, 0.140625, 0.15625, 0.171875, 0.1875, 0.203125, 0.21875, 0.234375, 0.25, 0.265625, 0.28125, 0.296875, 0.3125, 0.328125, 0.34375, 0.359375, 0.375, 0.390625, 0.40625, 0.421875, 0.4375, 0.453125, 0.46875, 0.484375, 0.5]}, "params/['params']['layers_1']['linear_layer']['kernel']": {"_type": "histogram", "values": [1, 0, 0, 0, 0, 0, 0, 0, 0, 0, 0, 0, 0, 0, 0, 0, 0, 0, 1, 0, 0, 0, 0, 0, 0, 0, 0, 0, 0, 0, 0, 0, 0, 0, 0, 0, 0, 1, 0, 0, 1, 0, 1, 0, 0, 256, 0, 2, 0, 0, 0, 0, 0, 0, 0, 2, 0, 2, 0, 1, 1, 0, 0, 1],