{"loss": 0.00010090955038322136, "_timestamp": 1739372648.928895, "_runtime": 171.94689011573792, "_step": 404, "params/['params']['last']['bias']": {"_type": "histogram", "values": [1, 0, 0, 0, 0, 0, 0, 0, 0, 0, 0, 0, 0, 0, 0, 0, 0, 0, 0, 0, 0, 0, 0, 0, 0, 0, 0, 0, 0, 0, 0, 0, 0, 0, 0, 0, 0, 0, 0, 0, 0, 0, 0, 0, 0, 0, 0, 0, 0, 0, 0, 0, 0, 0, 0, 0, 0, 0, 0, 0, 0, 0, 0, 1], "bins": [0.0, 0.008277174085378647, 0.016554348170757294, 0.02483152225613594, 0.03310869634151459, 0.041385870426893234, 0.04966304451227188, 0.05794021859765053, 0.06621739268302917, 0.07449457049369812, 0.08277174085378647, 0.09104891121387482, 0.09932608902454376, 0.10760326683521271, 0.11588043719530106, 0.1241576075553894, 0.13243478536605835, 0.1407119631767273, 0.14898914098739624, 0.157266303896904, 0.16554348170757294, 0.17382065951824188, 0.18209782242774963, 0.19037500023841858, 0.19865217804908752, 0.20692935585975647, 0.21520653367042542, 0.22348369657993317, 0.2317608743906021, 0.24003805220127106, 0.2483152151107788, 0.25659239292144775, 0.2648695707321167, 0.27314674854278564, 0.2814239263534546, 0.28970110416412354, 0.2979782819747925, 0.30625542998313904, 0.314532607793808, 0.32280978560447693, 0.3310869634151459, 0.3393641412258148, 0.34764131903648376, 0.3559184968471527, 0.36419564485549927, 0.3724728226661682, 0.38075000047683716, 0.3890271782875061, 0.39730435609817505, 0.405581533908844, 0.41385871171951294, 0.4221358895301819, 0.43041306734085083, 0.4386902153491974, 0.44696739315986633, 0.4552445709705353, 0.4635217487812042, 0.47179892659187317, 0.4800761044025421, 0.48835328221321106, 0.4966304302215576, 0.5049076080322266, 0.5131847858428955, 0.5214619636535645, 0.5297391414642334]}, "params/['params']['last']['kernel']": {"_type": "histogram", "values": [1, 0, 0, 0, 0, 0, 0, 0, 0, 0, 0, 0, 0, 0, 0, 0, 0, 0, 0, 0, 0, 0, 0, 0, 0, 0, 0, 0, 0, 0, 0, 28, 0, 0, 0, 0, 0, 0, 0, 0, 0, 0, 0, 0, 0, 0, 0, 0, 0, 0, 0, 0, 0, 0, 0, 0, 0, 0, 0, 0, 0, 0, 0, 1], "bins": [-0.2541077435016632, -0.24598537385463715, -0.23786300420761108, -0.22974061965942383, -0.22161825001239777, -0.2134958803653717, -0.20537351071834564, -0.19725114107131958, -0.18912875652313232, -0.18100640177726746, -0.1728840172290802, -0.16476164758205414, -0.15663927793502808, -0.14851689338684082, -0.14039453864097595, -0.1322721540927887, -0.12414978444576263, -0.11602741479873657, -0.10790504515171051, -0.09978266060352325, -0.09166029095649719, -0.08353792130947113, -0.07541555166244507, -0.067293182015419, -0.059170812368392944, -0.05104842782020569, -0.042926058173179626, -0.034803688526153564, -0.026681318879127502, -0.01855894923210144, -0.010436564683914185, -0.0023142099380493164, 0.0058081746101379395, 0.013930559158325195, 0.022052913904190063, 0.03017529845237732, 0.03829765319824219, 0.04642003774642944, 0.0545424222946167, 0.06266477704048157, 0.07078716158866882, 0.07890951633453369, 0.08703190088272095, 0.0951542854309082, 0.10327664017677307, 0.11139902472496033, 0.1195213794708252, 0.12764376401901245, 0.13576611876487732, 0.14388850331306458, 0.15201088786125183, 0.1601332426071167, 0.16825562715530396, 0.17637798190116882, 0.18450036644935608, 0.19262275099754333, 0.2007451057434082, 0.20886749029159546, 0.21698984503746033, 0.22511222958564758, 0.23323461413383484, 0.2413569688796997, 0.24947932362556458, 0.25760170817375183, 0.2657240927219391]}, "params/['params']['layers_0']['linear_layer']['bias']": {"_type": "histogram", "values": [0, 0, 0, 0, 0, 0, 0, 0, 0, 0, 0, 0, 0, 0, 0, 0, 0, 0, 0, 0, 0, 0, 0, 0, 0, 0, 0, 0, 0, 0, 0, 0, 18, 0, 0, 0, 0, 0, 0, 0, 0, 0, 0, 0, 0, 0, 0, 0, 0, 0, 0, 0, 0, 0, 0, 0, 0, 0, 0, 0, 0, 0, 0, 0], "bins": [-0.5, -0.484375, -0.46875, -0.453125, -0.4375, -0.421875, -0.40625, -0.390625, -0.375, -0.359375, -0.34375, -0.328125, -0.3125, -0.296875, -0.28125, -0.265625, -0.25, -0.234375, -0.21875, -0.203125, -0.1875, -0.171875, -0.15625, -0.140625, -0.125, -0.109375, -0.09375, -0.078125, -0.0625, -0.046875, -0.03125, -0.015625, 0.0, 0.015625, 0.03125, 0.046875, 0.0625, 0.078125, 0.09375, 0.109375, 0.125, 0.140625, 0.15625, 0.171875, 0.1875, 0.203125, 0.21875, 0.234375, 0.25, 0.265625, 0.28125, 0.296875, 0.3125, 0.328125, 0.34375, 0.359375, 0.375, 0.390625, 0.40625, 0.421875, 0.4375, 0.453125, 0.46875, 0.484375, 0.5]}, "params/['params']['layers_0']['linear_layer']['kernel']": {"_type": "histogram", "values": [1, 0, 0, 0, 0, 0, 0, 0, 0, 0, 0, 0, 0, 0, 0, 0, 0, 0, 0, 0, 0, 0, 1, 0, 0, 0, 0, 0, 0, 0, 0, 0, 0, 0, 0, 0, 1, 0, 0, 0, 0, 0, 0, 0, 0, 0, 0, 0, 0, 0, 1, 0, 0, 0, 0, 1, 0, 0, 29, 1, 0, 0, 0, 1], "bins": [-1.4555784463882446, -1.4305270910263062, -1.4054758548736572, -1.3804244995117188, -1.3553732633590698, -1.3303219079971313, -1.3052706718444824, -1.280219316482544, -1.255168080329895, -1.2301167249679565, -1.2050654888153076, -1.1800141334533691, -1.1549627780914307, -1.1299115419387817, -1.1048603057861328, -1.0798089504241943, -1.0547575950622559, -1.029706358909607, -1.004655122756958, -0.9796037673950195, -0.9545524716377258, -0.9295011758804321, -0.9044498801231384, -0.8793985843658447, -0.8543472290039062, -0.8292959332466125, -0.8042446374893188, -0.7791933417320251, -0.7541420459747314, -0.7290907502174377, -0.704039454460144, -0.6789881587028503, -0.6539368629455566, -0.6288855671882629, -0.6038342714309692, -0.5787829756736755, -0.5537316799163818, -0.5286803841590881, -0.5036290884017944, -0.47857779264450073, -0.45352649688720703, -0.42847514152526855, -0.40342390537261963, -0.37837255001068115, -0.3533213138580322, -0.32826995849609375, -0.3032187223434448, -0.27816736698150635, -0.25311601161956787, -0.22806477546691895, -0.20301342010498047, -0.17796218395233154, -0.15291082859039307, -0.12785959243774414, -0.10280823707580566, -0.07775700092315674, -0.05270564556121826, -0.027654409408569336, -0.0026030540466308594, 0.022448182106018066, 0.04749953746795654, 0.07255077362060547, 0.09760212898254395, 0.12265336513519287, 0.14770470559597015]}, "params/['params']['layers_1']['linear_layer']['bias']": {"_type": "histogram", "values": [0, 0, 0, 0, 0, 0, 0, 0, 0, 0, 0, 0, 0, 0, 0, 0, 0, 0, 0, 0, 0, 0, 0, 0, 0, 0, 0, 0, 0, 0, 0, 0, 18, 0, 0, 0, 0, 0, 0, 0, 0, 0, 0, 0, 0, 0, 0, 0, 0, 0, 0, 0, 0, 0, 0, 0, 0, 0, 0, 0, 0, 0, 0, 0], "bins": [-0.5, -0.484375, -0.46875, -0.453125, -0.4375, -0.421875, -0.40625, -0.390625, -0.375, -0.359375, -0.34375, -0.328125, -0.3125, -0.296875, -0.28125, -0.265625, -0.25, -0.234375, -0.21875, -0.203125, -0.1875, -0.171875, -0.15625, -0.140625, -0.125, -0.109375, -0.09375, -0.078125, -0.0625, -0.046875, -0.03125, -0.015625, 0.0, 0.015625, 0.03125, 0.046875, 0.0625, 0.078125, 0.09375, 0.109375, 0.125, 0.140625, 0.15625, 0.171875, 0.1875, 0.203125, 0.21875, 0.234375, 0.25, 0.265625, 0.28125, 0.296875, 0.3125, 0.328125, 0.34375, 0.359375, 0.375, 0.390625, 0.40625, 0.421875, 0.4375, 0.453125, 0.46875, 0.484375, 0.5]}, "params/['params']['layers_1']['linear_layer']['kernel']": {"_type": "histogram", "values": [1, 0, 1, 0, 0, 1, 0, 1, 1, 0, 0, 0, 0, 0, 0, 0, 0, 0, 1, 0, 0, 0, 0, 0, 0, 0, 0, 0, 0, 251, 1, 1, 0, 2, 1, 0, 1, 0, 0, 1, 0, 1, 1, 1, 0, 1, 0, 0, 1, 0, 0, 0, 0, 0, 0, 0, 0, 0, 0, 0, 0, 0, 0, 1],