{"loss": 0.004176649730652571, "_timestamp": 1739970449.4302516, "_runtime": 196.43905067443848, "_step": 2793, "params/['params']['last']['bias']": {"_type": "histogram", "values": [1, 0, 0, 0, 0, 0, 0, 0, 0, 0, 0, 0, 0, 0, 0, 0, 0, 0, 0, 0, 0, 0, 0, 0, 0, 0, 0, 0, 0, 0, 0, 0, 0, 0, 0, 0, 0, 0, 0, 0, 0, 0, 0, 0, 0, 0, 0, 0, 0, 0, 0, 0, 0, 0, 0, 0, 0, 0, 0, 0, 0, 0, 0, 1], "bins": [0.0, 0.008337656036019325, 0.01667531207203865, 0.025012968108057976, 0.0333506241440773, 0.04168827831745148, 0.05002593621611595, 0.058363594114780426, 0.0667012482881546, 0.07503890246152878, 0.08337655663490295, 0.09171421825885773, 0.1000518724322319, 0.10838952660560608, 0.11672718822956085, 0.12506483495235443, 0.1334024965763092, 0.14174015820026398, 0.15007780492305756, 0.15841546654701233, 0.1667531132698059, 0.17509077489376068, 0.18342843651771545, 0.19176608324050903, 0.2001037448644638, 0.20844140648841858, 0.21677905321121216, 0.22511671483516693, 0.2334543764591217, 0.24179202318191528, 0.25012966990470886, 0.25846734642982483, 0.2668049931526184, 0.275142639875412, 0.28348031640052795, 0.29181796312332153, 0.3001556098461151, 0.3084932863712311, 0.31683093309402466, 0.32516857981681824, 0.3335062265396118, 0.3418439030647278, 0.35018154978752136, 0.35851919651031494, 0.3668568730354309, 0.3751945197582245, 0.38353216648101807, 0.39186984300613403, 0.4002074897289276, 0.4085451364517212, 0.41688281297683716, 0.42522045969963074, 0.4335581064224243, 0.4418957829475403, 0.45023342967033386, 0.45857107639312744, 0.4669087529182434, 0.475246399641037, 0.48358404636383057, 0.49192169308662415, 0.5002593398094177, 0.5085970163345337, 0.5169346928596497, 0.5252723097801208, 0.5336099863052368]}, "params/['params']['last']['kernel']": {"_type": "histogram", "values": [2, 0, 0, 0, 0, 0, 0, 0, 0, 0, 0, 0, 0, 0, 0, 0, 0, 0, 0, 0, 0, 0, 0, 0, 0, 0, 0, 0, 0, 0, 0, 0, 0, 0, 0, 0, 0, 0, 0, 0, 0, 0, 0, 0, 0, 0, 0, 0, 0, 0, 0, 0, 0, 0, 0, 0, 0, 0, 0, 0, 0, 0, 0, 40], "bins": [-0.2191157341003418, -0.21569204330444336, -0.21226836740970612, -0.20884469151496887, -0.20542100071907043, -0.201997309923172, -0.19857363402843475, -0.1951499581336975, -0.19172626733779907, -0.18830257654190063, -0.1848789006471634, -0.18145522475242615, -0.1780315339565277, -0.17460784316062927, -0.17118416726589203, -0.16776049137115479, -0.16433680057525635, -0.1609131097793579, -0.15748943388462067, -0.15406575798988342, -0.15064206719398499, -0.14721837639808655, -0.1437947005033493, -0.14037102460861206, -0.13694733381271362, -0.13352364301681519, -0.13009996712207794, -0.1266762912273407, -0.12325260043144226, -0.11982891708612442, -0.11640523374080658, -0.11298155039548874, -0.1095578670501709, -0.10613418370485306, -0.10271050035953522, -0.09928681701421738, -0.09586313366889954, -0.0924394428730011, -0.08901576697826385, -0.08559209108352661, -0.08216840028762817, -0.07874470949172974, -0.07532103359699249, -0.07189735770225525, -0.06847366690635681, -0.06504997611045837, -0.06162630021572113, -0.05820262432098389, -0.05477893352508545, -0.05135524272918701, -0.04793156683444977, -0.044507890939712524, -0.04108420014381409, -0.03766050934791565, -0.034236833453178406, -0.030813157558441162, -0.027389466762542725, -0.023965775966644287, -0.020542100071907043, -0.0171184241771698, -0.013694733381271362, -0.010271042585372925, -0.006847366690635681, -0.0034236907958984375, 0.0]}, "params/['params']['layers_0']['linear_layer']['bias']": {"_type": "histogram", "values": [0, 0, 0, 0, 0, 0, 0, 0, 0, 0, 0, 0, 0, 0, 0, 0, 0, 0, 0, 0, 0, 0, 0, 0, 0, 0, 0, 0, 0, 0, 0, 0, 24, 0, 0, 0, 0, 0, 0, 0, 0, 0, 0, 0, 0, 0, 0, 0, 0, 0, 0, 0, 0, 0, 0, 0, 0, 0, 0, 0, 0, 0, 0, 0], "bins": [-0.5, -0.484375, -0.46875, -0.453125, -0.4375, -0.421875, -0.40625, -0.390625, -0.375, -0.359375, -0.34375, -0.328125, -0.3125, -0.296875, -0.28125, -0.265625, -0.25, -0.234375, -0.21875, -0.203125, -0.1875, -0.171875, -0.15625, -0.140625, -0.125, -0.109375, -0.09375, -0.078125, -0.0625, -0.046875, -0.03125, -0.015625, 0.0, 0.015625, 0.03125, 0.046875, 0.0625, 0.078125, 0.09375, 0.109375, 0.125, 0.140625, 0.15625, 0.171875, 0.1875, 0.203125, 0.21875, 0.234375, 0.25, 0.265625, 0.28125, 0.296875, 0.3125, 0.328125, 0.34375, 0.359375, 0.375, 0.390625, 0.40625, 0.421875, 0.4375, 0.453125, 0.46875, 0.484375, 0.5]}, "params/['params']['layers_0']['linear_layer']['kernel']": {"_type": "histogram", "values": [1, 0, 0, 0, 0, 0, 0, 0, 0, 0, 0, 0, 0, 0, 93, 0, 0, 0, 0, 0, 0, 0, 0, 0, 0, 0, 0, 0, 0, 0, 0, 0, 0, 0, 1, 0, 0, 0, 0, 0, 0, 0, 0, 0, 0, 0, 0, 0, 0, 0, 0, 0, 0, 0, 0, 0, 0, 0, 0, 0, 0, 0, 0, 1], "bins": [-0.43839091062545776, -0.408763587474823, -0.37913623452186584, -0.3495089113712311, -0.3198815584182739, -0.29025423526763916, -0.2606269121170044, -0.23099957406520844, -0.20137223601341248, -0.1717449128627777, -0.14211755990982056, -0.11249023675918579, -0.08286291360855103, -0.05323556065559387, -0.023608237504959106, 0.006019115447998047, 0.03564643859863281, 0.06527376174926758, 0.09490108489990234, 0.12452846765518188, 0.15415579080581665, 0.18378311395645142, 0.21341043710708618, 0.24303776025772095, 0.2726650834083557, 0.30229246616363525, 0.33191978931427, 0.3615471124649048, 0.39117443561553955, 0.4208017587661743, 0.45042914152145386, 0.4800564646720886, 0.5096837878227234, 0.5393111109733582, 0.5689384341239929, 0.5985657572746277, 0.6281930804252625, 0.6578204035758972, 0.6874478459358215, 0.7170751690864563, 0.7467024922370911, 0.7763298153877258, 0.8059571385383606, 0.8355844616889954, 0.8652117848396301, 0.8948391079902649, 0.9244664311408997, 0.9540937542915344, 0.9837210774421692, 1.0133485794067383, 1.042975902557373, 1.0726032257080078, 1.1022305488586426, 1.1318578720092773, 1.161485195159912, 1.1911125183105469, 1.2207398414611816, 1.2503671646118164, 1.2799944877624512, 1.309621810913086, 1.3392491340637207, 1.3688764572143555, 1.3985037803649902, 1.428131103515625, 1.4577585458755493]}, "params/['params']['layers_1']['linear_layer']['bias']": {"_type": "histogram", "values": [0, 0, 0, 0, 0, 0, 0, 0, 0, 0, 0, 0, 0, 0, 0, 0, 0, 0, 0, 0, 0, 0, 0, 0, 0, 0, 0, 0, 0, 0, 0, 0, 24, 0, 0, 0, 0, 0, 0, 0, 0, 0, 0, 0, 0, 0, 0, 0, 0, 0, 0, 0, 0, 0, 0, 0, 0, 0, 0, 0, 0, 0, 0, 0], "bins": [-0.5, -0.484375, -0.46875, -0.453125, -0.4375, -0.421875, -0.40625, -0.390625, -0.375, -0.359375, -0.34375, -0.328125, -0.3125, -0.296875, -0.28125, -0.265625, -0.25, -0.234375, -0.21875, -0.203125, -0.1875, -0.171875, -0.15625, -0.140625, -0.125, -0.109375, -0.09375, -0.078125, -0.0625, -0.046875, -0.03125, -0.015625, 0.0, 0.015625, 0.03125, 0.046875, 0.0625, 0.078125, 0.09375, 0.109375, 0.125, 0.140625, 0.15625, 0.171875, 0.1875, 0.203125, 0.21875, 0.234375, 0.25, 0.265625, 0.28125, 0.296875, 0.3125, 0.328125, 0.34375, 0.359375, 0.375, 0.390625, 0.40625, 0.421875, 0.4375, 0.453125, 0.46875, 0.484375, 0.5]}, "params/['params']['layers_1']['linear_layer']['kernel']": {"_type": "histogram", "values": [1, 0, 0, 0, 1, 1, 0, 0, 0, 0, 0, 0, 0, 0, 0, 0, 1, 1, 0, 0, 1, 0, 0, 0, 0, 0, 0, 0, 0, 1, 1, 1, 1, 0, 0, 1, 1, 2, 486, 1, 0, 0, 0, 0, 0, 0, 0, 0, 0, 0, 0, 1, 0, 0, 0, 0, 0, 1, 0, 0, 0, 0, 0, 1],