{"loss": 0.00029190070927143097, "_timestamp": 1739963776.965167, "_runtime": 196.79553413391113, "_step": 2793, "params/['params']['last']['bias']": {"_type": "histogram", "values": [0, 0, 0, 0, 0, 0, 0, 0, 0, 0, 0, 0, 0, 0, 0, 0, 0, 0, 0, 0, 0, 0, 0, 0, 0, 0, 0, 0, 0, 0, 0, 0, 2, 0, 0, 0, 0, 0, 0, 0, 0, 0, 0, 0, 0, 0, 0, 0, 0, 0, 0, 0, 0, 0, 0, 0, 0, 0, 0, 0, 0, 0, 0, 0], "bins": [-0.5, -0.484375, -0.46875, -0.453125, -0.4375, -0.421875, -0.40625, -0.390625, -0.375, -0.359375, -0.34375, -0.328125, -0.3125, -0.296875, -0.28125, -0.265625, -0.25, -0.234375, -0.21875, -0.203125, -0.1875, -0.171875, -0.15625, -0.140625, -0.125, -0.109375, -0.09375, -0.078125, -0.0625, -0.046875, -0.03125, -0.015625, 0.0, 0.015625, 0.03125, 0.046875, 0.0625, 0.078125, 0.09375, 0.109375, 0.125, 0.140625, 0.15625, 0.171875, 0.1875, 0.203125, 0.21875, 0.234375, 0.25, 0.265625, 0.28125, 0.296875, 0.3125, 0.328125, 0.34375, 0.359375, 0.375, 0.390625, 0.40625, 0.421875, 0.4375, 0.453125, 0.46875, 0.484375, 0.5]}, "params/['params']['last']['kernel']": {"_type": "histogram", "values": [2, 0, 0, 0, 0, 0, 0, 0, 0, 0, 0, 0, 0, 0, 0, 0, 0, 0, 0, 0, 0, 0, 0, 0, 0, 0, 0, 0, 0, 0, 0, 0, 0, 0, 0, 0, 0, 0, 0, 0, 0, 30, 0, 0, 0, 0, 0, 0, 0, 0, 0, 0, 0, 0, 0, 0, 0, 0, 0, 0, 0, 1, 1, 2], "bins": [-0.026225658133625984, -0.0255939569324255, -0.024962253868579865, -0.02433055266737938, -0.023698851466178894, -0.02306714840233326, -0.022435447201132774, -0.02180374413728714, -0.021172042936086655, -0.02054034173488617, -0.019908638671040535, -0.01927693746984005, -0.018645234405994415, -0.01801353320479393, -0.017381832003593445, -0.01675013080239296, -0.016118427738547325, -0.015486725606024265, -0.014855023473501205, -0.01422332227230072, -0.01359162013977766, -0.0129599180072546, -0.012328216806054115, -0.011696514673531055, -0.011064812541007996, -0.01043311133980751, -0.009801408275961876, -0.00916970707476139, -0.008538005873560905, -0.007906302809715271, -0.007274601608514786, -0.006642898544669151, -0.006011197343468666, -0.005379496142268181, -0.004747793078422546, -0.004116091877222061, -0.0034843888133764267, -0.0028526876121759415, -0.0022209864109754562, -0.0015892833471298218, -0.0009575821459293365, -0.0003258809447288513, 0.00030582211911678314, 0.0009375233203172684, 0.0015692245215177536, 0.002200927585363388, 0.0028326287865638733, 0.0034643318504095078, 0.004096033051609993, 0.004727734252810478, 0.0053594354540109634, 0.005991140380501747, 0.006622841581702232, 0.007254542782902718, 0.007886243984103203, 0.008517945185303688, 0.009149646386504173, 0.009781351312994957, 0.010413052514195442, 0.011044753715395927, 0.011676454916596413, 0.012308156117796898, 0.012939861044287682, 0.013571562245488167, 0.014203265309333801]}, "params/['params']['layers_0']['linear_layer']['bias']": {"_type": "histogram", "values": [0, 0, 0, 0, 0, 0, 0, 0, 0, 0, 0, 0, 0, 0, 0, 0, 0, 0, 0, 0, 0, 0, 0, 0, 0, 0, 0, 0, 0, 0, 0, 0, 22, 0, 0, 0, 0, 0, 0, 0, 0, 0, 0, 0, 0, 0, 0, 0, 0, 0, 0, 0, 0, 0, 0, 0, 0, 0, 0, 0, 0, 0, 0, 0], "bins": [-0.5, -0.484375, -0.46875, -0.453125, -0.4375, -0.421875, -0.40625, -0.390625, -0.375, -0.359375, -0.34375, -0.328125, -0.3125, -0.296875, -0.28125, -0.265625, -0.25, -0.234375, -0.21875, -0.203125, -0.1875, -0.171875, -0.15625, -0.140625, -0.125, -0.109375, -0.09375, -0.078125, -0.0625, -0.046875, -0.03125, -0.015625, 0.0, 0.015625, 0.03125, 0.046875, 0.0625, 0.078125, 0.09375, 0.109375, 0.125, 0.140625, 0.15625, 0.171875, 0.1875, 0.203125, 0.21875, 0.234375, 0.25, 0.265625, 0.28125, 0.296875, 0.3125, 0.328125, 0.34375, 0.359375, 0.375, 0.390625, 0.40625, 0.421875, 0.4375, 0.453125, 0.46875, 0.484375, 0.5]}, "params/['params']['layers_0']['linear_layer']['kernel']": {"_type": "histogram", "values": [1, 0, 0, 0, 0, 0, 0, 0, 0, 0, 0, 0, 0, 0, 0, 0, 0, 0, 0, 0, 0, 0, 0, 0, 0, 0, 1, 0, 0, 0, 0, 0, 0, 0, 0, 0, 0, 0, 0, 0, 0, 0, 0, 0, 0, 0, 0, 0, 0, 0, 0, 0, 0, 0, 0, 0, 0, 0, 0, 0, 0, 0, 0, 42], "bins": [-0.8375790119171143, -0.8244918584823608, -0.8114046454429626, -0.7983174920082092, -0.7852303385734558, -0.7721431255340576, -0.7590559720993042, -0.7459688186645508, -0.7328816652297974, -0.7197944521903992, -0.7067072987556458, -0.6936200857162476, -0.6805329322814941, -0.6674457788467407, -0.6543586254119873, -0.6412714123725891, -0.6281842589378357, -0.6150971055030823, -0.6020098924636841, -0.5889227390289307, -0.5758355855941772, -0.5627484321594238, -0.5496612191200256, -0.5365740656852722, -0.523486852645874, -0.5103996992111206, -0.4973125457763672, -0.4842253625392914, -0.4711381793022156, -0.45805102586746216, -0.44496384263038635, -0.43187668919563293, -0.41878950595855713, -0.4057023227214813, -0.3926151692867279, -0.3795279860496521, -0.3664408326148987, -0.3533536493778229, -0.34026646614074707, -0.32717931270599365, -0.31409215927124023, -0.30100494623184204, -0.2879177927970886, -0.2748306393623352, -0.261743426322937, -0.2486562728881836, -0.23556911945343018, -0.22248190641403198, -0.20939475297927856, -0.19630759954452515, -0.18322038650512695, -0.17013323307037354, -0.15704607963562012, -0.14395886659622192, -0.1308717131614685, -0.11778455972671509, -0.1046973466873169, -0.09161019325256348, -0.07852303981781006, -0.06543588638305664, -0.05234867334365845, -0.03926151990890503, -0.02617436647415161, -0.013087153434753418, 0.0]}, "params/['params']['layers_1']['linear_layer']['bias']": {"_type": "histogram", "values": [0, 0, 0, 0, 0, 0, 0, 0, 0, 0, 0, 0, 0, 0, 0, 0, 0, 0, 0, 0, 0, 0, 0, 0, 0, 0, 0, 0, 0, 0, 0, 0, 22, 0, 0, 0, 0, 0, 0, 0, 0, 0, 0, 0, 0, 0, 0, 0, 0, 0, 0, 0, 0, 0, 0, 0, 0, 0, 0, 0, 0, 0, 0, 0], "bins": [-0.5, -0.484375, -0.46875, -0.453125, -0.4375, -0.421875, -0.40625, -0.390625, -0.375, -0.359375, -0.34375, -0.328125, -0.3125, -0.296875, -0.28125, -0.265625, -0.25, -0.234375, -0.21875, -0.203125, -0.1875, -0.171875, -0.15625, -0.140625, -0.125, -0.109375, -0.09375, -0.078125, -0.0625, -0.046875, -0.03125, -0.015625, 0.0, 0.015625, 0.03125, 0.046875, 0.0625, 0.078125, 0.09375, 0.109375, 0.125, 0.140625, 0.15625, 0.171875, 0.1875, 0.203125, 0.21875, 0.234375, 0.25, 0.265625, 0.28125, 0.296875, 0.3125, 0.328125, 0.34375, 0.359375, 0.375, 0.390625, 0.40625, 0.421875, 0.4375, 0.453125, 0.46875, 0.484375, 0.5]}, "params/['params']['layers_1']['linear_layer']['kernel']": {"_type": "histogram", "values": [1, 0, 0, 0, 0, 0, 0, 0, 0, 0, 0, 0, 0, 0, 0, 0, 0, 0, 0, 0, 0, 0, 0, 392, 0, 0, 0, 0, 0, 0, 0, 0, 0, 0, 0, 0, 0, 0, 0, 0, 0, 0, 0, 0, 0, 0, 0, 1, 0, 0, 0, 0, 0, 0, 0, 0, 0, 0, 0, 0, 0, 0, 0, 2], "bins": [-2.207204818725586, -2.1141157150268555, -2.021026611328125, -1.927937626838684, -1.8348485231399536, -1.7417594194412231, -1.6486704349517822, -1.5555813312530518, -1.4624922275543213, -1.3694031238555908, -1.2763140201568604, -1.1832250356674194, -1.090135931968689, -0.9970468282699585, -0.9039578437805176, -0.8108687400817871, -0.7177796363830566, -0.6246905326843262, -0.5316014289855957, -0.4385124444961548, -0.3454233407974243, -0.25233423709869385, -0.15924525260925293, -0.06615614891052246, 0.026932954788208008, 0.12002205848693848, 0.21311116218566895, 0.3062002658843994, 0.3992891311645508, 0.49237823486328125, 0.5854673385620117, 0.6785564422607422, 0.7716455459594727, 0.8647346496582031, 0.9578237533569336, 1.050912857055664, 1.1440019607543945, 1.237090826034546, 1.3301799297332764, 1.4232690334320068, 1.5163581371307373, 1.6094472408294678, 1.7025363445281982, 1.7956252098083496, 1.88871431350708, 1.9818034172058105, 2.074892520904541, 2.1679816246032715, 2.261070728302002, 2.3541598320007324, 2.447248935699463, 2.5403380393981934, 2.633427143096924, 2.7265162467956543, 2.8196053504943848, 2.9126944541931152, 3.0057830810546875, 3.098872184753418, 3.1919612884521484, 3.285050392150879, 3.3781394958496094, 3.47122859954834, 3.5643177032470703, 3.657406806945801, 3.750495672225952]}, "validation_loss": 0.00028638661024160683, "_wandb": {"runtime": 197}}