{"loss": 0.004176649730652571, "_timestamp": 1739554816.6066225, "_runtime": 200.4313554763794, "_step": 405, "validation_loss": 0.004054410383105278, "params/['params']['last']['bias']": {"_type": "histogram", "values": [1, 0, 0, 0, 0, 0, 0, 0, 0, 0, 0, 0, 0, 0, 0, 0, 0, 0, 0, 0, 0, 0, 0, 0, 0, 0, 0, 0, 0, 0, 0, 0, 0, 0, 0, 0, 0, 0, 0, 0, 0, 0, 0, 0, 0, 0, 0, 0, 0, 0, 0, 0, 0, 0, 0, 0, 0, 0, 0, 0, 0, 0, 0, 1], "bins": [0.0, 0.008337062783539295, 0.01667412556707859, 0.02501118928194046, 0.03334825113415718, 0.0416853129863739, 0.05002237856388092, 0.05835944041609764, 0.06669650226831436, 0.07503356784582138, 0.0833706259727478, 0.09170769155025482, 0.10004475712776184, 0.10838181525468826, 0.11671888083219528, 0.1250559389591217, 0.13339300453662872, 0.14173007011413574, 0.15006713569164276, 0.1584041863679886, 0.1667412519454956, 0.17507831752300262, 0.18341538310050964, 0.19175244867801666, 0.20008951425552368, 0.2084265649318695, 0.21676363050937653, 0.22510069608688354, 0.23343776166439056, 0.24177482724189758, 0.2501118779182434, 0.2584489583969116, 0.26678600907325745, 0.27512305974960327, 0.2834601402282715, 0.2917971909046173, 0.3001342713832855, 0.30847132205963135, 0.3168083727359772, 0.3251454532146454, 0.3334825038909912, 0.3418195843696594, 0.35015663504600525, 0.3584936857223511, 0.3668307662010193, 0.3751678168773651, 0.3835048973560333, 0.39184194803237915, 0.40017902851104736, 0.4085160791873932, 0.416853129863739, 0.4251902103424072, 0.43352726101875305, 0.44186434149742126, 0.4502013921737671, 0.4585384428501129, 0.46687552332878113, 0.47521257400512695, 0.48354965448379517, 0.491886705160141, 0.5002237558364868, 0.508560836315155, 0.5168979167938232, 0.5252349376678467, 0.5335720181465149]}, "params/['params']['last']['kernel']": {"_type": "histogram", "values": [2, 0, 0, 0, 0, 0, 0, 0, 0, 0, 0, 0, 0, 0, 0, 0, 0, 0, 0, 0, 0, 0, 0, 0, 0, 0, 0, 0, 0, 0, 0, 0, 0, 0, 0, 0, 0, 0, 0, 0, 0, 0, 0, 0, 0, 0, 0, 0, 0, 0, 0, 0, 0, 0, 0, 0, 0, 0, 0, 0, 0, 0, 0, 40], "bins": [-0.2197204828262329, -0.21628734469413757, -0.21285422146320343, -0.2094210833311081, -0.20598796010017395, -0.2025548219680786, -0.19912168383598328, -0.19568856060504913, -0.1922554224729538, -0.18882228434085846, -0.18538916110992432, -0.18195602297782898, -0.17852288484573364, -0.1750897616147995, -0.17165662348270416, -0.16822350025177002, -0.16479036211967468, -0.16135722398757935, -0.1579241007566452, -0.15449096262454987, -0.15105783939361572, -0.14762470126152039, -0.14419156312942505, -0.1407584249973297, -0.13732530176639557, -0.13389217853546143, -0.1304590404033661, -0.12702590227127075, -0.12359277158975601, -0.12015964090824127, -0.11672650277614594, -0.1132933720946312, -0.10986024141311646, -0.10642711073160172, -0.10299398005008698, -0.09956084191799164, -0.0961277112364769, -0.09269458055496216, -0.08926144242286682, -0.08582831919193268, -0.08239518105983734, -0.078962042927742, -0.07552891969680786, -0.07209578156471252, -0.06866264343261719, -0.06522952020168304, -0.06179638206958771, -0.058363258838653564, -0.05493012070655823, -0.05149698257446289, -0.04806385934352875, -0.04463072121143341, -0.04119759798049927, -0.03776445984840393, -0.034331321716308594, -0.03089819848537445, -0.027465060353279114, -0.024031922221183777, -0.020598798990249634, -0.017165660858154297, -0.01373252272605896, -0.010299399495124817, -0.00686626136302948, -0.003433138132095337, 0.0]}, "params/['params']['layers_0']['linear_layer']['bias']": {"_type": "histogram", "values": [0, 0, 0, 0, 0, 0, 0, 0, 0, 0, 0, 0, 0, 0, 0, 0, 0, 0, 0, 0, 0, 0, 0, 0, 0, 0, 0, 0, 0, 0, 0, 0, 24, 0, 0, 0, 0, 0, 0, 0, 0, 0, 0, 0, 0, 0, 0, 0, 0, 0, 0, 0, 0, 0, 0, 0, 0, 0, 0, 0, 0, 0, 0, 0], "bins": [-0.5, -0.484375, -0.46875, -0.453125, -0.4375, -0.421875, -0.40625, -0.390625, -0.375, -0.359375, -0.34375, -0.328125, -0.3125, -0.296875, -0.28125, -0.265625, -0.25, -0.234375, -0.21875, -0.203125, -0.1875, -0.171875, -0.15625, -0.140625, -0.125, -0.109375, -0.09375, -0.078125, -0.0625, -0.046875, -0.03125, -0.015625, 0.0, 0.015625, 0.03125, 0.046875, 0.0625, 0.078125, 0.09375, 0.109375, 0.125, 0.140625, 0.15625, 0.171875, 0.1875, 0.203125, 0.21875, 0.234375, 0.25, 0.265625, 0.28125, 0.296875, 0.3125, 0.328125, 0.34375, 0.359375, 0.375, 0.390625, 0.40625, 0.421875, 0.4375, 0.453125, 0.46875, 0.484375, 0.5]}, "params/['params']['layers_0']['linear_layer']['kernel']": {"_type": "histogram", "values": [1, 0, 0, 0, 0, 0, 0, 0, 0, 0, 0, 0, 0, 0, 93, 0, 0, 0, 0, 0, 0, 0, 0, 0, 0, 0, 0, 0, 0, 0, 0, 0, 0, 0, 1, 0, 0, 0, 0, 0, 0, 0, 0, 0, 0, 0, 0, 0, 0, 0, 0, 0, 0, 0, 0, 0, 0, 0, 0, 0, 0, 0, 0, 1], "bins": [-0.4369678795337677, -0.40736275911331177, -0.3777576684951782, -0.3481525778770447, -0.31854745745658875, -0.2889423370361328, -0.25933724641799927, -0.22973214089870453, -0.2001270353794098, -0.17052194476127625, -0.1409168243408203, -0.11131170392036438, -0.08170661330223083, -0.05210152268409729, -0.022496402263641357, 0.007108718156814575, 0.03671380877494812, 0.06631889939308167, 0.09592399001121521, 0.12552914023399353, 0.15513423085212708, 0.18473932147026062, 0.21434447169303894, 0.24394956231117249, 0.27355465292930603, 0.3031597435474396, 0.3327648341655731, 0.36236998438835144, 0.391975075006485, 0.42158016562461853, 0.45118531584739685, 0.4807904064655304, 0.5103955268859863, 0.5400005578994751, 0.5696057081222534, 0.5992108583450317, 0.6288158893585205, 0.6584210395812988, 0.6880261898040771, 0.7176312208175659, 0.7472363710403442, 0.7768415212631226, 0.8064465522766113, 0.8360517024993896, 0.865656852722168, 0.8952618837356567, 0.9248670339584351, 0.9544720649719238, 0.9840772151947021, 1.0136823654174805, 1.0432873964309692, 1.0728925466537476, 1.1024975776672363, 1.1321027278900146, 1.161707878112793, 1.1913129091262817, 1.22091805934906, 1.2505232095718384, 1.2801282405853271, 1.3097333908081055, 1.3393385410308838, 1.3689435720443726, 1.3985487222671509, 1.4281537532806396, 1.457758903503418]}, "params/['params']['layers_1']['linear_layer']['bias']": {"_type": "histogram", "values": [0, 0, 0, 0, 0, 0, 0, 0, 0, 0, 0, 0, 0, 0, 0, 0, 0, 0, 0, 0, 0, 0, 0, 0, 0, 0, 0, 0, 0, 0, 0, 0, 24, 0, 0, 0, 0, 0, 0, 0, 0, 0, 0, 0, 0, 0, 0, 0, 0, 0, 0, 0, 0, 0, 0, 0, 0, 0, 0, 0, 0, 0, 0, 0], "bins": [-0.5, -0.484375, -0.46875, -0.453125, -0.4375, -0.421875, -0.40625, -0.390625, -0.375, -0.359375, -0.34375, -0.328125, -0.3125, -0.296875, -0.28125, -0.265625, -0.25, -0.234375, -0.21875, -0.203125, -0.1875, -0.171875, -0.15625, -0.140625, -0.125, -0.109375, -0.09375, -0.078125, -0.0625, -0.046875, -0.03125, -0.015625, 0.0, 0.015625, 0.03125, 0.046875, 0.0625, 0.078125, 0.09375, 0.109375, 0.125, 0.140625, 0.15625, 0.171875, 0.1875, 0.203125, 0.21875, 0.234375, 0.25, 0.265625, 0.28125, 0.296875, 0.3125, 0.328125, 0.34375, 0.359375, 0.375, 0.390625, 0.40625, 0.421875, 0.4375, 0.453125, 0.46875, 0.484375, 0.5]}, "params/['params']['layers_1']['linear_layer']['kernel']": {"_type": "histogram", "values": [1, 0, 0, 0, 1, 1, 0, 0, 0, 0, 0, 0, 0, 0, 0, 0, 1, 1, 0, 0, 1, 0, 0, 0, 0, 0, 0, 0, 0, 1, 1, 1, 1, 0, 0, 1, 1, 2, 486, 1, 0, 0, 0, 0, 0, 0, 0, 0, 0, 0, 0, 1, 0, 0, 0, 0, 0, 1, 0, 0, 0, 0, 0, 1],