{"loss": 0.00122913031373173, "_timestamp": 1739303646.605328, "_runtime": 205.64679312705994, "_step": 27, "params/['params']['last']['bias']": {"_type": "histogram", "values": [1, 0, 0, 0, 0, 0, 0, 0, 0, 0, 0, 0, 0, 0, 0, 0, 0, 0, 0, 0, 0, 0, 0, 0, 0, 0, 0, 0, 0, 0, 0, 0, 0, 0, 0, 0, 0, 0, 0, 0, 0, 0, 0, 0, 0, 0, 0, 0, 0, 0, 0, 0, 0, 0, 0, 0, 0, 0, 0, 0, 0, 0, 0, 1], "bins": [0.8790825009346008, 0.8810681700706482, 0.8830538988113403, 0.8850395679473877, 0.8870252966880798, 0.8890109658241272, 0.8909966945648193, 0.8929823637008667, 0.8949680924415588, 0.8969537615776062, 0.8989394903182983, 0.9009251594543457, 0.9029108881950378, 0.9048965573310852, 0.9068822860717773, 0.9088679552078247, 0.9108536839485168, 0.9128393530845642, 0.9148250818252563, 0.9168107509613037, 0.9187964797019958, 0.9207821488380432, 0.9227678775787354, 0.9247535467147827, 0.9267392754554749, 0.9287249445915222, 0.9307106733322144, 0.9326963424682617, 0.9346820712089539, 0.9366677403450012, 0.9386534690856934, 0.9406391382217407, 0.9426248073577881, 0.9446105360984802, 0.9465962648391724, 0.9485819339752197, 0.9505676031112671, 0.9525533318519592, 0.9545390009880066, 0.9565247297286987, 0.9585103988647461, 0.9604961276054382, 0.9624817967414856, 0.9644675254821777, 0.9664531946182251, 0.9684389233589172, 0.9704245924949646, 0.9724103212356567, 0.9743959903717041, 0.9763817191123962, 0.9783673882484436, 0.9803531169891357, 0.9823387861251831, 0.9843245148658752, 0.9863101840019226, 0.9882959127426147, 0.9902815818786621, 0.9922673106193542, 0.9942529797554016, 0.9962387084960938, 0.9982243776321411, 1.0002100467681885, 1.0021958351135254, 1.0041815042495728, 1.0061671733856201]}, "params/['params']['last']['kernel']": {"_type": "histogram", "values": [1, 0, 0, 0, 0, 0, 0, 0, 0, 0, 0, 0, 0, 0, 0, 0, 0, 0, 1, 1, 2, 0, 2, 0, 0, 0, 0, 0, 0, 0, 0, 9, 6, 0, 0, 0, 1, 0, 0, 1, 2, 0, 0, 0, 0, 1, 0, 0, 0, 0, 0, 1, 0, 0, 0, 0, 0, 0, 0, 0, 0, 0, 0, 2], "bins": [-0.31486982107162476, -0.3049907684326172, -0.29511168599128723, -0.28523263335227966, -0.2753535807132721, -0.26547449827194214, -0.25559544563293457, -0.2457163780927658, -0.23583731055259705, -0.22595825791358948, -0.21607919037342072, -0.20620012283325195, -0.19632107019424438, -0.18644200265407562, -0.17656293511390686, -0.1666838824748993, -0.15680481493473053, -0.14692574739456177, -0.1370466947555542, -0.12716762721538544, -0.11728855967521667, -0.1074095070362091, -0.09753043949604034, -0.08765137195587158, -0.07777231931686401, -0.06789325177669525, -0.05801418423652649, -0.04813513159751892, -0.038256049156188965, -0.028376996517181396, -0.018497943878173828, -0.008618861436843872, 0.0012601912021636963, 0.011139243841171265, 0.02101832628250122, 0.03089737892150879, 0.04077643156051636, 0.050655514001846313, 0.06053456664085388, 0.07041361927986145, 0.0802927017211914, 0.09017175436019897, 0.10005080699920654, 0.1099298894405365, 0.11980894207954407, 0.12968799471855164, 0.1395670771598816, 0.14944612979888916, 0.15932518243789673, 0.16920426487922668, 0.17908331751823425, 0.1889623999595642, 0.19884145259857178, 0.20872050523757935, 0.21859955787658691, 0.22847861051559448, 0.23835772275924683, 0.2482367753982544, 0.25811582803726196, 0.26799488067626953, 0.2778739333152771, 0.28775298595428467, 0.297632098197937, 0.3075111508369446, 0.31739020347595215]}, "params/['params']['layers_0']['linear_layer']['bias']": {"_type": "histogram", "values": [1, 1, 0, 0, 0, 1, 0, 0, 0, 0, 0, 0, 0, 0, 0, 2, 0, 1, 0, 1, 0, 1, 0, 1, 0, 0, 0, 0, 0, 0, 0, 0, 0, 2, 0, 0, 0, 0, 0, 0, 0, 0, 0, 0, 1, 0, 0, 0, 0, 0, 0, 0, 1, 0, 0, 1, 1, 0, 0, 0, 1, 0, 0, 2], "bins": [-0.3291541635990143, -0.31934812664985657, -0.30954211950302124, -0.2997360825538635, -0.2899300456047058, -0.2801240086555481, -0.27031800150871277, -0.26051196455955505, -0.25070592761039734, -0.24089990556240082, -0.2310938835144043, -0.22128784656524658, -0.21148182451725006, -0.20167578756809235, -0.19186976552009583, -0.1820637285709381, -0.1722577065229416, -0.16245168447494507, -0.15264564752578735, -0.14283962547779083, -0.13303358852863312, -0.1232275664806366, -0.11342152953147888, -0.10361550748348236, -0.09380948543548584, -0.08400344848632812, -0.07419741153717041, -0.06439140439033508, -0.05458536744117737, -0.04477933049201965, -0.03497329354286194, -0.02516728639602661, -0.015361249446868896, -0.005555212497711182, 0.0042507946491241455, 0.01405683159828186, 0.023862868547439575, 0.03366890549659729, 0.04347491264343262, 0.05328094959259033, 0.06308698654174805, 0.07289299368858337, 0.08269903063774109, 0.0925050675868988, 0.10231110453605652, 0.11211711168289185, 0.12192314863204956, 0.13172918558120728, 0.1415351927280426, 0.15134122967720032, 0.16114726662635803, 0.17095330357551575, 0.18075934052467346, 0.19056537747383118, 0.20037135481834412, 0.21017739176750183, 0.21998342871665955, 0.22978946566581726, 0.23959550261497498, 0.2494015395641327, 0.2592075765132904, 0.26901355385780334, 0.27881959080696106, 0.2886256277561188, 0.2984316647052765]}, "params/['params']['layers_0']['linear_layer']['kernel']": {"_type": "histogram", "values": [1, 0, 1, 0, 1, 1, 1, 0, 0, 0, 1, 1, 0, 0, 1, 0, 2, 0, 0, 0, 0, 0, 0, 0, 1, 0, 0, 0, 1, 0, 2, 1, 2, 0, 2, 0, 1, 0, 3, 0, 2, 3, 2, 0, 1, 0, 0, 0, 2, 0, 1, 0, 0, 0, 0, 0, 1, 0, 0, 0, 0, 0, 0, 1], "bins": [-1.1530247926712036, -1.1092116832733154, -1.0653986930847168, -1.0215855836868286, -0.97777259349823, -0.9339594841003418, -0.8901464343070984, -0.846333384513855, -0.8025203347206116, -0.7587072849273682, -0.7148942351341248, -0.6710811853408813, -0.6272680759429932, -0.5834550261497498, -0.5396419763565063, -0.49582892656326294, -0.45201587677001953, -0.4082028269767761, -0.3643897771835327, -0.3205767273902893, -0.2767636775970459, -0.23295056819915771, -0.1891375184059143, -0.1453244686126709, -0.10151135921478271, -0.05769836902618408, -0.013885259628295898, 0.029927730560302734, 0.07374083995819092, 0.11755383014678955, 0.16136693954467773, 0.20517992973327637, 0.24899303913116455, 0.29280614852905273, 0.33661913871765137, 0.38043224811553955, 0.4242452383041382, 0.46805834770202637, 0.511871337890625, 0.5556844472885132, 0.5994974374771118, 0.643310546875, 0.6871236562728882, 0.7309366464614868, 0.774749755859375, 0.8185627460479736, 0.8623758554458618, 0.9061888456344604, 0.9500020742416382, 0.9938150644302368, 1.0376280546188354, 1.081441044807434, 1.1252542734146118, 1.1690672636032104, 1.212880253791809, 1.2566932439804077, 1.3005064725875854, 1.344319462776184, 1.3881324529647827, 1.4319456815719604, 1.475758671760559, 1.5195716619491577, 1.5633846521377563, 1.607197880744934, 1.6510108709335327]}, "params/['params']['layers_1']['linear_layer']['bias']": {"_type": "histogram", "values": [1, 0, 0, 0, 0, 0, 0, 0, 0, 0, 0, 0, 0, 0, 0, 0, 0, 0, 0, 1, 0, 1, 0, 1, 3, 0, 0, 0, 0, 0, 0, 0, 1, 0, 0, 0, 0, 0, 0, 1, 0, 0, 0, 2, 0, 0, 2, 1, 0, 0, 0, 0, 0, 0, 0, 0, 0, 0, 0, 0, 2, 0, 1, 1],