{"loss": 0.004292741883546114, "_timestamp": 1739521789.9315467, "_runtime": 185.83877062797546, "_step": 404, "params/['params']['last']['bias']": {"_type": "histogram", "values": [1, 0, 0, 0, 0, 0, 0, 0, 0, 0, 0, 0, 0, 0, 0, 0, 0, 0, 0, 0, 0, 0, 0, 0, 0, 0, 0, 0, 0, 0, 0, 0, 0, 0, 0, 0, 0, 0, 0, 0, 0, 0, 0, 0, 0, 0, 0, 0, 0, 0, 0, 0, 0, 0, 0, 0, 0, 0, 0, 0, 0, 0, 0, 1], "bins": [0.0, 0.008319703862071037, 0.016639407724142075, 0.024959111586213112, 0.03327881544828415, 0.041598521173000336, 0.049918223172426224, 0.05823792517185211, 0.0665576308965683, 0.07487733662128448, 0.08319704234600067, 0.09151674062013626, 0.09983644634485245, 0.10815615206956863, 0.11647585034370422, 0.12479555606842041, 0.1331152617931366, 0.14143496751785278, 0.14975467324256897, 0.15807437896728516, 0.16639408469200134, 0.17471377551555634, 0.18303348124027252, 0.1913531869649887, 0.1996728926897049, 0.20799259841442108, 0.21631230413913727, 0.22463200986385345, 0.23295170068740845, 0.24127140641212463, 0.24959111213684082, 0.257910817861557, 0.2662305235862732, 0.2745502293109894, 0.28286993503570557, 0.29118964076042175, 0.29950934648513794, 0.3078290522098541, 0.3161487579345703, 0.3244684636592865, 0.3327881693840027, 0.3411078453063965, 0.34942755103111267, 0.35774725675582886, 0.36606696248054504, 0.37438666820526123, 0.3827063739299774, 0.3910260796546936, 0.3993457853794098, 0.407665491104126, 0.41598519682884216, 0.42430490255355835, 0.43262460827827454, 0.4409443140029907, 0.4492640197277069, 0.4575837254524231, 0.4659034013748169, 0.4742231070995331, 0.48254281282424927, 0.49086251854896545, 0.49918222427368164, 0.5075019598007202, 0.515821635723114, 0.5241413712501526, 0.5324610471725464]}, "params/['params']['last']['kernel']": {"_type": "histogram", "values": [1, 0, 0, 0, 0, 0, 0, 0, 0, 0, 0, 0, 0, 0, 0, 0, 0, 0, 0, 0, 0, 0, 0, 0, 0, 0, 0, 0, 0, 0, 0, 0, 0, 0, 0, 0, 0, 0, 0, 0, 0, 0, 0, 0, 0, 0, 0, 0, 0, 0, 0, 0, 0, 0, 0, 0, 0, 0, 0, 0, 0, 0, 0, 35], "bins": [-0.481545627117157, -0.47402146458625793, -0.4664973318576813, -0.4589731693267822, -0.45144903659820557, -0.4439248740673065, -0.43640071153640747, -0.4288765788078308, -0.42135241627693176, -0.4138282835483551, -0.40630412101745605, -0.3987799882888794, -0.39125582575798035, -0.3837316632270813, -0.37620753049850464, -0.3686833679676056, -0.36115920543670654, -0.3536350727081299, -0.3461109399795532, -0.3385867476463318, -0.3310626149177551, -0.32353848218917847, -0.3160143196582794, -0.30849015712738037, -0.3009660243988037, -0.29344186186790466, -0.2859176993370056, -0.27839356660842896, -0.2708694338798523, -0.26334527134895325, -0.2558211088180542, -0.24829696118831635, -0.2407728135585785, -0.23324866592884064, -0.22572451829910278, -0.21820035576820374, -0.21067622303962708, -0.20315206050872803, -0.19562789797782898, -0.18810376524925232, -0.18057960271835327, -0.1730554699897766, -0.16553130745887756, -0.15800714492797852, -0.15048301219940186, -0.1429588496685028, -0.13543471693992615, -0.1279105544090271, -0.12038642168045044, -0.11286225914955139, -0.10533809661865234, -0.09781396389007568, -0.09028980135917664, -0.08276566863059998, -0.07524150609970093, -0.06771734356880188, -0.06019321084022522, -0.05266904830932617, -0.04514491558074951, -0.037620753049850464, -0.030096590518951416, -0.022572457790374756, -0.015048295259475708, -0.007524162530899048, 0.0]}, "params/['params']['layers_0']['linear_layer']['bias']": {"_type": "histogram", "values": [0, 0, 0, 0, 0, 0, 0, 0, 0, 0, 0, 0, 0, 0, 0, 0, 0, 0, 0, 0, 0, 0, 0, 0, 0, 0, 0, 0, 0, 0, 0, 0, 22, 0, 0, 0, 0, 0, 0, 0, 0, 0, 0, 0, 0, 0, 0, 0, 0, 0, 0, 0, 0, 0, 0, 0, 0, 0, 0, 0, 0, 0, 0, 0], "bins": [-0.5, -0.484375, -0.46875, -0.453125, -0.4375, -0.421875, -0.40625, -0.390625, -0.375, -0.359375, -0.34375, -0.328125, -0.3125, -0.296875, -0.28125, -0.265625, -0.25, -0.234375, -0.21875, -0.203125, -0.1875, -0.171875, -0.15625, -0.140625, -0.125, -0.109375, -0.09375, -0.078125, -0.0625, -0.046875, -0.03125, -0.015625, 0.0, 0.015625, 0.03125, 0.046875, 0.0625, 0.078125, 0.09375, 0.109375, 0.125, 0.140625, 0.15625, 0.171875, 0.1875, 0.203125, 0.21875, 0.234375, 0.25, 0.265625, 0.28125, 0.296875, 0.3125, 0.328125, 0.34375, 0.359375, 0.375, 0.390625, 0.40625, 0.421875, 0.4375, 0.453125, 0.46875, 0.484375, 0.5]}, "params/['params']['layers_0']['linear_layer']['kernel']": {"_type": "histogram", "values": [1, 0, 0, 0, 0, 0, 0, 0, 0, 0, 0, 0, 0, 0, 0, 0, 0, 0, 0, 0, 0, 0, 0, 0, 0, 0, 0, 0, 0, 0, 0, 0, 0, 1, 0, 0, 0, 0, 0, 0, 0, 0, 1, 0, 0, 0, 0, 0, 0, 0, 0, 1, 0, 1, 0, 0, 0, 0, 1, 0, 0, 0, 81, 1], "bins": [-1.60562002658844, -1.5797337293624878, -1.5538475513458252, -1.527961254119873, -1.5020750761032104, -1.4761887788772583, -1.4503026008605957, -1.4244163036346436, -1.398530125617981, -1.3726438283920288, -1.3467576503753662, -1.320871353149414, -1.294985055923462, -1.2690988779067993, -1.2432125806808472, -1.2173264026641846, -1.1914401054382324, -1.1655539274215698, -1.1396676301956177, -1.113781452178955, -1.087895154953003, -1.0620088577270508, -1.0361226797103882, -1.0102365016937256, -0.9843502044677734, -0.9584639668464661, -0.9325777292251587, -0.9066914319992065, -0.8808051943778992, -0.8549189567565918, -0.8290327191352844, -0.803146481513977, -0.7772602438926697, -0.7513740062713623, -0.7254877686500549, -0.6996015310287476, -0.6737152934074402, -0.6478290557861328, -0.6219427585601807, -0.5960565805435181, -0.5701702833175659, -0.5442841053009033, -0.5183978080749512, -0.492511510848999, -0.4666253328323364, -0.4407390356063843, -0.4148528575897217, -0.38896656036376953, -0.36308038234710693, -0.3371940851211548, -0.3113079071044922, -0.28542160987854004, -0.25953543186187744, -0.2336491346359253, -0.20776283740997314, -0.18187665939331055, -0.1559903621673584, -0.1301041841506958, -0.10421788692474365, -0.07833170890808105, -0.052445411682128906, -0.02655923366546631, -0.0006729364395141602, 0.025213241577148438, 0.05109953135251999]}, "params/['params']['layers_1']['linear_layer']['bias']": {"_type": "histogram", "values": [0, 0, 0, 0, 0, 0, 0, 0, 0, 0, 0, 0, 0, 0, 0, 0, 0, 0, 0, 0, 0, 0, 0, 0, 0, 0, 0, 0, 0, 0, 0, 0, 22, 0, 0, 0, 0, 0, 0, 0, 0, 0, 0, 0, 0, 0, 0, 0, 0, 0, 0, 0, 0, 0, 0, 0, 0, 0, 0, 0, 0, 0, 0, 0], "bins": [-0.5, -0.484375, -0.46875, -0.453125, -0.4375, -0.421875, -0.40625, -0.390625, -0.375, -0.359375, -0.34375, -0.328125, -0.3125, -0.296875, -0.28125, -0.265625, -0.25, -0.234375, -0.21875, -0.203125, -0.1875, -0.171875, -0.15625, -0.140625, -0.125, -0.109375, -0.09375, -0.078125, -0.0625, -0.046875, -0.03125, -0.015625, 0.0, 0.015625, 0.03125, 0.046875, 0.0625, 0.078125, 0.09375, 0.109375, 0.125, 0.140625, 0.15625, 0.171875, 0.1875, 0.203125, 0.21875, 0.234375, 0.25, 0.265625, 0.28125, 0.296875, 0.3125, 0.328125, 0.34375, 0.359375, 0.375, 0.390625, 0.40625, 0.421875, 0.4375, 0.453125, 0.46875, 0.484375, 0.5]}, "params/['params']['layers_1']['linear_layer']['kernel']": {"_type": "histogram", "values": [1, 0, 0, 0, 0, 0, 0, 0, 0, 0, 0, 0, 0, 0, 1, 1, 0, 0, 0, 0, 0, 0, 0, 0, 0, 0, 1, 1, 0, 0, 0, 0, 0, 0, 0, 1, 387, 2, 0, 0, 0, 0, 0, 0, 0, 0, 0, 0, 0, 0, 0, 0, 0, 0, 0, 0, 0, 0, 0, 0, 0, 0, 0, 1],