{"loss": 0.025447510182857513, "_timestamp": 1739284858.7650797, "_runtime": 35.15800881385803, "_step": 79}