{"_timestamp":1.7375153287606668e+09,"_runtime":280.0422354,"_step":388,"_wandb":{"runtime":282},"loss":0.0041970061138272285,"division_threshold":0.007088633719831705}