{"_wandb":{"runtime":697},"division_threshold":0.007088633719831705,"_timestamp":1.7375058559172869e+09,"_runtime":679.4758664,"_step":1146,"loss":4.627359885489568e-05}