{"loss": 0.0011254043783992529, "_timestamp": 1739521589.4129763, "_runtime": 187.35279822349548, "_step": 404, "params/['params']['last']['bias']": {"_type": "histogram", "values": [0, 0, 0, 0, 0, 0, 0, 0, 0, 0, 0, 0, 0, 0, 0, 0, 0, 0, 0, 0, 0, 0, 0, 0, 0, 0, 0, 0, 0, 0, 0, 0, 2, 0, 0, 0, 0, 0, 0, 0, 0, 0, 0, 0, 0, 0, 0, 0, 0, 0, 0, 0, 0, 0, 0, 0, 0, 0, 0, 0, 0, 0, 0, 0], "bins": [-0.5, -0.484375, -0.46875, -0.453125, -0.4375, -0.421875, -0.40625, -0.390625, -0.375, -0.359375, -0.34375, -0.328125, -0.3125, -0.296875, -0.28125, -0.265625, -0.25, -0.234375, -0.21875, -0.203125, -0.1875, -0.171875, -0.15625, -0.140625, -0.125, -0.109375, -0.09375, -0.078125, -0.0625, -0.046875, -0.03125, -0.015625, 0.0, 0.015625, 0.03125, 0.046875, 0.0625, 0.078125, 0.09375, 0.109375, 0.125, 0.140625, 0.15625, 0.171875, 0.1875, 0.203125, 0.21875, 0.234375, 0.25, 0.265625, 0.28125, 0.296875, 0.3125, 0.328125, 0.34375, 0.359375, 0.375, 0.390625, 0.40625, 0.421875, 0.4375, 0.453125, 0.46875, 0.484375, 0.5]}, "params/['params']['last']['kernel']": {"_type": "histogram", "values": [1, 0, 0, 0, 0, 0, 0, 0, 0, 0, 0, 0, 0, 0, 0, 0, 0, 0, 0, 0, 0, 0, 0, 0, 0, 0, 0, 0, 0, 0, 0, 0, 0, 0, 0, 0, 0, 0, 0, 0, 0, 29, 0, 3, 1, 0, 0, 0, 0, 1, 0, 0, 0, 0, 0, 0, 0, 0, 0, 0, 0, 0, 0, 1], "bins": [-0.13025692105293274, -0.12714827060699463, -0.12403961271047592, -0.12093095481395721, -0.1178223043680191, -0.1147136464715004, -0.11160498857498169, -0.10849633812904358, -0.10538768023252487, -0.10227902233600616, -0.09917037189006805, -0.09606171399354935, -0.09295305609703064, -0.08984440565109253, -0.08673574775457382, -0.08362708985805511, -0.080518439412117, -0.0774097889661789, -0.07430113106966019, -0.07119247317314148, -0.06808382272720337, -0.06497516483068466, -0.061866506934165955, -0.058757856488227844, -0.05564919859170914, -0.05254054069519043, -0.04943189024925232, -0.04632323235273361, -0.043214574456214905, -0.040105924010276794, -0.03699726611375809, -0.03388861566781998, -0.03077995777130127, -0.027671299874782562, -0.024562649428844452, -0.021453991532325745, -0.018345341086387634, -0.015236683189868927, -0.01212802529335022, -0.00901937484741211, -0.005910716950893402, -0.002802059054374695, 0.00030659139156341553, 0.003415241837501526, 0.00652390718460083, 0.00963255763053894, 0.01274120807647705, 0.015849873423576355, 0.018958523869514465, 0.022067174315452576, 0.02517583966255188, 0.02828449010848999, 0.0313931405544281, 0.034501805901527405, 0.037610456347465515, 0.040719106793403625, 0.04382777214050293, 0.04693642258644104, 0.05004507303237915, 0.05315372347831726, 0.056262388825416565, 0.059371039271354675, 0.062479689717292786, 0.06558835506439209, 0.0686970055103302]}, "params/['params']['layers_0']['linear_layer']['bias']": {"_type": "histogram", "values": [0, 0, 0, 0, 0, 0, 0, 0, 0, 0, 0, 0, 0, 0, 0, 0, 0, 0, 0, 0, 0, 0, 0, 0, 0, 0, 0, 0, 0, 0, 0, 0, 22, 0, 0, 0, 0, 0, 0, 0, 0, 0, 0, 0, 0, 0, 0, 0, 0, 0, 0, 0, 0, 0, 0, 0, 0, 0, 0, 0, 0, 0, 0, 0], "bins": [-0.5, -0.484375, -0.46875, -0.453125, -0.4375, -0.421875, -0.40625, -0.390625, -0.375, -0.359375, -0.34375, -0.328125, -0.3125, -0.296875, -0.28125, -0.265625, -0.25, -0.234375, -0.21875, -0.203125, -0.1875, -0.171875, -0.15625, -0.140625, -0.125, -0.109375, -0.09375, -0.078125, -0.0625, -0.046875, -0.03125, -0.015625, 0.0, 0.015625, 0.03125, 0.046875, 0.0625, 0.078125, 0.09375, 0.109375, 0.125, 0.140625, 0.15625, 0.171875, 0.1875, 0.203125, 0.21875, 0.234375, 0.25, 0.265625, 0.28125, 0.296875, 0.3125, 0.328125, 0.34375, 0.359375, 0.375, 0.390625, 0.40625, 0.421875, 0.4375, 0.453125, 0.46875, 0.484375, 0.5]}, "params/['params']['layers_0']['linear_layer']['kernel']": {"_type": "histogram", "values": [1, 0, 0, 0, 0, 0, 0, 0, 0, 0, 0, 0, 0, 0, 0, 0, 0, 0, 0, 0, 82, 0, 0, 0, 0, 0, 0, 0, 0, 0, 0, 0, 0, 0, 0, 0, 0, 0, 0, 0, 2, 0, 0, 0, 0, 0, 0, 0, 0, 0, 0, 0, 0, 0, 2, 0, 0, 0, 0, 0, 0, 0, 0, 1], "bins": [-0.3100048005580902, -0.2946486175060272, -0.27929243445396423, -0.26393622159957886, -0.24858003854751587, -0.23322385549545288, -0.2178676724433899, -0.2025114893913269, -0.18715529143810272, -0.17179910838603973, -0.15644291043281555, -0.14108672738075256, -0.12573054432868958, -0.1103743463754654, -0.0950181633234024, -0.07966196537017822, -0.06430578231811523, -0.048949599266052246, -0.03359341621398926, -0.018237203359603882, -0.0028810203075408936, 0.012475162744522095, 0.027831345796585083, 0.04318752884864807, 0.05854371190071106, 0.07389992475509644, 0.08925610780715942, 0.10461229085922241, 0.1199684739112854, 0.1353246569633484, 0.15068086981773376, 0.16603705286979675, 0.18139323592185974, 0.19674941897392273, 0.21210560202598572, 0.2274617850780487, 0.2428179681301117, 0.2581741511821747, 0.27353039383888245, 0.28888657689094543, 0.3042427599430084, 0.3195989429950714, 0.3349551260471344, 0.3503113090991974, 0.3656674921512604, 0.38102367520332336, 0.39637985825538635, 0.41173604130744934, 0.42709222435951233, 0.4424484670162201, 0.4578046500682831, 0.47316083312034607, 0.48851701617240906, 0.5038732290267944, 0.5192294120788574, 0.5345855951309204, 0.5499417781829834, 0.5652979612350464, 0.5806541442871094, 0.5960103273391724, 0.6113665103912354, 0.6267226934432983, 0.6420788764953613, 0.6574350595474243, 0.6727913022041321]}, "params/['params']['layers_1']['linear_layer']['bias']": {"_type": "histogram", "values": [0, 0, 0, 0, 0, 0, 0, 0, 0, 0, 0, 0, 0, 0, 0, 0, 0, 0, 0, 0, 0, 0, 0, 0, 0, 0, 0, 0, 0, 0, 0, 0, 22, 0, 0, 0, 0, 0, 0, 0, 0, 0, 0, 0, 0, 0, 0, 0, 0, 0, 0, 0, 0, 0, 0, 0, 0, 0, 0, 0, 0, 0, 0, 0], "bins": [-0.5, -0.484375, -0.46875, -0.453125, -0.4375, -0.421875, -0.40625, -0.390625, -0.375, -0.359375, -0.34375, -0.328125, -0.3125, -0.296875, -0.28125, -0.265625, -0.25, -0.234375, -0.21875, -0.203125, -0.1875, -0.171875, -0.15625, -0.140625, -0.125, -0.109375, -0.09375, -0.078125, -0.0625, -0.046875, -0.03125, -0.015625, 0.0, 0.015625, 0.03125, 0.046875, 0.0625, 0.078125, 0.09375, 0.109375, 0.125, 0.140625, 0.15625, 0.171875, 0.1875, 0.203125, 0.21875, 0.234375, 0.25, 0.265625, 0.28125, 0.296875, 0.3125, 0.328125, 0.34375, 0.359375, 0.375, 0.390625, 0.40625, 0.421875, 0.4375, 0.453125, 0.46875, 0.484375, 0.5]}, "params/['params']['layers_1']['linear_layer']['kernel']": {"_type": "histogram", "values": [1, 1, 0, 1, 0, 1, 0, 0, 387, 0, 0, 0, 0, 0, 0, 0, 0, 0, 0, 0, 1, 0, 0, 0, 0, 0, 0, 0, 0, 0, 0, 0, 0, 0, 0, 0, 2, 0, 0, 0, 0, 0, 0, 0, 0, 0, 0, 0, 0, 0, 0, 1, 0, 0, 0, 0, 0, 0, 0, 0, 0, 0, 0, 1], "bins": [-0.4048459231853485, -0.3566014766693115, -0.3083570599555969, -0.26011261343955994, -0.21186818182468414, -0.16362375020980835, -0.11537930369377136, -0.06713488698005676, -0.018890440464019775, 0.029354006052017212, 0.07759842276573181, 0.1258428394794464, 0.1740873157978058, 0.22233173251152039, 0.270576149225235, 0.31882062554359436, 0.36706504225730896, 0.41530945897102356, 0.46355393528938293, 0.5117983818054199, 0.5600427389144897, 0.6082872152328491, 0.656531572341919, 0.7047760486602783, 0.7530205249786377, 0.8012648820877075, 0.8495093584060669, 0.8977538347244263, 0.9459981918334961, 0.9942426681518555, 1.0424871444702148, 1.0907315015792847, 1.138975977897644, 1.1872204542160034, 1.2354648113250732, 1.2837092876434326, 1.331953763961792, 1.3801981210708618, 1.4284425973892212, 1.4766870737075806, 1.5249314308166504, 1.5731759071350098, 1.6214203834533691, 1.6696648597717285, 1.7179090976715088, 1.7661535739898682, 1.8143980503082275, 1.862642526626587, 1.9108870029449463, 1.9591314792633057, 2.007375717163086, 2.0556201934814453, 2.1038646697998047, 2.152109146118164, 2.2003536224365234, 2.248598098754883, 2.296842336654663, 2.3450868129730225, 2.393331289291382, 2.441575765609741, 2.4898202419281006, 2.53806471824646, 2.5863089561462402, 2.6345534324645996, 2.682797908782959]}, "_wandb": {"runtime": 186}}