{"loss": 0.190939262509346, "_timestamp": 1739301784.930562, "_runtime": 200.43298196792603, "_step": 27, "params/['params']['last']['bias']": {"_type": "histogram", "values": [1, 0, 0, 0, 0, 0, 0, 0, 0, 0, 0, 0, 0, 0, 0, 0, 0, 0, 0, 0, 0, 0, 0, 0, 0, 0, 0, 0, 0, 0, 0, 0, 0, 0, 0, 0, 0, 0, 0, 0, 0, 0, 0, 0, 0, 0, 0, 0, 0, 0, 0, 0, 0, 0, 0, 0, 0, 0, 0, 0, 0, 0, 0, 1], "bins": [1.0059258937835693, 1.0071395635604858, 1.0083531141281128, 1.0095667839050293, 1.0107803344726562, 1.0119940042495728, 1.0132075548171997, 1.0144212245941162, 1.0156347751617432, 1.0168484449386597, 1.0180621147155762, 1.0192756652832031, 1.0204893350601196, 1.0217028856277466, 1.022916555404663, 1.02413010597229, 1.0253437757492065, 1.026557445526123, 1.02777099609375, 1.0289846658706665, 1.0301982164382935, 1.03141188621521, 1.032625436782837, 1.0338391065597534, 1.03505277633667, 1.0362663269042969, 1.0374799966812134, 1.0386935472488403, 1.0399072170257568, 1.0411207675933838, 1.0423344373703003, 1.0435479879379272, 1.0447616577148438, 1.0459753274917603, 1.0471888780593872, 1.0484025478363037, 1.0496160984039307, 1.0508297681808472, 1.0520433187484741, 1.0532569885253906, 1.0544705390930176, 1.055684208869934, 1.0568978786468506, 1.0581114292144775, 1.059325098991394, 1.060538649559021, 1.0617523193359375, 1.0629658699035645, 1.064179539680481, 1.0653932094573975, 1.0666067600250244, 1.067820429801941, 1.0690339803695679, 1.0702476501464844, 1.0714612007141113, 1.0726748704910278, 1.0738885402679443, 1.0751020908355713, 1.0763157606124878, 1.0775293111801147, 1.0787429809570312, 1.0799565315246582, 1.0811702013015747, 1.0823837518692017, 1.0835974216461182]}, "params/['params']['last']['kernel']": {"_type": "histogram", "values": [1, 0, 0, 0, 0, 1, 0, 1, 1, 0, 1, 0, 0, 1, 0, 0, 1, 0, 1, 0, 0, 0, 0, 0, 0, 0, 0, 0, 10, 0, 0, 5, 0, 0, 1, 0, 1, 0, 1, 0, 0, 0, 1, 0, 0, 0, 0, 0, 0, 0, 0, 1, 0, 0, 0, 0, 0, 0, 0, 1, 0, 0, 0, 1], "bins": [-0.11816272139549255, -0.11425842344760895, -0.11035413295030594, -0.10644983500242233, -0.10254553705453873, -0.09864124655723572, -0.09473694860935211, -0.0908326506614685, -0.0869283601641655, -0.08302406221628189, -0.07911977171897888, -0.07521547377109528, -0.07131117582321167, -0.06740687787532806, -0.06350258737802505, -0.05959828943014145, -0.05569399520754814, -0.051789700984954834, -0.04788540303707123, -0.04398111253976822, -0.04007681459188461, -0.03617251664400101, -0.032268226146698, -0.028363928198814392, -0.024459630250930786, -0.020555339753627777, -0.01665104180574417, -0.012746743857860565, -0.008842453360557556, -0.00493815541267395, -0.0010338574647903442, 0.002870433032512665, 0.006774730980396271, 0.01067902147769928, 0.014583319425582886, 0.01848761737346649, 0.022391915321350098, 0.026296213269233704, 0.030200496315956116, 0.03410479426383972, 0.03800909221172333, 0.041913390159606934, 0.04581768810749054, 0.049721986055374146, 0.05362626910209656, 0.057530567049980164, 0.06143486499786377, 0.06533916294574738, 0.06924346089363098, 0.07314775884151459, 0.077052041888237, 0.0809563398361206, 0.08486063778400421, 0.08876493573188782, 0.09266923367977142, 0.09657353162765503, 0.10047781467437744, 0.10438211262226105, 0.10828641057014465, 0.11219070851802826, 0.11609500646591187, 0.11999930441379547, 0.12390358746051788, 0.1278078854084015, 0.1317121833562851]}, "params/['params']['layers_0']['linear_layer']['bias']": {"_type": "histogram", "values": [2, 0, 1, 0, 0, 1, 0, 1, 2, 0, 1, 0, 0, 0, 0, 0, 0, 0, 1, 0, 0, 1, 0, 0, 0, 1, 0, 0, 0, 1, 0, 0, 0, 1, 0, 0, 1, 0, 0, 0, 1, 0, 0, 0, 0, 0, 0, 0, 0, 0, 0, 0, 0, 0, 0, 0, 0, 1, 1, 0, 0, 0, 0, 1], "bins": [-0.1776908040046692, -0.17244014143943787, -0.16718949377536774, -0.1619388461112976, -0.15668818354606628, -0.15143752098083496, -0.14618687331676483, -0.1409362256526947, -0.13568556308746338, -0.13043490052223206, -0.12518425285816193, -0.1199335977435112, -0.11468294262886047, -0.10943228751420975, -0.10418163239955902, -0.0989309772849083, -0.09368032217025757, -0.08842966705560684, -0.08317901194095612, -0.07792835682630539, -0.07267770171165466, -0.06742704659700394, -0.06217639148235321, -0.056925736367702484, -0.05167508125305176, -0.046424418687820435, -0.041173771023750305, -0.035923123359680176, -0.030672460794448853, -0.02542179822921753, -0.0201711505651474, -0.01492050290107727, -0.009669840335845947, -0.004419177770614624, 0.0008314698934555054, 0.006082117557525635, 0.011332780122756958, 0.01658344268798828, 0.02183409035205841, 0.02708473801612854, 0.03233540058135986, 0.037586063146591187, 0.042836710810661316, 0.048087358474731445, 0.05333802103996277, 0.05858868360519409, 0.06383933126926422, 0.06908997893333435, 0.07434064149856567, 0.079591304063797, 0.08484196662902832, 0.09009259939193726, 0.09534326195716858, 0.1005939245223999, 0.10584455728530884, 0.11109521985054016, 0.11634588241577148, 0.12159654498100281, 0.12684720754623413, 0.13209784030914307, 0.1373485028743744, 0.1425991654396057, 0.14784979820251465, 0.15310046076774597, 0.1583511233329773]}, "params/['params']['layers_0']['linear_layer']['kernel']": {"_type": "histogram", "values": [1, 0, 0, 0, 0, 0, 1, 0, 0, 1, 1, 0, 0, 0, 0, 0, 0, 0, 1, 1, 0, 1, 0, 0, 2, 0, 0, 0, 0, 0, 1, 0, 1, 0, 0, 1, 0, 0, 0, 0, 1, 0, 1, 0, 0, 1, 0, 0, 0, 1, 0, 0, 0, 0, 0, 0, 0, 0, 1, 0, 0, 0, 0, 1], "bins": [-1.833256483078003, -1.7772189378738403, -1.7211815118789673, -1.6651439666748047, -1.609106421470642, -1.5530688762664795, -1.4970314502716064, -1.4409939050674438, -1.3849563598632812, -1.3289189338684082, -1.2728813886642456, -1.216843843460083, -1.16080641746521, -1.1047687530517578, -1.0487313270568848, -0.9926937818527222, -0.9366562962532043, -0.8806188106536865, -0.8245812654495239, -0.7685437202453613, -0.7125062942504883, -0.6564687490463257, -0.6004312038421631, -0.5443936586380005, -0.48835623264312744, -0.43231868743896484, -0.37628114223480225, -0.3202437162399292, -0.2642061710357666, -0.208168625831604, -0.1521310806274414, -0.09609365463256836, -0.04005610942840576, 0.015981435775756836, 0.07201886177062988, 0.12805640697479248, 0.18409395217895508, 0.24013137817382812, 0.2961690425872803, 0.3522064685821533, 0.40824389457702637, 0.4642815589904785, 0.5203189849853516, 0.5763564109802246, 0.6323940753936768, 0.6884315013885498, 0.744469165802002, 0.800506591796875, 0.856544017791748, 0.9125816822052002, 0.9686191082000732, 1.0246565341949463, 1.0806941986083984, 1.1367316246032715, 1.1927690505981445, 1.2488067150115967, 1.3048441410064697, 1.3608815670013428, 1.416919231414795, 1.472956657409668, 1.5289943218231201, 1.5850317478179932, 1.6410691738128662, 1.6971068382263184, 1.7531442642211914]}, "params/['params']['layers_1']['linear_layer']['bias']": {"_type": "histogram", "values": [1, 0, 1, 1, 1, 2, 1, 1, 0, 0, 0, 0, 0, 0, 0, 0, 0, 0, 0, 1, 1, 1, 0, 0, 0, 0, 0, 1, 0, 0, 2, 0, 0, 0, 0, 0, 0, 0, 0, 0, 0, 0, 0, 0, 0, 0, 0, 0, 0, 0, 0, 0, 0, 0, 1, 1, 0, 0, 0, 0, 0, 0, 0, 2],