{"loss": 0.8792775869369507, "_timestamp": 1739305324.2229493, "_runtime": 17.129327297210693, "_step": 27, "params/['params']['last']['bias']": {"_type": "histogram", "values": [1, 0, 0, 0, 0, 0, 0, 0, 0, 0, 0, 0, 0, 0, 0, 0, 0, 0, 0, 0, 0, 0, 0, 0, 0, 0, 0, 0, 0, 0, 0, 0, 0, 0, 0, 0, 0, 0, 0, 0, 0, 0, 0, 0, 0, 0, 0, 0, 0, 0, 0, 0, 0, 0, 0, 0, 0, 0, 0, 0, 0, 0, 0, 1], "bins": [0.8938092589378357, 0.8954923748970032, 0.8971754908561707, 0.8988585472106934, 0.9005416631698608, 0.9022247791290283, 0.9039078950881958, 0.9055909514427185, 0.907274067401886, 0.9089571833610535, 0.910640299320221, 0.9123233556747437, 0.9140064716339111, 0.9156895875930786, 0.9173727035522461, 0.9190558195114136, 0.9207388758659363, 0.9224219918251038, 0.9241051077842712, 0.9257882237434387, 0.9274712800979614, 0.9291543960571289, 0.9308375120162964, 0.9325206279754639, 0.9342036843299866, 0.935886800289154, 0.9375699162483215, 0.939253032207489, 0.9409360885620117, 0.9426192045211792, 0.9443023204803467, 0.9459854364395142, 0.9476685523986816, 0.9493516087532043, 0.9510347247123718, 0.9527178406715393, 0.9544009566307068, 0.9560840129852295, 0.957767128944397, 0.9594502449035645, 0.9611333608627319, 0.9628164172172546, 0.9644995331764221, 0.9661826491355896, 0.9678657650947571, 0.9695488214492798, 0.9712319374084473, 0.9729150533676147, 0.9745981693267822, 0.9762812852859497, 0.9779643416404724, 0.9796474575996399, 0.9813305735588074, 0.9830136895179749, 0.9846967458724976, 0.986379861831665, 0.9880629777908325, 0.98974609375, 0.9914291501045227, 0.9931122660636902, 0.9947953820228577, 0.9964784979820251, 0.9981615543365479, 0.9998446702957153, 1.0015277862548828]}, "params/['params']['last']['kernel']": {"_type": "histogram", "values": [0, 0, 0, 0, 0, 0, 0, 0, 0, 0, 0, 0, 0, 0, 0, 0, 0, 0, 0, 0, 0, 0, 0, 0, 0, 0, 0, 0, 0, 0, 0, 0, 30, 0, 0, 0, 0, 0, 0, 0, 0, 0, 0, 0, 0, 0, 0, 0, 0, 0, 0, 0, 0, 0, 0, 0, 0, 0, 0, 0, 0, 0, 0, 0], "bins": [-0.5, -0.484375, -0.46875, -0.453125, -0.4375, -0.421875, -0.40625, -0.390625, -0.375, -0.359375, -0.34375, -0.328125, -0.3125, -0.296875, -0.28125, -0.265625, -0.25, -0.234375, -0.21875, -0.203125, -0.1875, -0.171875, -0.15625, -0.140625, -0.125, -0.109375, -0.09375, -0.078125, -0.0625, -0.046875, -0.03125, -0.015625, 0.0, 0.015625, 0.03125, 0.046875, 0.0625, 0.078125, 0.09375, 0.109375, 0.125, 0.140625, 0.15625, 0.171875, 0.1875, 0.203125, 0.21875, 0.234375, 0.25, 0.265625, 0.28125, 0.296875, 0.3125, 0.328125, 0.34375, 0.359375, 0.375, 0.390625, 0.40625, 0.421875, 0.4375, 0.453125, 0.46875, 0.484375, 0.5]}, "params/['params']['layers_0']['linear_layer']['bias']": {"_type": "histogram", "values": [0, 0, 0, 0, 0, 0, 0, 0, 0, 0, 0, 0, 0, 0, 0, 0, 0, 0, 0, 0, 0, 0, 0, 0, 0, 0, 0, 0, 0, 0, 0, 0, 18, 0, 0, 0, 0, 0, 0, 0, 0, 0, 0, 0, 0, 0, 0, 0, 0, 0, 0, 0, 0, 0, 0, 0, 0, 0, 0, 0, 0, 0, 0, 0], "bins": [-0.5, -0.484375, -0.46875, -0.453125, -0.4375, -0.421875, -0.40625, -0.390625, -0.375, -0.359375, -0.34375, -0.328125, -0.3125, -0.296875, -0.28125, -0.265625, -0.25, -0.234375, -0.21875, -0.203125, -0.1875, -0.171875, -0.15625, -0.140625, -0.125, -0.109375, -0.09375, -0.078125, -0.0625, -0.046875, -0.03125, -0.015625, 0.0, 0.015625, 0.03125, 0.046875, 0.0625, 0.078125, 0.09375, 0.109375, 0.125, 0.140625, 0.15625, 0.171875, 0.1875, 0.203125, 0.21875, 0.234375, 0.25, 0.265625, 0.28125, 0.296875, 0.3125, 0.328125, 0.34375, 0.359375, 0.375, 0.390625, 0.40625, 0.421875, 0.4375, 0.453125, 0.46875, 0.484375, 0.5]}, "params/['params']['layers_0']['linear_layer']['kernel']": {"_type": "histogram", "values": [1, 0, 0, 0, 1, 0, 1, 0, 2, 0, 1, 0, 0, 1, 0, 1, 1, 1, 0, 2, 1, 0, 1, 1, 3, 2, 0, 0, 1, 5, 3, 2, 1, 1, 1, 0, 3, 1, 3, 2, 2, 2, 2, 0, 2, 0, 2, 0, 0, 3, 0, 1, 2, 1, 3, 2, 2, 2, 0, 0, 1, 1, 0, 1], "bins": [-1.108559250831604, -1.0743579864501953, -1.0401568412780762, -1.0059555768966675, -0.9717543125152588, -0.9375531077384949, -0.903351902961731, -0.8691506385803223, -0.8349493741989136, -0.8007481694221497, -0.7665469646453857, -0.732345700263977, -0.6981444954872131, -0.6639432907104492, -0.6297420263290405, -0.5955407619476318, -0.5613395571708679, -0.527138352394104, -0.4929370880126953, -0.4587358832359314, -0.4245346188545227, -0.3903334140777588, -0.3561321496963501, -0.3219309449195862, -0.28772974014282227, -0.2535284757614136, -0.21932727098464966, -0.18512600660324097, -0.15092480182647705, -0.11672353744506836, -0.08252227306365967, -0.04832112789154053, -0.014119863510131836, 0.020081400871276855, 0.054282546043395996, 0.08848381042480469, 0.12268507480621338, 0.15688633918762207, 0.1910874843597412, 0.2252887487411499, 0.2594900131225586, 0.29369115829467773, 0.3278924226760864, 0.3620936870574951, 0.3962949514389038, 0.43049609661102295, 0.46469736099243164, 0.49889862537384033, 0.5330997705459595, 0.5673010349273682, 0.6015022993087769, 0.6357035636901855, 0.6699047088623047, 0.7041059732437134, 0.7383072376251221, 0.7725085020065308, 0.8067096471786499, 0.8409109115600586, 0.8751121759414673, 0.9093133211135864, 0.9435147047042847, 0.9777158498764038, 1.011916995048523, 1.0461183786392212, 1.0803195238113403]}, "params/['params']['layers_1']['linear_layer']['bias']": {"_type": "histogram", "values": [0, 0, 0, 0, 0, 0, 0, 0, 0, 0, 0, 0, 0, 0, 0, 0, 0, 0, 0, 0, 0, 0, 0, 0, 0, 0, 0, 0, 0, 0, 0, 0, 18, 0, 0, 0, 0, 0, 0, 0, 0, 0, 0, 0, 0, 0, 0, 0, 0, 0, 0, 0, 0, 0, 0, 0, 0, 0, 0, 0, 0, 0, 0, 0], "bins": [-0.5, -0.484375, -0.46875, -0.453125, -0.4375, -0.421875, -0.40625, -0.390625, -0.375, -0.359375, -0.34375, -0.328125, -0.3125, -0.296875, -0.28125, -0.265625, -0.25, -0.234375, -0.21875, -0.203125, -0.1875, -0.171875, -0.15625, -0.140625, -0.125, -0.109375, -0.09375, -0.078125, -0.0625, -0.046875, -0.03125, -0.015625, 0.0, 0.015625, 0.03125, 0.046875, 0.0625, 0.078125, 0.09375, 0.109375, 0.125, 0.140625, 0.15625, 0.171875, 0.1875, 0.203125, 0.21875, 0.234375, 0.25, 0.265625, 0.28125, 0.296875, 0.3125, 0.328125, 0.34375, 0.359375, 0.375, 0.390625, 0.40625, 0.421875, 0.4375, 0.453125, 0.46875, 0.484375, 0.5]}, "params/['params']['layers_1']['linear_layer']['kernel']": {"_type": "histogram", "values": [1, 2, 1, 2, 1, 0, 3, 3, 2, 1, 3, 5, 5, 3, 6, 3, 6, 4, 3, 6, 9, 6, 10, 6, 4, 9, 7, 3, 6, 5, 6, 7, 8, 2, 7, 10, 8, 7, 11, 4, 6, 7, 7, 3, 5, 7, 6, 1, 2, 3, 4, 4, 0, 4, 4, 1, 0, 4, 0, 1, 0, 2, 3, 1], "bins": [-0.5365203619003296, -0.5189886093139648, -0.5014568567276001, -0.48392510414123535, -0.4663933515548706, -0.44886159896850586, -0.4313298463821411, -0.41379809379577637, -0.3962663412094116, -0.3787345886230469, -0.36120283603668213, -0.3436710834503174, -0.32613933086395264, -0.3086075782775879, -0.29107582569122314, -0.2735440731048584, -0.25601232051849365, -0.2384805679321289, -0.22094881534576416, -0.20341706275939941, -0.18588531017303467, -0.16835355758666992, -0.15082180500030518, -0.13329005241394043, -0.11575829982757568, -0.09822654724121094, -0.08069479465484619, -0.06316304206848145, -0.0456312894821167, -0.028099536895751953, -0.010567784309387207, 0.006963968276977539, 0.024495720863342285, 0.04202747344970703, 0.05955922603607178, 0.07709097862243652, 0.09462273120880127, 0.11215448379516602, 0.12968623638153076, 0.1472179889678955, 0.16474974155426025, 0.182281494140625, 0.19981324672698975, 0.2173449993133545, 0.23487675189971924, 0.252408504486084, 0.26994025707244873, 0.2874720096588135, 0.3050037622451782, 0.32253551483154297, 0.3400672674179077, 0.35759902000427246, 0.3751307725906372, 0.39266252517700195, 0.4101942777633667, 0.42772603034973145, 0.4452577829360962, 0.46278953552246094, 0.4803212881088257, 0.49785304069519043, 0.5153847932815552, 0.5329165458679199, 0.5504482984542847, 0.5679800510406494, 0.5855118632316589]}, "_wandb": {"runtime": 16}}