{"loss": 0.0002839087974280119, "_timestamp": 1739988601.141424, "_runtime": 174.34234404563904, "_step": 2793, "params/['params']['last']['bias']": {"_type": "histogram", "values": [1, 0, 0, 0, 0, 0, 0, 0, 0, 0, 0, 0, 0, 0, 0, 0, 0, 0, 0, 0, 0, 0, 0, 0, 0, 0, 0, 0, 0, 0, 0, 0, 0, 0, 0, 0, 0, 0, 0, 0, 0, 0, 0, 0, 0, 0, 0, 0, 0, 0, 0, 0, 0, 0, 0, 0, 0, 0, 0, 0, 0, 0, 0, 1], "bins": [0.0, 0.009653620421886444, 0.019307240843772888, 0.028960861265659332, 0.038614481687545776, 0.04826810210943222, 0.057921722531318665, 0.06757534295320511, 0.07722896337509155, 0.086882583796978, 0.09653620421886444, 0.10618982464075089, 0.11584344506263733, 0.12549707293510437, 0.13515068590641022, 0.14480429887771606, 0.1544579267501831, 0.16411155462265015, 0.173765167593956, 0.18341878056526184, 0.19307240843772888, 0.20272603631019592, 0.21237964928150177, 0.22203326225280762, 0.23168689012527466, 0.2413405179977417, 0.25099414587020874, 0.2606477439403534, 0.27030137181282043, 0.2799549996852875, 0.28960859775543213, 0.29926222562789917, 0.3089158535003662, 0.31856948137283325, 0.3282231092453003, 0.33787670731544495, 0.347530335187912, 0.35718396306037903, 0.3668375611305237, 0.3764911890029907, 0.38614481687545776, 0.3957984447479248, 0.40545207262039185, 0.4151056706905365, 0.42475929856300354, 0.4344129264354706, 0.44406652450561523, 0.4537201523780823, 0.4633737802505493, 0.47302740812301636, 0.4826810359954834, 0.49233463406562805, 0.5019882917404175, 0.5116418600082397, 0.5212954878807068, 0.5309491157531738, 0.5406027436256409, 0.5502563714981079, 0.559909999370575, 0.569563627243042, 0.5792171955108643, 0.5888708233833313, 0.5985244512557983, 0.6081780791282654, 0.6178317070007324]}, "params/['params']['last']['kernel']": {"_type": "histogram", "values": [2, 0, 39, 0, 0, 0, 0, 0, 0, 0, 0, 0, 0, 0, 0, 0, 0, 0, 0, 0, 0, 0, 0, 0, 0, 0, 0, 0, 0, 0, 0, 0, 0, 0, 0, 0, 0, 0, 0, 0, 0, 0, 0, 0, 0, 0, 0, 0, 0, 0, 0, 0, 0, 0, 0, 0, 0, 0, 0, 0, 0, 0, 0, 1], "bins": [-0.005678313318639994, -0.0030901238787919283, -0.0005019344389438629, 0.002086255233734846, 0.004674444440752268, 0.0072626336477696896, 0.009850824251770973, 0.01243901252746582, 0.015027202665805817, 0.017615392804145813, 0.02020358107984066, 0.022791771218180656, 0.025379961356520653, 0.02796815149486065, 0.030556337907910347, 0.033144526183605194, 0.03573271632194519, 0.03832090646028519, 0.04090909659862518, 0.04349728301167488, 0.04608547315001488, 0.048673663288354874, 0.05126185342669487, 0.053850043565034866, 0.05643823370337486, 0.05902642384171486, 0.061614613980054855, 0.06420280039310455, 0.06679099053144455, 0.06937918066978455, 0.07196737080812454, 0.07455556094646454, 0.07714375108480453, 0.07973194122314453, 0.08232013136148453, 0.08490832149982452, 0.08749651163816452, 0.09008470177650452, 0.09267288446426392, 0.09526107460260391, 0.09784926474094391, 0.1004374548792839, 0.1030256450176239, 0.1056138351559639, 0.1082020252943039, 0.11079021543264389, 0.11337840557098389, 0.11596659570932388, 0.11855478584766388, 0.12114296853542328, 0.12373116612434387, 0.12631934881210327, 0.12890754640102386, 0.13149572908878326, 0.13408391177654266, 0.13667210936546326, 0.13926029205322266, 0.14184848964214325, 0.14443667232990265, 0.14702486991882324, 0.14961305260658264, 0.15220125019550323, 0.15478943288326263, 0.15737763047218323, 0.15996581315994263]}, "params/['params']['layers_0']['linear_layer']['bias']": {"_type": "histogram", "values": [0, 0, 0, 0, 0, 0, 0, 0, 0, 0, 0, 0, 0, 0, 0, 0, 0, 0, 0, 0, 0, 0, 0, 0, 0, 0, 0, 0, 0, 0, 0, 0, 24, 0, 0, 0, 0, 0, 0, 0, 0, 0, 0, 0, 0, 0, 0, 0, 0, 0, 0, 0, 0, 0, 0, 0, 0, 0, 0, 0, 0, 0, 0, 0], "bins": [-0.5, -0.484375, -0.46875, -0.453125, -0.4375, -0.421875, -0.40625, -0.390625, -0.375, -0.359375, -0.34375, -0.328125, -0.3125, -0.296875, -0.28125, -0.265625, -0.25, -0.234375, -0.21875, -0.203125, -0.1875, -0.171875, -0.15625, -0.140625, -0.125, -0.109375, -0.09375, -0.078125, -0.0625, -0.046875, -0.03125, -0.015625, 0.0, 0.015625, 0.03125, 0.046875, 0.0625, 0.078125, 0.09375, 0.109375, 0.125, 0.140625, 0.15625, 0.171875, 0.1875, 0.203125, 0.21875, 0.234375, 0.25, 0.265625, 0.28125, 0.296875, 0.3125, 0.328125, 0.34375, 0.359375, 0.375, 0.390625, 0.40625, 0.421875, 0.4375, 0.453125, 0.46875, 0.484375, 0.5]}, "params/['params']['layers_0']['linear_layer']['kernel']": {"_type": "histogram", "values": [1, 0, 0, 0, 0, 0, 0, 0, 0, 0, 0, 0, 0, 0, 0, 0, 0, 0, 0, 0, 0, 0, 0, 0, 0, 0, 0, 0, 0, 0, 0, 0, 0, 0, 0, 0, 0, 0, 0, 0, 0, 0, 0, 44, 1, 0, 0, 0, 0, 0, 0, 0, 0, 0, 1, 0, 0, 0, 0, 0, 0, 0, 0, 1], "bins": [-1.5911126136779785, -1.5546201467514038, -1.518127679824829, -1.4816352128982544, -1.4451427459716797, -1.408650279045105, -1.3721578121185303, -1.3356653451919556, -1.2991728782653809, -1.2626804113388062, -1.2261879444122314, -1.1896954774856567, -1.153203010559082, -1.1167104244232178, -1.0802180767059326, -1.0437254905700684, -1.0072331428527832, -0.9707406163215637, -0.934248149394989, -0.8977556824684143, -0.8612632155418396, -0.8247707486152649, -0.7882782816886902, -0.7517858147621155, -0.715293288230896, -0.6788008213043213, -0.6423083543777466, -0.6058158874511719, -0.5693234205245972, -0.5328309535980225, -0.49633848667144775, -0.45984601974487305, -0.42335355281829834, -0.38686108589172363, -0.3503686189651489, -0.3138761520385742, -0.2773836851119995, -0.2408912181854248, -0.2043987512588501, -0.1679062843322754, -0.13141381740570068, -0.09492135047912598, -0.05842888355255127, -0.021936416625976562, 0.014556050300598145, 0.05104851722717285, 0.08754098415374756, 0.12403345108032227, 0.16052603721618652, 0.19701850414276123, 0.23351097106933594, 0.27000343799591064, 0.30649590492248535, 0.34298837184906006, 0.37948083877563477, 0.4159731864929199, 0.4524657726287842, 0.48895812034606934, 0.5254507064819336, 0.5619430541992188, 0.598435640335083, 0.6349279880523682, 0.6714205741882324, 0.7079129219055176, 0.7444054484367371]}, "params/['params']['layers_1']['linear_layer']['bias']": {"_type": "histogram", "values": [0, 0, 0, 0, 0, 0, 0, 0, 0, 0, 0, 0, 0, 0, 0, 0, 0, 0, 0, 0, 0, 0, 0, 0, 0, 0, 0, 0, 0, 0, 0, 0, 24, 0, 0, 0, 0, 0, 0, 0, 0, 0, 0, 0, 0, 0, 0, 0, 0, 0, 0, 0, 0, 0, 0, 0, 0, 0, 0, 0, 0, 0, 0, 0], "bins": [-0.5, -0.484375, -0.46875, -0.453125, -0.4375, -0.421875, -0.40625, -0.390625, -0.375, -0.359375, -0.34375, -0.328125, -0.3125, -0.296875, -0.28125, -0.265625, -0.25, -0.234375, -0.21875, -0.203125, -0.1875, -0.171875, -0.15625, -0.140625, -0.125, -0.109375, -0.09375, -0.078125, -0.0625, -0.046875, -0.03125, -0.015625, 0.0, 0.015625, 0.03125, 0.046875, 0.0625, 0.078125, 0.09375, 0.109375, 0.125, 0.140625, 0.15625, 0.171875, 0.1875, 0.203125, 0.21875, 0.234375, 0.25, 0.265625, 0.28125, 0.296875, 0.3125, 0.328125, 0.34375, 0.359375, 0.375, 0.390625, 0.40625, 0.421875, 0.4375, 0.453125, 0.46875, 0.484375, 0.5]}, "params/['params']['layers_1']['linear_layer']['kernel']": {"_type": "histogram", "values": [1, 0, 0, 0, 1, 0, 0, 0, 1, 0, 1, 0, 0, 1, 0, 0, 3, 1, 0, 0, 0, 0, 0, 1, 0, 2, 1, 0, 0, 0, 0, 480, 0, 1, 0, 2, 2, 0, 0, 0, 1, 0, 0, 0, 0, 0, 0, 1, 1, 0, 0, 0, 0, 0, 0, 0, 0, 0, 0, 1, 1, 0, 0, 1],