{"loss": 0.19093787670135498, "_timestamp": 1739292901.8551598, "_runtime": 820.7896208763123, "_step": 82, "params/['params']['last']['bias']": {"_type": "histogram", "values": [1, 0, 0, 0, 0, 0, 0, 0, 0, 0, 0, 0, 0, 0, 0, 0, 0, 0, 0, 0, 0, 0, 0, 0, 0, 0, 0, 0, 0, 0, 0, 0, 0, 0, 0, 0, 0, 0, 0, 0, 0, 0, 0, 0, 0, 0, 0, 0, 0, 0, 0, 0, 0, 0, 0, 0, 0, 0, 0, 0, 0, 0, 0, 1], "bins": [0.0, 0.015651877969503403, 0.031303755939006805, 0.04695563390851021, 0.06260751187801361, 0.07825939357280731, 0.09391126781702042, 0.10956314206123352, 0.12521502375602722, 0.14086690545082092, 0.15651878714561462, 0.17217065393924713, 0.18782253563404083, 0.20347441732883453, 0.21912628412246704, 0.23477816581726074, 0.25043004751205444, 0.26608192920684814, 0.28173381090164185, 0.29738569259643555, 0.31303757429122925, 0.32868942618370056, 0.34434130787849426, 0.35999318957328796, 0.37564507126808167, 0.39129695296287537, 0.40694883465766907, 0.42260071635246277, 0.4382525682449341, 0.4539044499397278, 0.4695563316345215, 0.4852082133293152, 0.5008600950241089, 0.5165119767189026, 0.5321638584136963, 0.54781574010849, 0.5634676218032837, 0.5791195034980774, 0.5947713851928711, 0.6104232668876648, 0.6260751485824585, 0.6417269706726074, 0.6573788523674011, 0.6730307340621948, 0.6886826157569885, 0.7043344974517822, 0.7199863791465759, 0.7356382608413696, 0.7512901425361633, 0.766942024230957, 0.7825939059257507, 0.7982457876205444, 0.8138976693153381, 0.8295495510101318, 0.8452014327049255, 0.8608533143997192, 0.8765051364898682, 0.8921570181846619, 0.9078088998794556, 0.9234607815742493, 0.939112663269043, 0.9547645449638367, 0.9704164266586304, 0.9860683083534241, 1.0017201900482178]}, "params/['params']['last']['kernel']": {"_type": "histogram", "values": [1, 0, 0, 0, 0, 0, 0, 0, 0, 0, 0, 0, 0, 0, 0, 0, 0, 0, 0, 0, 27, 1, 0, 0, 0, 0, 0, 0, 0, 0, 0, 0, 0, 0, 0, 0, 0, 0, 0, 0, 0, 0, 0, 0, 0, 0, 0, 0, 0, 0, 0, 0, 0, 0, 0, 0, 0, 0, 0, 0, 0, 0, 0, 1], "bins": [-0.4201986789703369, -0.4000284969806671, -0.3798583447933197, -0.3596881628036499, -0.3395180106163025, -0.3193478286266327, -0.2991776466369629, -0.2790074944496155, -0.2588373124599457, -0.23866714537143707, -0.21849697828292847, -0.19832679629325867, -0.17815662920475006, -0.15798646211624146, -0.13781628012657166, -0.11764612793922424, -0.09747594594955444, -0.07730576395988464, -0.05713561177253723, -0.03696542978286743, -0.01679527759552002, 0.0033749043941497803, 0.02354508638381958, 0.04371523857116699, 0.06388542056083679, 0.08405560255050659, 0.104225754737854, 0.12439590692520142, 0.1445661187171936, 0.16473627090454102, 0.18490642309188843, 0.20507663488388062, 0.22524678707122803, 0.24541693925857544, 0.2655871510505676, 0.28575730323791504, 0.30592745542526245, 0.32609766721725464, 0.34626781940460205, 0.36643797159194946, 0.3866081237792969, 0.40677833557128906, 0.4269484877586365, 0.4471186399459839, 0.4672888517379761, 0.4874590039253235, 0.5076291561126709, 0.5277993679046631, 0.5479695200920105, 0.5681396722793579, 0.5883098840713501, 0.6084799766540527, 0.6286501884460449, 0.6488204002380371, 0.6689904928207397, 0.6891607046127319, 0.7093309164047241, 0.7295010089874268, 0.749671220779419, 0.7698414325714111, 0.7900115251541138, 0.810181736946106, 0.8303519487380981, 0.8505220413208008, 0.8706921935081482]}, "params/['params']['layers_0']['linear_layer']['bias']": {"_type": "histogram", "values": [1, 0, 0, 0, 0, 0, 0, 0, 0, 0, 0, 0, 0, 0, 0, 0, 0, 0, 0, 0, 0, 0, 0, 0, 0, 0, 0, 0, 0, 0, 0, 0, 0, 0, 0, 0, 0, 0, 0, 0, 0, 0, 0, 0, 0, 0, 0, 0, 0, 0, 0, 0, 0, 0, 0, 0, 0, 0, 0, 0, 0, 0, 0, 17], "bins": [-0.8715757727622986, -0.8579574227333069, -0.8443390130996704, -0.8307206630706787, -0.817102313041687, -0.8034839034080505, -0.7898655533790588, -0.7762471437454224, -0.7626287937164307, -0.749010443687439, -0.7353920936584473, -0.7217736840248108, -0.7081553339958191, -0.6945369243621826, -0.6809185743331909, -0.6673002243041992, -0.6536818146705627, -0.640063464641571, -0.6264450550079346, -0.6128267049789429, -0.5992083549499512, -0.5855900049209595, -0.571971595287323, -0.5583531856536865, -0.5447348356246948, -0.5311164855957031, -0.5174981355667114, -0.5038797855377197, -0.49026137590408325, -0.47664299607276917, -0.4630246162414551, -0.4494062662124634, -0.4357878863811493, -0.4221695065498352, -0.4085511565208435, -0.3949327766895294, -0.38131439685821533, -0.36769604682922363, -0.35407763719558716, -0.34045928716659546, -0.32684093713760376, -0.3132225275039673, -0.2996041774749756, -0.2859858274459839, -0.2723674178123474, -0.2587490677833557, -0.24513065814971924, -0.23151230812072754, -0.21789395809173584, -0.20427554845809937, -0.19065719842910767, -0.17703884840011597, -0.1634204387664795, -0.1498020887374878, -0.1361837387084961, -0.12256532907485962, -0.10894697904586792, -0.09532862901687622, -0.08171021938323975, -0.06809186935424805, -0.05447345972061157, -0.04085510969161987, -0.027236759662628174, -0.0136183500289917, 0.0]}, "params/['params']['layers_0']['linear_layer']['kernel']": {"_type": "histogram", "values": [0, 0, 0, 0, 0, 0, 0, 0, 0, 0, 0, 0, 0, 0, 0, 0, 0, 0, 0, 0, 0, 0, 0, 0, 0, 0, 0, 0, 0, 0, 0, 0, 18, 0, 0, 0, 0, 0, 0, 0, 0, 0, 0, 0, 0, 0, 0, 0, 0, 0, 0, 0, 0, 0, 0, 0, 0, 0, 0, 0, 0, 0, 0, 0], "bins": [-0.5, -0.484375, -0.46875, -0.453125, -0.4375, -0.421875, -0.40625, -0.390625, -0.375, -0.359375, -0.34375, -0.328125, -0.3125, -0.296875, -0.28125, -0.265625, -0.25, -0.234375, -0.21875, -0.203125, -0.1875, -0.171875, -0.15625, -0.140625, -0.125, -0.109375, -0.09375, -0.078125, -0.0625, -0.046875, -0.03125, -0.015625, 0.0, 0.015625, 0.03125, 0.046875, 0.0625, 0.078125, 0.09375, 0.109375, 0.125, 0.140625, 0.15625, 0.171875, 0.1875, 0.203125, 0.21875, 0.234375, 0.25, 0.265625, 0.28125, 0.296875, 0.3125, 0.328125, 0.34375, 0.359375, 0.375, 0.390625, 0.40625, 0.421875, 0.4375, 0.453125, 0.46875, 0.484375, 0.5]}, "_wandb": {"runtime": 820}}