{"loss": 0.00021394823852460831, "_timestamp": 1739988033.8202953, "_runtime": 177.58458828926086, "_step": 2793, "params/['params']['last']['bias']": {"_type": "histogram", "values": [0, 0, 0, 0, 0, 0, 0, 0, 0, 0, 0, 0, 0, 0, 0, 0, 0, 0, 0, 0, 0, 0, 0, 0, 0, 0, 0, 0, 0, 0, 0, 0, 2, 0, 0, 0, 0, 0, 0, 0, 0, 0, 0, 0, 0, 0, 0, 0, 0, 0, 0, 0, 0, 0, 0, 0, 0, 0, 0, 0, 0, 0, 0, 0], "bins": [-0.5, -0.484375, -0.46875, -0.453125, -0.4375, -0.421875, -0.40625, -0.390625, -0.375, -0.359375, -0.34375, -0.328125, -0.3125, -0.296875, -0.28125, -0.265625, -0.25, -0.234375, -0.21875, -0.203125, -0.1875, -0.171875, -0.15625, -0.140625, -0.125, -0.109375, -0.09375, -0.078125, -0.0625, -0.046875, -0.03125, -0.015625, 0.0, 0.015625, 0.03125, 0.046875, 0.0625, 0.078125, 0.09375, 0.109375, 0.125, 0.140625, 0.15625, 0.171875, 0.1875, 0.203125, 0.21875, 0.234375, 0.25, 0.265625, 0.28125, 0.296875, 0.3125, 0.328125, 0.34375, 0.359375, 0.375, 0.390625, 0.40625, 0.421875, 0.4375, 0.453125, 0.46875, 0.484375, 0.5]}, "params/['params']['last']['kernel']": {"_type": "histogram", "values": [2, 0, 0, 0, 0, 0, 0, 0, 0, 0, 0, 0, 0, 0, 0, 0, 0, 0, 0, 0, 39, 0, 0, 0, 0, 0, 0, 0, 0, 0, 0, 0, 0, 0, 0, 0, 0, 0, 0, 0, 0, 0, 0, 0, 0, 0, 0, 0, 0, 0, 0, 0, 0, 0, 0, 0, 0, 0, 0, 0, 0, 0, 0, 1], "bins": [-0.008743545971810818, -0.00832639541476965, -0.007909244857728481, -0.0074920947663486, -0.0070749446749687195, -0.006657794117927551, -0.006240643560886383, -0.005823493003845215, -0.005406342912465334, -0.004989192821085453, -0.004572042264044285, -0.004154891707003117, -0.0037377411499619484, -0.0033205910585820675, -0.0029034405015408993, -0.0024862904101610184, -0.00206913985311985, -0.001651989296078682, -0.001234839204698801, -0.0008176891133189201, -0.0004005385562777519, 1.661200076341629e-05, 0.0004337625578045845, 0.0008509131148457527, 0.001268063671886921, 0.0016852132976055145, 0.0021023638546466827, 0.002519514411687851, 0.002936664968729019, 0.0033538155257701874, 0.003770965151488781, 0.004188115708529949, 0.004605266265571117, 0.005022416822612286, 0.005439567379653454, 0.005856717005372047, 0.006273867562413216, 0.006691018119454384, 0.0071081677451729774, 0.007525318302214146, 0.007942468859255314, 0.008359619416296482, 0.00877676997333765, 0.009193920530378819, 0.009611071087419987, 0.010028221644461155, 0.010445372201502323, 0.010862522758543491, 0.01127967331558466, 0.011696822009980679, 0.012113972567021847, 0.012531123124063015, 0.012948273681104183, 0.013365424238145351, 0.01378257479518652, 0.014199725352227688, 0.014616875909268856, 0.015034026466310024, 0.015451177023351192, 0.015868324786424637, 0.016285475343465805, 0.016702625900506973, 0.01711977645754814, 0.01753692701458931, 0.017954079434275627]}, "params/['params']['layers_0']['linear_layer']['bias']": {"_type": "histogram", "values": [0, 0, 0, 0, 0, 0, 0, 0, 0, 0, 0, 0, 0, 0, 0, 0, 0, 0, 0, 0, 0, 0, 0, 0, 0, 0, 0, 0, 0, 0, 0, 0, 24, 0, 0, 0, 0, 0, 0, 0, 0, 0, 0, 0, 0, 0, 0, 0, 0, 0, 0, 0, 0, 0, 0, 0, 0, 0, 0, 0, 0, 0, 0, 0], "bins": [-0.5, -0.484375, -0.46875, -0.453125, -0.4375, -0.421875, -0.40625, -0.390625, -0.375, -0.359375, -0.34375, -0.328125, -0.3125, -0.296875, -0.28125, -0.265625, -0.25, -0.234375, -0.21875, -0.203125, -0.1875, -0.171875, -0.15625, -0.140625, -0.125, -0.109375, -0.09375, -0.078125, -0.0625, -0.046875, -0.03125, -0.015625, 0.0, 0.015625, 0.03125, 0.046875, 0.0625, 0.078125, 0.09375, 0.109375, 0.125, 0.140625, 0.15625, 0.171875, 0.1875, 0.203125, 0.21875, 0.234375, 0.25, 0.265625, 0.28125, 0.296875, 0.3125, 0.328125, 0.34375, 0.359375, 0.375, 0.390625, 0.40625, 0.421875, 0.4375, 0.453125, 0.46875, 0.484375, 0.5]}, "params/['params']['layers_0']['linear_layer']['kernel']": {"_type": "histogram", "values": [1, 0, 0, 0, 0, 0, 0, 0, 0, 0, 0, 0, 0, 0, 0, 0, 0, 0, 0, 0, 0, 0, 0, 0, 0, 46, 0, 0, 0, 0, 0, 0, 0, 0, 0, 0, 0, 0, 0, 0, 0, 0, 0, 0, 0, 0, 0, 0, 0, 0, 0, 0, 0, 0, 0, 0, 0, 0, 0, 0, 0, 0, 0, 1], "bins": [-0.5058467388153076, -0.4858532249927521, -0.46585971117019653, -0.4458661675453186, -0.42587265372276306, -0.4058791399002075, -0.3858855962753296, -0.36589208245277405, -0.3458985686302185, -0.32590505480766296, -0.3059115409851074, -0.2859179973602295, -0.26592448353767395, -0.2459309697151184, -0.22593742609024048, -0.20594391226768494, -0.1859503984451294, -0.16595688462257385, -0.1459633708000183, -0.12596982717514038, -0.10597631335258484, -0.0859827995300293, -0.06598925590515137, -0.045995742082595825, -0.026002228260040283, -0.006008714437484741, 0.0139847993850708, 0.03397834300994873, 0.05397188663482666, 0.07396537065505981, 0.09395891427993774, 0.1139523983001709, 0.13394594192504883, 0.15393948554992676, 0.1739329695701599, 0.19392651319503784, 0.213919997215271, 0.23391354084014893, 0.25390708446502686, 0.27390056848526, 0.29389411211013794, 0.31388765573501587, 0.333881139755249, 0.35387468338012695, 0.3738682270050049, 0.39386171102523804, 0.41385525465011597, 0.4338487386703491, 0.45384228229522705, 0.473835825920105, 0.49382930994033813, 0.5138227939605713, 0.5338163375854492, 0.5538098812103271, 0.5738034248352051, 0.593796968460083, 0.6137905120849609, 0.6337839365005493, 0.6537774801254272, 0.6737710237503052, 0.6937645673751831, 0.713758111000061, 0.7337515354156494, 0.7537450790405273, 0.7737386226654053]}, "params/['params']['layers_1']['linear_layer']['bias']": {"_type": "histogram", "values": [0, 0, 0, 0, 0, 0, 0, 0, 0, 0, 0, 0, 0, 0, 0, 0, 0, 0, 0, 0, 0, 0, 0, 0, 0, 0, 0, 0, 0, 0, 0, 0, 24, 0, 0, 0, 0, 0, 0, 0, 0, 0, 0, 0, 0, 0, 0, 0, 0, 0, 0, 0, 0, 0, 0, 0, 0, 0, 0, 0, 0, 0, 0, 0], "bins": [-0.5, -0.484375, -0.46875, -0.453125, -0.4375, -0.421875, -0.40625, -0.390625, -0.375, -0.359375, -0.34375, -0.328125, -0.3125, -0.296875, -0.28125, -0.265625, -0.25, -0.234375, -0.21875, -0.203125, -0.1875, -0.171875, -0.15625, -0.140625, -0.125, -0.109375, -0.09375, -0.078125, -0.0625, -0.046875, -0.03125, -0.015625, 0.0, 0.015625, 0.03125, 0.046875, 0.0625, 0.078125, 0.09375, 0.109375, 0.125, 0.140625, 0.15625, 0.171875, 0.1875, 0.203125, 0.21875, 0.234375, 0.25, 0.265625, 0.28125, 0.296875, 0.3125, 0.328125, 0.34375, 0.359375, 0.375, 0.390625, 0.40625, 0.421875, 0.4375, 0.453125, 0.46875, 0.484375, 0.5]}, "params/['params']['layers_1']['linear_layer']['kernel']": {"_type": "histogram", "values": [1, 0, 0, 0, 0, 0, 0, 0, 0, 0, 0, 0, 0, 0, 0, 0, 0, 0, 0, 0, 0, 0, 0, 0, 0, 1, 0, 0, 1, 1, 0, 0, 494, 1, 0, 1, 0, 0, 0, 1, 0, 0, 0, 0, 0, 0, 0, 0, 0, 2, 0, 0, 0, 0, 0, 0, 0, 0, 0, 0, 0, 0, 0, 1], "bins": [-4.059889316558838, -3.9330179691314697, -3.8061466217041016, -3.6792752742767334, -3.5524039268493652, -3.425532817840576, -3.298661470413208, -3.17179012298584, -3.0449187755584717, -2.9180474281311035, -2.7911760807037354, -2.664304733276367, -2.537433624267578, -2.410562038421631, -2.283690929412842, -2.1568195819854736, -2.0299482345581055, -1.9030768871307373, -1.7762055397033691, -1.649334192276001, -1.5224628448486328, -1.3955917358398438, -1.2687203884124756, -1.1418490409851074, -1.0149776935577393, -0.8881063461303711, -0.7612349987030029, -0.6343636512756348, -0.5074925422668457, -0.38062119483947754, -0.2537498474121094, -0.1268784999847412, -7.152557373046875e-06, 0.12686395645141602, 0.2537355422973633, 0.38060665130615234, 0.5074782371520996, 0.6343493461608887, 0.7612209320068359, 0.888092041015625, 1.0149636268615723, 1.1418347358703613, 1.2687058448791504, 1.3955774307250977, 1.5224485397338867, 1.649320125579834, 1.776191234588623, 1.9030628204345703, 2.0299339294433594, 2.1568050384521484, 2.2836766242980957, 2.4105477333068848, 2.537419319152832, 2.664290428161621, 2.7911620140075684, 2.9180331230163574, 3.0449042320251465, 3.1717758178710938, 3.298646926879883, 3.42551851272583, 3.552389621734619, 3.6792612075805664, 3.8061323165893555, 3.9330039024353027, 4.059875011444092]}, "validation_loss": 0.00020981613488402218, "_wandb": {"runtime": 179}}