{"loss": 0.8890370726585388, "_timestamp": 1739300764.8486626, "_runtime": 10.570931673049927, "_step": 25, "params/['params']['last']['bias']": {"_type": "histogram", "values": [1, 0, 0, 0, 0, 0, 0, 0, 0, 0, 0, 0, 0, 0, 0, 0, 0, 0, 0, 0, 0, 0, 0, 0, 0, 0, 0, 0, 0, 0, 0, 0, 0, 0, 0, 0, 0, 0, 0, 0, 0, 0, 0, 0, 0, 0, 0, 0, 0, 0, 0, 0, 0, 0, 0, 0, 0, 0, 0, 0, 0, 0, 0, 1], "bins": [0.8937968611717224, 0.895480215549469, 0.8971636295318604, 0.8988469839096069, 0.9005303978919983, 0.9022137522697449, 0.9038971662521362, 0.9055805206298828, 0.9072639346122742, 0.9089472889900208, 0.9106307029724121, 0.9123140573501587, 0.91399747133255, 0.9156808257102966, 0.917364239692688, 0.9190475940704346, 0.9207310080528259, 0.9224143624305725, 0.9240977764129639, 0.9257811307907104, 0.9274645447731018, 0.9291478991508484, 0.9308313131332397, 0.9325146675109863, 0.9341980814933777, 0.9358814358711243, 0.9375648498535156, 0.9392482042312622, 0.9409316182136536, 0.9426149725914001, 0.9442983865737915, 0.9459817409515381, 0.9476650953292847, 0.949348509311676, 0.9510319232940674, 0.952715277671814, 0.9543986320495605, 0.9560820460319519, 0.9577654004096985, 0.9594488143920898, 0.9611321687698364, 0.9628155827522278, 0.9644989371299744, 0.9661823511123657, 0.9678657054901123, 0.9695491194725037, 0.9712324738502502, 0.9729158878326416, 0.9745992422103882, 0.9762826561927795, 0.9779660105705261, 0.9796494245529175, 0.9813327789306641, 0.9830161929130554, 0.984699547290802, 0.9863829612731934, 0.9880663156509399, 0.9897497296333313, 0.9914330840110779, 0.9931164979934692, 0.9947998523712158, 0.9964832067489624, 0.9981666207313538, 0.9998500347137451, 1.0015333890914917]}, "params/['params']['last']['kernel']": {"_type": "histogram", "values": [0, 0, 0, 0, 0, 0, 0, 0, 0, 0, 0, 0, 0, 0, 0, 0, 0, 0, 0, 0, 0, 0, 0, 0, 0, 0, 0, 0, 0, 0, 0, 0, 30, 0, 0, 0, 0, 0, 0, 0, 0, 0, 0, 0, 0, 0, 0, 0, 0, 0, 0, 0, 0, 0, 0, 0, 0, 0, 0, 0, 0, 0, 0, 0], "bins": [-0.5, -0.484375, -0.46875, -0.453125, -0.4375, -0.421875, -0.40625, -0.390625, -0.375, -0.359375, -0.34375, -0.328125, -0.3125, -0.296875, -0.28125, -0.265625, -0.25, -0.234375, -0.21875, -0.203125, -0.1875, -0.171875, -0.15625, -0.140625, -0.125, -0.109375, -0.09375, -0.078125, -0.0625, -0.046875, -0.03125, -0.015625, 0.0, 0.015625, 0.03125, 0.046875, 0.0625, 0.078125, 0.09375, 0.109375, 0.125, 0.140625, 0.15625, 0.171875, 0.1875, 0.203125, 0.21875, 0.234375, 0.25, 0.265625, 0.28125, 0.296875, 0.3125, 0.328125, 0.34375, 0.359375, 0.375, 0.390625, 0.40625, 0.421875, 0.4375, 0.453125, 0.46875, 0.484375, 0.5]}, "params/['params']['layers_0']['linear_layer']['bias']": {"_type": "histogram", "values": [0, 0, 0, 0, 0, 0, 0, 0, 0, 0, 0, 0, 0, 0, 0, 0, 0, 0, 0, 0, 0, 0, 0, 0, 0, 0, 0, 0, 0, 0, 0, 0, 18, 0, 0, 0, 0, 0, 0, 0, 0, 0, 0, 0, 0, 0, 0, 0, 0, 0, 0, 0, 0, 0, 0, 0, 0, 0, 0, 0, 0, 0, 0, 0], "bins": [-0.5, -0.484375, -0.46875, -0.453125, -0.4375, -0.421875, -0.40625, -0.390625, -0.375, -0.359375, -0.34375, -0.328125, -0.3125, -0.296875, -0.28125, -0.265625, -0.25, -0.234375, -0.21875, -0.203125, -0.1875, -0.171875, -0.15625, -0.140625, -0.125, -0.109375, -0.09375, -0.078125, -0.0625, -0.046875, -0.03125, -0.015625, 0.0, 0.015625, 0.03125, 0.046875, 0.0625, 0.078125, 0.09375, 0.109375, 0.125, 0.140625, 0.15625, 0.171875, 0.1875, 0.203125, 0.21875, 0.234375, 0.25, 0.265625, 0.28125, 0.296875, 0.3125, 0.328125, 0.34375, 0.359375, 0.375, 0.390625, 0.40625, 0.421875, 0.4375, 0.453125, 0.46875, 0.484375, 0.5]}, "params/['params']['layers_0']['linear_layer']['kernel']": {"_type": "histogram", "values": [2, 1, 1, 0, 2, 2, 0, 0, 1, 1, 0, 1, 0, 1, 1, 0, 1, 0, 1, 2, 0, 2, 0, 1, 0, 1, 0, 2, 4, 3, 1, 7, 2, 1, 3, 1, 6, 1, 1, 1, 2, 0, 0, 1, 2, 1, 1, 3, 0, 1, 2, 0, 1, 0, 0, 1, 1, 0, 0, 1, 0, 0, 0, 1], "bins": [-0.9972676038742065, -0.9657903909683228, -0.934313178062439, -0.9028359651565552, -0.8713587522506714, -0.8398815393447876, -0.808404266834259, -0.7769270539283752, -0.7454498410224915, -0.7139726281166077, -0.6824954152107239, -0.6510181427001953, -0.6195409297943115, -0.5880637168884277, -0.556586503982544, -0.5251092910766602, -0.49363207817077637, -0.4621548652648926, -0.4306776523590088, -0.399200439453125, -0.3677232265472412, -0.33624595403671265, -0.30476874113082886, -0.27329152822494507, -0.24181431531906128, -0.2103371024131775, -0.1788598895072937, -0.1473826766014099, -0.11590540409088135, -0.08442819118499756, -0.05295097827911377, -0.02147376537322998, 0.010003447532653809, 0.0414806604385376, 0.07295787334442139, 0.10443508625030518, 0.13591229915618896, 0.16738951206207275, 0.19886672496795654, 0.23034393787384033, 0.2618211507797241, 0.29329848289489746, 0.32477569580078125, 0.35625290870666504, 0.38773012161254883, 0.4192073345184326, 0.4506845474243164, 0.4821617603302002, 0.513638973236084, 0.5451161861419678, 0.5765933990478516, 0.6080706119537354, 0.6395478248596191, 0.6710250377655029, 0.7025022506713867, 0.7339794635772705, 0.7654567956924438, 0.7969340085983276, 0.8284112215042114, 0.8598884344100952, 0.891365647315979, 0.9228428602218628, 0.9543200731277466, 0.9857972860336304, 1.0172744989395142]}, "_wandb": {"runtime": 10}}