{"loss": 0.8890341520309448, "_timestamp": 1739305183.8460565, "_runtime": 13.13273549079895, "_step": 27, "params/['params']['last']['bias']": {"_type": "histogram", "values": [1, 0, 0, 0, 0, 0, 0, 0, 0, 0, 0, 0, 0, 0, 0, 0, 0, 0, 0, 0, 0, 0, 0, 0, 0, 0, 0, 0, 0, 0, 0, 0, 0, 0, 0, 0, 0, 0, 0, 0, 0, 0, 0, 0, 0, 0, 0, 0, 0, 0, 0, 0, 0, 0, 0, 0, 0, 0, 0, 0, 0, 0, 0, 1], "bins": [0.8937953114509583, 0.8954787254333496, 0.897162139415741, 0.8988455533981323, 0.9005289673805237, 0.9022123217582703, 0.9038957357406616, 0.905579149723053, 0.9072625637054443, 0.9089459776878357, 0.910629391670227, 0.9123128056526184, 0.9139962196350098, 0.9156796336174011, 0.9173629879951477, 0.9190464019775391, 0.9207298159599304, 0.9224132299423218, 0.9240966439247131, 0.9257800579071045, 0.9274634718894958, 0.9291468858718872, 0.9308302998542786, 0.9325137138366699, 0.9341970682144165, 0.9358804821968079, 0.9375638961791992, 0.9392473101615906, 0.9409307241439819, 0.9426141381263733, 0.9442975521087646, 0.945980966091156, 0.9476643800735474, 0.949347734451294, 0.9510311484336853, 0.9527145624160767, 0.954397976398468, 0.9560813903808594, 0.9577648043632507, 0.9594482183456421, 0.9611316323280334, 0.9628150463104248, 0.9644984006881714, 0.9661818146705627, 0.9678652286529541, 0.9695486426353455, 0.9712320566177368, 0.9729154706001282, 0.9745988845825195, 0.9762822985649109, 0.9779657125473022, 0.9796490669250488, 0.9813324809074402, 0.9830158948898315, 0.9846993088722229, 0.9863827228546143, 0.9880661368370056, 0.989749550819397, 0.9914329648017883, 0.9931163787841797, 0.9947997331619263, 0.9964831471443176, 0.998166561126709, 0.9998499751091003, 1.0015333890914917]}, "params/['params']['last']['kernel']": {"_type": "histogram", "values": [0, 0, 0, 0, 0, 0, 0, 0, 0, 0, 0, 0, 0, 0, 0, 0, 0, 0, 0, 0, 0, 0, 0, 0, 0, 0, 0, 0, 0, 0, 0, 0, 12, 0, 0, 0, 0, 0, 0, 0, 0, 0, 0, 0, 0, 0, 0, 0, 0, 0, 0, 0, 0, 0, 0, 0, 0, 0, 0, 0, 0, 0, 0, 0], "bins": [-0.5, -0.484375, -0.46875, -0.453125, -0.4375, -0.421875, -0.40625, -0.390625, -0.375, -0.359375, -0.34375, -0.328125, -0.3125, -0.296875, -0.28125, -0.265625, -0.25, -0.234375, -0.21875, -0.203125, -0.1875, -0.171875, -0.15625, -0.140625, -0.125, -0.109375, -0.09375, -0.078125, -0.0625, -0.046875, -0.03125, -0.015625, 0.0, 0.015625, 0.03125, 0.046875, 0.0625, 0.078125, 0.09375, 0.109375, 0.125, 0.140625, 0.15625, 0.171875, 0.1875, 0.203125, 0.21875, 0.234375, 0.25, 0.265625, 0.28125, 0.296875, 0.3125, 0.328125, 0.34375, 0.359375, 0.375, 0.390625, 0.40625, 0.421875, 0.4375, 0.453125, 0.46875, 0.484375, 0.5]}, "params/['params']['layers_0']['linear_layer']['bias']": {"_type": "histogram", "values": [0, 0, 0, 0, 0, 0, 0, 0, 0, 0, 0, 0, 0, 0, 0, 0, 0, 0, 0, 0, 0, 0, 0, 0, 0, 0, 0, 0, 0, 0, 0, 0, 8, 0, 0, 0, 0, 0, 0, 0, 0, 0, 0, 0, 0, 0, 0, 0, 0, 0, 0, 0, 0, 0, 0, 0, 0, 0, 0, 0, 0, 0, 0, 0], "bins": [-0.5, -0.484375, -0.46875, -0.453125, -0.4375, -0.421875, -0.40625, -0.390625, -0.375, -0.359375, -0.34375, -0.328125, -0.3125, -0.296875, -0.28125, -0.265625, -0.25, -0.234375, -0.21875, -0.203125, -0.1875, -0.171875, -0.15625, -0.140625, -0.125, -0.109375, -0.09375, -0.078125, -0.0625, -0.046875, -0.03125, -0.015625, 0.0, 0.015625, 0.03125, 0.046875, 0.0625, 0.078125, 0.09375, 0.109375, 0.125, 0.140625, 0.15625, 0.171875, 0.1875, 0.203125, 0.21875, 0.234375, 0.25, 0.265625, 0.28125, 0.296875, 0.3125, 0.328125, 0.34375, 0.359375, 0.375, 0.390625, 0.40625, 0.421875, 0.4375, 0.453125, 0.46875, 0.484375, 0.5]}, "params/['params']['layers_0']['linear_layer']['kernel']": {"_type": "histogram", "values": [1, 0, 0, 0, 0, 1, 0, 0, 0, 0, 0, 1, 0, 1, 1, 1, 1, 2, 0, 1, 0, 1, 0, 0, 2, 0, 2, 2, 0, 0, 1, 1, 0, 0, 2, 0, 1, 0, 0, 1, 0, 0, 3, 1, 0, 0, 0, 0, 1, 0, 1, 1, 0, 0, 0, 0, 0, 0, 0, 0, 0, 0, 1, 1], "bins": [-1.0853266716003418, -1.0534559488296509, -1.02158522605896, -0.9897145628929138, -0.9578438997268677, -0.9259731769561768, -0.8941024541854858, -0.8622317910194397, -0.8303611278533936, -0.7984904050827026, -0.7666196823120117, -0.7347490191459656, -0.7028782963752747, -0.6710076332092285, -0.6391369104385376, -0.6072661876678467, -0.5753955245018005, -0.5435248017311096, -0.5116541385650635, -0.47978341579437256, -0.4479127526283264, -0.4160420298576355, -0.38417136669158936, -0.35230064392089844, -0.3204299211502075, -0.2885592579841614, -0.25668853521347046, -0.22481787204742432, -0.1929471492767334, -0.16107648611068726, -0.12920576333999634, -0.0973351001739502, -0.06546437740325928, -0.03359365463256836, -0.0017229318618774414, 0.030147671699523926, 0.062018394470214844, 0.09388911724090576, 0.12575984001159668, 0.15763044357299805, 0.18950116634368896, 0.22137188911437988, 0.2532426118850708, 0.2851133346557617, 0.3169839382171631, 0.348854660987854, 0.3807253837585449, 0.41259610652923584, 0.44446682929992676, 0.4763374328613281, 0.508208155632019, 0.54007887840271, 0.5719496011734009, 0.6038202047348022, 0.6356909275054932, 0.6675616502761841, 0.699432373046875, 0.7313030958175659, 0.7631736993789673, 0.7950444221496582, 0.8269151449203491, 0.85878586769104, 0.8906564712524414, 0.9225273132324219, 0.9543978571891785]}, "params/['params']['layers_1']['linear_layer']['bias']": {"_type": "histogram", "values": [0, 0, 0, 0, 0, 0, 0, 0, 0, 0, 0, 0, 0, 0, 0, 0, 0, 0, 0, 0, 0, 0, 0, 0, 0, 0, 0, 0, 0, 0, 0, 0, 8, 0, 0, 0, 0, 0, 0, 0, 0, 0, 0, 0, 0, 0, 0, 0, 0, 0, 0, 0, 0, 0, 0, 0, 0, 0, 0, 0, 0, 0, 0, 0], "bins": [-0.5, -0.484375, -0.46875, -0.453125, -0.4375, -0.421875, -0.40625, -0.390625, -0.375, -0.359375, -0.34375, -0.328125, -0.3125, -0.296875, -0.28125, -0.265625, -0.25, -0.234375, -0.21875, -0.203125, -0.1875, -0.171875, -0.15625, -0.140625, -0.125, -0.109375, -0.09375, -0.078125, -0.0625, -0.046875, -0.03125, -0.015625, 0.0, 0.015625, 0.03125, 0.046875, 0.0625, 0.078125, 0.09375, 0.109375, 0.125, 0.140625, 0.15625, 0.171875, 0.1875, 0.203125, 0.21875, 0.234375, 0.25, 0.265625, 0.28125, 0.296875, 0.3125, 0.328125, 0.34375, 0.359375, 0.375, 0.390625, 0.40625, 0.421875, 0.4375, 0.453125, 0.46875, 0.484375, 0.5]}, "params/['params']['layers_1']['linear_layer']['kernel']": {"_type": "histogram", "values": [1, 1, 0, 0, 0, 0, 0, 0, 0, 0, 0, 0, 2, 0, 0, 0, 1, 1, 2, 0, 1, 0, 2, 0, 1, 1, 0, 1, 1, 0, 0, 2, 0, 1, 2, 1, 3, 1, 1, 1, 0, 1, 1, 1, 3, 1, 0, 1, 1, 1, 0, 1, 1, 3, 2, 0, 1, 0, 1, 0, 1, 0, 0, 1], "bins": [-0.8993481397628784, -0.8741751909255981, -0.8490023016929626, -0.8238293528556824, -0.7986564040184021, -0.7734835147857666, -0.7483105659484863, -0.723137617111206, -0.6979647278785706, -0.6727917790412903, -0.6476188898086548, -0.6224459409713745, -0.5972729921340942, -0.572100043296814, -0.5469271540641785, -0.5217542052268982, -0.4965812861919403, -0.4714083671569824, -0.44623541831970215, -0.42106249928474426, -0.3958895802497864, -0.3707166314125061, -0.3455437421798706, -0.32037079334259033, -0.29519784450531006, -0.27002495527267456, -0.2448520064353943, -0.219679057598114, -0.19450616836547852, -0.16933321952819824, -0.14416027069091797, -0.11898738145828247, -0.0938144326210022, -0.06864148378372192, -0.043468594551086426, -0.018295645713806152, 0.006877303123474121, 0.03205019235610962, 0.05722314119338989, 0.08239609003067017, 0.10756897926330566, 0.13274192810058594, 0.1579148769378662, 0.18308782577514648, 0.2082606554031372, 0.23343360424041748, 0.25860655307769775, 0.283779501914978, 0.3089524507522583, 0.3341253995895386, 0.3592982292175293, 0.38447117805480957, 0.40964412689208984, 0.4348170757293701, 0.4599900245666504, 0.48516297340393066, 0.5103358030319214, 0.5355087518692017, 0.5606817007064819, 0.5858546495437622, 0.6110275983810425, 0.6362005472183228, 0.6613733768463135, 0.6865463256835938, 0.711719274520874]}, "_wandb": {"runtime": 12}}