{"loss": 0.00023249370860867202, "_timestamp": 1739991819.9281266, "_runtime": 165.3175754547119, "_step": 2793, "params/['params']['last']['bias']": {"_type": "histogram", "values": [0, 0, 0, 0, 0, 0, 0, 0, 0, 0, 0, 0, 0, 0, 0, 0, 0, 0, 0, 0, 0, 0, 0, 0, 0, 0, 0, 0, 0, 0, 0, 0, 2, 0, 0, 0, 0, 0, 0, 0, 0, 0, 0, 0, 0, 0, 0, 0, 0, 0, 0, 0, 0, 0, 0, 0, 0, 0, 0, 0, 0, 0, 0, 0], "bins": [-0.5, -0.484375, -0.46875, -0.453125, -0.4375, -0.421875, -0.40625, -0.390625, -0.375, -0.359375, -0.34375, -0.328125, -0.3125, -0.296875, -0.28125, -0.265625, -0.25, -0.234375, -0.21875, -0.203125, -0.1875, -0.171875, -0.15625, -0.140625, -0.125, -0.109375, -0.09375, -0.078125, -0.0625, -0.046875, -0.03125, -0.015625, 0.0, 0.015625, 0.03125, 0.046875, 0.0625, 0.078125, 0.09375, 0.109375, 0.125, 0.140625, 0.15625, 0.171875, 0.1875, 0.203125, 0.21875, 0.234375, 0.25, 0.265625, 0.28125, 0.296875, 0.3125, 0.328125, 0.34375, 0.359375, 0.375, 0.390625, 0.40625, 0.421875, 0.4375, 0.453125, 0.46875, 0.484375, 0.5]}, "params/['params']['last']['kernel']": {"_type": "histogram", "values": [1, 0, 0, 0, 0, 0, 0, 0, 0, 0, 0, 0, 0, 0, 0, 0, 0, 0, 0, 0, 0, 0, 0, 0, 0, 0, 0, 0, 0, 0, 30, 4, 0, 0, 0, 0, 0, 0, 0, 0, 0, 0, 0, 0, 0, 0, 0, 0, 0, 0, 0, 0, 0, 0, 0, 0, 0, 0, 0, 0, 0, 0, 0, 1], "bins": [-0.10462965071201324, -0.10122745484113693, -0.09782526642084122, -0.0944230705499649, -0.09102087467908859, -0.08761868625879288, -0.08421649038791656, -0.08081430196762085, -0.07741210609674454, -0.07400991022586823, -0.07060772180557251, -0.0672055259346962, -0.06380333006381989, -0.06040113791823387, -0.05699894577264786, -0.053596749901771545, -0.05019455775618553, -0.04679236561059952, -0.043390169739723206, -0.03998798131942749, -0.03658578544855118, -0.033183589577674866, -0.02978140115737915, -0.026379205286502838, -0.022977009415626526, -0.01957482099533081, -0.0161726251244545, -0.012770429253578186, -0.00936824083328247, -0.0059660449624061584, -0.002563849091529846, 0.0008383393287658691, 0.004240535199642181, 0.007642731070518494, 0.011044919490814209, 0.014447115361690521, 0.017849311232566833, 0.02125149965286255, 0.024653688073158264, 0.028055891394615173, 0.03145807981491089, 0.034860268235206604, 0.03826247155666351, 0.04166465997695923, 0.045066848397254944, 0.04846905171871185, 0.05187124013900757, 0.055273428559303284, 0.05867563188076019, 0.06207782030105591, 0.06548000872135162, 0.06888221204280853, 0.07228440046310425, 0.07568658888339996, 0.07908879220485687, 0.08249098062515259, 0.0858931690454483, 0.08929537236690521, 0.09269756078720093, 0.09609974920749664, 0.09950195252895355, 0.10290414094924927, 0.10630632936954498, 0.10970853269100189, 0.11311072111129761]}, "params/['params']['layers_0']['linear_layer']['bias']": {"_type": "histogram", "values": [0, 0, 0, 0, 0, 0, 0, 0, 0, 0, 0, 0, 0, 0, 0, 0, 0, 0, 0, 0, 0, 0, 0, 0, 0, 0, 0, 0, 0, 0, 0, 0, 22, 0, 0, 0, 0, 0, 0, 0, 0, 0, 0, 0, 0, 0, 0, 0, 0, 0, 0, 0, 0, 0, 0, 0, 0, 0, 0, 0, 0, 0, 0, 0], "bins": [-0.5, -0.484375, -0.46875, -0.453125, -0.4375, -0.421875, -0.40625, -0.390625, -0.375, -0.359375, -0.34375, -0.328125, -0.3125, -0.296875, -0.28125, -0.265625, -0.25, -0.234375, -0.21875, -0.203125, -0.1875, -0.171875, -0.15625, -0.140625, -0.125, -0.109375, -0.09375, -0.078125, -0.0625, -0.046875, -0.03125, -0.015625, 0.0, 0.015625, 0.03125, 0.046875, 0.0625, 0.078125, 0.09375, 0.109375, 0.125, 0.140625, 0.15625, 0.171875, 0.1875, 0.203125, 0.21875, 0.234375, 0.25, 0.265625, 0.28125, 0.296875, 0.3125, 0.328125, 0.34375, 0.359375, 0.375, 0.390625, 0.40625, 0.421875, 0.4375, 0.453125, 0.46875, 0.484375, 0.5]}, "params/['params']['layers_0']['linear_layer']['kernel']": {"_type": "histogram", "values": [1, 0, 0, 0, 0, 0, 0, 0, 0, 0, 0, 0, 0, 0, 0, 0, 0, 0, 0, 0, 0, 0, 0, 0, 0, 0, 0, 0, 0, 0, 0, 0, 0, 0, 0, 0, 0, 0, 0, 0, 0, 0, 0, 0, 1, 0, 2, 0, 0, 0, 1, 0, 0, 0, 81, 0, 0, 0, 0, 0, 0, 0, 0, 2], "bins": [-1.614132285118103, -1.584391713142395, -1.554651141166687, -1.5249104499816895, -1.4951698780059814, -1.4654293060302734, -1.4356887340545654, -1.4059481620788574, -1.3762075901031494, -1.3464670181274414, -1.3167264461517334, -1.2869857549667358, -1.2572451829910278, -1.2275046110153198, -1.1977640390396118, -1.1680234670639038, -1.1382827758789062, -1.1085422039031982, -1.0788016319274902, -1.0490610599517822, -1.0193204879760742, -0.9895798563957214, -0.9598392844200134, -0.9300987124443054, -0.9003580808639526, -0.8706175088882446, -0.8408769369125366, -0.8111363649368286, -0.7813957333564758, -0.7516551613807678, -0.7219145894050598, -0.692173957824707, -0.662433385848999, -0.632692813873291, -0.602952241897583, -0.573211669921875, -0.5434709787368774, -0.5137304067611694, -0.4839898347854614, -0.4542492628097534, -0.4245086908340454, -0.3947681188583374, -0.36502742767333984, -0.33528685569763184, -0.30554628372192383, -0.2758057117462158, -0.2460651397705078, -0.2163245677947998, -0.18658387660980225, -0.15684330463409424, -0.12710273265838623, -0.09736216068267822, -0.06762158870697021, -0.03788101673126221, -0.0081404447555542, 0.02160024642944336, 0.05134081840515137, 0.08108139038085938, 0.11082196235656738, 0.1405625343322754, 0.1703031063079834, 0.20004379749298096, 0.22978436946868896, 0.259524941444397, 0.28926554322242737]}, "params/['params']['layers_1']['linear_layer']['bias']": {"_type": "histogram", "values": [0, 0, 0, 0, 0, 0, 0, 0, 0, 0, 0, 0, 0, 0, 0, 0, 0, 0, 0, 0, 0, 0, 0, 0, 0, 0, 0, 0, 0, 0, 0, 0, 22, 0, 0, 0, 0, 0, 0, 0, 0, 0, 0, 0, 0, 0, 0, 0, 0, 0, 0, 0, 0, 0, 0, 0, 0, 0, 0, 0, 0, 0, 0, 0], "bins": [-0.5, -0.484375, -0.46875, -0.453125, -0.4375, -0.421875, -0.40625, -0.390625, -0.375, -0.359375, -0.34375, -0.328125, -0.3125, -0.296875, -0.28125, -0.265625, -0.25, -0.234375, -0.21875, -0.203125, -0.1875, -0.171875, -0.15625, -0.140625, -0.125, -0.109375, -0.09375, -0.078125, -0.0625, -0.046875, -0.03125, -0.015625, 0.0, 0.015625, 0.03125, 0.046875, 0.0625, 0.078125, 0.09375, 0.109375, 0.125, 0.140625, 0.15625, 0.171875, 0.1875, 0.203125, 0.21875, 0.234375, 0.25, 0.265625, 0.28125, 0.296875, 0.3125, 0.328125, 0.34375, 0.359375, 0.375, 0.390625, 0.40625, 0.421875, 0.4375, 0.453125, 0.46875, 0.484375, 0.5]}, "params/['params']['layers_1']['linear_layer']['kernel']": {"_type": "histogram", "values": [1, 0, 0, 0, 0, 0, 0, 0, 0, 0, 0, 0, 0, 0, 1, 0, 0, 0, 0, 0, 0, 0, 0, 0, 0, 0, 0, 1, 0, 0, 0, 0, 0, 0, 0, 0, 0, 0, 0, 391, 0, 0, 0, 0, 0, 0, 0, 0, 0, 0, 0, 0, 0, 0, 0, 0, 0, 0, 0, 0, 0, 1, 0, 1], "bins": [-2.1373283863067627, -2.082601308822632, -2.027873992919922, -1.973146915435791, -1.9184197187423706, -1.8636925220489502, -1.8089653253555298, -1.7542381286621094, -1.6995110511779785, -1.644783854484558, -1.5900566577911377, -1.5353294610977173, -1.4806022644042969, -1.425875186920166, -1.371147871017456, -1.3164207935333252, -1.2616935968399048, -1.2069664001464844, -1.1522393226623535, -1.097512125968933, -1.0427849292755127, -0.9880577325820923, -0.9333305358886719, -0.8786033391952515, -0.823876142501831, -0.7691490650177002, -0.7144218683242798, -0.6596946716308594, -0.604967474937439, -0.5502402782440186, -0.4955132007598877, -0.4407860040664673, -0.3860588073730469, -0.33133161067962646, -0.27660441398620605, -0.2218773365020752, -0.16715013980865479, -0.11242294311523438, -0.057695865631103516, -0.0029685497283935547, 0.051758527755737305, 0.10648584365844727, 0.16121292114257812, 0.21593999862670898, 0.27066731452941895, 0.3253943920135498, 0.38012170791625977, 0.4348487854003906, 0.4895761013031006, 0.5443031787872314, 0.5990302562713623, 0.6537575721740723, 0.7084846496582031, 0.7632119655609131, 0.817939043045044, 0.8726661205291748, 0.9273934364318848, 0.9821205139160156, 1.0368478298187256, 1.0915749073028564, 1.1463019847869873, 1.2010293006896973, 1.2557563781738281, 1.310483694076538, 1.365210771560669]}, "validation_loss": 0.0002215326385339722, "_wandb": {"runtime": 167}}