{"loss": 1.1359742879867554, "_timestamp": 1739300448.5375233, "_runtime": 11.103150367736816, "_step": 25, "params/['params']['last']['bias']": {"_type": "histogram", "values": [1, 0, 0, 0, 0, 0, 0, 0, 0, 0, 0, 0, 0, 0, 0, 0, 0, 0, 0, 0, 0, 0, 0, 0, 0, 0, 0, 0, 0, 0, 0, 0, 0, 0, 0, 0, 0, 0, 0, 0, 0, 0, 0, 0, 0, 0, 0, 0, 0, 0, 0, 0, 0, 0, 0, 0, 0, 0, 0, 0, 0, 0, 0, 1], "bins": [0.8937978744506836, 0.8954812288284302, 0.8971645832061768, 0.8988479375839233, 0.9005312919616699, 0.9022146463394165, 0.9038980007171631, 0.9055813550949097, 0.9072647094726562, 0.9089481234550476, 0.9106314778327942, 0.9123148322105408, 0.9139981865882874, 0.9156815409660339, 0.9173648953437805, 0.9190482497215271, 0.9207316040992737, 0.9224149584770203, 0.9240983128547668, 0.9257816672325134, 0.92746502161026, 0.9291483759880066, 0.9308317303657532, 0.9325150847434998, 0.9341984987258911, 0.9358818531036377, 0.9375652074813843, 0.9392485618591309, 0.9409319162368774, 0.942615270614624, 0.9442986249923706, 0.9459819793701172, 0.9476653337478638, 0.9493486881256104, 0.9510320425033569, 0.9527153968811035, 0.9543987512588501, 0.9560821056365967, 0.9577654600143433, 0.9594488143920898, 0.9611321687698364, 0.962815523147583, 0.9644989371299744, 0.966182291507721, 0.9678656458854675, 0.9695490002632141, 0.9712323546409607, 0.9729157090187073, 0.9745990633964539, 0.9762824177742004, 0.977965772151947, 0.9796491265296936, 0.9813324809074402, 0.9830158352851868, 0.9846991896629333, 0.9863826036453247, 0.9880659580230713, 0.9897493124008179, 0.9914326667785645, 0.993116021156311, 0.9947993755340576, 0.9964827299118042, 0.9981660842895508, 0.9998494386672974, 1.001532793045044]}, "params/['params']['last']['kernel']": {"_type": "histogram", "values": [0, 0, 0, 0, 0, 0, 0, 0, 0, 0, 0, 0, 0, 0, 0, 0, 0, 0, 0, 0, 0, 0, 0, 0, 0, 0, 0, 0, 0, 0, 0, 0, 30, 0, 0, 0, 0, 0, 0, 0, 0, 0, 0, 0, 0, 0, 0, 0, 0, 0, 0, 0, 0, 0, 0, 0, 0, 0, 0, 0, 0, 0, 0, 0], "bins": [-0.5, -0.484375, -0.46875, -0.453125, -0.4375, -0.421875, -0.40625, -0.390625, -0.375, -0.359375, -0.34375, -0.328125, -0.3125, -0.296875, -0.28125, -0.265625, -0.25, -0.234375, -0.21875, -0.203125, -0.1875, -0.171875, -0.15625, -0.140625, -0.125, -0.109375, -0.09375, -0.078125, -0.0625, -0.046875, -0.03125, -0.015625, 0.0, 0.015625, 0.03125, 0.046875, 0.0625, 0.078125, 0.09375, 0.109375, 0.125, 0.140625, 0.15625, 0.171875, 0.1875, 0.203125, 0.21875, 0.234375, 0.25, 0.265625, 0.28125, 0.296875, 0.3125, 0.328125, 0.34375, 0.359375, 0.375, 0.390625, 0.40625, 0.421875, 0.4375, 0.453125, 0.46875, 0.484375, 0.5]}, "params/['params']['layers_0']['linear_layer']['bias']": {"_type": "histogram", "values": [0, 0, 0, 0, 0, 0, 0, 0, 0, 0, 0, 0, 0, 0, 0, 0, 0, 0, 0, 0, 0, 0, 0, 0, 0, 0, 0, 0, 0, 0, 0, 0, 18, 0, 0, 0, 0, 0, 0, 0, 0, 0, 0, 0, 0, 0, 0, 0, 0, 0, 0, 0, 0, 0, 0, 0, 0, 0, 0, 0, 0, 0, 0, 0], "bins": [-0.5, -0.484375, -0.46875, -0.453125, -0.4375, -0.421875, -0.40625, -0.390625, -0.375, -0.359375, -0.34375, -0.328125, -0.3125, -0.296875, -0.28125, -0.265625, -0.25, -0.234375, -0.21875, -0.203125, -0.1875, -0.171875, -0.15625, -0.140625, -0.125, -0.109375, -0.09375, -0.078125, -0.0625, -0.046875, -0.03125, -0.015625, 0.0, 0.015625, 0.03125, 0.046875, 0.0625, 0.078125, 0.09375, 0.109375, 0.125, 0.140625, 0.15625, 0.171875, 0.1875, 0.203125, 0.21875, 0.234375, 0.25, 0.265625, 0.28125, 0.296875, 0.3125, 0.328125, 0.34375, 0.359375, 0.375, 0.390625, 0.40625, 0.421875, 0.4375, 0.453125, 0.46875, 0.484375, 0.5]}, "params/['params']['layers_0']['linear_layer']['kernel']": {"_type": "histogram", "values": [1, 0, 0, 0, 0, 1, 0, 1, 1, 0, 0, 2, 1, 0, 0, 0, 0, 0, 1, 1, 0, 1, 0, 0, 1, 3, 1, 0, 1, 1, 1, 0, 1, 1, 0, 0, 1, 1, 1, 2, 1, 0, 0, 2, 0, 1, 1, 1, 0, 0, 0, 0, 1, 0, 0, 1, 0, 1, 0, 0, 1, 0, 0, 1], "bins": [-1.5669474601745605, -1.519828200340271, -1.472708821296692, -1.4255895614624023, -1.3784701824188232, -1.3313509225845337, -1.2842316627502441, -1.237112283706665, -1.189992904663086, -1.1428736448287964, -1.0957543849945068, -1.0486350059509277, -1.0015157461166382, -0.9543964266777039, -0.9072771072387695, -0.8601577877998352, -0.8130384683609009, -0.7659191489219666, -0.7187998294830322, -0.6716805100440979, -0.6245611906051636, -0.577441930770874, -0.5303225517272949, -0.48320329189300537, -0.4360840320587158, -0.3889646530151367, -0.34184539318084717, -0.29472601413726807, -0.24760675430297852, -0.20048737525939941, -0.15336811542510986, -0.10624873638153076, -0.05912947654724121, -0.01201021671295166, 0.03510916233062744, 0.08222842216491699, 0.1293478012084961, 0.17646706104278564, 0.22358644008636475, 0.2707056999206543, 0.3178250789642334, 0.36494433879852295, 0.4120635986328125, 0.4591829776763916, 0.5063023567199707, 0.5534214973449707, 0.6005408763885498, 0.6476602554321289, 0.6947793960571289, 0.741898775100708, 0.7890181541442871, 0.8361375331878662, 0.8832566738128662, 0.9303760528564453, 0.9774954319000244, 1.0246148109436035, 1.0717339515686035, 1.1188533306121826, 1.1659727096557617, 1.2130918502807617, 1.2602112293243408, 1.30733060836792, 1.354449987411499, 1.401569128036499, 1.4486885070800781]}, "_wandb": {"runtime": 10}}