{"loss": 0.35607531666755676, "_timestamp": 1739302131.210769, "_runtime": 184.38154792785645, "_step": 27, "params/['params']['last']['bias']": {"_type": "histogram", "values": [1, 0, 0, 0, 0, 0, 0, 0, 0, 0, 0, 0, 0, 0, 0, 0, 0, 0, 0, 0, 0, 0, 0, 0, 0, 0, 0, 0, 0, 0, 0, 0, 0, 0, 0, 0, 0, 0, 0, 0, 0, 0, 0, 0, 0, 0, 0, 0, 0, 0, 0, 0, 0, 0, 0, 0, 0, 0, 0, 0, 0, 0, 0, 1], "bins": [1.000105381011963, 1.0017238855361938, 1.0033423900604248, 1.0049608945846558, 1.0065792798995972, 1.0081977844238281, 1.009816288948059, 1.01143479347229, 1.013053297996521, 1.014671802520752, 1.0162901878356934, 1.0179086923599243, 1.0195271968841553, 1.0211457014083862, 1.0227642059326172, 1.0243827104568481, 1.026001214981079, 1.0276196002960205, 1.0292381048202515, 1.0308566093444824, 1.0324751138687134, 1.0340936183929443, 1.0357121229171753, 1.0373305082321167, 1.0389490127563477, 1.0405675172805786, 1.0421860218048096, 1.0438045263290405, 1.0454230308532715, 1.047041416168213, 1.0486599206924438, 1.0502784252166748, 1.0518969297409058, 1.0535154342651367, 1.0551339387893677, 1.0567524433135986, 1.05837082862854, 1.059989333152771, 1.061607837677002, 1.063226342201233, 1.0648448467254639, 1.0664633512496948, 1.0680817365646362, 1.0697002410888672, 1.0713187456130981, 1.072937250137329, 1.07455575466156, 1.076174259185791, 1.0777926445007324, 1.0794111490249634, 1.0810296535491943, 1.0826481580734253, 1.0842666625976562, 1.0858851671218872, 1.0875036716461182, 1.0891220569610596, 1.0907405614852905, 1.0923590660095215, 1.0939775705337524, 1.0955960750579834, 1.0972145795822144, 1.0988330841064453, 1.1004514694213867, 1.1020699739456177, 1.1036884784698486]}, "params/['params']['last']['kernel']": {"_type": "histogram", "values": [0, 0, 0, 0, 0, 0, 0, 0, 0, 0, 0, 0, 0, 0, 0, 0, 0, 0, 0, 0, 0, 0, 0, 0, 0, 0, 0, 0, 0, 0, 0, 0, 12, 0, 0, 0, 0, 0, 0, 0, 0, 0, 0, 0, 0, 0, 0, 0, 0, 0, 0, 0, 0, 0, 0, 0, 0, 0, 0, 0, 0, 0, 0, 0], "bins": [-0.5, -0.484375, -0.46875, -0.453125, -0.4375, -0.421875, -0.40625, -0.390625, -0.375, -0.359375, -0.34375, -0.328125, -0.3125, -0.296875, -0.28125, -0.265625, -0.25, -0.234375, -0.21875, -0.203125, -0.1875, -0.171875, -0.15625, -0.140625, -0.125, -0.109375, -0.09375, -0.078125, -0.0625, -0.046875, -0.03125, -0.015625, 0.0, 0.015625, 0.03125, 0.046875, 0.0625, 0.078125, 0.09375, 0.109375, 0.125, 0.140625, 0.15625, 0.171875, 0.1875, 0.203125, 0.21875, 0.234375, 0.25, 0.265625, 0.28125, 0.296875, 0.3125, 0.328125, 0.34375, 0.359375, 0.375, 0.390625, 0.40625, 0.421875, 0.4375, 0.453125, 0.46875, 0.484375, 0.5]}, "params/['params']['layers_0']['linear_layer']['bias']": {"_type": "histogram", "values": [0, 0, 0, 0, 0, 0, 0, 0, 0, 0, 0, 0, 0, 0, 0, 0, 0, 0, 0, 0, 0, 0, 0, 0, 0, 0, 0, 0, 0, 0, 0, 0, 8, 0, 0, 0, 0, 0, 0, 0, 0, 0, 0, 0, 0, 0, 0, 0, 0, 0, 0, 0, 0, 0, 0, 0, 0, 0, 0, 0, 0, 0, 0, 0], "bins": [-0.5, -0.484375, -0.46875, -0.453125, -0.4375, -0.421875, -0.40625, -0.390625, -0.375, -0.359375, -0.34375, -0.328125, -0.3125, -0.296875, -0.28125, -0.265625, -0.25, -0.234375, -0.21875, -0.203125, -0.1875, -0.171875, -0.15625, -0.140625, -0.125, -0.109375, -0.09375, -0.078125, -0.0625, -0.046875, -0.03125, -0.015625, 0.0, 0.015625, 0.03125, 0.046875, 0.0625, 0.078125, 0.09375, 0.109375, 0.125, 0.140625, 0.15625, 0.171875, 0.1875, 0.203125, 0.21875, 0.234375, 0.25, 0.265625, 0.28125, 0.296875, 0.3125, 0.328125, 0.34375, 0.359375, 0.375, 0.390625, 0.40625, 0.421875, 0.4375, 0.453125, 0.46875, 0.484375, 0.5]}, "params/['params']['layers_0']['linear_layer']['kernel']": {"_type": "histogram", "values": [1, 0, 0, 1, 0, 0, 0, 0, 0, 0, 0, 0, 0, 0, 0, 0, 0, 0, 0, 0, 0, 0, 0, 0, 0, 0, 0, 0, 0, 0, 0, 1, 1, 0, 0, 0, 0, 0, 0, 0, 0, 0, 0, 1, 0, 0, 0, 0, 0, 0, 0, 0, 1, 0, 0, 0, 0, 0, 0, 1, 0, 0, 0, 1], "bins": [-0.5415176153182983, -0.522014319896698, -0.5025110244750977, -0.4830077290534973, -0.46350446343421936, -0.444001168012619, -0.4244978725910187, -0.4049946069717407, -0.3854913115501404, -0.36598801612854004, -0.3464847207069397, -0.32698142528533936, -0.307478129863739, -0.28797483444213867, -0.2684715688228607, -0.24896827340126038, -0.22946497797966003, -0.2099616825580597, -0.19045838713645935, -0.1709551215171814, -0.15145182609558105, -0.1319485306739807, -0.11244523525238037, -0.09294193983078003, -0.07343864440917969, -0.05393537878990173, -0.034432053565979004, -0.014928817749023438, 0.004574477672576904, 0.024077773094177246, 0.04358106851577759, 0.06308436393737793, 0.08258765935897827, 0.10209095478057861, 0.12159425020217896, 0.1410975456237793, 0.16060084104537964, 0.18010413646697998, 0.19960737228393555, 0.2191106677055359, 0.23861396312713623, 0.2581172585487366, 0.2776205539703369, 0.29712384939193726, 0.3166271448135376, 0.33613044023513794, 0.3556337356567383, 0.3751370310783386, 0.39464032649993896, 0.41414356231689453, 0.4336468577384949, 0.4531501531600952, 0.47265350818634033, 0.4921567440032959, 0.5116599798202515, 0.5311633348464966, 0.5506665706634521, 0.5701699256896973, 0.5896731615066528, 0.609176516532898, 0.6286797523498535, 0.6481831073760986, 0.6676863431930542, 0.6871896982192993, 0.7066929340362549]}, "params/['params']['layers_1']['linear_layer']['bias']": {"_type": "histogram", "values": [0, 0, 0, 0, 0, 0, 0, 0, 0, 0, 0, 0, 0, 0, 0, 0, 0, 0, 0, 0, 0, 0, 0, 0, 0, 0, 0, 0, 0, 0, 0, 0, 8, 0, 0, 0, 0, 0, 0, 0, 0, 0, 0, 0, 0, 0, 0, 0, 0, 0, 0, 0, 0, 0, 0, 0, 0, 0, 0, 0, 0, 0, 0, 0], "bins": [-0.5, -0.484375, -0.46875, -0.453125, -0.4375, -0.421875, -0.40625, -0.390625, -0.375, -0.359375, -0.34375, -0.328125, -0.3125, -0.296875, -0.28125, -0.265625, -0.25, -0.234375, -0.21875, -0.203125, -0.1875, -0.171875, -0.15625, -0.140625, -0.125, -0.109375, -0.09375, -0.078125, -0.0625, -0.046875, -0.03125, -0.015625, 0.0, 0.015625, 0.03125, 0.046875, 0.0625, 0.078125, 0.09375, 0.109375, 0.125, 0.140625, 0.15625, 0.171875, 0.1875, 0.203125, 0.21875, 0.234375, 0.25, 0.265625, 0.28125, 0.296875, 0.3125, 0.328125, 0.34375, 0.359375, 0.375, 0.390625, 0.40625, 0.421875, 0.4375, 0.453125, 0.46875, 0.484375, 0.5]}, "params/['params']['layers_1']['linear_layer']['kernel']": {"_type": "histogram", "values": [1, 1, 0, 0, 0, 0, 0, 0, 0, 0, 0, 0, 2, 0, 0, 0, 1, 1, 2, 0, 1, 0, 2, 0, 1, 1, 0, 1, 1, 0, 0, 2, 0, 1, 2, 1, 3, 1, 1, 1, 0, 1, 1, 1, 3, 1, 0, 1, 1, 1, 0, 1, 1, 3, 2, 0, 1, 0, 1, 0, 1, 0, 0, 1], "bins": [-0.8993481397628784, -0.8741751909255981, -0.8490023016929626, -0.8238293528556824, -0.7986564636230469, -0.7734835147857666, -0.7483105659484863, -0.723137617111206, -0.6979647278785706, -0.6727918386459351, -0.6476188898086548, -0.6224459409713745, -0.5972729921340942, -0.5721001029014587, -0.5469271540641785, -0.521754264831543, -0.4965813159942627, -0.4714083969593048, -0.4462354779243469, -0.42106252908706665, -0.39588963985443115, -0.3707166910171509, -0.3455437421798706, -0.3203708529472351, -0.29519790410995483, -0.27002495527267456, -0.24485206604003906, -0.2196791172027588, -0.19450616836547852, -0.16933327913284302, -0.14416033029556274, -0.11898744106292725, -0.09381449222564697, -0.0686415433883667, -0.0434686541557312, -0.018295705318450928, 0.00687718391418457, 0.032050132751464844, 0.05722308158874512, 0.08239597082138062, 0.10756886005401611, 0.1327418088912964, 0.15791475772857666, 0.18308770656585693, 0.2082606554031372, 0.23343360424041748, 0.2586064338684082, 0.2837793827056885, 0.30895233154296875, 0.334125280380249, 0.3592982292175293, 0.38447105884552, 0.4096440076828003, 0.43481695652008057, 0.45998990535736084, 0.4851628541946411, 0.5103358030319214, 0.5355086326599121, 0.5606815814971924, 0.5858545303344727, 0.6110274791717529, 0.6362004280090332, 0.6613732576370239, 0.6865462064743042, 0.7117192149162292]}, "_wandb": {"runtime": 183}}