{"loss": 0.3581501543521881, "_timestamp": 1739299926.744841, "_runtime": 197.2719120979309, "_step": 25, "params/['params']['last']['bias']": {"_type": "histogram", "values": [1, 0, 0, 0, 0, 0, 0, 0, 0, 0, 0, 0, 0, 0, 0, 0, 0, 0, 0, 0, 0, 0, 0, 0, 0, 0, 0, 0, 0, 0, 0, 0, 0, 0, 0, 0, 0, 0, 0, 0, 0, 0, 0, 0, 0, 0, 0, 0, 0, 0, 0, 0, 0, 0, 0, 0, 0, 0, 0, 0, 0, 0, 0, 1], "bins": [1.0000994205474854, 1.0017191171646118, 1.0033386945724487, 1.0049583911895752, 1.006577968597412, 1.0081976652145386, 1.009817361831665, 1.011436939239502, 1.0130566358566284, 1.0146762132644653, 1.0162959098815918, 1.0179156064987183, 1.0195351839065552, 1.0211548805236816, 1.022774577140808, 1.024394154548645, 1.0260138511657715, 1.0276334285736084, 1.0292531251907349, 1.0308728218078613, 1.0324923992156982, 1.0341120958328247, 1.0357316732406616, 1.037351369857788, 1.0389710664749146, 1.0405906438827515, 1.042210340499878, 1.0438299179077148, 1.0454496145248413, 1.0470693111419678, 1.0486888885498047, 1.0503085851669312, 1.0519282817840576, 1.0535478591918945, 1.055167555809021, 1.056787133216858, 1.0584068298339844, 1.0600265264511108, 1.0616461038589478, 1.0632658004760742, 1.0648853778839111, 1.0665050745010376, 1.068124771118164, 1.069744348526001, 1.0713640451431274, 1.0729836225509644, 1.0746033191680908, 1.0762230157852173, 1.0778425931930542, 1.0794622898101807, 1.0810818672180176, 1.082701563835144, 1.0843212604522705, 1.0859408378601074, 1.0875605344772339, 1.0891802310943604, 1.0907998085021973, 1.0924195051193237, 1.0940390825271606, 1.095658779144287, 1.0972784757614136, 1.0988980531692505, 1.100517749786377, 1.1021373271942139, 1.1037570238113403]}, "params/['params']['last']['kernel']": {"_type": "histogram", "values": [0, 0, 0, 0, 0, 0, 0, 0, 0, 0, 0, 0, 0, 0, 0, 0, 0, 0, 0, 0, 0, 0, 0, 0, 0, 0, 0, 0, 0, 0, 0, 0, 30, 0, 0, 0, 0, 0, 0, 0, 0, 0, 0, 0, 0, 0, 0, 0, 0, 0, 0, 0, 0, 0, 0, 0, 0, 0, 0, 0, 0, 0, 0, 0], "bins": [-0.5, -0.484375, -0.46875, -0.453125, -0.4375, -0.421875, -0.40625, -0.390625, -0.375, -0.359375, -0.34375, -0.328125, -0.3125, -0.296875, -0.28125, -0.265625, -0.25, -0.234375, -0.21875, -0.203125, -0.1875, -0.171875, -0.15625, -0.140625, -0.125, -0.109375, -0.09375, -0.078125, -0.0625, -0.046875, -0.03125, -0.015625, 0.0, 0.015625, 0.03125, 0.046875, 0.0625, 0.078125, 0.09375, 0.109375, 0.125, 0.140625, 0.15625, 0.171875, 0.1875, 0.203125, 0.21875, 0.234375, 0.25, 0.265625, 0.28125, 0.296875, 0.3125, 0.328125, 0.34375, 0.359375, 0.375, 0.390625, 0.40625, 0.421875, 0.4375, 0.453125, 0.46875, 0.484375, 0.5]}, "params/['params']['layers_0']['linear_layer']['bias']": {"_type": "histogram", "values": [0, 0, 0, 0, 0, 0, 0, 0, 0, 0, 0, 0, 0, 0, 0, 0, 0, 0, 0, 0, 0, 0, 0, 0, 0, 0, 0, 0, 0, 0, 0, 0, 18, 0, 0, 0, 0, 0, 0, 0, 0, 0, 0, 0, 0, 0, 0, 0, 0, 0, 0, 0, 0, 0, 0, 0, 0, 0, 0, 0, 0, 0, 0, 0], "bins": [-0.5, -0.484375, -0.46875, -0.453125, -0.4375, -0.421875, -0.40625, -0.390625, -0.375, -0.359375, -0.34375, -0.328125, -0.3125, -0.296875, -0.28125, -0.265625, -0.25, -0.234375, -0.21875, -0.203125, -0.1875, -0.171875, -0.15625, -0.140625, -0.125, -0.109375, -0.09375, -0.078125, -0.0625, -0.046875, -0.03125, -0.015625, 0.0, 0.015625, 0.03125, 0.046875, 0.0625, 0.078125, 0.09375, 0.109375, 0.125, 0.140625, 0.15625, 0.171875, 0.1875, 0.203125, 0.21875, 0.234375, 0.25, 0.265625, 0.28125, 0.296875, 0.3125, 0.328125, 0.34375, 0.359375, 0.375, 0.390625, 0.40625, 0.421875, 0.4375, 0.453125, 0.46875, 0.484375, 0.5]}, "params/['params']['layers_0']['linear_layer']['kernel']": {"_type": "histogram", "values": [1, 0, 0, 0, 0, 0, 1, 0, 0, 1, 0, 1, 0, 0, 0, 0, 0, 0, 2, 0, 0, 1, 0, 0, 1, 1, 0, 0, 1, 0, 0, 1, 0, 0, 0, 1, 0, 0, 0, 0, 0, 1, 0, 1, 0, 0, 1, 0, 0, 1, 0, 0, 0, 0, 0, 0, 0, 0, 0, 1, 0, 0, 0, 1], "bins": [-1.8046317100524902, -1.7491544485092163, -1.6936771869659424, -1.6381999254226685, -1.5827226638793945, -1.5272454023361206, -1.4717681407928467, -1.4162908792495728, -1.3608136177062988, -1.305336356163025, -1.249859094619751, -1.194381833076477, -1.1389045715332031, -1.0834273099899292, -1.0279500484466553, -0.9724727869033813, -0.9169955253601074, -0.8615182638168335, -0.8060410022735596, -0.7505637407302856, -0.6950864791870117, -0.6396092176437378, -0.5841319561004639, -0.5286546945571899, -0.473177433013916, -0.4177001714706421, -0.36222290992736816, -0.30674564838409424, -0.2512683868408203, -0.1957911252975464, -0.14031386375427246, -0.08483660221099854, -0.02935934066772461, 0.026117920875549316, 0.08159518241882324, 0.13707244396209717, 0.1925497055053711, 0.24802684783935547, 0.30350422859191895, 0.3589816093444824, 0.4144587516784668, 0.46993589401245117, 0.5254132747650146, 0.5808906555175781, 0.6363677978515625, 0.6918449401855469, 0.7473223209381104, 0.8027997016906738, 0.8582768440246582, 0.9137539863586426, 0.969231367111206, 1.0247087478637695, 1.080185890197754, 1.1356630325317383, 1.1911404132843018, 1.2466177940368652, 1.3020949363708496, 1.357572078704834, 1.4130494594573975, 1.468526840209961, 1.5240039825439453, 1.5794811248779297, 1.6349585056304932, 1.6904358863830566, 1.7459131479263306]}, "_wandb": {"runtime": 196}}