{"loss": 0.0012214763555675745, "_timestamp": 1739992349.7872436, "_runtime": 164.7088816165924, "_step": 2793, "params/['params']['last']['bias']": {"_type": "histogram", "values": [0, 0, 0, 0, 0, 0, 0, 0, 0, 0, 0, 0, 0, 0, 0, 0, 0, 0, 0, 0, 0, 0, 0, 0, 0, 0, 0, 0, 0, 0, 0, 0, 2, 0, 0, 0, 0, 0, 0, 0, 0, 0, 0, 0, 0, 0, 0, 0, 0, 0, 0, 0, 0, 0, 0, 0, 0, 0, 0, 0, 0, 0, 0, 0], "bins": [-0.5, -0.484375, -0.46875, -0.453125, -0.4375, -0.421875, -0.40625, -0.390625, -0.375, -0.359375, -0.34375, -0.328125, -0.3125, -0.296875, -0.28125, -0.265625, -0.25, -0.234375, -0.21875, -0.203125, -0.1875, -0.171875, -0.15625, -0.140625, -0.125, -0.109375, -0.09375, -0.078125, -0.0625, -0.046875, -0.03125, -0.015625, 0.0, 0.015625, 0.03125, 0.046875, 0.0625, 0.078125, 0.09375, 0.109375, 0.125, 0.140625, 0.15625, 0.171875, 0.1875, 0.203125, 0.21875, 0.234375, 0.25, 0.265625, 0.28125, 0.296875, 0.3125, 0.328125, 0.34375, 0.359375, 0.375, 0.390625, 0.40625, 0.421875, 0.4375, 0.453125, 0.46875, 0.484375, 0.5]}, "params/['params']['last']['kernel']": {"_type": "histogram", "values": [1, 0, 0, 0, 0, 0, 0, 0, 0, 0, 0, 0, 0, 0, 0, 0, 0, 0, 0, 0, 0, 0, 0, 0, 0, 0, 0, 0, 0, 0, 0, 0, 0, 0, 0, 0, 0, 0, 0, 0, 29, 4, 0, 0, 0, 0, 0, 0, 1, 0, 0, 0, 0, 0, 0, 0, 0, 0, 0, 0, 0, 0, 0, 1], "bins": [-0.11721562594175339, -0.11429959535598755, -0.11138355731964111, -0.10846752673387527, -0.10555149614810944, -0.102635458111763, -0.09971942752599716, -0.09680339694023132, -0.09388735890388489, -0.09097132831811905, -0.08805529773235321, -0.08513925969600677, -0.08222322911024094, -0.0793071985244751, -0.07639116048812866, -0.07347513735294342, -0.07055909931659698, -0.06764306128025055, -0.06472703814506531, -0.06181100010871887, -0.05889496952295303, -0.055978935211896896, -0.05306290090084076, -0.05014687031507492, -0.047230832278728485, -0.044314801692962646, -0.04139877110719681, -0.03848274052143097, -0.035566702485084534, -0.032650671899318695, -0.029734641313552856, -0.02681860327720642, -0.023902572691440582, -0.020986542105674744, -0.018070504069328308, -0.01515447348356247, -0.01223844289779663, -0.009322404861450195, -0.006406374275684357, -0.003490343689918518, -0.0005743131041526794, 0.002341724932193756, 0.005257755517959595, 0.008173786103725433, 0.011089824140071869, 0.014005862176418304, 0.016921885311603546, 0.01983792334794998, 0.022753961384296417, 0.02566998451948166, 0.028586022555828094, 0.031502045691013336, 0.03441808372735977, 0.03733412176370621, 0.04025014489889145, 0.043166182935237885, 0.04608222097158432, 0.04899824410676956, 0.051914282143116, 0.05483032017946243, 0.057746343314647675, 0.06066238135099411, 0.06357841938734055, 0.06649444252252579, 0.06941048055887222]}, "params/['params']['layers_0']['linear_layer']['bias']": {"_type": "histogram", "values": [0, 0, 0, 0, 0, 0, 0, 0, 0, 0, 0, 0, 0, 0, 0, 0, 0, 0, 0, 0, 0, 0, 0, 0, 0, 0, 0, 0, 0, 0, 0, 0, 22, 0, 0, 0, 0, 0, 0, 0, 0, 0, 0, 0, 0, 0, 0, 0, 0, 0, 0, 0, 0, 0, 0, 0, 0, 0, 0, 0, 0, 0, 0, 0], "bins": [-0.5, -0.484375, -0.46875, -0.453125, -0.4375, -0.421875, -0.40625, -0.390625, -0.375, -0.359375, -0.34375, -0.328125, -0.3125, -0.296875, -0.28125, -0.265625, -0.25, -0.234375, -0.21875, -0.203125, -0.1875, -0.171875, -0.15625, -0.140625, -0.125, -0.109375, -0.09375, -0.078125, -0.0625, -0.046875, -0.03125, -0.015625, 0.0, 0.015625, 0.03125, 0.046875, 0.0625, 0.078125, 0.09375, 0.109375, 0.125, 0.140625, 0.15625, 0.171875, 0.1875, 0.203125, 0.21875, 0.234375, 0.25, 0.265625, 0.28125, 0.296875, 0.3125, 0.328125, 0.34375, 0.359375, 0.375, 0.390625, 0.40625, 0.421875, 0.4375, 0.453125, 0.46875, 0.484375, 0.5]}, "params/['params']['layers_0']['linear_layer']['kernel']": {"_type": "histogram", "values": [1, 0, 0, 0, 0, 0, 0, 0, 0, 0, 0, 0, 0, 0, 0, 0, 0, 0, 0, 0, 82, 0, 0, 0, 0, 0, 0, 0, 0, 0, 0, 0, 0, 0, 0, 0, 0, 0, 0, 0, 2, 0, 0, 0, 0, 0, 0, 0, 0, 0, 0, 0, 0, 2, 0, 0, 0, 0, 0, 0, 0, 0, 0, 1], "bins": [-0.28620973229408264, -0.27209973335266113, -0.257989764213562, -0.2438797801733017, -0.22976979613304138, -0.21565981209278107, -0.20154982805252075, -0.18743984401226044, -0.17332985997200012, -0.1592198759317398, -0.1451098918914795, -0.13099990785121918, -0.11688992381095886, -0.10277993977069855, -0.08866995573043823, -0.07455997169017792, -0.0604499876499176, -0.04634000360965729, -0.03223001956939697, -0.018120020627975464, -0.004010051488876343, 0.010099917650222778, 0.024209916591644287, 0.038319915533065796, 0.05242988467216492, 0.06653985381126404, 0.08064985275268555, 0.09475985169410706, 0.10886982083320618, 0.1229797899723053, 0.1370897889137268, 0.15119978785514832, 0.16530975699424744, 0.17941972613334656, 0.19352972507476807, 0.20763972401618958, 0.2217496931552887, 0.23585966229438782, 0.2499696910381317, 0.26407966017723083, 0.27818962931632996, 0.2922995984554291, 0.3064095675945282, 0.3205195963382721, 0.3346295654773712, 0.34873953461647034, 0.36284956336021423, 0.37695953249931335, 0.3910695016384125, 0.4051794707775116, 0.4192894399166107, 0.4333994686603546, 0.44750943779945374, 0.46161940693855286, 0.47572943568229675, 0.4898394048213959, 0.5039494037628174, 0.5180593729019165, 0.5321693420410156, 0.5462793111801147, 0.5603892803192139, 0.574499249458313, 0.5886093378067017, 0.6027193069458008, 0.6168292164802551]}, "params/['params']['layers_1']['linear_layer']['bias']": {"_type": "histogram", "values": [0, 0, 0, 0, 0, 0, 0, 0, 0, 0, 0, 0, 0, 0, 0, 0, 0, 0, 0, 0, 0, 0, 0, 0, 0, 0, 0, 0, 0, 0, 0, 0, 22, 0, 0, 0, 0, 0, 0, 0, 0, 0, 0, 0, 0, 0, 0, 0, 0, 0, 0, 0, 0, 0, 0, 0, 0, 0, 0, 0, 0, 0, 0, 0], "bins": [-0.5, -0.484375, -0.46875, -0.453125, -0.4375, -0.421875, -0.40625, -0.390625, -0.375, -0.359375, -0.34375, -0.328125, -0.3125, -0.296875, -0.28125, -0.265625, -0.25, -0.234375, -0.21875, -0.203125, -0.1875, -0.171875, -0.15625, -0.140625, -0.125, -0.109375, -0.09375, -0.078125, -0.0625, -0.046875, -0.03125, -0.015625, 0.0, 0.015625, 0.03125, 0.046875, 0.0625, 0.078125, 0.09375, 0.109375, 0.125, 0.140625, 0.15625, 0.171875, 0.1875, 0.203125, 0.21875, 0.234375, 0.25, 0.265625, 0.28125, 0.296875, 0.3125, 0.328125, 0.34375, 0.359375, 0.375, 0.390625, 0.40625, 0.421875, 0.4375, 0.453125, 0.46875, 0.484375, 0.5]}, "params/['params']['layers_1']['linear_layer']['kernel']": {"_type": "histogram", "values": [2, 0, 0, 0, 0, 0, 1, 0, 0, 388, 0, 0, 0, 0, 0, 0, 0, 0, 0, 0, 0, 0, 1, 0, 0, 0, 0, 0, 0, 0, 0, 0, 0, 0, 0, 0, 0, 0, 2, 0, 0, 0, 0, 0, 0, 0, 0, 0, 0, 0, 0, 0, 0, 0, 0, 1, 0, 0, 0, 0, 0, 0, 0, 1], "bins": [-0.43703100085258484, -0.391308069229126, -0.3455851376056671, -0.29986220598220825, -0.2541393041610718, -0.20841635763645172, -0.16269344091415405, -0.11697050929069519, -0.07124757766723633, -0.025524646043777466, 0.020198285579681396, 0.06592121720314026, 0.11164411902427673, 0.15736708045005798, 0.20308998227119446, 0.2488129436969757, 0.2945358455181122, 0.34025874733924866, 0.3859817087650299, 0.4317046105861664, 0.47742757201194763, 0.5231504440307617, 0.568873405456543, 0.6145963668823242, 0.6603192090988159, 0.7060421705245972, 0.7517651319503784, 0.7974879741668701, 0.8432109355926514, 0.8889338970184326, 0.9346568584442139, 0.9803797006607056, 1.0261026620864868, 1.071825623512268, 1.1175484657287598, 1.163271427154541, 1.2089943885803223, 1.2547173500061035, 1.3004401922225952, 1.3461631536483765, 1.3918861150741577, 1.4376089572906494, 1.4833319187164307, 1.529054880142212, 1.5747778415679932, 1.6205008029937744, 1.6662237644195557, 1.7119464874267578, 1.757669448852539, 1.8033924102783203, 1.8491153717041016, 1.8948383331298828, 1.940561294555664, 1.9862842559814453, 2.0320069789886475, 2.0777299404144287, 2.12345290184021, 2.169175863265991, 2.2148988246917725, 2.2606217861175537, 2.306344747543335, 2.352067470550537, 2.3977904319763184, 2.4435133934020996, 2.489236354827881]}, "validation_loss": 0.0012189853005111217, "_wandb": {"runtime": 166}}