{"loss": 0.3581516444683075, "_timestamp": 1739303206.5277348, "_runtime": 204.8472638130188, "_step": 27, "params/['params']['last']['bias']": {"_type": "histogram", "values": [1, 0, 0, 0, 0, 0, 0, 0, 0, 0, 0, 0, 0, 0, 0, 0, 0, 0, 0, 0, 0, 0, 0, 0, 0, 0, 0, 0, 0, 0, 0, 0, 0, 0, 0, 0, 0, 0, 0, 0, 0, 0, 0, 0, 0, 0, 0, 0, 0, 0, 0, 0, 0, 0, 0, 0, 0, 0, 0, 0, 0, 0, 0, 1], "bins": [1.0000994205474854, 1.0017189979553223, 1.0033386945724487, 1.0049582719802856, 1.006577968597412, 1.008197546005249, 1.009817123413086, 1.0114368200302124, 1.0130563974380493, 1.0146759748458862, 1.0162956714630127, 1.0179152488708496, 1.0195348262786865, 1.021154522895813, 1.02277410030365, 1.0243937969207764, 1.0260133743286133, 1.0276329517364502, 1.0292526483535767, 1.0308722257614136, 1.03249192237854, 1.034111499786377, 1.0357310771942139, 1.0373507738113403, 1.0389703512191772, 1.0405899286270142, 1.0422096252441406, 1.0438292026519775, 1.0454487800598145, 1.047068476676941, 1.0486880540847778, 1.0503077507019043, 1.0519273281097412, 1.0535469055175781, 1.0551666021347046, 1.0567861795425415, 1.058405876159668, 1.0600254535675049, 1.0616450309753418, 1.0632647275924683, 1.0648843050003052, 1.066503882408142, 1.0681235790252686, 1.0697431564331055, 1.0713627338409424, 1.0729824304580688, 1.0746020078659058, 1.0762217044830322, 1.0778412818908691, 1.079460859298706, 1.0810805559158325, 1.0827001333236694, 1.084319829940796, 1.0859394073486328, 1.0875589847564697, 1.0891786813735962, 1.090798258781433, 1.09241783618927, 1.0940375328063965, 1.0956571102142334, 1.0972766876220703, 1.0988963842391968, 1.1005159616470337, 1.1021356582641602, 1.103755235671997]}, "params/['params']['last']['kernel']": {"_type": "histogram", "values": [0, 0, 0, 0, 0, 0, 0, 0, 0, 0, 0, 0, 0, 0, 0, 0, 0, 0, 0, 0, 0, 0, 0, 0, 0, 0, 0, 0, 0, 0, 0, 0, 42, 0, 0, 0, 0, 0, 0, 0, 0, 0, 0, 0, 0, 0, 0, 0, 0, 0, 0, 0, 0, 0, 0, 0, 0, 0, 0, 0, 0, 0, 0, 0], "bins": [-0.5, -0.484375, -0.46875, -0.453125, -0.4375, -0.421875, -0.40625, -0.390625, -0.375, -0.359375, -0.34375, -0.328125, -0.3125, -0.296875, -0.28125, -0.265625, -0.25, -0.234375, -0.21875, -0.203125, -0.1875, -0.171875, -0.15625, -0.140625, -0.125, -0.109375, -0.09375, -0.078125, -0.0625, -0.046875, -0.03125, -0.015625, 0.0, 0.015625, 0.03125, 0.046875, 0.0625, 0.078125, 0.09375, 0.109375, 0.125, 0.140625, 0.15625, 0.171875, 0.1875, 0.203125, 0.21875, 0.234375, 0.25, 0.265625, 0.28125, 0.296875, 0.3125, 0.328125, 0.34375, 0.359375, 0.375, 0.390625, 0.40625, 0.421875, 0.4375, 0.453125, 0.46875, 0.484375, 0.5]}, "params/['params']['layers_0']['linear_layer']['bias']": {"_type": "histogram", "values": [0, 0, 0, 0, 0, 0, 0, 0, 0, 0, 0, 0, 0, 0, 0, 0, 0, 0, 0, 0, 0, 0, 0, 0, 0, 0, 0, 0, 0, 0, 0, 0, 24, 0, 0, 0, 0, 0, 0, 0, 0, 0, 0, 0, 0, 0, 0, 0, 0, 0, 0, 0, 0, 0, 0, 0, 0, 0, 0, 0, 0, 0, 0, 0], "bins": [-0.5, -0.484375, -0.46875, -0.453125, -0.4375, -0.421875, -0.40625, -0.390625, -0.375, -0.359375, -0.34375, -0.328125, -0.3125, -0.296875, -0.28125, -0.265625, -0.25, -0.234375, -0.21875, -0.203125, -0.1875, -0.171875, -0.15625, -0.140625, -0.125, -0.109375, -0.09375, -0.078125, -0.0625, -0.046875, -0.03125, -0.015625, 0.0, 0.015625, 0.03125, 0.046875, 0.0625, 0.078125, 0.09375, 0.109375, 0.125, 0.140625, 0.15625, 0.171875, 0.1875, 0.203125, 0.21875, 0.234375, 0.25, 0.265625, 0.28125, 0.296875, 0.3125, 0.328125, 0.34375, 0.359375, 0.375, 0.390625, 0.40625, 0.421875, 0.4375, 0.453125, 0.46875, 0.484375, 0.5]}, "params/['params']['layers_0']['linear_layer']['kernel']": {"_type": "histogram", "values": [1, 0, 0, 0, 0, 0, 0, 0, 0, 0, 0, 0, 0, 0, 1, 0, 2, 1, 0, 1, 0, 0, 0, 0, 0, 1, 1, 0, 0, 1, 1, 0, 0, 0, 2, 0, 1, 0, 0, 0, 1, 2, 0, 0, 0, 1, 0, 1, 1, 0, 0, 0, 2, 0, 0, 0, 0, 0, 2, 0, 0, 0, 0, 1], "bins": [-2.180259943008423, -2.1144020557403564, -2.048543930053711, -1.9826860427856445, -1.9168280363082886, -1.8509700298309326, -1.7851120233535767, -1.7192540168762207, -1.6533961296081543, -1.5875380039215088, -1.5216801166534424, -1.4558221101760864, -1.3899641036987305, -1.324106216430664, -1.2582480907440186, -1.1923902034759521, -1.1265321969985962, -1.0606741905212402, -0.9948161840438843, -0.9289582967758179, -0.8631002902984619, -0.797242283821106, -0.73138427734375, -0.665526270866394, -0.5996682643890381, -0.5338103771209717, -0.4679523706436157, -0.40209436416625977, -0.3362363576889038, -0.27037835121154785, -0.20452046394348145, -0.13866233825683594, -0.07280445098876953, -0.006946563720703125, 0.05891156196594238, 0.12476944923400879, 0.1906275749206543, 0.2564854621887207, 0.3223433494567871, 0.3882014751434326, 0.454059362411499, 0.5199174880981445, 0.5857753753662109, 0.6516332626342773, 0.7174913883209229, 0.7833492755889893, 0.8492074012756348, 0.9150652885437012, 0.9809234142303467, 1.046781301498413, 1.1126391887664795, 1.178497314453125, 1.2443552017211914, 1.310213327407837, 1.3760712146759033, 1.4419291019439697, 1.5077872276306152, 1.5736451148986816, 1.6395032405853271, 1.7053611278533936, 1.77121901512146, 1.8370769023895264, 1.902935266494751, 1.9687931537628174, 2.034651041030884]}, "params/['params']['layers_1']['linear_layer']['bias']": {"_type": "histogram", "values": [0, 0, 0, 0, 0, 0, 0, 0, 0, 0, 0, 0, 0, 0, 0, 0, 0, 0, 0, 0, 0, 0, 0, 0, 0, 0, 0, 0, 0, 0, 0, 0, 24, 0, 0, 0, 0, 0, 0, 0, 0, 0, 0, 0, 0, 0, 0, 0, 0, 0, 0, 0, 0, 0, 0, 0, 0, 0, 0, 0, 0, 0, 0, 0], "bins": [-0.5, -0.484375, -0.46875, -0.453125, -0.4375, -0.421875, -0.40625, -0.390625, -0.375, -0.359375, -0.34375, -0.328125, -0.3125, -0.296875, -0.28125, -0.265625, -0.25, -0.234375, -0.21875, -0.203125, -0.1875, -0.171875, -0.15625, -0.140625, -0.125, -0.109375, -0.09375, -0.078125, -0.0625, -0.046875, -0.03125, -0.015625, 0.0, 0.015625, 0.03125, 0.046875, 0.0625, 0.078125, 0.09375, 0.109375, 0.125, 0.140625, 0.15625, 0.171875, 0.1875, 0.203125, 0.21875, 0.234375, 0.25, 0.265625, 0.28125, 0.296875, 0.3125, 0.328125, 0.34375, 0.359375, 0.375, 0.390625, 0.40625, 0.421875, 0.4375, 0.453125, 0.46875, 0.484375, 0.5]}, "params/['params']['layers_1']['linear_layer']['kernel']": {"_type": "histogram", "values": [4, 2, 3, 4, 2, 1, 8, 8, 3, 4, 4, 5, 6, 7, 11, 14, 9, 7, 8, 13, 9, 9, 15, 17, 14, 12, 10, 19, 19, 4, 13, 11, 10, 12, 5, 14, 11, 11, 14, 10, 7, 12, 8, 8, 13, 11, 8, 6, 10, 6, 8, 6, 2, 6, 4, 6, 1, 5, 3, 3, 3, 2, 2, 2], "bins": [-0.49270230531692505, -0.47729384899139404, -0.46188539266586304, -0.44647693634033203, -0.43106845021247864, -0.41565999388694763, -0.4002515375614166, -0.3848430812358856, -0.3694345951080322, -0.3540261387825012, -0.3386176824569702, -0.3232092261314392, -0.3078007698059082, -0.2923923134803772, -0.2769838571548462, -0.2615753710269928, -0.2461669147014618, -0.2307584583759308, -0.21535000205039978, -0.1999415159225464, -0.18453305959701538, -0.16912460327148438, -0.15371614694595337, -0.13830769062042236, -0.12289923429489136, -0.10749074816703796, -0.09208229184150696, -0.07667383551597595, -0.061265379190444946, -0.04585692286491394, -0.030448436737060547, -0.015039980411529541, 0.00036847591400146484, 0.01577693223953247, 0.031185388565063477, 0.04659384489059448, 0.06200230121612549, 0.0774107575416565, 0.09281927347183228, 0.10822772979736328, 0.12363618612289429, 0.1390446424484253, 0.1544530987739563, 0.1698615550994873, 0.1852700114250183, 0.20067846775054932, 0.21608692407608032, 0.23149538040161133, 0.24690383672714233, 0.2623123526573181, 0.2777208089828491, 0.2931292653083801, 0.30853772163391113, 0.32394617795944214, 0.33935463428497314, 0.35476309061050415, 0.37017154693603516, 0.38558000326156616, 0.40098845958709717, 0.41639697551727295, 0.43180543184280396, 0.44721388816833496, 0.46262234449386597, 0.478030800819397, 0.4934392273426056]}, "_wandb": {"runtime": 204}}