{"loss": 0.004306391347199678, "_timestamp": 1739554386.4142725, "_runtime": 169.5187644958496, "_step": 405, "validation_loss": 0.004177189897745848, "params/['params']['last']['bias']": {"_type": "histogram", "values": [1, 0, 0, 0, 0, 0, 0, 0, 0, 0, 0, 0, 0, 0, 0, 0, 0, 0, 0, 0, 0, 0, 0, 0, 0, 0, 0, 0, 0, 0, 0, 0, 0, 0, 0, 0, 0, 0, 0, 0, 0, 0, 0, 0, 0, 0, 0, 0, 0, 0, 0, 0, 0, 0, 0, 0, 0, 0, 0, 0, 0, 0, 0, 1], "bins": [0.0, 0.008256698027253151, 0.016513396054506302, 0.024770094081759453, 0.033026792109012604, 0.041283488273620605, 0.049540188163518906, 0.057796888053417206, 0.06605358421802521, 0.07431028038263321, 0.08256697654724121, 0.09082368016242981, 0.09908037632703781, 0.10733707249164581, 0.11559377610683441, 0.12385047227144241, 0.13210716843605042, 0.140363872051239, 0.14862056076526642, 0.15687726438045502, 0.16513395309448242, 0.17339065670967102, 0.18164736032485962, 0.18990404903888702, 0.19816075265407562, 0.20641745626926422, 0.21467414498329163, 0.22293084859848022, 0.23118755221366882, 0.23944424092769623, 0.24770094454288483, 0.25595763325691223, 0.26421433687210083, 0.27247104048728943, 0.280727744102478, 0.28898441791534424, 0.29724112153053284, 0.30549782514572144, 0.31375452876091003, 0.32201123237609863, 0.33026790618896484, 0.33852460980415344, 0.34678131341934204, 0.35503801703453064, 0.36329472064971924, 0.37155142426490784, 0.37980809807777405, 0.38806480169296265, 0.39632150530815125, 0.40457820892333984, 0.41283491253852844, 0.42109158635139465, 0.42934828996658325, 0.43760499358177185, 0.44586169719696045, 0.45411840081214905, 0.46237510442733765, 0.47063177824020386, 0.47888848185539246, 0.48714518547058105, 0.49540188908576965, 0.5036585927009583, 0.5119152665138245, 0.5201719999313354, 0.5284286737442017]}, "params/['params']['last']['kernel']": {"_type": "histogram", "values": [1, 0, 0, 0, 0, 0, 0, 0, 0, 0, 0, 0, 0, 0, 0, 0, 0, 0, 0, 0, 0, 0, 0, 0, 0, 0, 0, 0, 0, 0, 0, 0, 0, 0, 0, 0, 27, 0, 0, 0, 0, 0, 0, 0, 0, 0, 0, 0, 0, 0, 0, 0, 0, 0, 0, 0, 0, 1, 0, 0, 0, 0, 0, 1], "bins": [-0.229360893368721, -0.2230074554681778, -0.21665401756763458, -0.21030059456825256, -0.20394715666770935, -0.19759371876716614, -0.19124028086662292, -0.1848868429660797, -0.1785334050655365, -0.17217998206615448, -0.16582654416561127, -0.15947310626506805, -0.15311966836452484, -0.14676624536514282, -0.1404128074645996, -0.1340593695640564, -0.12770593166351318, -0.12135249376296997, -0.11499906331300735, -0.10864562541246414, -0.10229219496250153, -0.09593875706195831, -0.0895853191614151, -0.08323188126087189, -0.07687844336032867, -0.07052502036094666, -0.06417158246040344, -0.05781814455986023, -0.05146470665931702, -0.045111268758773804, -0.038757845759391785, -0.03240440785884857, -0.02605096995830536, -0.019697532057762146, -0.013344094157218933, -0.006990671157836914, -0.0006372332572937012, 0.005716204643249512, 0.012069642543792725, 0.018423080444335938, 0.024776503443717957, 0.03112994134426117, 0.03748337924480438, 0.043836817145347595, 0.05019025504589081, 0.05654369294643402, 0.06289713084697723, 0.06925056874752045, 0.07560400664806366, 0.08195741474628448, 0.0883108526468277, 0.09466429054737091, 0.10101772844791412, 0.10737116634845734, 0.11372460424900055, 0.12007804214954376, 0.12643148005008698, 0.1327849179506302, 0.1391383558511734, 0.14549176394939423, 0.15184520184993744, 0.15819863975048065, 0.16455207765102386, 0.17090551555156708, 0.1772589385509491]}, "params/['params']['layers_0']['linear_layer']['bias']": {"_type": "histogram", "values": [0, 0, 0, 0, 0, 0, 0, 0, 0, 0, 0, 0, 0, 0, 0, 0, 0, 0, 0, 0, 0, 0, 0, 0, 0, 0, 0, 0, 0, 0, 0, 0, 18, 0, 0, 0, 0, 0, 0, 0, 0, 0, 0, 0, 0, 0, 0, 0, 0, 0, 0, 0, 0, 0, 0, 0, 0, 0, 0, 0, 0, 0, 0, 0], "bins": [-0.5, -0.484375, -0.46875, -0.453125, -0.4375, -0.421875, -0.40625, -0.390625, -0.375, -0.359375, -0.34375, -0.328125, -0.3125, -0.296875, -0.28125, -0.265625, -0.25, -0.234375, -0.21875, -0.203125, -0.1875, -0.171875, -0.15625, -0.140625, -0.125, -0.109375, -0.09375, -0.078125, -0.0625, -0.046875, -0.03125, -0.015625, 0.0, 0.015625, 0.03125, 0.046875, 0.0625, 0.078125, 0.09375, 0.109375, 0.125, 0.140625, 0.15625, 0.171875, 0.1875, 0.203125, 0.21875, 0.234375, 0.25, 0.265625, 0.28125, 0.296875, 0.3125, 0.328125, 0.34375, 0.359375, 0.375, 0.390625, 0.40625, 0.421875, 0.4375, 0.453125, 0.46875, 0.484375, 0.5]}, "params/['params']['layers_0']['linear_layer']['kernel']": {"_type": "histogram", "values": [1, 0, 1, 0, 0, 65, 0, 0, 0, 0, 0, 1, 0, 0, 0, 0, 0, 1, 0, 0, 0, 0, 0, 0, 0, 0, 0, 0, 0, 0, 0, 0, 0, 0, 0, 0, 0, 0, 1, 0, 0, 0, 0, 1, 0, 0, 0, 0, 0, 0, 0, 0, 0, 0, 0, 0, 0, 0, 0, 0, 0, 0, 0, 1], "bins": [-0.1787097305059433, -0.1461658775806427, -0.1136220246553421, -0.0810781717300415, -0.048534318804740906, -0.015990465879440308, 0.01655338704586029, 0.04909723997116089, 0.08164109289646149, 0.11418493092060089, 0.14672879874706268, 0.17927266657352448, 0.21181650459766388, 0.24436034262180328, 0.27690422534942627, 0.3094480633735657, 0.3419919013977051, 0.3745357394218445, 0.4070795774459839, 0.43962347507476807, 0.47216731309890747, 0.5047111511230469, 0.537255048751831, 0.5697988867759705, 0.6023427248001099, 0.6348865628242493, 0.6674304008483887, 0.6999742984771729, 0.7325181365013123, 0.7650619745254517, 0.7976058721542358, 0.8301496505737305, 0.8626935482025146, 0.8952374458312988, 0.9277812242507935, 0.9603251218795776, 0.9928689002990723, 1.0254127979278564, 1.0579566955566406, 1.0905004739761353, 1.1230443716049194, 1.1555882692337036, 1.1881320476531982, 1.2206759452819824, 1.2532198429107666, 1.2857636213302612, 1.3183075189590454, 1.35085129737854, 1.3833951950073242, 1.4159390926361084, 1.448482871055603, 1.4810267686843872, 1.5135705471038818, 1.546114444732666, 1.5786583423614502, 1.6112021207809448, 1.643746018409729, 1.6762899160385132, 1.7088336944580078, 1.741377592086792, 1.7739214897155762, 1.8064652681350708, 1.8390090465545654, 1.8715529441833496, 1.9040969610214233]}, "params/['params']['layers_1']['linear_layer']['bias']": {"_type": "histogram", "values": [0, 0, 0, 0, 0, 0, 0, 0, 0, 0, 0, 0, 0, 0, 0, 0, 0, 0, 0, 0, 0, 0, 0, 0, 0, 0, 0, 0, 0, 0, 0, 0, 18, 0, 0, 0, 0, 0, 0, 0, 0, 0, 0, 0, 0, 0, 0, 0, 0, 0, 0, 0, 0, 0, 0, 0, 0, 0, 0, 0, 0, 0, 0, 0], "bins": [-0.5, -0.484375, -0.46875, -0.453125, -0.4375, -0.421875, -0.40625, -0.390625, -0.375, -0.359375, -0.34375, -0.328125, -0.3125, -0.296875, -0.28125, -0.265625, -0.25, -0.234375, -0.21875, -0.203125, -0.1875, -0.171875, -0.15625, -0.140625, -0.125, -0.109375, -0.09375, -0.078125, -0.0625, -0.046875, -0.03125, -0.015625, 0.0, 0.015625, 0.03125, 0.046875, 0.0625, 0.078125, 0.09375, 0.109375, 0.125, 0.140625, 0.15625, 0.171875, 0.1875, 0.203125, 0.21875, 0.234375, 0.25, 0.265625, 0.28125, 0.296875, 0.3125, 0.328125, 0.34375, 0.359375, 0.375, 0.390625, 0.40625, 0.421875, 0.4375, 0.453125, 0.46875, 0.484375, 0.5]}, "params/['params']['layers_1']['linear_layer']['kernel']": {"_type": "histogram", "values": [1, 0, 0, 0, 0, 0, 0, 0, 0, 0, 0, 0, 0, 1, 0, 0, 0, 0, 0, 0, 0, 0, 0, 0, 1, 0, 0, 0, 0, 0, 0, 0, 1, 0, 0, 0, 0, 0, 0, 1, 256, 2, 0, 1, 1, 0, 0, 2, 0, 0, 0, 0, 1, 0, 0, 0, 0, 0, 0, 1, 0, 0, 0, 1],