{"loss": 0.00010965626279357821, "_timestamp": 1739551892.487061, "_runtime": 192.09571504592896, "_step": 405, "validation_loss": 0.00010953254241030663, "params/['params']['last']['bias']": {"_type": "histogram", "values": [1, 0, 0, 0, 0, 0, 0, 0, 0, 0, 0, 0, 0, 0, 0, 0, 0, 0, 0, 0, 0, 0, 0, 0, 0, 0, 0, 0, 0, 0, 0, 0, 0, 0, 0, 0, 0, 0, 0, 0, 0, 0, 0, 0, 0, 0, 0, 0, 0, 0, 0, 0, 0, 0, 0, 0, 0, 0, 0, 0, 0, 0, 0, 1], "bins": [0.0, 0.008100688457489014, 0.016201376914978027, 0.02430206537246704, 0.032402753829956055, 0.04050344228744507, 0.04860413074493408, 0.056704819202423096, 0.06480550765991211, 0.07290619611740112, 0.08100688457489014, 0.08910757303237915, 0.09720826148986816, 0.10530894994735718, 0.11340963840484619, 0.1215103268623352, 0.12961101531982422, 0.13771170377731323, 0.14581239223480225, 0.15391308069229126, 0.16201376914978027, 0.1701144576072693, 0.1782151460647583, 0.18631583452224731, 0.19441652297973633, 0.20251721143722534, 0.21061789989471436, 0.21871858835220337, 0.22681927680969238, 0.2349199652671814, 0.2430206537246704, 0.2511213421821594, 0.25922203063964844, 0.26732271909713745, 0.27542340755462646, 0.2835240960121155, 0.2916247844696045, 0.2997254729270935, 0.3078261613845825, 0.31592684984207153, 0.32402753829956055, 0.33212822675704956, 0.3402289152145386, 0.3483296036720276, 0.3564302921295166, 0.3645309805870056, 0.37263166904449463, 0.38073235750198364, 0.38883304595947266, 0.39693373441696167, 0.4050344228744507, 0.4131351113319397, 0.4212357997894287, 0.4293364882469177, 0.43743717670440674, 0.44553786516189575, 0.45363855361938477, 0.4617392420768738, 0.4698399305343628, 0.4779406189918518, 0.4860413074493408, 0.49414199590682983, 0.5022426843643188, 0.5103433728218079, 0.5184440612792969]}, "params/['params']['last']['kernel']": {"_type": "histogram", "values": [1, 0, 0, 0, 0, 0, 0, 0, 0, 0, 1, 0, 0, 0, 0, 0, 0, 0, 0, 0, 0, 0, 0, 0, 0, 0, 0, 0, 0, 0, 0, 0, 1, 1, 0, 0, 0, 25, 0, 0, 0, 0, 0, 0, 0, 0, 0, 0, 0, 0, 0, 0, 0, 0, 0, 0, 0, 0, 0, 0, 0, 0, 0, 1], "bins": [-0.3184109628200531, -0.30990463495254517, -0.30139830708503723, -0.2928919792175293, -0.28438565135002136, -0.2758793234825134, -0.2673729956150055, -0.25886666774749756, -0.25036031007766724, -0.2418539971113205, -0.23334766924381256, -0.22484132647514343, -0.2163349986076355, -0.20782867074012756, -0.19932234287261963, -0.1908160150051117, -0.18230968713760376, -0.17380335927009583, -0.1652970314025879, -0.15679070353507996, -0.14828437566757202, -0.1397780328989029, -0.13127170503139496, -0.12276537716388702, -0.11425904929637909, -0.10575272142887115, -0.09724639356136322, -0.08874006569385529, -0.08023372292518616, -0.07172739505767822, -0.06322106719017029, -0.054714739322662354, -0.04620841145515442, -0.037702083587646484, -0.02919575572013855, -0.020689427852630615, -0.01218309998512268, -0.003676772117614746, 0.0048295557498931885, 0.013335883617401123, 0.021842211484909058, 0.03034856915473938, 0.038854897022247314, 0.04736122488975525, 0.055867552757263184, 0.06437388062477112, 0.07288020849227905, 0.08138653635978699, 0.08989286422729492, 0.09839919209480286, 0.10690551996231079, 0.11541184782981873, 0.12391817569732666, 0.1324245035648346, 0.14093083143234253, 0.14943715929985046, 0.1579435169696808, 0.16644984483718872, 0.17495617270469666, 0.1834624707698822, 0.19196882843971252, 0.20047512650489807, 0.2089814841747284, 0.21748778223991394, 0.22599416971206665]}, "params/['params']['layers_0']['linear_layer']['bias']": {"_type": "histogram", "values": [0, 0, 0, 0, 0, 0, 0, 0, 0, 0, 0, 0, 0, 0, 0, 0, 0, 0, 0, 0, 0, 0, 0, 0, 0, 0, 0, 0, 0, 0, 0, 0, 18, 0, 0, 0, 0, 0, 0, 0, 0, 0, 0, 0, 0, 0, 0, 0, 0, 0, 0, 0, 0, 0, 0, 0, 0, 0, 0, 0, 0, 0, 0, 0], "bins": [-0.5, -0.484375, -0.46875, -0.453125, -0.4375, -0.421875, -0.40625, -0.390625, -0.375, -0.359375, -0.34375, -0.328125, -0.3125, -0.296875, -0.28125, -0.265625, -0.25, -0.234375, -0.21875, -0.203125, -0.1875, -0.171875, -0.15625, -0.140625, -0.125, -0.109375, -0.09375, -0.078125, -0.0625, -0.046875, -0.03125, -0.015625, 0.0, 0.015625, 0.03125, 0.046875, 0.0625, 0.078125, 0.09375, 0.109375, 0.125, 0.140625, 0.15625, 0.171875, 0.1875, 0.203125, 0.21875, 0.234375, 0.25, 0.265625, 0.28125, 0.296875, 0.3125, 0.328125, 0.34375, 0.359375, 0.375, 0.390625, 0.40625, 0.421875, 0.4375, 0.453125, 0.46875, 0.484375, 0.5]}, "params/['params']['layers_0']['linear_layer']['kernel']": {"_type": "histogram", "values": [1, 0, 0, 0, 0, 0, 0, 0, 0, 0, 0, 0, 1, 0, 0, 0, 0, 0, 1, 1, 1, 1, 0, 0, 38, 1, 0, 0, 0, 1, 0, 0, 1, 0, 0, 0, 2, 0, 0, 1, 1, 0, 0, 0, 0, 0, 0, 0, 0, 0, 0, 0, 1, 0, 0, 0, 0, 0, 0, 0, 0, 1, 0, 1], "bins": [-0.7442870736122131, -0.7133836150169373, -0.6824801564216614, -0.6515766978263855, -0.6206732988357544, -0.5897698402404785, -0.5588663816452026, -0.5279629230499268, -0.4970594644546509, -0.466156005859375, -0.4352525472640991, -0.40434911847114563, -0.37344565987586975, -0.34254220128059387, -0.3116387724876404, -0.2807353138923645, -0.24983185529708862, -0.21892839670181274, -0.18802493810653687, -0.157121479511261, -0.1262180209159851, -0.095314621925354, -0.06441116333007812, -0.033507704734802246, -0.002604246139526367, 0.02829921245574951, 0.05920267105102539, 0.09010612964630127, 0.12100952863693237, 0.15191298723220825, 0.18281644582748413, 0.21371990442276, 0.2446233630180359, 0.27552682161331177, 0.30643028020858765, 0.3373337388038635, 0.3682371973991394, 0.3991406559944153, 0.43004411458969116, 0.46094757318496704, 0.4918510317802429, 0.5227543711662292, 0.5536578297615051, 0.584561288356781, 0.6154647469520569, 0.6463682055473328, 0.6772716641426086, 0.7081751227378845, 0.7390785813331604, 0.7699820399284363, 0.8008854985237122, 0.831788957118988, 0.8626924157142639, 0.8935958743095398, 0.9244993329048157, 0.9554027915000916, 0.9863061308860779, 1.017209529876709, 1.0481131076812744, 1.0790164470672607, 1.1099200248718262, 1.1408233642578125, 1.171726942062378, 1.2026302814483643, 1.2335337400436401]}, "params/['params']['layers_1']['linear_layer']['bias']": {"_type": "histogram", "values": [0, 0, 0, 0, 0, 0, 0, 0, 0, 0, 0, 0, 0, 0, 0, 0, 0, 0, 0, 0, 0, 0, 0, 0, 0, 0, 0, 0, 0, 0, 0, 0, 18, 0, 0, 0, 0, 0, 0, 0, 0, 0, 0, 0, 0, 0, 0, 0, 0, 0, 0, 0, 0, 0, 0, 0, 0, 0, 0, 0, 0, 0, 0, 0], "bins": [-0.5, -0.484375, -0.46875, -0.453125, -0.4375, -0.421875, -0.40625, -0.390625, -0.375, -0.359375, -0.34375, -0.328125, -0.3125, -0.296875, -0.28125, -0.265625, -0.25, -0.234375, -0.21875, -0.203125, -0.1875, -0.171875, -0.15625, -0.140625, -0.125, -0.109375, -0.09375, -0.078125, -0.0625, -0.046875, -0.03125, -0.015625, 0.0, 0.015625, 0.03125, 0.046875, 0.0625, 0.078125, 0.09375, 0.109375, 0.125, 0.140625, 0.15625, 0.171875, 0.1875, 0.203125, 0.21875, 0.234375, 0.25, 0.265625, 0.28125, 0.296875, 0.3125, 0.328125, 0.34375, 0.359375, 0.375, 0.390625, 0.40625, 0.421875, 0.4375, 0.453125, 0.46875, 0.484375, 0.5]}, "params/['params']['layers_1']['linear_layer']['kernel']": {"_type": "histogram", "values": [1, 0, 0, 0, 0, 0, 0, 0, 0, 1, 0, 1, 0, 1, 1, 1, 0, 0, 1, 1, 0, 1, 0, 0, 0, 0, 0, 0, 0, 0, 0, 1, 0, 1, 243, 2, 0, 0, 3, 0, 1, 0, 0, 0, 1, 1, 0, 0, 0, 0, 1, 0, 0, 0, 1, 0, 1, 1, 0, 1, 0, 0, 2, 1],