{"loss": 0.00031245718128047884, "_timestamp": 1739541886.1645727, "_runtime": 173.8418517112732, "_step": 405, "validation_loss": 0.0003061759634874761, "params/['params']['last']['bias']": {"_type": "histogram", "values": [1, 0, 0, 0, 0, 0, 0, 0, 0, 0, 0, 0, 0, 0, 0, 0, 0, 0, 0, 0, 0, 0, 0, 0, 0, 0, 0, 0, 0, 0, 0, 0, 0, 0, 0, 0, 0, 0, 0, 0, 0, 0, 0, 0, 0, 0, 0, 0, 0, 0, 0, 0, 0, 0, 0, 0, 0, 0, 0, 0, 0, 0, 0, 1], "bins": [0.0, 0.008261468261480331, 0.016522936522960663, 0.024784404784440994, 0.033045873045921326, 0.04130734130740166, 0.04956880956888199, 0.05783027783036232, 0.06609174609184265, 0.07435321807861328, 0.08261468261480331, 0.09087614715099335, 0.09913761913776398, 0.1073990911245346, 0.11566055566072464, 0.12392202019691467, 0.1321834921836853, 0.14044496417045593, 0.14870643615722656, 0.156967893242836, 0.16522936522960663, 0.17349083721637726, 0.1817522943019867, 0.19001376628875732, 0.19827523827552795, 0.20653671026229858, 0.2147981822490692, 0.22305963933467865, 0.23132111132144928, 0.2395825833082199, 0.24784404039382935, 0.2561055123806, 0.2643669843673706, 0.27262845635414124, 0.28088992834091187, 0.2891514003276825, 0.2974128723144531, 0.30567431449890137, 0.313935786485672, 0.3221972584724426, 0.33045873045921326, 0.3387202024459839, 0.3469816744327545, 0.35524314641952515, 0.3635045886039734, 0.371766060590744, 0.38002753257751465, 0.3882890045642853, 0.3965504765510559, 0.40481194853782654, 0.41307342052459717, 0.4213348925113678, 0.4295963644981384, 0.43785780668258667, 0.4461192786693573, 0.45438075065612793, 0.46264222264289856, 0.4709036946296692, 0.4791651666164398, 0.48742663860321045, 0.4956880807876587, 0.5039495825767517, 0.5122110247612, 0.520472526550293, 0.5287339687347412]}, "params/['params']['last']['kernel']": {"_type": "histogram", "values": [1, 0, 0, 0, 0, 0, 0, 0, 0, 1, 0, 0, 0, 0, 0, 0, 0, 0, 0, 0, 0, 0, 0, 0, 0, 0, 0, 0, 0, 0, 0, 0, 0, 0, 0, 0, 0, 0, 0, 0, 0, 0, 0, 0, 0, 0, 0, 0, 0, 0, 0, 0, 0, 0, 0, 0, 0, 0, 0, 0, 0, 0, 0, 34], "bins": [-0.2769986093044281, -0.2726705074310303, -0.26834240555763245, -0.2640143036842346, -0.2596862018108368, -0.25535809993743896, -0.25102999806404114, -0.24670188128948212, -0.2423737794160843, -0.23804567754268646, -0.23371757566928864, -0.2293894737958908, -0.22506137192249298, -0.22073327004909515, -0.21640516817569733, -0.2120770514011383, -0.20774894952774048, -0.20342084765434265, -0.19909274578094482, -0.194764643907547, -0.19043654203414917, -0.18610844016075134, -0.18178033828735352, -0.1774522364139557, -0.17312413454055786, -0.16879603266716003, -0.1644679307937622, -0.16013982892036438, -0.15581172704696655, -0.15148361027240753, -0.1471555083990097, -0.14282740652561188, -0.13849930465221405, -0.13417120277881622, -0.1298431009054184, -0.12551499903202057, -0.12118689715862274, -0.11685879528522491, -0.1125306785106659, -0.10820257663726807, -0.10387447476387024, -0.09954637289047241, -0.09521827101707458, -0.09089016914367676, -0.08656206727027893, -0.0822339653968811, -0.07790586352348328, -0.07357776165008545, -0.06924965977668762, -0.0649215430021286, -0.060593441128730774, -0.05626533925533295, -0.05193723738193512, -0.04760913550853729, -0.043281033635139465, -0.03895293176174164, -0.03462482988834381, -0.030296728014945984, -0.025968611240386963, -0.021640509366989136, -0.01731240749359131, -0.012984305620193481, -0.008656203746795654, -0.004328101873397827, 0.0]}, "params/['params']['layers_0']['linear_layer']['bias']": {"_type": "histogram", "values": [0, 0, 0, 0, 0, 0, 0, 0, 0, 0, 0, 0, 0, 0, 0, 0, 0, 0, 0, 0, 0, 0, 0, 0, 0, 0, 0, 0, 0, 0, 0, 0, 22, 0, 0, 0, 0, 0, 0, 0, 0, 0, 0, 0, 0, 0, 0, 0, 0, 0, 0, 0, 0, 0, 0, 0, 0, 0, 0, 0, 0, 0, 0, 0], "bins": [-0.5, -0.484375, -0.46875, -0.453125, -0.4375, -0.421875, -0.40625, -0.390625, -0.375, -0.359375, -0.34375, -0.328125, -0.3125, -0.296875, -0.28125, -0.265625, -0.25, -0.234375, -0.21875, -0.203125, -0.1875, -0.171875, -0.15625, -0.140625, -0.125, -0.109375, -0.09375, -0.078125, -0.0625, -0.046875, -0.03125, -0.015625, 0.0, 0.015625, 0.03125, 0.046875, 0.0625, 0.078125, 0.09375, 0.109375, 0.125, 0.140625, 0.15625, 0.171875, 0.1875, 0.203125, 0.21875, 0.234375, 0.25, 0.265625, 0.28125, 0.296875, 0.3125, 0.328125, 0.34375, 0.359375, 0.375, 0.390625, 0.40625, 0.421875, 0.4375, 0.453125, 0.46875, 0.484375, 0.5]}, "params/['params']['layers_0']['linear_layer']['kernel']": {"_type": "histogram", "values": [1, 0, 0, 0, 0, 0, 0, 0, 0, 0, 0, 0, 0, 0, 0, 0, 0, 0, 0, 0, 0, 0, 0, 0, 1, 0, 0, 0, 0, 0, 0, 0, 0, 0, 1, 0, 0, 0, 0, 1, 0, 0, 0, 0, 0, 0, 0, 0, 1, 38, 0, 0, 0, 0, 0, 0, 0, 0, 0, 0, 0, 0, 0, 1], "bins": [-1.2665176391601562, -1.2409487962722778, -1.215380072593689, -1.1898112297058105, -1.1642423868179321, -1.1386735439300537, -1.1131048202514648, -1.0875359773635864, -1.061967134475708, -1.0363984107971191, -1.0108295679092407, -0.9852607250213623, -0.9596919417381287, -0.934123158454895, -0.9085543155670166, -0.882985532283783, -0.8574167490005493, -0.8318479061126709, -0.8062790632247925, -0.7807103395462036, -0.7551414966583252, -0.7295726537704468, -0.7040038704872131, -0.6784350872039795, -0.6528662443161011, -0.6272974610328674, -0.601728618144989, -0.5761598348617554, -0.5505910515785217, -0.5250222086906433, -0.49945342540740967, -0.47388458251953125, -0.4483157992362976, -0.42274701595306396, -0.39717817306518555, -0.3716093897819519, -0.3460405468940735, -0.32047176361083984, -0.2949029803276062, -0.2693341374397278, -0.24376535415649414, -0.21819651126861572, -0.1926276683807373, -0.16705894470214844, -0.14149010181427002, -0.1159212589263916, -0.09035253524780273, -0.06478369235992432, -0.0392148494720459, -0.013646125793457031, 0.011922717094421387, 0.037491559982299805, 0.06306040287017822, 0.08862912654876709, 0.11419796943664551, 0.13976681232452393, 0.1653355360031128, 0.1909043788909912, 0.21647322177886963, 0.2420419454574585, 0.2676107883453369, 0.29317963123321533, 0.31874847412109375, 0.3443171977996826, 0.36988604068756104]}, "params/['params']['layers_1']['linear_layer']['bias']": {"_type": "histogram", "values": [0, 0, 0, 0, 0, 0, 0, 0, 0, 0, 0, 0, 0, 0, 0, 0, 0, 0, 0, 0, 0, 0, 0, 0, 0, 0, 0, 0, 0, 0, 0, 0, 22, 0, 0, 0, 0, 0, 0, 0, 0, 0, 0, 0, 0, 0, 0, 0, 0, 0, 0, 0, 0, 0, 0, 0, 0, 0, 0, 0, 0, 0, 0, 0], "bins": [-0.5, -0.484375, -0.46875, -0.453125, -0.4375, -0.421875, -0.40625, -0.390625, -0.375, -0.359375, -0.34375, -0.328125, -0.3125, -0.296875, -0.28125, -0.265625, -0.25, -0.234375, -0.21875, -0.203125, -0.1875, -0.171875, -0.15625, -0.140625, -0.125, -0.109375, -0.09375, -0.078125, -0.0625, -0.046875, -0.03125, -0.015625, 0.0, 0.015625, 0.03125, 0.046875, 0.0625, 0.078125, 0.09375, 0.109375, 0.125, 0.140625, 0.15625, 0.171875, 0.1875, 0.203125, 0.21875, 0.234375, 0.25, 0.265625, 0.28125, 0.296875, 0.3125, 0.328125, 0.34375, 0.359375, 0.375, 0.390625, 0.40625, 0.421875, 0.4375, 0.453125, 0.46875, 0.484375, 0.5]}, "params/['params']['layers_1']['linear_layer']['kernel']": {"_type": "histogram", "values": [1, 0, 0, 0, 1, 0, 0, 0, 0, 0, 0, 0, 1, 2, 0, 0, 1, 0, 0, 0, 0, 0, 0, 0, 0, 1, 0, 0, 0, 1, 381, 0, 0, 0, 0, 0, 0, 0, 0, 1, 0, 0, 0, 1, 0, 0, 0, 0, 1, 0, 0, 0, 0, 0, 0, 0, 1, 0, 0, 1, 0, 0, 1, 1],