{"loss": 0.8792768120765686, "_timestamp": 1739300815.993743, "_runtime": 9.712003946304321, "_step": 25, "params/['params']['last']['bias']": {"_type": "histogram", "values": [1, 0, 0, 0, 0, 0, 0, 0, 0, 0, 0, 0, 0, 0, 0, 0, 0, 0, 0, 0, 0, 0, 0, 0, 0, 0, 0, 0, 0, 0, 0, 0, 0, 0, 0, 0, 0, 0, 0, 0, 0, 0, 0, 0, 0, 0, 0, 0, 0, 0, 0, 0, 0, 0, 0, 0, 0, 0, 0, 0, 0, 0, 0, 1], "bins": [0.8938088417053223, 0.8954919576644897, 0.8971750736236572, 0.8988581895828247, 0.9005413055419922, 0.9022243618965149, 0.9039074778556824, 0.9055905938148499, 0.9072737097740173, 0.9089568257331848, 0.9106399416923523, 0.9123230576515198, 0.9140061140060425, 0.91568922996521, 0.9173723459243774, 0.9190554618835449, 0.9207385778427124, 0.9224216938018799, 0.9241048097610474, 0.9257879257202148, 0.9274710416793823, 0.929154098033905, 0.9308372139930725, 0.93252032995224, 0.9342034459114075, 0.935886561870575, 0.9375696778297424, 0.9392527937889099, 0.9409358501434326, 0.9426189661026001, 0.9443020820617676, 0.9459851980209351, 0.9476683139801025, 0.94935142993927, 0.9510345458984375, 0.952717661857605, 0.9544007778167725, 0.9560838341712952, 0.9577669501304626, 0.9594500660896301, 0.9611331820487976, 0.9628162980079651, 0.9644994139671326, 0.9661825299263, 0.9678655862808228, 0.9695487022399902, 0.9712318181991577, 0.9729149341583252, 0.9745980501174927, 0.9762811660766602, 0.9779642820358276, 0.9796473979949951, 0.9813305139541626, 0.9830135703086853, 0.9846966862678528, 0.9863798022270203, 0.9880629181861877, 0.9897460341453552, 0.9914291501045227, 0.9931122660636902, 0.9947953224182129, 0.9964784383773804, 0.9981615543365479, 0.9998446702957153, 1.0015277862548828]}, "params/['params']['last']['kernel']": {"_type": "histogram", "values": [0, 0, 0, 0, 0, 0, 0, 0, 0, 0, 0, 0, 0, 0, 0, 0, 0, 0, 0, 0, 0, 0, 0, 0, 0, 0, 0, 0, 0, 0, 0, 0, 12, 0, 0, 0, 0, 0, 0, 0, 0, 0, 0, 0, 0, 0, 0, 0, 0, 0, 0, 0, 0, 0, 0, 0, 0, 0, 0, 0, 0, 0, 0, 0], "bins": [-0.5, -0.484375, -0.46875, -0.453125, -0.4375, -0.421875, -0.40625, -0.390625, -0.375, -0.359375, -0.34375, -0.328125, -0.3125, -0.296875, -0.28125, -0.265625, -0.25, -0.234375, -0.21875, -0.203125, -0.1875, -0.171875, -0.15625, -0.140625, -0.125, -0.109375, -0.09375, -0.078125, -0.0625, -0.046875, -0.03125, -0.015625, 0.0, 0.015625, 0.03125, 0.046875, 0.0625, 0.078125, 0.09375, 0.109375, 0.125, 0.140625, 0.15625, 0.171875, 0.1875, 0.203125, 0.21875, 0.234375, 0.25, 0.265625, 0.28125, 0.296875, 0.3125, 0.328125, 0.34375, 0.359375, 0.375, 0.390625, 0.40625, 0.421875, 0.4375, 0.453125, 0.46875, 0.484375, 0.5]}, "params/['params']['layers_0']['linear_layer']['bias']": {"_type": "histogram", "values": [0, 0, 0, 0, 0, 0, 0, 0, 0, 0, 0, 0, 0, 0, 0, 0, 0, 0, 0, 0, 0, 0, 0, 0, 0, 0, 0, 0, 0, 0, 0, 0, 8, 0, 0, 0, 0, 0, 0, 0, 0, 0, 0, 0, 0, 0, 0, 0, 0, 0, 0, 0, 0, 0, 0, 0, 0, 0, 0, 0, 0, 0, 0, 0], "bins": [-0.5, -0.484375, -0.46875, -0.453125, -0.4375, -0.421875, -0.40625, -0.390625, -0.375, -0.359375, -0.34375, -0.328125, -0.3125, -0.296875, -0.28125, -0.265625, -0.25, -0.234375, -0.21875, -0.203125, -0.1875, -0.171875, -0.15625, -0.140625, -0.125, -0.109375, -0.09375, -0.078125, -0.0625, -0.046875, -0.03125, -0.015625, 0.0, 0.015625, 0.03125, 0.046875, 0.0625, 0.078125, 0.09375, 0.109375, 0.125, 0.140625, 0.15625, 0.171875, 0.1875, 0.203125, 0.21875, 0.234375, 0.25, 0.265625, 0.28125, 0.296875, 0.3125, 0.328125, 0.34375, 0.359375, 0.375, 0.390625, 0.40625, 0.421875, 0.4375, 0.453125, 0.46875, 0.484375, 0.5]}, "params/['params']['layers_0']['linear_layer']['kernel']": {"_type": "histogram", "values": [1, 0, 0, 1, 0, 0, 0, 1, 1, 1, 0, 0, 1, 0, 0, 2, 1, 2, 0, 0, 3, 1, 0, 1, 0, 0, 1, 0, 0, 0, 1, 0, 2, 0, 2, 0, 2, 1, 0, 1, 1, 1, 0, 1, 0, 1, 0, 0, 0, 0, 0, 0, 0, 1, 0, 0, 0, 0, 0, 0, 0, 0, 0, 1], "bins": [-0.6739815473556519, -0.6466851234436035, -0.6193886995315552, -0.5920922756195068, -0.5647958517074585, -0.5374994277954102, -0.5102030634880066, -0.48290663957595825, -0.4556102156639099, -0.4283137917518616, -0.40101736783981323, -0.3737209737300873, -0.34642454981803894, -0.3191281259059906, -0.29183173179626465, -0.2645353078842163, -0.23723888397216797, -0.20994246006011963, -0.1826460361480713, -0.15534961223602295, -0.1280531883239746, -0.10075682401657104, -0.0734604001045227, -0.046163976192474365, -0.018867552280426025, 0.008428871631622314, 0.035725295543670654, 0.063021719455719, 0.09031808376312256, 0.1176145076751709, 0.14491093158721924, 0.17220735549926758, 0.19950377941131592, 0.22680020332336426, 0.2540966272354126, 0.28139305114746094, 0.3086894750595093, 0.3359858989715576, 0.36328232288360596, 0.3905787467956543, 0.41787517070770264, 0.4451714754104614, 0.47246789932250977, 0.4997643232345581, 0.5270607471466064, 0.5543571710586548, 0.5816535949707031, 0.6089500188827515, 0.6362464427947998, 0.6635428667068481, 0.6908392906188965, 0.7181357145309448, 0.7454321384429932, 0.7727285623550415, 0.8000249862670898, 0.8273214101791382, 0.854617714881897, 0.8819141387939453, 0.9092105627059937, 0.936506986618042, 0.9638034105300903, 0.9910998344421387, 1.018396258354187, 1.0456926822662354, 1.0729891061782837]}, "_wandb": {"runtime": 9}}