{"loss": 0.00028117894544266164, "_timestamp": 1739968153.0837584, "_runtime": 173.79356026649475, "_step": 2793, "params/['params']['last']['bias']": {"_type": "histogram", "values": [0, 0, 0, 0, 0, 0, 0, 0, 0, 0, 0, 0, 0, 0, 0, 0, 0, 0, 0, 0, 0, 0, 0, 0, 0, 0, 0, 0, 0, 0, 0, 0, 2, 0, 0, 0, 0, 0, 0, 0, 0, 0, 0, 0, 0, 0, 0, 0, 0, 0, 0, 0, 0, 0, 0, 0, 0, 0, 0, 0, 0, 0, 0, 0], "bins": [-0.5, -0.484375, -0.46875, -0.453125, -0.4375, -0.421875, -0.40625, -0.390625, -0.375, -0.359375, -0.34375, -0.328125, -0.3125, -0.296875, -0.28125, -0.265625, -0.25, -0.234375, -0.21875, -0.203125, -0.1875, -0.171875, -0.15625, -0.140625, -0.125, -0.109375, -0.09375, -0.078125, -0.0625, -0.046875, -0.03125, -0.015625, 0.0, 0.015625, 0.03125, 0.046875, 0.0625, 0.078125, 0.09375, 0.109375, 0.125, 0.140625, 0.15625, 0.171875, 0.1875, 0.203125, 0.21875, 0.234375, 0.25, 0.265625, 0.28125, 0.296875, 0.3125, 0.328125, 0.34375, 0.359375, 0.375, 0.390625, 0.40625, 0.421875, 0.4375, 0.453125, 0.46875, 0.484375, 0.5]}, "params/['params']['last']['kernel']": {"_type": "histogram", "values": [1, 0, 0, 0, 0, 0, 0, 0, 0, 0, 0, 0, 0, 0, 0, 0, 0, 0, 0, 0, 0, 0, 0, 0, 0, 24, 0, 0, 0, 0, 2, 1, 0, 0, 0, 0, 0, 0, 0, 0, 0, 0, 0, 0, 0, 0, 0, 0, 0, 0, 0, 0, 1, 0, 0, 0, 0, 0, 0, 0, 0, 0, 0, 1], "bins": [-0.0827617347240448, -0.0794985294342041, -0.0762353241443634, -0.0729721188545227, -0.06970890611410141, -0.06644570082426071, -0.06318249553442001, -0.059919290244579315, -0.05665608495473862, -0.05339287593960762, -0.05012967064976692, -0.046866465359926224, -0.04360325634479523, -0.04034005105495453, -0.03707684576511383, -0.033813636749982834, -0.030550431460142136, -0.027287226170301437, -0.02402401715517044, -0.020760811865329742, -0.017497606575489044, -0.014234401285648346, -0.010971195995807648, -0.0077079832553863525, -0.004444777965545654, -0.001181572675704956, 0.002081632614135742, 0.00534483790397644, 0.008608043193817139, 0.011871255934238434, 0.015134461224079132, 0.01839766651391983, 0.02166087180376053, 0.024924077093601227, 0.028187282383441925, 0.03145048767328262, 0.03471370041370392, 0.03797690570354462, 0.041240110993385315, 0.04450331628322601, 0.04776652157306671, 0.05102972686290741, 0.05429293215274811, 0.057556137442588806, 0.060819342732429504, 0.0640825629234314, 0.0673457682132721, 0.07060897350311279, 0.07387217879295349, 0.07713538408279419, 0.08039858937263489, 0.08366179466247559, 0.08692499995231628, 0.09018820524215698, 0.09345141053199768, 0.09671461582183838, 0.09997782111167908, 0.10324102640151978, 0.10650424659252167, 0.10976745188236237, 0.11303065717220306, 0.11629386246204376, 0.11955706775188446, 0.12282027304172516, 0.12608347833156586]}, "params/['params']['layers_0']['linear_layer']['bias']": {"_type": "histogram", "values": [0, 0, 0, 0, 0, 0, 0, 0, 0, 0, 0, 0, 0, 0, 0, 0, 0, 0, 0, 0, 0, 0, 0, 0, 0, 0, 0, 0, 0, 0, 0, 0, 18, 0, 0, 0, 0, 0, 0, 0, 0, 0, 0, 0, 0, 0, 0, 0, 0, 0, 0, 0, 0, 0, 0, 0, 0, 0, 0, 0, 0, 0, 0, 0], "bins": [-0.5, -0.484375, -0.46875, -0.453125, -0.4375, -0.421875, -0.40625, -0.390625, -0.375, -0.359375, -0.34375, -0.328125, -0.3125, -0.296875, -0.28125, -0.265625, -0.25, -0.234375, -0.21875, -0.203125, -0.1875, -0.171875, -0.15625, -0.140625, -0.125, -0.109375, -0.09375, -0.078125, -0.0625, -0.046875, -0.03125, -0.015625, 0.0, 0.015625, 0.03125, 0.046875, 0.0625, 0.078125, 0.09375, 0.109375, 0.125, 0.140625, 0.15625, 0.171875, 0.1875, 0.203125, 0.21875, 0.234375, 0.25, 0.265625, 0.28125, 0.296875, 0.3125, 0.328125, 0.34375, 0.359375, 0.375, 0.390625, 0.40625, 0.421875, 0.4375, 0.453125, 0.46875, 0.484375, 0.5]}, "params/['params']['layers_0']['linear_layer']['kernel']": {"_type": "histogram", "values": [1, 0, 0, 0, 1, 0, 1, 0, 0, 0, 0, 0, 1, 0, 0, 0, 63, 0, 0, 0, 0, 1, 0, 0, 0, 0, 1, 0, 0, 0, 0, 0, 1, 0, 0, 0, 1, 0, 0, 0, 0, 0, 0, 0, 0, 0, 0, 0, 0, 0, 0, 0, 0, 0, 0, 0, 0, 0, 0, 0, 0, 0, 0, 1], "bins": [-0.4680038094520569, -0.44019484519958496, -0.41238585114479065, -0.3845768868923187, -0.3567678928375244, -0.3289589285850525, -0.30114996433258057, -0.27334100008010864, -0.24553200602531433, -0.2177230417728424, -0.1899140477180481, -0.16210508346557617, -0.13429611921310425, -0.10648712515830994, -0.07867816090583801, -0.0508691668510437, -0.023060202598571777, 0.0047487616539001465, 0.03255772590637207, 0.06036674976348877, 0.0881757140159607, 0.11598467826843262, 0.14379364252090454, 0.17160260677337646, 0.1994115710258484, 0.2272205948829651, 0.255029559135437, 0.28283852338790894, 0.31064748764038086, 0.3384564518928528, 0.3662654757499695, 0.3940744400024414, 0.42188340425491333, 0.44969236850738525, 0.4775013327598572, 0.5053103566169739, 0.533119261264801, 0.5609282851219177, 0.5887373089790344, 0.6165462136268616, 0.6443552374839783, 0.6721641421318054, 0.6999731659889221, 0.7277821898460388, 0.755591094493866, 0.7834001183509827, 0.8112090229988098, 0.8390180468559265, 0.8668269515037537, 0.8946359753608704, 0.9224449992179871, 0.9502539038658142, 0.9780629277229309, 1.0058717727661133, 1.0336809158325195, 1.0614898204803467, 1.0892987251281738, 1.11710786819458, 1.1449167728424072, 1.1727256774902344, 1.2005348205566406, 1.2283437252044678, 1.256152629852295, 1.283961534500122, 1.3117705583572388]}, "params/['params']['layers_1']['linear_layer']['bias']": {"_type": "histogram", "values": [0, 0, 0, 0, 0, 0, 0, 0, 0, 0, 0, 0, 0, 0, 0, 0, 0, 0, 0, 0, 0, 0, 0, 0, 0, 0, 0, 0, 0, 0, 0, 0, 18, 0, 0, 0, 0, 0, 0, 0, 0, 0, 0, 0, 0, 0, 0, 0, 0, 0, 0, 0, 0, 0, 0, 0, 0, 0, 0, 0, 0, 0, 0, 0], "bins": [-0.5, -0.484375, -0.46875, -0.453125, -0.4375, -0.421875, -0.40625, -0.390625, -0.375, -0.359375, -0.34375, -0.328125, -0.3125, -0.296875, -0.28125, -0.265625, -0.25, -0.234375, -0.21875, -0.203125, -0.1875, -0.171875, -0.15625, -0.140625, -0.125, -0.109375, -0.09375, -0.078125, -0.0625, -0.046875, -0.03125, -0.015625, 0.0, 0.015625, 0.03125, 0.046875, 0.0625, 0.078125, 0.09375, 0.109375, 0.125, 0.140625, 0.15625, 0.171875, 0.1875, 0.203125, 0.21875, 0.234375, 0.25, 0.265625, 0.28125, 0.296875, 0.3125, 0.328125, 0.34375, 0.359375, 0.375, 0.390625, 0.40625, 0.421875, 0.4375, 0.453125, 0.46875, 0.484375, 0.5]}, "params/['params']['layers_1']['linear_layer']['kernel']": {"_type": "histogram", "values": [1, 0, 0, 0, 0, 0, 0, 0, 0, 0, 0, 0, 0, 0, 2, 0, 0, 1, 3, 0, 1, 1, 254, 3, 0, 0, 0, 0, 0, 0, 0, 1, 0, 0, 0, 0, 0, 0, 0, 0, 0, 0, 0, 0, 0, 0, 0, 0, 0, 1, 0, 0, 0, 0, 0, 0, 1, 0, 0, 0, 0, 0, 0, 1], "bins": [-0.9071417450904846, -0.8665506839752197, -0.8259596824645996, -0.7853686213493347, -0.7447775602340698, -0.7041865587234497, -0.6635954976081848, -0.6230044364929199, -0.5824134349822998, -0.5418224334716797, -0.5012313723564148, -0.4606403112411499, -0.4200492799282074, -0.3794582486152649, -0.3388671875, -0.2982761859893799, -0.257685124874115, -0.2170940637588501, -0.17650306224822998, -0.1359120011329651, -0.09532099962234497, -0.05472993850708008, -0.014138877391815186, 0.02645212411880493, 0.06704318523406982, 0.10763424634933472, 0.14822524785995483, 0.18881624937057495, 0.22940737009048462, 0.26999837160110474, 0.31058937311172485, 0.3511804938316345, 0.39177149534225464, 0.43236249685287476, 0.4729536175727844, 0.5135446190834045, 0.5541356205940247, 0.5947267413139343, 0.6353177428245544, 0.6759087443351746, 0.7164997458457947, 0.7570908665657043, 0.7976818680763245, 0.8382728695869446, 0.8788639903068542, 0.9194549918174744, 0.9600459933280945, 1.0006370544433594, 1.0412280559539795, 1.0818190574645996, 1.1224102973937988, 1.163001298904419, 1.203592300415039, 1.2441833019256592, 1.2847743034362793, 1.3253655433654785, 1.3659565448760986, 1.4065475463867188, 1.4471385478973389, 1.487729549407959, 1.528320550918579, 1.5689117908477783, 1.6095027923583984, 1.6500937938690186, 1.6906847953796387]}, "validation_loss": 0.0003060525341425091, "_wandb": {"runtime": 176}}