{"loss": 0.000260327709838748, "_timestamp": 1739991636.3327365, "_runtime": 142.86465740203857, "_step": 2793, "params/['params']['last']['bias']": {"_type": "histogram", "values": [1, 0, 0, 0, 0, 0, 0, 0, 0, 0, 0, 0, 0, 0, 0, 0, 0, 0, 0, 0, 0, 0, 0, 0, 0, 0, 0, 0, 0, 0, 0, 0, 0, 0, 0, 0, 0, 0, 0, 0, 0, 0, 0, 0, 0, 0, 0, 0, 0, 0, 0, 0, 0, 0, 0, 0, 0, 0, 0, 0, 0, 0, 0, 1], "bins": [0.0, 0.0003939225571230054, 0.0007878451142460108, 0.0011817676713690162, 0.0015756902284920216, 0.001969612669199705, 0.0023635353427380323, 0.0027574580162763596, 0.003151380456984043, 0.0035453028976917267, 0.00393922533839941, 0.004333148244768381, 0.004727070685476065, 0.005120993126183748, 0.005514916032552719, 0.005908838473260403, 0.006302760913968086, 0.00669668335467577, 0.007090605795383453, 0.007484528701752424, 0.00787845067679882, 0.008272374048829079, 0.008666296489536762, 0.009060218930244446, 0.00945414137095213, 0.009848063811659813, 0.010241986252367496, 0.01063590869307518, 0.011029832065105438, 0.011423754505813122, 0.011817676946520805, 0.012211599387228489, 0.012605521827936172, 0.012999444268643856, 0.01339336670935154, 0.013787289150059223, 0.014181211590766907, 0.014575134962797165, 0.014969057403504848, 0.015362979844212532, 0.01575690135359764, 0.0161508247256279, 0.016544748097658157, 0.016938669607043266, 0.017332592979073524, 0.017726514488458633, 0.01812043786048889, 0.018514359369874, 0.01890828274190426, 0.019302206113934517, 0.019696127623319626, 0.020090050995349884, 0.020483972504734993, 0.02087789587676525, 0.02127181738615036, 0.02166574075818062, 0.022059664130210876, 0.022453585639595985, 0.022847509011626244, 0.023241430521011353, 0.02363535389304161, 0.02402927540242672, 0.024423198774456978, 0.024817120283842087, 0.025211043655872345]}, "params/['params']['last']['kernel']": {"_type": "histogram", "values": [1, 0, 1, 0, 0, 0, 0, 0, 0, 0, 0, 0, 0, 0, 0, 0, 0, 0, 0, 0, 0, 0, 0, 1, 0, 0, 0, 1, 20, 0, 0, 0, 0, 0, 0, 0, 3, 0, 0, 0, 0, 0, 0, 0, 1, 0, 0, 0, 0, 0, 0, 0, 1, 0, 0, 0, 0, 0, 0, 0, 0, 0, 0, 1], "bins": [-0.11996418237686157, -0.11577329784631729, -0.11158241331577301, -0.10739152133464813, -0.10320063680410385, -0.09900975227355957, -0.09481886029243469, -0.09062797576189041, -0.08643709123134613, -0.08224620670080185, -0.07805532217025757, -0.07386443018913269, -0.06967354565858841, -0.06548266112804413, -0.06129177287220955, -0.05710088461637497, -0.05291000008583069, -0.04871911555528641, -0.044528231024742126, -0.04033733904361725, -0.03614645451307297, -0.031955569982528687, -0.02776467800140381, -0.023573793470859528, -0.019382908940315247, -0.015192024409770966, -0.011001139879226685, -0.006810247898101807, -0.0026193633675575256, 0.0015715211629867554, 0.005762413144111633, 0.009953290224075317, 0.014144182205200195, 0.018335074186325073, 0.022525951266288757, 0.026716843247413635, 0.03090772032737732, 0.0350986123085022, 0.039289504289627075, 0.04348038136959076, 0.04767127335071564, 0.051862165331840515, 0.0560530424118042, 0.06024393439292908, 0.06443482637405396, 0.06862570345401764, 0.07281659543514252, 0.0770074725151062, 0.08119836449623108, 0.08538925647735596, 0.08958013355731964, 0.09377102553844452, 0.0979619026184082, 0.10215279459953308, 0.10634368658065796, 0.11053456366062164, 0.11472545564174652, 0.1189163476228714, 0.12310722470283508, 0.12729811668395996, 0.13148900866508484, 0.13567990064620972, 0.1398707628250122, 0.14406165480613708, 0.14825256168842316]}, "params/['params']['layers_0']['linear_layer']['bias']": {"_type": "histogram", "values": [0, 0, 0, 0, 0, 0, 0, 0, 0, 0, 0, 0, 0, 0, 0, 0, 0, 0, 0, 0, 0, 0, 0, 0, 0, 0, 0, 0, 0, 0, 0, 0, 18, 0, 0, 0, 0, 0, 0, 0, 0, 0, 0, 0, 0, 0, 0, 0, 0, 0, 0, 0, 0, 0, 0, 0, 0, 0, 0, 0, 0, 0, 0, 0], "bins": [-0.5, -0.484375, -0.46875, -0.453125, -0.4375, -0.421875, -0.40625, -0.390625, -0.375, -0.359375, -0.34375, -0.328125, -0.3125, -0.296875, -0.28125, -0.265625, -0.25, -0.234375, -0.21875, -0.203125, -0.1875, -0.171875, -0.15625, -0.140625, -0.125, -0.109375, -0.09375, -0.078125, -0.0625, -0.046875, -0.03125, -0.015625, 0.0, 0.015625, 0.03125, 0.046875, 0.0625, 0.078125, 0.09375, 0.109375, 0.125, 0.140625, 0.15625, 0.171875, 0.1875, 0.203125, 0.21875, 0.234375, 0.25, 0.265625, 0.28125, 0.296875, 0.3125, 0.328125, 0.34375, 0.359375, 0.375, 0.390625, 0.40625, 0.421875, 0.4375, 0.453125, 0.46875, 0.484375, 0.5]}, "params/['params']['layers_0']['linear_layer']['kernel']": {"_type": "histogram", "values": [1, 0, 0, 0, 1, 0, 1, 0, 0, 0, 0, 0, 1, 0, 0, 0, 63, 0, 0, 0, 1, 0, 0, 0, 0, 0, 1, 0, 0, 0, 0, 1, 0, 0, 0, 1, 0, 0, 0, 0, 0, 0, 0, 0, 0, 0, 0, 0, 0, 0, 0, 0, 0, 0, 0, 0, 0, 0, 0, 0, 0, 0, 0, 1], "bins": [-0.4588185250759125, -0.4307997226715088, -0.4027809500694275, -0.3747621476650238, -0.3467433452606201, -0.3187245726585388, -0.29070577025413513, -0.26268696784973145, -0.23466819524765015, -0.20664939284324646, -0.17863062024116516, -0.15061181783676147, -0.12259301543235779, -0.09457424283027649, -0.0665554404258728, -0.038536667823791504, -0.010517865419387817, 0.01750093698501587, 0.045519739389419556, 0.07353851199150085, 0.10155728459358215, 0.12957611680030823, 0.15759488940238953, 0.18561366200447083, 0.2136324942111969, 0.2416512668132782, 0.2696700394153595, 0.2976888120174408, 0.32570764422416687, 0.35372641682624817, 0.38174518942832947, 0.40976402163505554, 0.43778279423713684, 0.46580156683921814, 0.4938203990459442, 0.5218391418457031, 0.5498579740524292, 0.5778766870498657, 0.6058955192565918, 0.6339143514633179, 0.6619330644607544, 0.6899518966674805, 0.7179707288742065, 0.7459894418716431, 0.7740082740783691, 0.8020271062850952, 0.8300458192825317, 0.8580646514892578, 0.8860834836959839, 0.9141021966934204, 0.9421210289001465, 0.970139741897583, 0.9981585741043091, 1.0261774063110352, 1.0541961193084717, 1.0822149515151978, 1.1102337837219238, 1.1382524967193604, 1.1662713289260864, 1.1942901611328125, 1.222308874130249, 1.250327706336975, 1.2783465385437012, 1.3063652515411377, 1.3343840837478638]}, "params/['params']['layers_1']['linear_layer']['bias']": {"_type": "histogram", "values": [0, 0, 0, 0, 0, 0, 0, 0, 0, 0, 0, 0, 0, 0, 0, 0, 0, 0, 0, 0, 0, 0, 0, 0, 0, 0, 0, 0, 0, 0, 0, 0, 18, 0, 0, 0, 0, 0, 0, 0, 0, 0, 0, 0, 0, 0, 0, 0, 0, 0, 0, 0, 0, 0, 0, 0, 0, 0, 0, 0, 0, 0, 0, 0], "bins": [-0.5, -0.484375, -0.46875, -0.453125, -0.4375, -0.421875, -0.40625, -0.390625, -0.375, -0.359375, -0.34375, -0.328125, -0.3125, -0.296875, -0.28125, -0.265625, -0.25, -0.234375, -0.21875, -0.203125, -0.1875, -0.171875, -0.15625, -0.140625, -0.125, -0.109375, -0.09375, -0.078125, -0.0625, -0.046875, -0.03125, -0.015625, 0.0, 0.015625, 0.03125, 0.046875, 0.0625, 0.078125, 0.09375, 0.109375, 0.125, 0.140625, 0.15625, 0.171875, 0.1875, 0.203125, 0.21875, 0.234375, 0.25, 0.265625, 0.28125, 0.296875, 0.3125, 0.328125, 0.34375, 0.359375, 0.375, 0.390625, 0.40625, 0.421875, 0.4375, 0.453125, 0.46875, 0.484375, 0.5]}, "params/['params']['layers_1']['linear_layer']['kernel']": {"_type": "histogram", "values": [1, 0, 0, 0, 0, 0, 0, 0, 0, 0, 0, 0, 0, 0, 1, 0, 0, 0, 1, 4, 4, 3, 241, 5, 2, 1, 3, 0, 0, 0, 1, 0, 0, 0, 0, 0, 0, 0, 0, 0, 0, 0, 0, 0, 0, 0, 0, 0, 0, 0, 1, 0, 0, 0, 0, 1, 0, 0, 0, 0, 0, 0, 0, 1],