{"loss": 0.0003319834067951888, "_timestamp": 1739549563.3968878, "_runtime": 213.25936079025269, "_step": 405, "validation_loss": 0.0003177329199388623, "params/['params']['last']['bias']": {"_type": "histogram", "values": [1, 0, 0, 0, 0, 0, 0, 0, 0, 0, 0, 0, 0, 0, 0, 0, 0, 0, 0, 0, 0, 0, 0, 0, 0, 0, 0, 0, 0, 0, 0, 0, 0, 0, 0, 0, 0, 0, 0, 0, 0, 0, 0, 0, 0, 0, 0, 0, 0, 0, 0, 0, 0, 0, 0, 0, 0, 0, 0, 0, 0, 0, 0, 1], "bins": [0.0, 0.008275358006358147, 0.016550716012716293, 0.02482607401907444, 0.03310143202543259, 0.04137679189443588, 0.04965214803814888, 0.05792750418186188, 0.06620286405086517, 0.07447822391986847, 0.08275358378887177, 0.09102893620729446, 0.09930429607629776, 0.10757965594530106, 0.11585500836372375, 0.12413036823272705, 0.13240572810173035, 0.14068108797073364, 0.14895644783973694, 0.15723180770874023, 0.16550716757774353, 0.17378251254558563, 0.18205787241458893, 0.19033323228359222, 0.19860859215259552, 0.20688395202159882, 0.2151593118906021, 0.2234346717596054, 0.2317100167274475, 0.2399853765964508, 0.2482607364654541, 0.2565360963344574, 0.2648114562034607, 0.273086816072464, 0.2813621759414673, 0.2896375358104706, 0.2979128956794739, 0.3061882555484772, 0.31446361541748047, 0.32273897528648376, 0.33101433515548706, 0.33928966522216797, 0.34756502509117126, 0.35584038496017456, 0.36411574482917786, 0.37239110469818115, 0.38066646456718445, 0.38894182443618774, 0.39721718430519104, 0.40549254417419434, 0.41376790404319763, 0.4220432639122009, 0.4303186237812042, 0.4385939836502075, 0.4468693435192108, 0.4551447033882141, 0.463420033454895, 0.4716953933238983, 0.4799707531929016, 0.4882461130619049, 0.4965214729309082, 0.5047968626022339, 0.5130721926689148, 0.5213475823402405, 0.5296229124069214]}, "params/['params']['last']['kernel']": {"_type": "histogram", "values": [1, 0, 0, 1, 0, 0, 0, 0, 0, 0, 0, 0, 0, 0, 0, 0, 0, 0, 0, 0, 0, 0, 0, 0, 0, 0, 0, 0, 0, 0, 0, 0, 0, 0, 0, 0, 0, 0, 0, 0, 0, 0, 0, 0, 0, 0, 0, 0, 0, 0, 0, 0, 0, 39, 0, 0, 0, 0, 0, 0, 0, 0, 0, 1], "bins": [-0.27051809430122375, -0.26550349593162537, -0.26048892736434937, -0.255474328994751, -0.250459760427475, -0.2454451620578766, -0.2404305785894394, -0.2354159951210022, -0.2304013967514038, -0.2253868132829666, -0.22037222981452942, -0.21535763144493103, -0.21034306287765503, -0.20532846450805664, -0.20031388103961945, -0.19529929757118225, -0.19028469920158386, -0.18527013063430786, -0.18025553226470947, -0.17524094879627228, -0.17022636532783508, -0.1652117669582367, -0.1601971834897995, -0.1551826000213623, -0.1501680165529251, -0.14515343308448792, -0.14013883471488953, -0.13512425124645233, -0.13010966777801514, -0.12509508430957794, -0.12008048593997955, -0.11506590247154236, -0.11005131900310516, -0.10503673553466797, -0.10002215206623077, -0.09500755369663239, -0.08999297022819519, -0.084978386759758, -0.0799638032913208, -0.07494920492172241, -0.06993462145328522, -0.06492003798484802, -0.05990545451641083, -0.05489087104797363, -0.049876272678375244, -0.04486168920993805, -0.039847105741500854, -0.03483252227306366, -0.029817938804626465, -0.024803340435028076, -0.019788771867752075, -0.014774173498153687, -0.009759575128555298, -0.004745006561279297, 0.0002695918083190918, 0.0052841901779174805, 0.010298758745193481, 0.01531335711479187, 0.02032792568206787, 0.02534252405166626, 0.03035712242126465, 0.03537169098854065, 0.04038628935813904, 0.04540085792541504, 0.050415460020303726]}, "params/['params']['layers_0']['linear_layer']['bias']": {"_type": "histogram", "values": [0, 0, 0, 0, 0, 0, 0, 0, 0, 0, 0, 0, 0, 0, 0, 0, 0, 0, 0, 0, 0, 0, 0, 0, 0, 0, 0, 0, 0, 0, 0, 0, 24, 0, 0, 0, 0, 0, 0, 0, 0, 0, 0, 0, 0, 0, 0, 0, 0, 0, 0, 0, 0, 0, 0, 0, 0, 0, 0, 0, 0, 0, 0, 0], "bins": [-0.5, -0.484375, -0.46875, -0.453125, -0.4375, -0.421875, -0.40625, -0.390625, -0.375, -0.359375, -0.34375, -0.328125, -0.3125, -0.296875, -0.28125, -0.265625, -0.25, -0.234375, -0.21875, -0.203125, -0.1875, -0.171875, -0.15625, -0.140625, -0.125, -0.109375, -0.09375, -0.078125, -0.0625, -0.046875, -0.03125, -0.015625, 0.0, 0.015625, 0.03125, 0.046875, 0.0625, 0.078125, 0.09375, 0.109375, 0.125, 0.140625, 0.15625, 0.171875, 0.1875, 0.203125, 0.21875, 0.234375, 0.25, 0.265625, 0.28125, 0.296875, 0.3125, 0.328125, 0.34375, 0.359375, 0.375, 0.390625, 0.40625, 0.421875, 0.4375, 0.453125, 0.46875, 0.484375, 0.5]}, "params/['params']['layers_0']['linear_layer']['kernel']": {"_type": "histogram", "values": [1, 0, 0, 0, 0, 0, 0, 0, 0, 0, 0, 0, 0, 0, 1, 0, 0, 0, 0, 0, 0, 0, 0, 1, 0, 0, 0, 0, 0, 0, 0, 0, 0, 0, 0, 40, 0, 1, 0, 0, 0, 0, 2, 0, 0, 0, 0, 0, 0, 0, 0, 0, 0, 0, 0, 0, 0, 0, 0, 0, 0, 0, 1, 1], "bins": [-0.8803043961524963, -0.8557565212249756, -0.8312086462974548, -0.8066607713699341, -0.7821128964424133, -0.7575650215148926, -0.733017086982727, -0.7084692716598511, -0.6839213371276855, -0.6593735218048096, -0.634825587272644, -0.6102777719497681, -0.5857298374176025, -0.5611819624900818, -0.536634087562561, -0.5120862126350403, -0.48753833770751953, -0.4629904627799988, -0.438442587852478, -0.4138947129249573, -0.3893468379974365, -0.36479896306991577, -0.340251088142395, -0.31570321321487427, -0.29115527868270874, -0.266607403755188, -0.24205952882766724, -0.21751165390014648, -0.19296377897262573, -0.16841590404510498, -0.14386802911758423, -0.11932015419006348, -0.09477227926254272, -0.07022440433502197, -0.04567652940750122, -0.02112865447998047, 0.003419220447540283, 0.027967095375061035, 0.05251497030258179, 0.07706284523010254, 0.10161072015762329, 0.12615865468978882, 0.1507064700126648, 0.17525440454483032, 0.1998022198677063, 0.22435015439987183, 0.2488979697227478, 0.27344590425491333, 0.29799383878707886, 0.32254165410995483, 0.34708958864212036, 0.37163740396499634, 0.39618533849716187, 0.42073315382003784, 0.44528108835220337, 0.46982890367507935, 0.4943768382072449, 0.5189246535301208, 0.5434725880622864, 0.5680204033851624, 0.5925683379173279, 0.6171161532402039, 0.6416640877723694, 0.6662119030952454, 0.6907598376274109]}, "params/['params']['layers_1']['linear_layer']['bias']": {"_type": "histogram", "values": [0, 0, 0, 0, 0, 0, 0, 0, 0, 0, 0, 0, 0, 0, 0, 0, 0, 0, 0, 0, 0, 0, 0, 0, 0, 0, 0, 0, 0, 0, 0, 0, 24, 0, 0, 0, 0, 0, 0, 0, 0, 0, 0, 0, 0, 0, 0, 0, 0, 0, 0, 0, 0, 0, 0, 0, 0, 0, 0, 0, 0, 0, 0, 0], "bins": [-0.5, -0.484375, -0.46875, -0.453125, -0.4375, -0.421875, -0.40625, -0.390625, -0.375, -0.359375, -0.34375, -0.328125, -0.3125, -0.296875, -0.28125, -0.265625, -0.25, -0.234375, -0.21875, -0.203125, -0.1875, -0.171875, -0.15625, -0.140625, -0.125, -0.109375, -0.09375, -0.078125, -0.0625, -0.046875, -0.03125, -0.015625, 0.0, 0.015625, 0.03125, 0.046875, 0.0625, 0.078125, 0.09375, 0.109375, 0.125, 0.140625, 0.15625, 0.171875, 0.1875, 0.203125, 0.21875, 0.234375, 0.25, 0.265625, 0.28125, 0.296875, 0.3125, 0.328125, 0.34375, 0.359375, 0.375, 0.390625, 0.40625, 0.421875, 0.4375, 0.453125, 0.46875, 0.484375, 0.5]}, "params/['params']['layers_1']['linear_layer']['kernel']": {"_type": "histogram", "values": [2, 1, 0, 0, 0, 1, 1, 1, 0, 0, 0, 0, 1, 0, 0, 0, 1, 1, 1, 1, 0, 1, 0, 2, 0, 2, 0, 2, 471, 2, 1, 0, 2, 0, 0, 0, 0, 1, 0, 1, 0, 0, 0, 0, 0, 0, 1, 0, 1, 0, 0, 0, 1, 0, 0, 1, 0, 0, 2, 1, 0, 0, 0, 1],