{"validation_loss":0.0004312687087804079,"params/['params']['last']['kernel']":{"values":[1,0,0,0,0,0,0,0,0,0,0,0,0,0,0,0,1,0,1,24,0,0,0,0,0,0,0,0,0,0,0,0,0,0,0,0,0,0,0,1,0,0,0,0,0,0,0,0,0,0,0,0,0,0,0,0,0,0,0,1,0,0,0,1],"bins":[-0.2530674934387207,-0.2400985211133957,-0.22712953388690948,-0.21416056156158447,-0.20119158923625946,-0.18822261691093445,-0.17525362968444824,-0.16228465735912323,-0.14931568503379822,-0.136346697807312,-0.123377725481987,-0.11040875315666199,-0.09743976593017578,-0.08447079360485077,-0.07150182127952576,-0.05853283405303955,-0.04556386172771454,-0.032594889402389526,-0.01962590217590332,-0.006656929850578308,0.006312042474746704,0.01928102970123291,0.03224998712539673,0.045218974351882935,0.05818796157836914,0.07115691900253296,0.08412590622901917,0.09709489345550537,0.11006385087966919,0.1230328381061554,0.1360018253326416,0.14897078275680542,0.16193976998329163,0.17490875720977783,0.18787771463394165,0.20084670186042786,0.21381568908691406,0.22678464651107788,0.2397536337375641,0.2527226209640503,0.2656915783882141,0.27866053581237793,0.2916295528411865,0.30459851026535034,0.31756746768951416,0.33053648471832275,0.3435054421424866,0.3564743995666504,0.369443416595459,0.3824123740196228,0.3953813314437866,0.4083503484725952,0.42131930589675903,0.43428826332092285,0.44725728034973145,0.46022623777389526,0.4731951951980591,0.4861642122268677,0.4991331696510315,0.5121021270751953,0.5250711441040039,0.5380401015281677,0.5510090589523315,0.5639780759811401,0.576947033405304],"_type":"histogram"},"params/['params']['layers_0']['linear_layer']['bias']":{"values":[17,0,0,0,0,0,0,0,0,0,0,0,0,0,0,0,0,0,0,0,0,0,0,0,0,0,0,0,0,0,0,0,0,0,0,0,0,0,0,0,0,0,0,0,0,0,0,0,0,0,0,0,0,0,0,0,0,0,0,0,0,0,0,1],"bins":[0,0.005020465236157179,0.010040930472314358,0.01506139524281025,0.020081860944628716,0.02510232664644718,0.0301227904856205,0.035143256187438965,0.04016372188925743,0.0451841875910759,0.05020465329289436,0.05522511899471283,0.060245580971241,0.06526605039834976,0.07028651237487793,0.0753069818019867,0.08032744377851486,0.08534790575504303,0.0903683751821518,0.09538883715867996,0.10040930658578873,0.1054297685623169,0.11045023798942566,0.11547069996595383,0.120491161942482,0.12551163136959076,0.13053210079669952,0.1355525553226471,0.14057302474975586,0.14559349417686462,0.1506139636039734,0.15563441812992096,0.16065488755702972,0.1656753569841385,0.17069581151008606,0.17571628093719482,0.1807367503643036,0.18575721979141235,0.19077767431735992,0.1957981437444687,0.20081861317157745,0.20583906769752502,0.2108595371246338,0.21588000655174255,0.22090047597885132,0.2259209305047989,0.23094139993190765,0.23596186935901642,0.240982323884964,0.24600279331207275,0.2510232627391815,0.2560437321662903,0.26106420159339905,0.2660846710205078,0.2711051106452942,0.27612558007240295,0.2811460494995117,0.2861665189266205,0.29118698835372925,0.296207457780838,0.3012279272079468,0.30624836683273315,0.3112688362598419,0.3162893056869507,0.32130977511405945],"_type":"histogram"},"params/['params']['layers_1']['linear_layer']['kernel']":{"_type":"histogram","values":[1,0,1,0,1,0,0,0,0,1,0,0,0,0,0,1,0,1,0,0,0,0,0,0,0,1,0,0,1,1,243,3,1,1,1,0,0,1,0,0,0,0,1,0,1,0,0,1,2,0,0,0,0,0,1,1,0,0,0,0,1,1,1,1],"bins":[-1.6839182376861572,-1.6278966665267944,-1.5718750953674316,-1.5158536434173584,-1.4598320722579956,-1.4038105010986328,-1.3477890491485596,-1.2917674779891968,-1.235745906829834,-1.1797243356704712,-1.1237027645111084,-1.0676813125610352,-1.0116597414016724,-0.9556381702423096,-0.8996166586875916,-0.8435951471328735,-0.7875735759735107,-0.731552004814148,-0.6755304336547852,-0.6195089817047119,-0.5634874105453491,-0.5074658393859863,-0.4514443874359131,-0.3954228162765503,-0.3394012451171875,-0.2833796739578247,-0.22735810279846191,-0.17133665084838867,-0.11531507968902588,-0.059293508529663086,-0.0032720565795898438,0.05274951457977295,0.10877108573913574,0.16479265689849854,0.22081422805786133,0.27683568000793457,0.3328573703765869,0.38887882232666016,0.4449002742767334,0.5009219646453857,0.556943416595459,0.6129648685455322,0.6689865589141846,0.7250080108642578,0.781029462814331,0.8370511531829834,0.8930726051330566,0.949094295501709,1.0051157474517822,1.0611371994018555,1.1171588897705078,1.173180341720581,1.2292020320892334,1.2852234840393066,1.3412449359893799,1.3972666263580322,1.4532880783081055,1.5093095302581787,1.565331220626831,1.6213526725769043,1.6773741245269775,1.7333958148956299,1.7894172668457031,1.8454389572143555,1.9014604091644287]},"_runtime":161.5485859,"params/['params']['layers_1']['linear_layer']['bias']":{"values":[0,0,0,0,0,0,0,0,0,0,0,0,0,0,0,0,0,0,0,0,0,0,0,0,0,0,0,0,0,0,0,0,18,0,0,0,0,0,0,0,0,0,0,0,0,0,0,0,0,0,0,0,0,0,0,0,0,0,0,0,0,0,0,0],"bins":[-0.5,-0.484375,-0.46875,-0.453125,-0.4375,-0.421875,-0.40625,-0.390625,-0.375,-0.359375,-0.34375,-0.328125,-0.3125,-0.296875,-0.28125,-0.265625,-0.25,-0.234375,-0.21875,-0.203125,-0.1875,-0.171875,-0.15625,-0.140625,-0.125,-0.109375,-0.09375,-0.078125,-0.0625,-0.046875,-0.03125,-0.015625,0,0.015625,0.03125,0.046875,0.0625,0.078125,0.09375,0.109375,0.125,0.140625,0.15625,0.171875,0.1875,0.203125,0.21875,0.234375,0.25,0.265625,0.28125,0.296875,0.3125,0.328125,0.34375,0.359375,0.375,0.390625,0.40625,0.421875,0.4375,0.453125,0.46875,0.484375,0.5],"_type":"histogram"},"loss":0.000432604574598372,"_timestamp":1.739538733129891e+09,"params/['params']['last']['bias']":{"bins":[0,0.007805501110851765,0.01561100222170353,0.02341650426387787,0.03122200444340706,0.03902750462293625,0.04683300852775574,0.05463850870728493,0.06244400888681412,0.0702495127916336,0.0780550092458725,0.08586051315069199,0.09366601705551147,0.10147151350975037,0.10927701741456985,0.11708251386880875,0.12488801777362823,0.13269351422786713,0.1404990255832672,0.1483045220375061,0.156110018491745,0.16391552984714508,0.17172102630138397,0.17952652275562286,0.18733203411102295,0.19513753056526184,0.20294302701950073,0.21074852347373962,0.2185540348291397,0.2263595312833786,0.2341650277376175,0.24197053909301758,0.24977603554725647,0.25758153200149536,0.26538702845573425,0.27319252490997314,0.2809980511665344,0.2888035476207733,0.2966090440750122,0.3044145405292511,0.31222003698349,0.3200255334377289,0.32783105969429016,0.33563655614852905,0.34344205260276794,0.35124754905700684,0.3590530455112457,0.3668585419654846,0.3746640682220459,0.3824695646762848,0.3902750611305237,0.3980805575847626,0.40588605403900146,0.41369155049324036,0.42149704694747925,0.4293025732040405,0.4371080696582794,0.4449135661125183,0.4527190625667572,0.4605245590209961,0.468330055475235,0.47613558173179626,0.48394107818603516,0.49174657464027405,0.49955207109451294],"_type":"histogram","values":[1,0,0,0,0,0,0,0,0,0,0,0,0,0,0,0,0,0,0,0,0,0,0,0,0,0,0,0,0,0,0,0,0,0,0,0,0,0,0,0,0,0,0,0,0,0,0,0,0,0,0,0,0,0,0,0,0,0,0,0,0,0,0,1]},"_wandb":{"runtime":161},"_step":405,