{"loss": 0.00011118187831016257, "_timestamp": 1739966600.0784867, "_runtime": 204.60407662391663, "_step": 2793, "params/['params']['last']['bias']": {"_type": "histogram", "values": [0, 0, 0, 0, 0, 0, 0, 0, 0, 0, 0, 0, 0, 0, 0, 0, 0, 0, 0, 0, 0, 0, 0, 0, 0, 0, 0, 0, 0, 0, 0, 0, 2, 0, 0, 0, 0, 0, 0, 0, 0, 0, 0, 0, 0, 0, 0, 0, 0, 0, 0, 0, 0, 0, 0, 0, 0, 0, 0, 0, 0, 0, 0, 0], "bins": [-0.5, -0.484375, -0.46875, -0.453125, -0.4375, -0.421875, -0.40625, -0.390625, -0.375, -0.359375, -0.34375, -0.328125, -0.3125, -0.296875, -0.28125, -0.265625, -0.25, -0.234375, -0.21875, -0.203125, -0.1875, -0.171875, -0.15625, -0.140625, -0.125, -0.109375, -0.09375, -0.078125, -0.0625, -0.046875, -0.03125, -0.015625, 0.0, 0.015625, 0.03125, 0.046875, 0.0625, 0.078125, 0.09375, 0.109375, 0.125, 0.140625, 0.15625, 0.171875, 0.1875, 0.203125, 0.21875, 0.234375, 0.25, 0.265625, 0.28125, 0.296875, 0.3125, 0.328125, 0.34375, 0.359375, 0.375, 0.390625, 0.40625, 0.421875, 0.4375, 0.453125, 0.46875, 0.484375, 0.5]}, "params/['params']['last']['kernel']": {"_type": "histogram", "values": [2, 0, 0, 0, 0, 0, 0, 37, 0, 0, 0, 0, 0, 0, 0, 2, 0, 0, 0, 0, 0, 0, 0, 0, 0, 0, 0, 0, 0, 0, 0, 0, 0, 0, 0, 0, 0, 0, 0, 0, 0, 0, 0, 0, 0, 0, 0, 0, 0, 0, 0, 0, 0, 0, 0, 0, 0, 0, 0, 0, 0, 0, 0, 1], "bins": [-0.008426433429121971, -0.007353589870035648, -0.0062807463109493256, -0.005207902751863003, -0.00413505919277668, -0.003062215633690357, -0.0019893720746040344, -0.0009165285155177116, 0.00015631504356861115, 0.001229158602654934, 0.0023020021617412567, 0.0033748457208275795, 0.004447689279913902, 0.005520532839000225, 0.006593376398086548, 0.007666220888495445, 0.008739063516259193, 0.009811906144022942, 0.010884750634431839, 0.011957595124840736, 0.013030437752604485, 0.014103280380368233, 0.01517612487077713, 0.016248969361186028, 0.017321811988949776, 0.018394654616713524, 0.01946749910712242, 0.02054034359753132, 0.021613186225295067, 0.022686028853058815, 0.02375887520611286, 0.02483171783387661, 0.025904560461640358, 0.026977403089404106, 0.028050245717167854, 0.0291230920702219, 0.03019593469798565, 0.03126877546310425, 0.032341621816158295, 0.03341446816921234, 0.03448730707168579, 0.03556015342473984, 0.03663299232721329, 0.037705838680267334, 0.03877868503332138, 0.03985152393579483, 0.04092437028884888, 0.041997216641902924, 0.04307005554437637, 0.04414290189743042, 0.04521574079990387, 0.046288587152957916, 0.04736143350601196, 0.04843427240848541, 0.04950711876153946, 0.050579965114593506, 0.051652804017066956, 0.052725650370121, 0.05379848927259445, 0.0548713356256485, 0.055944181978702545, 0.057017020881175995, 0.05808986723423004, 0.05916270613670349, 0.06023555248975754]}, "params/['params']['layers_0']['linear_layer']['bias']": {"_type": "histogram", "values": [0, 0, 0, 0, 0, 0, 0, 0, 0, 0, 0, 0, 0, 0, 0, 0, 0, 0, 0, 0, 0, 0, 0, 0, 0, 0, 0, 0, 0, 0, 0, 0, 24, 0, 0, 0, 0, 0, 0, 0, 0, 0, 0, 0, 0, 0, 0, 0, 0, 0, 0, 0, 0, 0, 0, 0, 0, 0, 0, 0, 0, 0, 0, 0], "bins": [-0.5, -0.484375, -0.46875, -0.453125, -0.4375, -0.421875, -0.40625, -0.390625, -0.375, -0.359375, -0.34375, -0.328125, -0.3125, -0.296875, -0.28125, -0.265625, -0.25, -0.234375, -0.21875, -0.203125, -0.1875, -0.171875, -0.15625, -0.140625, -0.125, -0.109375, -0.09375, -0.078125, -0.0625, -0.046875, -0.03125, -0.015625, 0.0, 0.015625, 0.03125, 0.046875, 0.0625, 0.078125, 0.09375, 0.109375, 0.125, 0.140625, 0.15625, 0.171875, 0.1875, 0.203125, 0.21875, 0.234375, 0.25, 0.265625, 0.28125, 0.296875, 0.3125, 0.328125, 0.34375, 0.359375, 0.375, 0.390625, 0.40625, 0.421875, 0.4375, 0.453125, 0.46875, 0.484375, 0.5]}, "params/['params']['layers_0']['linear_layer']['kernel']": {"_type": "histogram", "values": [1, 0, 0, 0, 0, 1, 0, 0, 0, 0, 0, 0, 0, 0, 0, 0, 0, 0, 0, 0, 0, 0, 0, 0, 0, 0, 0, 0, 0, 0, 0, 0, 0, 0, 0, 0, 0, 0, 0, 0, 0, 0, 0, 0, 0, 0, 0, 0, 0, 0, 0, 0, 0, 0, 0, 0, 0, 69, 0, 0, 0, 0, 0, 1], "bins": [-1.0443878173828125, -1.0263737440109253, -1.0083597898483276, -0.9903457164764404, -0.972331702709198, -0.9543176293373108, -0.9363036155700684, -0.9182895421981812, -0.9002755284309387, -0.8822615146636963, -0.8642474412918091, -0.8462334275245667, -0.8282194137573242, -0.810205340385437, -0.7921913266181946, -0.7741773128509521, -0.7561632394790649, -0.7381492257118225, -0.7201352119445801, -0.7021211385726929, -0.6841071248054504, -0.666093111038208, -0.6480790376663208, -0.6300650238990784, -0.6120510101318359, -0.5940369367599487, -0.5760229229927063, -0.5580089092254639, -0.5399948358535767, -0.5219808220863342, -0.5039668083190918, -0.4859527349472046, -0.46793872117996216, -0.4499247074127197, -0.4319106340408325, -0.4138966202735901, -0.39588260650634766, -0.37786853313446045, -0.359854519367218, -0.3418405055999756, -0.3238264322280884, -0.30581241846084595, -0.2877984046936035, -0.2697843313217163, -0.2517703175544739, -0.23375630378723145, -0.21574223041534424, -0.1977282166481018, -0.17971420288085938, -0.16170012950897217, -0.14368611574172974, -0.12567204236984253, -0.1076580286026001, -0.08964401483535767, -0.07162994146347046, -0.05361592769622803, -0.03560185432434082, -0.017587900161743164, 0.00042617321014404297, 0.01844024658203125, 0.036454200744628906, 0.05446827411651611, 0.07248234748840332, 0.09049630165100098, 0.10851038992404938]}, "params/['params']['layers_1']['linear_layer']['bias']": {"_type": "histogram", "values": [0, 0, 0, 0, 0, 0, 0, 0, 0, 0, 0, 0, 0, 0, 0, 0, 0, 0, 0, 0, 0, 0, 0, 0, 0, 0, 0, 0, 0, 0, 0, 0, 24, 0, 0, 0, 0, 0, 0, 0, 0, 0, 0, 0, 0, 0, 0, 0, 0, 0, 0, 0, 0, 0, 0, 0, 0, 0, 0, 0, 0, 0, 0, 0], "bins": [-0.5, -0.484375, -0.46875, -0.453125, -0.4375, -0.421875, -0.40625, -0.390625, -0.375, -0.359375, -0.34375, -0.328125, -0.3125, -0.296875, -0.28125, -0.265625, -0.25, -0.234375, -0.21875, -0.203125, -0.1875, -0.171875, -0.15625, -0.140625, -0.125, -0.109375, -0.09375, -0.078125, -0.0625, -0.046875, -0.03125, -0.015625, 0.0, 0.015625, 0.03125, 0.046875, 0.0625, 0.078125, 0.09375, 0.109375, 0.125, 0.140625, 0.15625, 0.171875, 0.1875, 0.203125, 0.21875, 0.234375, 0.25, 0.265625, 0.28125, 0.296875, 0.3125, 0.328125, 0.34375, 0.359375, 0.375, 0.390625, 0.40625, 0.421875, 0.4375, 0.453125, 0.46875, 0.484375, 0.5]}, "params/['params']['layers_1']['linear_layer']['kernel']": {"_type": "histogram", "values": [1, 0, 0, 0, 0, 0, 0, 0, 0, 0, 0, 0, 0, 0, 1, 0, 0, 0, 0, 0, 0, 1, 0, 0, 0, 0, 1, 1, 0, 0, 495, 0, 0, 0, 0, 0, 0, 0, 0, 0, 0, 0, 0, 0, 0, 0, 1, 0, 0, 0, 0, 0, 0, 0, 0, 0, 0, 0, 0, 0, 1, 0, 0, 2], "bins": [-3.0081238746643066, -2.909406900405884, -2.810689926147461, -2.711972951889038, -2.6132559776306152, -2.5145392417907715, -2.4158220291137695, -2.317105293273926, -2.218388319015503, -2.11967134475708, -2.0209543704986572, -1.9222373962402344, -1.8235204219818115, -1.7248034477233887, -1.6260865926742554, -1.5273696184158325, -1.4286526441574097, -1.3299356698989868, -1.231218695640564, -1.1325018405914307, -1.0337848663330078, -0.935067892074585, -0.8363509178161621, -0.7376339435577393, -0.6389169692993164, -0.5401999950408936, -0.4414830207824707, -0.34276628494262695, -0.2440493106842041, -0.14533233642578125, -0.0466153621673584, 0.05210161209106445, 0.1508185863494873, 0.24953556060791016, 0.348252534866333, 0.44696950912475586, 0.5456864833831787, 0.6444034576416016, 0.7431201934814453, 0.8418371677398682, 0.940554141998291, 1.039271354675293, 1.1379880905151367, 1.2367048263549805, 1.3354220390319824, 1.4341387748718262, 1.5328559875488281, 1.6315727233886719, 1.7302899360656738, 1.8290066719055176, 1.9277238845825195, 2.0264406204223633, 2.1251578330993652, 2.223874568939209, 2.3225913047790527, 2.4213085174560547, 2.5200252532958984, 2.6187424659729004, 2.717459201812744, 2.816176414489746, 2.91489315032959, 3.013610363006592, 3.1123270988464355, 3.2110443115234375, 3.3097610473632812]}, "validation_loss": 2.9828481729055056e-07, "_wandb": {"runtime": 207}}