{"loss": 0.004292741883546114, "_timestamp": 1739969605.8517952, "_runtime": 187.70677518844604, "_step": 2793, "params/['params']['last']['bias']": {"_type": "histogram", "values": [1, 0, 0, 0, 0, 0, 0, 0, 0, 0, 0, 0, 0, 0, 0, 0, 0, 0, 0, 0, 0, 0, 0, 0, 0, 0, 0, 0, 0, 0, 0, 0, 0, 0, 0, 0, 0, 0, 0, 0, 0, 0, 0, 0, 0, 0, 0, 0, 0, 0, 0, 0, 0, 0, 0, 0, 0, 0, 0, 0, 0, 0, 0, 1], "bins": [0.0, 0.008319703862071037, 0.016639407724142075, 0.024959111586213112, 0.03327881544828415, 0.041598521173000336, 0.049918223172426224, 0.05823792517185211, 0.0665576308965683, 0.07487733662128448, 0.08319704234600067, 0.09151674062013626, 0.09983644634485245, 0.10815615206956863, 0.11647585034370422, 0.12479555606842041, 0.1331152617931366, 0.14143496751785278, 0.14975467324256897, 0.15807437896728516, 0.16639408469200134, 0.17471377551555634, 0.18303348124027252, 0.1913531869649887, 0.1996728926897049, 0.20799259841442108, 0.21631230413913727, 0.22463200986385345, 0.23295170068740845, 0.24127140641212463, 0.24959111213684082, 0.257910817861557, 0.2662305235862732, 0.2745502293109894, 0.28286993503570557, 0.29118964076042175, 0.29950934648513794, 0.3078290522098541, 0.3161487579345703, 0.3244684636592865, 0.3327881693840027, 0.3411078453063965, 0.34942755103111267, 0.35774725675582886, 0.36606696248054504, 0.37438666820526123, 0.3827063739299774, 0.3910260796546936, 0.3993457853794098, 0.407665491104126, 0.41598519682884216, 0.42430490255355835, 0.43262460827827454, 0.4409443140029907, 0.4492640197277069, 0.4575837254524231, 0.4659034013748169, 0.4742231070995331, 0.48254281282424927, 0.49086251854896545, 0.49918222427368164, 0.5075019598007202, 0.515821635723114, 0.5241413712501526, 0.5324610471725464]}, "params/['params']['last']['kernel']": {"_type": "histogram", "values": [1, 0, 0, 0, 0, 0, 0, 0, 0, 0, 0, 0, 0, 0, 0, 0, 0, 0, 0, 0, 0, 0, 0, 0, 0, 0, 0, 0, 0, 0, 0, 0, 0, 0, 0, 0, 0, 0, 0, 0, 0, 0, 0, 0, 0, 0, 0, 0, 0, 0, 0, 0, 0, 0, 0, 0, 0, 0, 0, 0, 0, 0, 0, 35], "bins": [-0.481535404920578, -0.4740114212036133, -0.46648743748664856, -0.45896342396736145, -0.45143944025039673, -0.443915456533432, -0.4363914728164673, -0.4288674592971802, -0.42134347558021545, -0.41381949186325073, -0.406295508146286, -0.3987715244293213, -0.3912475109100342, -0.38372352719306946, -0.37619954347610474, -0.3686755299568176, -0.3611515462398529, -0.3536275625228882, -0.34610357880592346, -0.33857959508895874, -0.33105558156967163, -0.3235315978527069, -0.3160076141357422, -0.3084836006164551, -0.30095964670181274, -0.29343563318252563, -0.2859116494655609, -0.2783876657485962, -0.2708636522293091, -0.26333966851234436, -0.25581568479537964, -0.24829168617725372, -0.240767702460289, -0.23324371874332428, -0.22571972012519836, -0.21819573640823364, -0.21067175269126892, -0.2031477391719818, -0.1956237554550171, -0.18809977173805237, -0.18057578802108765, -0.17305177450180054, -0.16552779078483582, -0.1580038070678711, -0.15047982335090637, -0.14295580983161926, -0.13543182611465454, -0.12790784239768982, -0.1203838586807251, -0.11285987496376038, -0.10533586144447327, -0.09781187772750854, -0.09028789401054382, -0.0827639102935791, -0.07523989677429199, -0.06771591305732727, -0.06019192934036255, -0.05266794562339783, -0.04514393210411072, -0.037619948387145996, -0.030095964670181274, -0.022571980953216553, -0.015047967433929443, -0.007523983716964722, 0.0]}, "params/['params']['layers_0']['linear_layer']['bias']": {"_type": "histogram", "values": [0, 0, 0, 0, 0, 0, 0, 0, 0, 0, 0, 0, 0, 0, 0, 0, 0, 0, 0, 0, 0, 0, 0, 0, 0, 0, 0, 0, 0, 0, 0, 0, 22, 0, 0, 0, 0, 0, 0, 0, 0, 0, 0, 0, 0, 0, 0, 0, 0, 0, 0, 0, 0, 0, 0, 0, 0, 0, 0, 0, 0, 0, 0, 0], "bins": [-0.5, -0.484375, -0.46875, -0.453125, -0.4375, -0.421875, -0.40625, -0.390625, -0.375, -0.359375, -0.34375, -0.328125, -0.3125, -0.296875, -0.28125, -0.265625, -0.25, -0.234375, -0.21875, -0.203125, -0.1875, -0.171875, -0.15625, -0.140625, -0.125, -0.109375, -0.09375, -0.078125, -0.0625, -0.046875, -0.03125, -0.015625, 0.0, 0.015625, 0.03125, 0.046875, 0.0625, 0.078125, 0.09375, 0.109375, 0.125, 0.140625, 0.15625, 0.171875, 0.1875, 0.203125, 0.21875, 0.234375, 0.25, 0.265625, 0.28125, 0.296875, 0.3125, 0.328125, 0.34375, 0.359375, 0.375, 0.390625, 0.40625, 0.421875, 0.4375, 0.453125, 0.46875, 0.484375, 0.5]}, "params/['params']['layers_0']['linear_layer']['kernel']": {"_type": "histogram", "values": [1, 0, 0, 0, 0, 0, 0, 0, 0, 0, 0, 0, 0, 0, 0, 0, 0, 0, 0, 0, 0, 0, 0, 0, 0, 0, 0, 0, 0, 0, 0, 0, 0, 1, 0, 0, 0, 0, 0, 0, 0, 0, 1, 0, 0, 0, 0, 0, 0, 0, 0, 1, 0, 1, 0, 0, 0, 0, 1, 0, 0, 0, 81, 1], "bins": [-1.6055409908294678, -1.579651117324829, -1.55376136302948, -1.5278714895248413, -1.5019817352294922, -1.4760918617248535, -1.4502021074295044, -1.4243122339248657, -1.3984224796295166, -1.372532606124878, -1.3466427326202393, -1.3207529783248901, -1.294863224029541, -1.2689733505249023, -1.2430834770202637, -1.2171937227249146, -1.1913038492202759, -1.1654140949249268, -1.139524221420288, -1.1136343479156494, -1.0877445936203003, -1.0618548393249512, -1.0359649658203125, -1.0100750923156738, -0.9841853380203247, -0.9582955241203308, -0.9324057102203369, -0.9065158367156982, -0.8806260228157043, -0.8547362089157104, -0.8288463950157166, -0.8029565811157227, -0.7770667672157288, -0.7511769533157349, -0.725287139415741, -0.6993973255157471, -0.6735075116157532, -0.6476176977157593, -0.6217278242111206, -0.5958380699157715, -0.5699481964111328, -0.5440584421157837, -0.518168568611145, -0.49227869510650635, -0.4663889408111572, -0.44049906730651855, -0.41460931301116943, -0.38871943950653076, -0.36282968521118164, -0.33693981170654297, -0.31105005741119385, -0.2851601839065552, -0.25927042961120605, -0.23338055610656738, -0.2074906826019287, -0.1816009283065796, -0.15571105480194092, -0.1298213005065918, -0.10393142700195312, -0.078041672706604, -0.05215179920196533, -0.02626204490661621, -0.00037217140197753906, 0.025517582893371582, 0.05140746012330055]}, "params/['params']['layers_1']['linear_layer']['bias']": {"_type": "histogram", "values": [0, 0, 0, 0, 0, 0, 0, 0, 0, 0, 0, 0, 0, 0, 0, 0, 0, 0, 0, 0, 0, 0, 0, 0, 0, 0, 0, 0, 0, 0, 0, 0, 22, 0, 0, 0, 0, 0, 0, 0, 0, 0, 0, 0, 0, 0, 0, 0, 0, 0, 0, 0, 0, 0, 0, 0, 0, 0, 0, 0, 0, 0, 0, 0], "bins": [-0.5, -0.484375, -0.46875, -0.453125, -0.4375, -0.421875, -0.40625, -0.390625, -0.375, -0.359375, -0.34375, -0.328125, -0.3125, -0.296875, -0.28125, -0.265625, -0.25, -0.234375, -0.21875, -0.203125, -0.1875, -0.171875, -0.15625, -0.140625, -0.125, -0.109375, -0.09375, -0.078125, -0.0625, -0.046875, -0.03125, -0.015625, 0.0, 0.015625, 0.03125, 0.046875, 0.0625, 0.078125, 0.09375, 0.109375, 0.125, 0.140625, 0.15625, 0.171875, 0.1875, 0.203125, 0.21875, 0.234375, 0.25, 0.265625, 0.28125, 0.296875, 0.3125, 0.328125, 0.34375, 0.359375, 0.375, 0.390625, 0.40625, 0.421875, 0.4375, 0.453125, 0.46875, 0.484375, 0.5]}, "params/['params']['layers_1']['linear_layer']['kernel']": {"_type": "histogram", "values": [1, 0, 0, 0, 0, 0, 0, 0, 0, 0, 0, 0, 0, 0, 1, 1, 0, 0, 0, 0, 0, 0, 0, 0, 0, 0, 1, 1, 0, 0, 0, 0, 0, 0, 0, 1, 387, 2, 0, 0, 0, 0, 0, 0, 0, 0, 0, 0, 0, 0, 0, 0, 0, 0, 0, 0, 0, 0, 0, 0, 0, 0, 0, 1],