{"loss": 0.35607418417930603, "_timestamp": 1739302344.225967, "_runtime": 196.8736138343811, "_step": 27, "params/['params']['last']['bias']": {"_type": "histogram", "values": [1, 0, 0, 0, 0, 0, 0, 0, 0, 0, 0, 0, 0, 0, 0, 0, 0, 0, 0, 0, 0, 0, 0, 0, 0, 0, 0, 0, 0, 0, 0, 0, 0, 0, 0, 0, 0, 0, 0, 0, 0, 0, 0, 0, 0, 0, 0, 0, 0, 0, 0, 0, 0, 0, 0, 0, 0, 0, 0, 0, 0, 0, 0, 1], "bins": [1.000105381011963, 1.0017238855361938, 1.0033423900604248, 1.0049608945846558, 1.0065793991088867, 1.0081979036331177, 1.0098164081573486, 1.0114349126815796, 1.0130534172058105, 1.0146719217300415, 1.0162904262542725, 1.0179089307785034, 1.0195274353027344, 1.0211459398269653, 1.0227644443511963, 1.0243829488754272, 1.0260014533996582, 1.0276199579238892, 1.0292384624481201, 1.030856966972351, 1.032475471496582, 1.034093976020813, 1.035712480545044, 1.037330985069275, 1.0389494895935059, 1.0405679941177368, 1.0421864986419678, 1.0438050031661987, 1.0454235076904297, 1.0470420122146606, 1.0486605167388916, 1.050279140472412, 1.0518975257873535, 1.053516149520874, 1.055134654045105, 1.056753158569336, 1.058371663093567, 1.0599901676177979, 1.0616086721420288, 1.0632271766662598, 1.0648456811904907, 1.0664641857147217, 1.0680826902389526, 1.0697011947631836, 1.0713196992874146, 1.0729382038116455, 1.0745567083358765, 1.0761752128601074, 1.0777937173843384, 1.0794122219085693, 1.0810307264328003, 1.0826492309570312, 1.0842677354812622, 1.0858862400054932, 1.0875047445297241, 1.089123249053955, 1.090741753578186, 1.092360258102417, 1.093978762626648, 1.095597267150879, 1.0972157716751099, 1.0988342761993408, 1.1004527807235718, 1.1020712852478027, 1.1036897897720337]}, "params/['params']['last']['kernel']": {"_type": "histogram", "values": [0, 0, 0, 0, 0, 0, 0, 0, 0, 0, 0, 0, 0, 0, 0, 0, 0, 0, 0, 0, 0, 0, 0, 0, 0, 0, 0, 0, 0, 0, 0, 0, 30, 0, 0, 0, 0, 0, 0, 0, 0, 0, 0, 0, 0, 0, 0, 0, 0, 0, 0, 0, 0, 0, 0, 0, 0, 0, 0, 0, 0, 0, 0, 0], "bins": [-0.5, -0.484375, -0.46875, -0.453125, -0.4375, -0.421875, -0.40625, -0.390625, -0.375, -0.359375, -0.34375, -0.328125, -0.3125, -0.296875, -0.28125, -0.265625, -0.25, -0.234375, -0.21875, -0.203125, -0.1875, -0.171875, -0.15625, -0.140625, -0.125, -0.109375, -0.09375, -0.078125, -0.0625, -0.046875, -0.03125, -0.015625, 0.0, 0.015625, 0.03125, 0.046875, 0.0625, 0.078125, 0.09375, 0.109375, 0.125, 0.140625, 0.15625, 0.171875, 0.1875, 0.203125, 0.21875, 0.234375, 0.25, 0.265625, 0.28125, 0.296875, 0.3125, 0.328125, 0.34375, 0.359375, 0.375, 0.390625, 0.40625, 0.421875, 0.4375, 0.453125, 0.46875, 0.484375, 0.5]}, "params/['params']['layers_0']['linear_layer']['bias']": {"_type": "histogram", "values": [0, 0, 0, 0, 0, 0, 0, 0, 0, 0, 0, 0, 0, 0, 0, 0, 0, 0, 0, 0, 0, 0, 0, 0, 0, 0, 0, 0, 0, 0, 0, 0, 18, 0, 0, 0, 0, 0, 0, 0, 0, 0, 0, 0, 0, 0, 0, 0, 0, 0, 0, 0, 0, 0, 0, 0, 0, 0, 0, 0, 0, 0, 0, 0], "bins": [-0.5, -0.484375, -0.46875, -0.453125, -0.4375, -0.421875, -0.40625, -0.390625, -0.375, -0.359375, -0.34375, -0.328125, -0.3125, -0.296875, -0.28125, -0.265625, -0.25, -0.234375, -0.21875, -0.203125, -0.1875, -0.171875, -0.15625, -0.140625, -0.125, -0.109375, -0.09375, -0.078125, -0.0625, -0.046875, -0.03125, -0.015625, 0.0, 0.015625, 0.03125, 0.046875, 0.0625, 0.078125, 0.09375, 0.109375, 0.125, 0.140625, 0.15625, 0.171875, 0.1875, 0.203125, 0.21875, 0.234375, 0.25, 0.265625, 0.28125, 0.296875, 0.3125, 0.328125, 0.34375, 0.359375, 0.375, 0.390625, 0.40625, 0.421875, 0.4375, 0.453125, 0.46875, 0.484375, 0.5]}, "params/['params']['layers_0']['linear_layer']['kernel']": {"_type": "histogram", "values": [1, 0, 0, 1, 0, 0, 0, 0, 0, 0, 0, 0, 0, 0, 0, 0, 0, 1, 0, 1, 0, 0, 0, 0, 1, 0, 0, 2, 0, 1, 0, 0, 0, 2, 0, 1, 0, 0, 0, 0, 0, 0, 0, 2, 0, 0, 1, 0, 0, 0, 1, 0, 0, 1, 0, 0, 1, 0, 0, 0, 0, 0, 0, 1], "bins": [-1.587853193283081, -1.5403521060943604, -1.4928510189056396, -1.4453498125076294, -1.3978487253189087, -1.350347638130188, -1.3028465509414673, -1.255345344543457, -1.2078442573547363, -1.1603431701660156, -1.112842082977295, -1.0653409957885742, -1.0178399085998535, -0.9703387022018433, -0.9228376150131226, -0.8753364682197571, -0.8278353810310364, -0.7803342938423157, -0.7328331470489502, -0.6853320598602295, -0.637830913066864, -0.5903298258781433, -0.5428286790847778, -0.49532759189605713, -0.4478265047073364, -0.4003254175186157, -0.35282421112060547, -0.30532312393188477, -0.25782203674316406, -0.21032094955444336, -0.1628197431564331, -0.1153186559677124, -0.0678175687789917, -0.020316481590270996, 0.027184605598449707, 0.07468581199645996, 0.12218689918518066, 0.16968798637390137, 0.21718907356262207, 0.2646902799606323, 0.312191367149353, 0.35969245433807373, 0.40719354152679443, 0.4546947479248047, 0.5021958351135254, 0.5496969223022461, 0.5971980094909668, 0.6446990966796875, 0.6922001838684082, 0.7397012710571289, 0.7872023582458496, 0.8347036838531494, 0.8822047710418701, 0.9297058582305908, 0.9772069454193115, 1.0247080326080322, 1.072209119796753, 1.1197102069854736, 1.1672112941741943, 1.214712381362915, 1.2622137069702148, 1.3097147941589355, 1.3572158813476562, 1.404716968536377, 1.4522180557250977]}, "params/['params']['layers_1']['linear_layer']['bias']": {"_type": "histogram", "values": [0, 0, 0, 0, 0, 0, 0, 0, 0, 0, 0, 0, 0, 0, 0, 0, 0, 0, 0, 0, 0, 0, 0, 0, 0, 0, 0, 0, 0, 0, 0, 0, 18, 0, 0, 0, 0, 0, 0, 0, 0, 0, 0, 0, 0, 0, 0, 0, 0, 0, 0, 0, 0, 0, 0, 0, 0, 0, 0, 0, 0, 0, 0, 0], "bins": [-0.5, -0.484375, -0.46875, -0.453125, -0.4375, -0.421875, -0.40625, -0.390625, -0.375, -0.359375, -0.34375, -0.328125, -0.3125, -0.296875, -0.28125, -0.265625, -0.25, -0.234375, -0.21875, -0.203125, -0.1875, -0.171875, -0.15625, -0.140625, -0.125, -0.109375, -0.09375, -0.078125, -0.0625, -0.046875, -0.03125, -0.015625, 0.0, 0.015625, 0.03125, 0.046875, 0.0625, 0.078125, 0.09375, 0.109375, 0.125, 0.140625, 0.15625, 0.171875, 0.1875, 0.203125, 0.21875, 0.234375, 0.25, 0.265625, 0.28125, 0.296875, 0.3125, 0.328125, 0.34375, 0.359375, 0.375, 0.390625, 0.40625, 0.421875, 0.4375, 0.453125, 0.46875, 0.484375, 0.5]}, "params/['params']['layers_1']['linear_layer']['kernel']": {"_type": "histogram", "values": [1, 2, 1, 4, 2, 2, 0, 1, 2, 3, 3, 4, 4, 3, 2, 2, 8, 4, 6, 2, 7, 4, 5, 8, 3, 8, 7, 11, 10, 4, 5, 4, 8, 8, 5, 4, 4, 12, 5, 6, 5, 9, 4, 3, 5, 2, 5, 9, 4, 3, 5, 2, 2, 3, 7, 7, 2, 0, 0, 2, 3, 3, 0, 1], "bins": [-0.5805268287658691, -0.5623677968978882, -0.5442087054252625, -0.5260496735572815, -0.5078906416893005, -0.4897315502166748, -0.47157251834869385, -0.4534134566783905, -0.43525439500808716, -0.4170953631401062, -0.39893630146980286, -0.3807772397994995, -0.36261820793151855, -0.3444591462612152, -0.32630008459091187, -0.3081410527229309, -0.28998199105262756, -0.2718229293823242, -0.25366389751434326, -0.23550483584403992, -0.21734577417373657, -0.19918674230575562, -0.18102768063545227, -0.16286861896514893, -0.14470958709716797, -0.12655052542686462, -0.10839146375656128, -0.09023240208625793, -0.07207334041595459, -0.05391430854797363, -0.035755276679992676, -0.017596185207366943, 0.0005628466606140137, 0.01872187852859497, 0.0368809700012207, 0.05504000186920166, 0.07319903373718262, 0.09135812520980835, 0.1095171570777893, 0.12767618894577026, 0.145835280418396, 0.16399431228637695, 0.1821533441543579, 0.20031243562698364, 0.2184714674949646, 0.23663049936294556, 0.2547895908355713, 0.27294862270355225, 0.2911076545715332, 0.30926674604415894, 0.3274257779121399, 0.3455848693847656, 0.3637439012527466, 0.38190293312072754, 0.40006202459335327, 0.41822105646133423, 0.43638014793395996, 0.4545391798019409, 0.4726982116699219, 0.49085724353790283, 0.5090162754058838, 0.5271753072738647, 0.5453344583511353, 0.5634934902191162, 0.5816525220870972]}, "_wandb": {"runtime": 196}}