{"loss": 0.0006851601647213101, "_timestamp": 1739964429.4095564, "_runtime": 206.34851241111755, "_step": 2793, "params/['params']['last']['bias']": {"_type": "histogram", "values": [1, 0, 0, 0, 0, 0, 0, 0, 0, 0, 0, 0, 0, 0, 0, 0, 0, 0, 0, 0, 0, 0, 0, 0, 0, 0, 0, 0, 0, 0, 0, 0, 0, 0, 0, 0, 0, 0, 0, 0, 0, 0, 0, 0, 0, 0, 0, 0, 0, 0, 0, 0, 0, 0, 0, 0, 0, 0, 0, 0, 0, 0, 0, 1], "bins": [0.0, 0.00824072677642107, 0.01648145355284214, 0.024722181260585785, 0.03296290710568428, 0.041203632950782776, 0.04944436252117157, 0.057685088366270065, 0.06592581421136856, 0.07416654378175735, 0.08240726590156555, 0.09064799547195435, 0.09888872504234314, 0.10712944716215134, 0.11537017673254013, 0.12361089885234833, 0.13185162842273712, 0.14009235799312592, 0.1483330875635147, 0.1565738022327423, 0.1648145318031311, 0.1730552613735199, 0.1812959909439087, 0.18953672051429749, 0.19777745008468628, 0.20601816475391388, 0.21425889432430267, 0.22249962389469147, 0.23074035346508026, 0.23898108303546906, 0.24722179770469666, 0.25546252727508545, 0.26370325684547424, 0.27194398641586304, 0.28018471598625183, 0.2884254455566406, 0.2966661751270294, 0.3049069046974182, 0.3131476044654846, 0.3213883340358734, 0.3296290636062622, 0.337869793176651, 0.3461105227470398, 0.3543512523174286, 0.3625919818878174, 0.3708327114582062, 0.37907344102859497, 0.38731417059898376, 0.39555490016937256, 0.40379559993743896, 0.41203632950782776, 0.42027705907821655, 0.42851778864860535, 0.43675851821899414, 0.44499924778938293, 0.45323997735977173, 0.4614807069301605, 0.4697214365005493, 0.4779621660709381, 0.4862028658390045, 0.4944435954093933, 0.5026843547821045, 0.5109250545501709, 0.5191658139228821, 0.5274065136909485]}, "params/['params']['last']['kernel']": {"_type": "histogram", "values": [1, 0, 0, 0, 0, 0, 0, 0, 0, 0, 0, 0, 0, 0, 0, 0, 0, 0, 0, 1, 0, 0, 0, 0, 0, 0, 0, 0, 0, 4, 29, 0, 0, 0, 0, 0, 0, 0, 0, 0, 0, 0, 0, 0, 0, 0, 0, 0, 0, 0, 0, 0, 0, 0, 0, 0, 0, 0, 0, 0, 0, 0, 0, 1], "bins": [-0.25302475690841675, -0.24470898509025574, -0.23639322817325592, -0.2280774712562561, -0.2197616994380951, -0.21144592761993408, -0.20313017070293427, -0.19481441378593445, -0.18649864196777344, -0.17818287014961243, -0.1698671132326126, -0.1615513563156128, -0.15323558449745178, -0.14491981267929077, -0.13660405576229095, -0.12828829884529114, -0.11997252702713013, -0.11165675520896912, -0.1033409982919693, -0.09502524137496948, -0.08670946955680847, -0.07839369773864746, -0.07007794082164764, -0.06176218390464783, -0.053446412086486816, -0.045130640268325806, -0.03681488335132599, -0.028499126434326172, -0.02018335461616516, -0.01186758279800415, -0.0035518258810043335, 0.004763931035995483, 0.013079702854156494, 0.021395474672317505, 0.029711246490478516, 0.03802698850631714, 0.04634276032447815, 0.05465853214263916, 0.06297427415847778, 0.0712900459766388, 0.0796058177947998, 0.08792158961296082, 0.09623736143112183, 0.10455310344696045, 0.11286887526512146, 0.12118464708328247, 0.1295003890991211, 0.1378161609172821, 0.14613193273544312, 0.15444770455360413, 0.16276347637176514, 0.17107921838760376, 0.17939499020576477, 0.18771076202392578, 0.1960265040397644, 0.20434227585792542, 0.21265804767608643, 0.22097381949424744, 0.22928959131240845, 0.23760533332824707, 0.24592110514640808, 0.2542368769645691, 0.2625526189804077, 0.2708684206008911, 0.2791841924190521]}, "params/['params']['layers_0']['linear_layer']['bias']": {"_type": "histogram", "values": [0, 0, 0, 0, 0, 0, 0, 0, 0, 0, 0, 0, 0, 0, 0, 0, 0, 0, 0, 0, 0, 0, 0, 0, 0, 0, 0, 0, 0, 0, 0, 0, 22, 0, 0, 0, 0, 0, 0, 0, 0, 0, 0, 0, 0, 0, 0, 0, 0, 0, 0, 0, 0, 0, 0, 0, 0, 0, 0, 0, 0, 0, 0, 0], "bins": [-0.5, -0.484375, -0.46875, -0.453125, -0.4375, -0.421875, -0.40625, -0.390625, -0.375, -0.359375, -0.34375, -0.328125, -0.3125, -0.296875, -0.28125, -0.265625, -0.25, -0.234375, -0.21875, -0.203125, -0.1875, -0.171875, -0.15625, -0.140625, -0.125, -0.109375, -0.09375, -0.078125, -0.0625, -0.046875, -0.03125, -0.015625, 0.0, 0.015625, 0.03125, 0.046875, 0.0625, 0.078125, 0.09375, 0.109375, 0.125, 0.140625, 0.15625, 0.171875, 0.1875, 0.203125, 0.21875, 0.234375, 0.25, 0.265625, 0.28125, 0.296875, 0.3125, 0.328125, 0.34375, 0.359375, 0.375, 0.390625, 0.40625, 0.421875, 0.4375, 0.453125, 0.46875, 0.484375, 0.5]}, "params/['params']['layers_0']['linear_layer']['kernel']": {"_type": "histogram", "values": [1, 0, 0, 0, 0, 0, 0, 0, 0, 0, 1, 0, 0, 0, 0, 0, 0, 0, 0, 0, 0, 0, 0, 1, 0, 0, 0, 1, 0, 0, 0, 0, 36, 0, 0, 0, 0, 0, 0, 1, 0, 0, 0, 1, 0, 0, 0, 0, 0, 0, 0, 0, 0, 0, 1, 0, 0, 0, 0, 0, 0, 0, 0, 1], "bins": [-0.7992309331893921, -0.7746918797492981, -0.7501528263092041, -0.7256137728691101, -0.7010747194290161, -0.6765356659889221, -0.6519966125488281, -0.6274576187133789, -0.6029185056686401, -0.5783795118331909, -0.5538403987884521, -0.5293014049530029, -0.5047623515129089, -0.48022329807281494, -0.45568424463272095, -0.43114519119262695, -0.40660613775253296, -0.38206708431243896, -0.35752803087234497, -0.332988977432251, -0.308449923992157, -0.283910870552063, -0.259371817111969, -0.234832763671875, -0.21029376983642578, -0.1857547163963318, -0.1612156629562378, -0.1366766095161438, -0.1121375560760498, -0.08759850263595581, -0.06305944919586182, -0.03852039575576782, -0.013981342315673828, 0.010557711124420166, 0.03509676456451416, 0.059635818004608154, 0.08417487144470215, 0.10871392488479614, 0.13325297832489014, 0.15779203176498413, 0.18233108520507812, 0.20687007904052734, 0.2314091920852661, 0.25594818592071533, 0.2804872989654541, 0.3050262928009033, 0.3295654058456421, 0.3541043996810913, 0.3786433935165405, 0.4031825065612793, 0.4277215003967285, 0.4522606134414673, 0.4767996072769165, 0.5013387203216553, 0.5258777141571045, 0.5504168272018433, 0.5749558210372925, 0.5994949340820312, 0.6240339279174805, 0.6485730409622192, 0.6731120347976685, 0.6976511478424072, 0.7221901416778564, 0.7467292547225952, 0.7712681889533997]}, "params/['params']['layers_1']['linear_layer']['bias']": {"_type": "histogram", "values": [0, 0, 0, 0, 0, 0, 0, 0, 0, 0, 0, 0, 0, 0, 0, 0, 0, 0, 0, 0, 0, 0, 0, 0, 0, 0, 0, 0, 0, 0, 0, 0, 22, 0, 0, 0, 0, 0, 0, 0, 0, 0, 0, 0, 0, 0, 0, 0, 0, 0, 0, 0, 0, 0, 0, 0, 0, 0, 0, 0, 0, 0, 0, 0], "bins": [-0.5, -0.484375, -0.46875, -0.453125, -0.4375, -0.421875, -0.40625, -0.390625, -0.375, -0.359375, -0.34375, -0.328125, -0.3125, -0.296875, -0.28125, -0.265625, -0.25, -0.234375, -0.21875, -0.203125, -0.1875, -0.171875, -0.15625, -0.140625, -0.125, -0.109375, -0.09375, -0.078125, -0.0625, -0.046875, -0.03125, -0.015625, 0.0, 0.015625, 0.03125, 0.046875, 0.0625, 0.078125, 0.09375, 0.109375, 0.125, 0.140625, 0.15625, 0.171875, 0.1875, 0.203125, 0.21875, 0.234375, 0.25, 0.265625, 0.28125, 0.296875, 0.3125, 0.328125, 0.34375, 0.359375, 0.375, 0.390625, 0.40625, 0.421875, 0.4375, 0.453125, 0.46875, 0.484375, 0.5]}, "params/['params']['layers_1']['linear_layer']['kernel']": {"_type": "histogram", "values": [1, 1, 0, 0, 2, 0, 0, 0, 0, 0, 0, 0, 0, 0, 0, 1, 0, 0, 0, 0, 0, 0, 0, 0, 0, 0, 1, 1, 0, 1, 0, 377, 0, 0, 0, 0, 0, 2, 1, 3, 0, 0, 2, 0, 0, 0, 0, 0, 0, 0, 0, 0, 0, 0, 0, 0, 0, 0, 0, 0, 0, 1, 0, 2],