{"loss": 0.0002844076952897012, "_timestamp": 1739964653.8486931, "_runtime": 206.65249013900757, "_step": 2793, "params/['params']['last']['bias']": {"_type": "histogram", "values": [1, 0, 0, 0, 0, 0, 0, 0, 0, 0, 0, 0, 0, 0, 0, 0, 0, 0, 0, 0, 0, 0, 0, 0, 0, 0, 0, 0, 0, 0, 0, 0, 0, 0, 0, 0, 0, 0, 0, 0, 0, 0, 0, 0, 0, 0, 0, 0, 0, 0, 0, 0, 0, 0, 0, 0, 0, 0, 0, 0, 0, 0, 0, 1], "bins": [0.0, 0.008889901451766491, 0.017779802903532982, 0.026669703423976898, 0.035559605807065964, 0.04444950819015503, 0.053339406847953796, 0.06222930923104286, 0.07111921161413193, 0.0800091102719307, 0.08889901638031006, 0.09778891503810883, 0.10667881369590759, 0.11556871980428696, 0.12445861846208572, 0.1333485245704651, 0.14223842322826385, 0.15112832188606262, 0.1600182205438614, 0.16890813410282135, 0.17779803276062012, 0.18668793141841888, 0.19557783007621765, 0.20446772873401642, 0.21335762739181519, 0.22224754095077515, 0.2311374396085739, 0.24002733826637268, 0.24891723692417145, 0.2578071355819702, 0.2666970491409302, 0.27558693289756775, 0.2844768464565277, 0.29336676001548767, 0.30225664377212524, 0.3111465573310852, 0.3200364410877228, 0.32892635464668274, 0.3378162682056427, 0.3467061519622803, 0.35559606552124023, 0.3644859492778778, 0.37337586283683777, 0.38226577639579773, 0.3911556601524353, 0.40004557371139526, 0.40893545746803284, 0.4178253710269928, 0.42671525478363037, 0.43560516834259033, 0.4444950819015503, 0.45338496565818787, 0.4622748792171478, 0.4711647629737854, 0.48005467653274536, 0.4889445900917053, 0.4978344738483429, 0.5067243576049805, 0.5156142711639404, 0.5245041847229004, 0.5333940982818604, 0.5422840118408203, 0.5511738657951355, 0.5600637793540955, 0.5689536929130554]}, "params/['params']['last']['kernel']": {"_type": "histogram", "values": [2, 0, 37, 2, 0, 0, 0, 0, 0, 0, 0, 0, 0, 0, 0, 0, 0, 0, 0, 0, 0, 0, 0, 0, 0, 0, 0, 0, 0, 0, 0, 0, 0, 0, 0, 0, 0, 0, 0, 0, 0, 0, 0, 0, 0, 0, 0, 0, 0, 0, 0, 0, 0, 0, 0, 0, 0, 0, 0, 0, 0, 0, 0, 1], "bins": [-0.007157536223530769, -0.004607734270393848, -0.0020579323172569275, 0.0004918696358799934, 0.0030416715890169144, 0.005591473542153835, 0.008141275495290756, 0.010691078379750252, 0.013240879401564598, 0.015790680423378944, 0.01834048330783844, 0.020890286192297935, 0.023440087214112282, 0.025989888235926628, 0.028539692983031273, 0.03108949400484562, 0.033639296889305115, 0.03618909418582916, 0.03873889893293381, 0.04128870368003845, 0.0438385009765625, 0.046388305723667145, 0.04893811047077179, 0.05148790776729584, 0.05403771251440048, 0.05658751726150513, 0.059137314558029175, 0.06168711930513382, 0.06423692405223846, 0.06678672134876251, 0.06933652609586716, 0.0718863233923912, 0.07443612813949585, 0.0769859328866005, 0.07953573018312454, 0.08208553493022919, 0.08463533222675323, 0.08718513697385788, 0.08973494172096252, 0.09228473901748657, 0.09483454376459122, 0.09738434851169586, 0.09993414580821991, 0.10248395055532455, 0.1050337553024292, 0.10758355259895325, 0.11013335734605789, 0.11268315464258194, 0.11523295938968658, 0.11778276413679123, 0.12033256888389587, 0.12288236618041992, 0.12543216347694397, 0.1279819756746292, 0.13053177297115326, 0.1330815702676773, 0.13563138246536255, 0.1381811797618866, 0.14073097705841064, 0.1432807743549347, 0.14583058655261993, 0.14838038384914398, 0.15093018114566803, 0.15347999334335327, 0.15602979063987732]}, "params/['params']['layers_0']['linear_layer']['bias']": {"_type": "histogram", "values": [0, 0, 0, 0, 0, 0, 0, 0, 0, 0, 0, 0, 0, 0, 0, 0, 0, 0, 0, 0, 0, 0, 0, 0, 0, 0, 0, 0, 0, 0, 0, 0, 24, 0, 0, 0, 0, 0, 0, 0, 0, 0, 0, 0, 0, 0, 0, 0, 0, 0, 0, 0, 0, 0, 0, 0, 0, 0, 0, 0, 0, 0, 0, 0], "bins": [-0.5, -0.484375, -0.46875, -0.453125, -0.4375, -0.421875, -0.40625, -0.390625, -0.375, -0.359375, -0.34375, -0.328125, -0.3125, -0.296875, -0.28125, -0.265625, -0.25, -0.234375, -0.21875, -0.203125, -0.1875, -0.171875, -0.15625, -0.140625, -0.125, -0.109375, -0.09375, -0.078125, -0.0625, -0.046875, -0.03125, -0.015625, 0.0, 0.015625, 0.03125, 0.046875, 0.0625, 0.078125, 0.09375, 0.109375, 0.125, 0.140625, 0.15625, 0.171875, 0.1875, 0.203125, 0.21875, 0.234375, 0.25, 0.265625, 0.28125, 0.296875, 0.3125, 0.328125, 0.34375, 0.359375, 0.375, 0.390625, 0.40625, 0.421875, 0.4375, 0.453125, 0.46875, 0.484375, 0.5]}, "params/['params']['layers_0']['linear_layer']['kernel']": {"_type": "histogram", "values": [1, 0, 0, 0, 0, 0, 0, 0, 0, 0, 0, 0, 0, 0, 0, 0, 0, 0, 0, 0, 0, 0, 0, 0, 0, 0, 0, 0, 0, 0, 0, 0, 0, 0, 0, 0, 0, 0, 0, 0, 42, 1, 1, 0, 0, 0, 0, 0, 0, 0, 1, 0, 0, 1, 0, 0, 0, 0, 0, 0, 0, 0, 0, 1], "bins": [-1.4169752597808838, -1.3823872804641724, -1.347799301147461, -1.3132113218307495, -1.278623342514038, -1.244035243988037, -1.2094472646713257, -1.1748592853546143, -1.1402713060379028, -1.1056833267211914, -1.07109534740448, -1.0365073680877686, -1.0019192695617676, -0.9673313498497009, -0.9327433109283447, -0.8981553316116333, -0.8635673522949219, -0.8289793729782104, -0.794391393661499, -0.7598033547401428, -0.7252153754234314, -0.69062739610672, -0.6560393571853638, -0.6214513778686523, -0.5868633985519409, -0.5522754192352295, -0.5176874399185181, -0.48309940099716187, -0.44851142168045044, -0.41392338275909424, -0.3793354034423828, -0.3447474241256714, -0.31015944480895996, -0.27557146549224854, -0.2409834861755371, -0.20639550685882568, -0.17180752754211426, -0.13721942901611328, -0.10263144969940186, -0.06804347038269043, -0.033455491065979004, 0.0011324882507324219, 0.03572046756744385, 0.07030844688415527, 0.10489654541015625, 0.13948452472686768, 0.1740725040435791, 0.20866048336029053, 0.24324846267700195, 0.2778364419937134, 0.3124244213104248, 0.34701240062713623, 0.38160037994384766, 0.41618847846984863, 0.45077645778656006, 0.4853644371032715, 0.5199524164199829, 0.5545403957366943, 0.5891284942626953, 0.6237163543701172, 0.6583044528961182, 0.69289231300354, 0.727480411529541, 0.7620682716369629, 0.7966562509536743]}, "params/['params']['layers_1']['linear_layer']['bias']": {"_type": "histogram", "values": [0, 0, 0, 0, 0, 0, 0, 0, 0, 0, 0, 0, 0, 0, 0, 0, 0, 0, 0, 0, 0, 0, 0, 0, 0, 0, 0, 0, 0, 0, 0, 0, 24, 0, 0, 0, 0, 0, 0, 0, 0, 0, 0, 0, 0, 0, 0, 0, 0, 0, 0, 0, 0, 0, 0, 0, 0, 0, 0, 0, 0, 0, 0, 0], "bins": [-0.5, -0.484375, -0.46875, -0.453125, -0.4375, -0.421875, -0.40625, -0.390625, -0.375, -0.359375, -0.34375, -0.328125, -0.3125, -0.296875, -0.28125, -0.265625, -0.25, -0.234375, -0.21875, -0.203125, -0.1875, -0.171875, -0.15625, -0.140625, -0.125, -0.109375, -0.09375, -0.078125, -0.0625, -0.046875, -0.03125, -0.015625, 0.0, 0.015625, 0.03125, 0.046875, 0.0625, 0.078125, 0.09375, 0.109375, 0.125, 0.140625, 0.15625, 0.171875, 0.1875, 0.203125, 0.21875, 0.234375, 0.25, 0.265625, 0.28125, 0.296875, 0.3125, 0.328125, 0.34375, 0.359375, 0.375, 0.390625, 0.40625, 0.421875, 0.4375, 0.453125, 0.46875, 0.484375, 0.5]}, "params/['params']['layers_1']['linear_layer']['kernel']": {"_type": "histogram", "values": [1, 1, 0, 1, 1, 0, 0, 0, 2, 0, 0, 0, 0, 0, 1, 2, 0, 0, 0, 1, 0, 0, 1, 1, 1, 0, 0, 0, 0, 0, 480, 0, 0, 0, 1, 1, 0, 2, 0, 1, 0, 0, 0, 1, 0, 0, 0, 1, 1, 0, 0, 0, 0, 0, 0, 0, 0, 0, 1, 1, 0, 0, 0, 1],