{"parameter_zeros":356,"_wandb":{"runtime":149},"_runtime":147.5779344,"_step":400,"loss":1.3911595488025341e-05,"_timestamp":1.7405959105582213e+09,"validation_loss":1.4277294212661218e-05}