{"loss": 4.1164152207784355e-05, "_timestamp": 1739991087.2403748, "_runtime": 160.75009274482727, "_step": 2793, "params/['params']['last']['bias']": {"_type": "histogram", "values": [1, 0, 0, 0, 0, 0, 0, 0, 0, 0, 0, 0, 0, 0, 0, 0, 0, 0, 0, 0, 0, 0, 0, 0, 0, 0, 0, 0, 0, 0, 0, 0, 0, 0, 0, 0, 0, 0, 0, 0, 0, 0, 0, 0, 0, 0, 0, 0, 0, 0, 0, 0, 0, 0, 0, 0, 0, 0, 0, 0, 0, 0, 0, 1], "bins": [0.0, 0.008082392625510693, 0.016164785251021385, 0.024247176945209503, 0.03232957050204277, 0.04041196405887604, 0.048494353890419006, 0.056576747447252274, 0.06465914100408554, 0.07274153083562851, 0.08082392811775208, 0.08890631794929504, 0.09698870778083801, 0.10507110506296158, 0.11315349489450455, 0.12123589217662811, 0.12931828200817108, 0.13740067183971405, 0.14548306167125702, 0.15356546640396118, 0.16164785623550415, 0.16973024606704712, 0.1778126358985901, 0.18589502573013306, 0.19397741556167603, 0.2020598202943802, 0.21014221012592316, 0.21822459995746613, 0.2263069897890091, 0.23438937962055206, 0.24247178435325623, 0.2505541741847992, 0.25863656401634216, 0.26671895384788513, 0.2748013436794281, 0.28288373351097107, 0.29096612334251404, 0.299048513174057, 0.30713093280792236, 0.31521332263946533, 0.3232957124710083, 0.33137810230255127, 0.33946049213409424, 0.3475428819656372, 0.3556252717971802, 0.36370766162872314, 0.3717900514602661, 0.3798724412918091, 0.38795483112335205, 0.3960372507572174, 0.4041196405887604, 0.41220203042030334, 0.4202844202518463, 0.4283668100833893, 0.43644919991493225, 0.4445315897464752, 0.4526139795780182, 0.46069636940956116, 0.4687787592411041, 0.4768611788749695, 0.48494356870651245, 0.4930259585380554, 0.5011083483695984, 0.5091907382011414, 0.5172731280326843]}, "params/['params']['last']['kernel']": {"_type": "histogram", "values": [1, 0, 0, 0, 0, 0, 0, 0, 0, 1, 0, 0, 0, 0, 0, 0, 0, 0, 0, 0, 0, 0, 0, 0, 0, 0, 0, 0, 0, 0, 1, 1, 0, 0, 0, 0, 25, 0, 0, 0, 0, 0, 0, 0, 0, 0, 0, 0, 0, 0, 0, 0, 0, 0, 0, 0, 0, 0, 0, 0, 0, 0, 0, 1], "bins": [-0.2911807596683502, -0.28326523303985596, -0.2753497064113617, -0.26743417978286743, -0.25951865315437317, -0.2516031265258789, -0.24368759989738464, -0.23577207326889038, -0.22785654664039612, -0.21994102001190186, -0.2120254933834076, -0.20410996675491333, -0.19619442522525787, -0.1882788985967636, -0.18036337196826935, -0.17244784533977509, -0.16453231871128082, -0.15661679208278656, -0.1487012654542923, -0.14078573882579803, -0.13287021219730377, -0.12495468556880951, -0.11703915894031525, -0.10912363231182098, -0.10120809078216553, -0.09329256415367126, -0.085377037525177, -0.07746151089668274, -0.06954598426818848, -0.061630457639694214, -0.05371493101119995, -0.04579940438270569, -0.037883877754211426, -0.029968351125717163, -0.0220528244972229, -0.014137297868728638, -0.006221771240234375, 0.0016937553882598877, 0.00960928201675415, 0.017524808645248413, 0.025440335273742676, 0.03335586190223694, 0.0412713885307312, 0.049186915159225464, 0.05710244178771973, 0.06501796841621399, 0.07293349504470825, 0.08084902167320251, 0.08876457810401917, 0.09668010473251343, 0.10459563136100769, 0.11251115798950195, 0.12042668461799622, 0.12834221124649048, 0.13625773787498474, 0.144173264503479, 0.15208879113197327, 0.16000431776046753, 0.1679198443889618, 0.17583537101745605, 0.18375089764595032, 0.19166642427444458, 0.19958195090293884, 0.2074974775314331, 0.21541298925876617]}, "params/['params']['layers_0']['linear_layer']['bias']": {"_type": "histogram", "values": [0, 0, 0, 0, 0, 0, 0, 0, 0, 0, 0, 0, 0, 0, 0, 0, 0, 0, 0, 0, 0, 0, 0, 0, 0, 0, 0, 0, 0, 0, 0, 0, 18, 0, 0, 0, 0, 0, 0, 0, 0, 0, 0, 0, 0, 0, 0, 0, 0, 0, 0, 0, 0, 0, 0, 0, 0, 0, 0, 0, 0, 0, 0, 0], "bins": [-0.5, -0.484375, -0.46875, -0.453125, -0.4375, -0.421875, -0.40625, -0.390625, -0.375, -0.359375, -0.34375, -0.328125, -0.3125, -0.296875, -0.28125, -0.265625, -0.25, -0.234375, -0.21875, -0.203125, -0.1875, -0.171875, -0.15625, -0.140625, -0.125, -0.109375, -0.09375, -0.078125, -0.0625, -0.046875, -0.03125, -0.015625, 0.0, 0.015625, 0.03125, 0.046875, 0.0625, 0.078125, 0.09375, 0.109375, 0.125, 0.140625, 0.15625, 0.171875, 0.1875, 0.203125, 0.21875, 0.234375, 0.25, 0.265625, 0.28125, 0.296875, 0.3125, 0.328125, 0.34375, 0.359375, 0.375, 0.390625, 0.40625, 0.421875, 0.4375, 0.453125, 0.46875, 0.484375, 0.5]}, "params/['params']['layers_0']['linear_layer']['kernel']": {"_type": "histogram", "values": [1, 0, 0, 0, 0, 0, 0, 0, 0, 0, 1, 0, 0, 0, 0, 0, 0, 0, 2, 0, 1, 39, 0, 1, 0, 0, 2, 0, 0, 0, 0, 0, 2, 0, 0, 0, 0, 1, 0, 0, 1, 1, 0, 0, 0, 0, 0, 0, 0, 0, 0, 0, 0, 0, 0, 0, 1, 0, 0, 0, 0, 0, 0, 1], "bins": [-0.746052086353302, -0.7120299339294434, -0.6780077815055847, -0.6439856290817261, -0.6099634766578674, -0.5759413242340088, -0.5419191122055054, -0.5078970193862915, -0.4738748371601105, -0.43985268473625183, -0.4058305323123932, -0.37180837988853455, -0.3377861976623535, -0.3037640452384949, -0.26974189281463623, -0.2357197403907776, -0.20169758796691895, -0.1676754355430603, -0.13365328311920166, -0.09963113069534302, -0.06560897827148438, -0.03158682584762573, 0.00243532657623291, 0.03645747900009155, 0.07047969102859497, 0.10450184345245361, 0.13852399587631226, 0.1725461483001709, 0.20656830072402954, 0.24059045314788818, 0.2746126055717468, 0.3086346983909607, 0.3426569104194641, 0.37667912244796753, 0.4107012152671814, 0.4447234272956848, 0.4787455201148987, 0.5127677321434021, 0.546789824962616, 0.5808120369911194, 0.6148341298103333, 0.6488563418388367, 0.6828784346580505, 0.716900646686554, 0.7509227395057678, 0.7849449515342712, 0.8189670443534851, 0.8529892563819885, 0.8870114684104919, 0.9210335612297058, 0.9550557732582092, 0.9890778660774231, 1.0231001377105713, 1.0571222305297852, 1.091144323348999, 1.125166416168213, 1.1591887474060059, 1.1932108402252197, 1.2272329330444336, 1.2612552642822266, 1.2952773571014404, 1.3292994499206543, 1.3633215427398682, 1.3973438739776611, 1.431365966796875]}, "params/['params']['layers_1']['linear_layer']['bias']": {"_type": "histogram", "values": [0, 0, 0, 0, 0, 0, 0, 0, 0, 0, 0, 0, 0, 0, 0, 0, 0, 0, 0, 0, 0, 0, 0, 0, 0, 0, 0, 0, 0, 0, 0, 0, 18, 0, 0, 0, 0, 0, 0, 0, 0, 0, 0, 0, 0, 0, 0, 0, 0, 0, 0, 0, 0, 0, 0, 0, 0, 0, 0, 0, 0, 0, 0, 0], "bins": [-0.5, -0.484375, -0.46875, -0.453125, -0.4375, -0.421875, -0.40625, -0.390625, -0.375, -0.359375, -0.34375, -0.328125, -0.3125, -0.296875, -0.28125, -0.265625, -0.25, -0.234375, -0.21875, -0.203125, -0.1875, -0.171875, -0.15625, -0.140625, -0.125, -0.109375, -0.09375, -0.078125, -0.0625, -0.046875, -0.03125, -0.015625, 0.0, 0.015625, 0.03125, 0.046875, 0.0625, 0.078125, 0.09375, 0.109375, 0.125, 0.140625, 0.15625, 0.171875, 0.1875, 0.203125, 0.21875, 0.234375, 0.25, 0.265625, 0.28125, 0.296875, 0.3125, 0.328125, 0.34375, 0.359375, 0.375, 0.390625, 0.40625, 0.421875, 0.4375, 0.453125, 0.46875, 0.484375, 0.5]}, "params/['params']['layers_1']['linear_layer']['kernel']": {"_type": "histogram", "values": [1, 0, 0, 0, 0, 0, 0, 0, 0, 0, 0, 1, 1, 1, 0, 2, 0, 1, 0, 0, 2, 0, 0, 0, 0, 0, 0, 0, 0, 0, 1, 1, 242, 1, 1, 2, 0, 2, 1, 0, 0, 0, 2, 0, 0, 0, 0, 0, 0, 0, 0, 1, 1, 0, 0, 1, 1, 2, 0, 0, 0, 1, 0, 1],