{"loss": 0.35607486963272095, "_timestamp": 1739299085.5712688, "_runtime": 190.13772583007812, "_step": 25, "params/['params']['last']['bias']": {"_type": "histogram", "values": [1, 0, 0, 0, 0, 0, 0, 0, 0, 0, 0, 0, 0, 0, 0, 0, 0, 0, 0, 0, 0, 0, 0, 0, 0, 0, 0, 0, 0, 0, 0, 0, 0, 0, 0, 0, 0, 0, 0, 0, 0, 0, 0, 0, 0, 0, 0, 0, 0, 0, 0, 0, 0, 0, 0, 0, 0, 0, 0, 0, 0, 0, 0, 1], "bins": [1.000105381011963, 1.0017238855361938, 1.0033423900604248, 1.0049608945846558, 1.0065793991088867, 1.0081979036331177, 1.009816288948059, 1.01143479347229, 1.013053297996521, 1.014671802520752, 1.016290307044983, 1.0179088115692139, 1.0195273160934448, 1.0211458206176758, 1.0227643251419067, 1.0243828296661377, 1.026001214981079, 1.02761971950531, 1.029238224029541, 1.030856728553772, 1.032475233078003, 1.0340937376022339, 1.0357122421264648, 1.0373307466506958, 1.0389492511749268, 1.0405677556991577, 1.0421862602233887, 1.04380464553833, 1.045423150062561, 1.047041654586792, 1.048660159111023, 1.050278663635254, 1.0518971681594849, 1.0535156726837158, 1.0551341772079468, 1.0567526817321777, 1.0583711862564087, 1.0599896907806396, 1.061608076095581, 1.063226580619812, 1.064845085144043, 1.066463589668274, 1.0680820941925049, 1.0697005987167358, 1.0713191032409668, 1.0729376077651978, 1.0745561122894287, 1.0761746168136597, 1.0777931213378906, 1.079411506652832, 1.081030011177063, 1.082648515701294, 1.084267020225525, 1.0858855247497559, 1.0875040292739868, 1.0891225337982178, 1.0907410383224487, 1.0923595428466797, 1.0939780473709106, 1.0955965518951416, 1.097214937210083, 1.098833441734314, 1.100451946258545, 1.1020704507827759, 1.1036889553070068]}, "params/['params']['last']['kernel']": {"_type": "histogram", "values": [0, 0, 0, 0, 0, 0, 0, 0, 0, 0, 0, 0, 0, 0, 0, 0, 0, 0, 0, 0, 0, 0, 0, 0, 0, 0, 0, 0, 0, 0, 0, 0, 12, 0, 0, 0, 0, 0, 0, 0, 0, 0, 0, 0, 0, 0, 0, 0, 0, 0, 0, 0, 0, 0, 0, 0, 0, 0, 0, 0, 0, 0, 0, 0], "bins": [-0.5, -0.484375, -0.46875, -0.453125, -0.4375, -0.421875, -0.40625, -0.390625, -0.375, -0.359375, -0.34375, -0.328125, -0.3125, -0.296875, -0.28125, -0.265625, -0.25, -0.234375, -0.21875, -0.203125, -0.1875, -0.171875, -0.15625, -0.140625, -0.125, -0.109375, -0.09375, -0.078125, -0.0625, -0.046875, -0.03125, -0.015625, 0.0, 0.015625, 0.03125, 0.046875, 0.0625, 0.078125, 0.09375, 0.109375, 0.125, 0.140625, 0.15625, 0.171875, 0.1875, 0.203125, 0.21875, 0.234375, 0.25, 0.265625, 0.28125, 0.296875, 0.3125, 0.328125, 0.34375, 0.359375, 0.375, 0.390625, 0.40625, 0.421875, 0.4375, 0.453125, 0.46875, 0.484375, 0.5]}, "params/['params']['layers_0']['linear_layer']['bias']": {"_type": "histogram", "values": [0, 0, 0, 0, 0, 0, 0, 0, 0, 0, 0, 0, 0, 0, 0, 0, 0, 0, 0, 0, 0, 0, 0, 0, 0, 0, 0, 0, 0, 0, 0, 0, 8, 0, 0, 0, 0, 0, 0, 0, 0, 0, 0, 0, 0, 0, 0, 0, 0, 0, 0, 0, 0, 0, 0, 0, 0, 0, 0, 0, 0, 0, 0, 0], "bins": [-0.5, -0.484375, -0.46875, -0.453125, -0.4375, -0.421875, -0.40625, -0.390625, -0.375, -0.359375, -0.34375, -0.328125, -0.3125, -0.296875, -0.28125, -0.265625, -0.25, -0.234375, -0.21875, -0.203125, -0.1875, -0.171875, -0.15625, -0.140625, -0.125, -0.109375, -0.09375, -0.078125, -0.0625, -0.046875, -0.03125, -0.015625, 0.0, 0.015625, 0.03125, 0.046875, 0.0625, 0.078125, 0.09375, 0.109375, 0.125, 0.140625, 0.15625, 0.171875, 0.1875, 0.203125, 0.21875, 0.234375, 0.25, 0.265625, 0.28125, 0.296875, 0.3125, 0.328125, 0.34375, 0.359375, 0.375, 0.390625, 0.40625, 0.421875, 0.4375, 0.453125, 0.46875, 0.484375, 0.5]}, "params/['params']['layers_0']['linear_layer']['kernel']": {"_type": "histogram", "values": [1, 0, 0, 1, 0, 0, 0, 0, 0, 0, 0, 0, 0, 0, 0, 0, 0, 0, 0, 0, 0, 0, 0, 0, 0, 0, 0, 0, 0, 0, 0, 1, 1, 0, 0, 0, 0, 0, 0, 0, 0, 0, 0, 1, 0, 0, 0, 0, 0, 0, 0, 0, 1, 0, 0, 0, 0, 0, 0, 1, 0, 0, 0, 1], "bins": [-0.5415176153182983, -0.522014319896698, -0.5025110244750977, -0.4830077290534973, -0.46350446343421936, -0.444001168012619, -0.4244978725910187, -0.4049946069717407, -0.3854913115501404, -0.36598801612854004, -0.3464847207069397, -0.32698142528533936, -0.307478129863739, -0.28797483444213867, -0.2684715688228607, -0.24896827340126038, -0.22946497797966003, -0.2099616825580597, -0.19045838713645935, -0.1709551215171814, -0.15145182609558105, -0.1319485306739807, -0.11244523525238037, -0.09294193983078003, -0.07343864440917969, -0.05393537878990173, -0.034432053565979004, -0.014928817749023438, 0.004574477672576904, 0.024077773094177246, 0.04358106851577759, 0.06308436393737793, 0.08258765935897827, 0.10209095478057861, 0.12159425020217896, 0.1410975456237793, 0.16060084104537964, 0.18010413646697998, 0.19960737228393555, 0.2191106677055359, 0.23861396312713623, 0.2581172585487366, 0.2776205539703369, 0.29712384939193726, 0.3166271448135376, 0.33613044023513794, 0.3556337356567383, 0.3751370310783386, 0.39464032649993896, 0.41414356231689453, 0.4336468577384949, 0.4531501531600952, 0.47265350818634033, 0.4921567440032959, 0.5116599798202515, 0.5311633348464966, 0.5506665706634521, 0.5701699256896973, 0.5896731615066528, 0.609176516532898, 0.6286797523498535, 0.6481831073760986, 0.6676863431930542, 0.6871896982192993, 0.7066929340362549]}, "_wandb": {"runtime": 189}}