{"loss": 0.00019440097094047815, "_timestamp": 1739989533.449111, "_runtime": 172.9634358882904, "_step": 2793, "params/['params']['last']['bias']": {"_type": "histogram", "values": [0, 0, 0, 0, 0, 0, 0, 0, 0, 0, 0, 0, 0, 0, 0, 0, 0, 0, 0, 0, 0, 0, 0, 0, 0, 0, 0, 0, 0, 0, 0, 0, 2, 0, 0, 0, 0, 0, 0, 0, 0, 0, 0, 0, 0, 0, 0, 0, 0, 0, 0, 0, 0, 0, 0, 0, 0, 0, 0, 0, 0, 0, 0, 0], "bins": [-0.5, -0.484375, -0.46875, -0.453125, -0.4375, -0.421875, -0.40625, -0.390625, -0.375, -0.359375, -0.34375, -0.328125, -0.3125, -0.296875, -0.28125, -0.265625, -0.25, -0.234375, -0.21875, -0.203125, -0.1875, -0.171875, -0.15625, -0.140625, -0.125, -0.109375, -0.09375, -0.078125, -0.0625, -0.046875, -0.03125, -0.015625, 0.0, 0.015625, 0.03125, 0.046875, 0.0625, 0.078125, 0.09375, 0.109375, 0.125, 0.140625, 0.15625, 0.171875, 0.1875, 0.203125, 0.21875, 0.234375, 0.25, 0.265625, 0.28125, 0.296875, 0.3125, 0.328125, 0.34375, 0.359375, 0.375, 0.390625, 0.40625, 0.421875, 0.4375, 0.453125, 0.46875, 0.484375, 0.5]}, "params/['params']['last']['kernel']": {"_type": "histogram", "values": [1, 0, 0, 0, 0, 0, 0, 0, 0, 0, 0, 0, 0, 2, 1, 0, 0, 0, 26, 0, 0, 3, 0, 1, 0, 0, 0, 0, 0, 0, 0, 0, 0, 0, 0, 0, 0, 0, 0, 0, 0, 0, 0, 0, 0, 0, 0, 0, 0, 0, 0, 0, 0, 0, 0, 0, 0, 0, 0, 0, 1, 0, 0, 1], "bins": [-0.029507549479603767, -0.02789955958724022, -0.02629156969487667, -0.024683579802513123, -0.023075591772794724, -0.021467601880431175, -0.019859611988067627, -0.018251623958349228, -0.01664363220334053, -0.015035643242299557, -0.013427654281258583, -0.011819664388895035, -0.010211674496531487, -0.008603684604167938, -0.006995696574449539, -0.005387706682085991, -0.0037797167897224426, -0.0021717268973588943, -0.0005637370049953461, 0.001044251024723053, 0.0026522409170866013, 0.004260232672095299, 0.005868220701813698, 0.007476208731532097, 0.009084200486540794, 0.010692188516259193, 0.012300180271267891, 0.01390816830098629, 0.015516156330704689, 0.017124148085713387, 0.018732136115431786, 0.020340127870440483, 0.021948115900158882, 0.02355610392987728, 0.02516409568488598, 0.026772083714604378, 0.028380075469613075, 0.029988063499331474, 0.031596049666404724, 0.03320404142141342, 0.03481203317642212, 0.03642002493143082, 0.038028016686439514, 0.039636000990867615, 0.04124399274587631, 0.04285198450088501, 0.04445996880531311, 0.04606796056032181, 0.047675952315330505, 0.049283936619758606, 0.0508919283747673, 0.052499920129776, 0.0541079118847847, 0.0557158961892128, 0.0573238879442215, 0.058931879699230194, 0.060539864003658295, 0.06214785575866699, 0.06375584751367569, 0.06536383181810379, 0.06697182357311249, 0.06857981532812119, 0.07018780708312988, 0.07179579138755798, 0.07340378314256668]}, "params/['params']['layers_0']['linear_layer']['bias']": {"_type": "histogram", "values": [0, 0, 0, 0, 0, 0, 0, 0, 0, 0, 0, 0, 0, 0, 0, 0, 0, 0, 0, 0, 0, 0, 0, 0, 0, 0, 0, 0, 0, 0, 0, 0, 22, 0, 0, 0, 0, 0, 0, 0, 0, 0, 0, 0, 0, 0, 0, 0, 0, 0, 0, 0, 0, 0, 0, 0, 0, 0, 0, 0, 0, 0, 0, 0], "bins": [-0.5, -0.484375, -0.46875, -0.453125, -0.4375, -0.421875, -0.40625, -0.390625, -0.375, -0.359375, -0.34375, -0.328125, -0.3125, -0.296875, -0.28125, -0.265625, -0.25, -0.234375, -0.21875, -0.203125, -0.1875, -0.171875, -0.15625, -0.140625, -0.125, -0.109375, -0.09375, -0.078125, -0.0625, -0.046875, -0.03125, -0.015625, 0.0, 0.015625, 0.03125, 0.046875, 0.0625, 0.078125, 0.09375, 0.109375, 0.125, 0.140625, 0.15625, 0.171875, 0.1875, 0.203125, 0.21875, 0.234375, 0.25, 0.265625, 0.28125, 0.296875, 0.3125, 0.328125, 0.34375, 0.359375, 0.375, 0.390625, 0.40625, 0.421875, 0.4375, 0.453125, 0.46875, 0.484375, 0.5]}, "params/['params']['layers_0']['linear_layer']['kernel']": {"_type": "histogram", "values": [1, 0, 0, 0, 0, 0, 0, 0, 0, 0, 0, 0, 0, 1, 0, 0, 0, 0, 0, 0, 0, 0, 0, 0, 0, 0, 0, 0, 0, 0, 0, 61, 0, 0, 1, 0, 0, 0, 0, 0, 0, 0, 0, 0, 0, 0, 0, 0, 0, 0, 0, 1, 0, 0, 0, 0, 0, 0, 0, 0, 0, 0, 0, 1], "bins": [-1.6259335279464722, -1.5750244855880737, -1.5241153240203857, -1.4732062816619873, -1.4222971200942993, -1.3713880777359009, -1.320478916168213, -1.2695698738098145, -1.2186607122421265, -1.167751669883728, -1.11684250831604, -1.0659334659576416, -1.0150244235992432, -0.9641152620315552, -0.913206160068512, -0.8622970581054688, -0.8113879561424255, -0.7604788541793823, -0.7095697522163391, -0.6586606502532959, -0.6077516078948975, -0.5568424463272095, -0.505933403968811, -0.45502424240112305, -0.4041152000427246, -0.3532060384750366, -0.3022969961166382, -0.2513878345489502, -0.20047879219055176, -0.14956963062286377, -0.09866058826446533, -0.047751426696777344, 0.0031576156616210938, 0.05406665802001953, 0.10497581958770752, 0.15588486194610596, 0.20679402351379395, 0.2577030658721924, 0.30861222743988037, 0.3595212697982788, 0.41043031215667725, 0.4613395929336548, 0.5122486352920532, 0.5631576776504517, 0.6140667200088501, 0.6649760007858276, 0.7158850431442261, 0.7667940855026245, 0.817703127861023, 0.8686121702194214, 0.9195214509963989, 0.9704304933547974, 1.0213395357131958, 1.0722485780715942, 1.1231578588485718, 1.1740669012069702, 1.2249759435653687, 1.275884985923767, 1.3267942667007446, 1.377703309059143, 1.4286123514175415, 1.47952139377594, 1.5304306745529175, 1.581339716911316, 1.6322487592697144]}, "params/['params']['layers_1']['linear_layer']['bias']": {"_type": "histogram", "values": [0, 0, 0, 0, 0, 0, 0, 0, 0, 0, 0, 0, 0, 0, 0, 0, 0, 0, 0, 0, 0, 0, 0, 0, 0, 0, 0, 0, 0, 0, 0, 0, 22, 0, 0, 0, 0, 0, 0, 0, 0, 0, 0, 0, 0, 0, 0, 0, 0, 0, 0, 0, 0, 0, 0, 0, 0, 0, 0, 0, 0, 0, 0, 0], "bins": [-0.5, -0.484375, -0.46875, -0.453125, -0.4375, -0.421875, -0.40625, -0.390625, -0.375, -0.359375, -0.34375, -0.328125, -0.3125, -0.296875, -0.28125, -0.265625, -0.25, -0.234375, -0.21875, -0.203125, -0.1875, -0.171875, -0.15625, -0.140625, -0.125, -0.109375, -0.09375, -0.078125, -0.0625, -0.046875, -0.03125, -0.015625, 0.0, 0.015625, 0.03125, 0.046875, 0.0625, 0.078125, 0.09375, 0.109375, 0.125, 0.140625, 0.15625, 0.171875, 0.1875, 0.203125, 0.21875, 0.234375, 0.25, 0.265625, 0.28125, 0.296875, 0.3125, 0.328125, 0.34375, 0.359375, 0.375, 0.390625, 0.40625, 0.421875, 0.4375, 0.453125, 0.46875, 0.484375, 0.5]}, "params/['params']['layers_1']['linear_layer']['kernel']": {"_type": "histogram", "values": [1, 0, 0, 0, 0, 0, 0, 0, 0, 0, 0, 0, 0, 0, 0, 0, 0, 0, 0, 0, 2, 0, 0, 0, 0, 0, 0, 2, 0, 1, 0, 1, 5, 376, 0, 3, 2, 0, 0, 0, 0, 0, 0, 0, 0, 0, 0, 0, 1, 1, 0, 0, 0, 0, 0, 0, 0, 0, 0, 0, 0, 0, 0, 1], "bins": [-3.413025379180908, -3.3112058639526367, -3.2093863487243652, -3.1075668334960938, -3.0057475566864014, -2.90392804145813, -2.8021085262298584, -2.700289011001587, -2.5984694957733154, -2.496650218963623, -2.3948307037353516, -2.29301118850708, -2.1911916732788086, -2.089372158050537, -1.9875526428222656, -1.8857332468032837, -1.7839137315750122, -1.6820942163467407, -1.5802748203277588, -1.4784553050994873, -1.3766357898712158, -1.2748162746429443, -1.1729967594146729, -1.0711774826049805, -0.969357967376709, -0.8675384521484375, -0.765718936920166, -0.6638994216918945, -0.562079906463623, -0.46026062965393066, -0.3584411144256592, -0.2566215991973877, -0.1548020839691162, -0.05298256874084473, 0.04883694648742676, 0.15065646171569824, 0.2524757385253906, 0.3542952537536621, 0.4561147689819336, 0.5579342842102051, 0.6597537994384766, 0.761573314666748, 0.8633928298950195, 0.965212345123291, 1.0670318603515625, 1.1688508987426758, 1.2706704139709473, 1.3724899291992188, 1.4743094444274902, 1.5761289596557617, 1.6779484748840332, 1.7797679901123047, 1.8815875053405762, 1.9834070205688477, 2.085226535797119, 2.1870460510253906, 2.288865566253662, 2.3906850814819336, 2.492504119873047, 2.5943236351013184, 2.69614315032959, 2.7979626655578613, 2.899782180786133, 3.0016016960144043, 3.103421211242676]}, "validation_loss": 0.00021105381892994046, "_wandb": {"runtime": 175}}