{"acc":0.9453305048980524,"loss":0.07154744857533193,"_timestamp":1.7373883788640795e+09,"_runtime":1.2455893,"_step":7,"_wandb":{"runtime":1}}