{"loss": 2.0708639567601494e-05, "_timestamp": 1740600163.6203806, "_runtime": 34.36619758605957, "_step": 66}