{"loss": 0.19413769245147705, "_timestamp": 1739298258.8558958, "_runtime": 191.60840582847595, "_step": 25, "params/['params']['last']['bias']": {"_type": "histogram", "values": [1, 0, 0, 0, 0, 0, 0, 0, 0, 0, 0, 0, 0, 0, 0, 0, 0, 0, 0, 0, 0, 0, 0, 0, 0, 0, 0, 0, 0, 0, 0, 0, 0, 0, 0, 0, 0, 0, 0, 0, 0, 0, 0, 0, 0, 0, 0, 0, 0, 0, 0, 0, 0, 0, 0, 0, 0, 0, 0, 0, 0, 0, 0, 1], "bins": [1.0059282779693604, 1.0071017742156982, 1.0082751512527466, 1.0094486474990845, 1.0106221437454224, 1.0117956399917603, 1.0129690170288086, 1.0141425132751465, 1.0153160095214844, 1.0164895057678223, 1.0176628828048706, 1.0188363790512085, 1.0200098752975464, 1.0211833715438843, 1.0223567485809326, 1.0235302448272705, 1.0247037410736084, 1.0258771181106567, 1.0270506143569946, 1.0282241106033325, 1.0293976068496704, 1.0305709838867188, 1.0317444801330566, 1.0329179763793945, 1.0340914726257324, 1.0352648496627808, 1.0364383459091187, 1.0376118421554565, 1.0387853384017944, 1.0399587154388428, 1.0411322116851807, 1.0423057079315186, 1.0434792041778564, 1.0446525812149048, 1.0458260774612427, 1.0469995737075806, 1.048172950744629, 1.0493464469909668, 1.0505199432373047, 1.0516934394836426, 1.052866816520691, 1.0540403127670288, 1.0552138090133667, 1.0563873052597046, 1.057560682296753, 1.0587341785430908, 1.0599076747894287, 1.0610811710357666, 1.062254548072815, 1.0634280443191528, 1.0646015405654907, 1.065774917602539, 1.066948413848877, 1.0681219100952148, 1.0692954063415527, 1.070468783378601, 1.071642279624939, 1.0728157758712769, 1.0739892721176147, 1.075162649154663, 1.076336145401001, 1.0775096416473389, 1.0786831378936768, 1.079856514930725, 1.081030011177063]}, "params/['params']['last']['kernel']": {"_type": "histogram", "values": [1, 0, 2, 2, 0, 0, 1, 0, 0, 0, 0, 0, 0, 0, 0, 0, 0, 0, 0, 0, 0, 1, 0, 0, 0, 0, 0, 0, 0, 1, 2, 7, 0, 0, 7, 4, 0, 0, 0, 0, 1, 0, 0, 0, 2, 0, 0, 0, 0, 0, 1, 0, 1, 1, 0, 1, 0, 1, 2, 0, 1, 0, 1, 2], "bins": [-0.12324123084545135, -0.11952932178974152, -0.11581741273403168, -0.11210550367832184, -0.1083936020731926, -0.10468169301748276, -0.10096978396177292, -0.09725787490606308, -0.09354597330093384, -0.089834064245224, -0.08612215518951416, -0.08241024613380432, -0.07869833707809448, -0.07498642802238464, -0.0712745189666748, -0.06756261736154556, -0.06385070830583572, -0.060138799250125885, -0.056426890194416046, -0.052714988589286804, -0.049003079533576965, -0.045291170477867126, -0.04157926142215729, -0.03786735236644745, -0.03415544331073761, -0.030443541705608368, -0.02673163264989853, -0.02301972359418869, -0.01930781453847885, -0.015595905482769012, -0.01188400387763977, -0.008172094821929932, -0.004460185766220093, -0.0007482767105102539, 0.002963632345199585, 0.006675541400909424, 0.010387450456619263, 0.014099359512329102, 0.017811253666877747, 0.021523162722587585, 0.025235071778297424, 0.028946980834007263, 0.0326588898897171, 0.03637079894542694, 0.04008270800113678, 0.04379461705684662, 0.04750652611255646, 0.051218435168266296, 0.054930344223976135, 0.05864223837852478, 0.06235414743423462, 0.06606605648994446, 0.0697779655456543, 0.07348987460136414, 0.07720178365707397, 0.08091369271278381, 0.08462560176849365, 0.08833751082420349, 0.09204941987991333, 0.09576131403446198, 0.09947322309017181, 0.10318513214588165, 0.10689704120159149, 0.11060895025730133, 0.11432086676359177]}, "params/['params']['layers_0']['linear_layer']['bias']": {"_type": "histogram", "values": [1, 0, 0, 0, 0, 0, 0, 0, 0, 0, 0, 0, 5, 0, 0, 0, 0, 0, 0, 0, 0, 0, 1, 0, 0, 1, 0, 0, 0, 0, 0, 0, 0, 0, 1, 0, 4, 0, 0, 0, 0, 0, 0, 0, 0, 0, 0, 0, 0, 1, 1, 0, 2, 0, 0, 0, 1, 0, 0, 0, 0, 2, 0, 4], "bins": [-0.18646234273910522, -0.18140199780464172, -0.17634165287017822, -0.17128130793571472, -0.16622096300125122, -0.16116061806678772, -0.15610027313232422, -0.15103992819786072, -0.14597958326339722, -0.14091923832893372, -0.13585889339447021, -0.1307985484600067, -0.1257382035255432, -0.12067785859107971, -0.11561751365661621, -0.11055716872215271, -0.10549682378768921, -0.10043647885322571, -0.09537613391876221, -0.0903157889842987, -0.0852554440498352, -0.0801950991153717, -0.0751347541809082, -0.0700744092464447, -0.0650140643119812, -0.0599537193775177, -0.0548933744430542, -0.0498330295085907, -0.0447726845741272, -0.039712339639663696, -0.034651994705200195, -0.029591649770736694, -0.024531304836273193, -0.019470959901809692, -0.014410614967346191, -0.00935027003288269, -0.0042899250984191895, 0.0007704198360443115, 0.0058307647705078125, 0.010891109704971313, 0.015951454639434814, 0.021011799573898315, 0.026072144508361816, 0.031132489442825317, 0.03619283437728882, 0.04125317931175232, 0.04631352424621582, 0.05137386918067932, 0.05643421411514282, 0.06149455904960632, 0.06655490398406982, 0.07161524891853333, 0.07667559385299683, 0.08173593878746033, 0.08679628372192383, 0.09185662865638733, 0.09691697359085083, 0.10197731852531433, 0.10703766345977783, 0.11209800839424133, 0.11715835332870483, 0.12221869826316833, 0.12727904319763184, 0.13233938813209534, 0.13739973306655884]}, "params/['params']['layers_0']['linear_layer']['kernel']": {"_type": "histogram", "values": [2, 0, 0, 0, 0, 1, 0, 0, 1, 0, 0, 1, 0, 0, 1, 0, 0, 0, 1, 0, 1, 0, 0, 0, 0, 1, 1, 0, 1, 0, 0, 2, 0, 2, 1, 2, 0, 0, 0, 0, 1, 0, 0, 0, 0, 0, 1, 1, 0, 0, 0, 0, 0, 1, 0, 0, 0, 0, 0, 0, 0, 0, 0, 2], "bins": [-1.739076852798462, -1.6781394481658936, -1.6172020435333252, -1.5562646389007568, -1.4953272342681885, -1.4343898296356201, -1.3734524250030518, -1.312515139579773, -1.2515777349472046, -1.1906403303146362, -1.1297029256820679, -1.0687655210494995, -1.0078281164169312, -0.9468907117843628, -0.8859533667564392, -0.8250159621238708, -0.7640785574913025, -0.7031412124633789, -0.6422038078308105, -0.5812664031982422, -0.5203289985656738, -0.45939159393310547, -0.3984541893005371, -0.33751678466796875, -0.2765793800354004, -0.21564197540283203, -0.15470457077026367, -0.09376728534698486, -0.032829880714416504, 0.028107523918151855, 0.08904492855072021, 0.14998233318328857, 0.21091973781585693, 0.27185702323913574, 0.3327944278717041, 0.39373183250427246, 0.4546692371368408, 0.5156066417694092, 0.5765440464019775, 0.6374814510345459, 0.6984188556671143, 0.7593562602996826, 0.820293664932251, 0.8812310695648193, 0.9421684741973877, 1.003105878829956, 1.0640432834625244, 1.1249806880950928, 1.1859180927276611, 1.2468554973602295, 1.3077929019927979, 1.3687303066253662, 1.4296677112579346, 1.490605115890503, 1.5515422821044922, 1.6124796867370605, 1.673417091369629, 1.7343544960021973, 1.7952919006347656, 1.856229305267334, 1.9171667098999023, 1.9781041145324707, 2.039041519165039, 2.0999789237976074, 2.160916328430176]}, "_wandb": {"runtime": 191}}