{"loss": 0.00010965626279357821, "_timestamp": 1739967501.2834635, "_runtime": 177.0819034576416, "_step": 2793, "params/['params']['last']['bias']": {"_type": "histogram", "values": [1, 0, 0, 0, 0, 0, 0, 0, 0, 0, 0, 0, 0, 0, 0, 0, 0, 0, 0, 0, 0, 0, 0, 0, 0, 0, 0, 0, 0, 0, 0, 0, 0, 0, 0, 0, 0, 0, 0, 0, 0, 0, 0, 0, 0, 0, 0, 0, 0, 0, 0, 0, 0, 0, 0, 0, 0, 0, 0, 0, 0, 0, 0, 1], "bins": [0.0, 0.008100688457489014, 0.016201376914978027, 0.02430206537246704, 0.032402753829956055, 0.04050344228744507, 0.04860413074493408, 0.056704819202423096, 0.06480550765991211, 0.07290619611740112, 0.08100688457489014, 0.08910757303237915, 0.09720826148986816, 0.10530894994735718, 0.11340963840484619, 0.1215103268623352, 0.12961101531982422, 0.13771170377731323, 0.14581239223480225, 0.15391308069229126, 0.16201376914978027, 0.1701144576072693, 0.1782151460647583, 0.18631583452224731, 0.19441652297973633, 0.20251721143722534, 0.21061789989471436, 0.21871858835220337, 0.22681927680969238, 0.2349199652671814, 0.2430206537246704, 0.2511213421821594, 0.25922203063964844, 0.26732271909713745, 0.27542340755462646, 0.2835240960121155, 0.2916247844696045, 0.2997254729270935, 0.3078261613845825, 0.31592684984207153, 0.32402753829956055, 0.33212822675704956, 0.3402289152145386, 0.3483296036720276, 0.3564302921295166, 0.3645309805870056, 0.37263166904449463, 0.38073235750198364, 0.38883304595947266, 0.39693373441696167, 0.4050344228744507, 0.4131351113319397, 0.4212357997894287, 0.4293364882469177, 0.43743717670440674, 0.44553786516189575, 0.45363855361938477, 0.4617392420768738, 0.4698399305343628, 0.4779406189918518, 0.4860413074493408, 0.49414199590682983, 0.5022426843643188, 0.5103433728218079, 0.5184440612792969]}, "params/['params']['last']['kernel']": {"_type": "histogram", "values": [1, 0, 0, 0, 0, 0, 0, 0, 0, 0, 1, 0, 0, 0, 0, 0, 0, 0, 0, 0, 0, 0, 0, 0, 0, 0, 0, 0, 0, 0, 0, 0, 1, 1, 0, 0, 0, 25, 0, 0, 0, 0, 0, 0, 0, 0, 0, 0, 0, 0, 0, 0, 0, 0, 0, 0, 0, 0, 0, 0, 0, 0, 0, 1], "bins": [-0.3183673024177551, -0.3098611533641815, -0.3013550341129303, -0.2928488850593567, -0.2843427360057831, -0.27583661675453186, -0.26733046770095825, -0.25882431864738464, -0.2503181993961334, -0.24181205034255981, -0.2333059161901474, -0.22479978203773499, -0.21629363298416138, -0.20778749883174896, -0.19928136467933655, -0.19077521562576294, -0.18226908147335052, -0.1737629473209381, -0.1652567982673645, -0.1567506641149521, -0.14824452996253967, -0.13973838090896606, -0.13123224675655365, -0.12272611260414124, -0.11421996355056763, -0.10571382939815521, -0.0972076952457428, -0.08870156109333038, -0.08019541203975677, -0.07168927788734436, -0.06318312883377075, -0.05467700958251953, -0.04617086052894592, -0.037664711475372314, -0.029158592224121094, -0.020652443170547485, -0.012146294116973877, -0.0036401748657226562, 0.004865974187850952, 0.01337212324142456, 0.02187824249267578, 0.03038439154624939, 0.038890540599823, 0.04739665985107422, 0.05590280890464783, 0.06440895795822144, 0.07291507720947266, 0.08142122626304626, 0.08992737531661987, 0.0984334945678711, 0.1069396436214447, 0.11544576287269592, 0.12395191192626953, 0.13245806097984314, 0.14096418023109436, 0.14947032928466797, 0.15797647833824158, 0.1664825975894928, 0.1749887466430664, 0.18349486589431763, 0.19200104475021362, 0.20050716400146484, 0.20901328325271606, 0.21751946210861206, 0.2260255664587021]}, "params/['params']['layers_0']['linear_layer']['bias']": {"_type": "histogram", "values": [0, 0, 0, 0, 0, 0, 0, 0, 0, 0, 0, 0, 0, 0, 0, 0, 0, 0, 0, 0, 0, 0, 0, 0, 0, 0, 0, 0, 0, 0, 0, 0, 18, 0, 0, 0, 0, 0, 0, 0, 0, 0, 0, 0, 0, 0, 0, 0, 0, 0, 0, 0, 0, 0, 0, 0, 0, 0, 0, 0, 0, 0, 0, 0], "bins": [-0.5, -0.484375, -0.46875, -0.453125, -0.4375, -0.421875, -0.40625, -0.390625, -0.375, -0.359375, -0.34375, -0.328125, -0.3125, -0.296875, -0.28125, -0.265625, -0.25, -0.234375, -0.21875, -0.203125, -0.1875, -0.171875, -0.15625, -0.140625, -0.125, -0.109375, -0.09375, -0.078125, -0.0625, -0.046875, -0.03125, -0.015625, 0.0, 0.015625, 0.03125, 0.046875, 0.0625, 0.078125, 0.09375, 0.109375, 0.125, 0.140625, 0.15625, 0.171875, 0.1875, 0.203125, 0.21875, 0.234375, 0.25, 0.265625, 0.28125, 0.296875, 0.3125, 0.328125, 0.34375, 0.359375, 0.375, 0.390625, 0.40625, 0.421875, 0.4375, 0.453125, 0.46875, 0.484375, 0.5]}, "params/['params']['layers_0']['linear_layer']['kernel']": {"_type": "histogram", "values": [1, 0, 0, 0, 0, 0, 0, 0, 0, 0, 0, 0, 1, 0, 0, 0, 0, 0, 1, 1, 1, 1, 0, 0, 38, 1, 0, 0, 0, 1, 0, 0, 1, 0, 0, 0, 2, 0, 0, 1, 1, 0, 0, 0, 0, 0, 0, 0, 0, 0, 0, 0, 1, 0, 0, 0, 0, 0, 0, 0, 0, 1, 0, 1], "bins": [-0.7455987930297852, -0.7146763205528259, -0.6837537884712219, -0.6528313159942627, -0.6219087839126587, -0.5909863114356995, -0.5600638389587402, -0.5291413068771362, -0.4982188045978546, -0.467296302318573, -0.4363738000392914, -0.40545129776000977, -0.37452882528305054, -0.3436063230037689, -0.3126838207244873, -0.2817613184452057, -0.2508388161659241, -0.21991634368896484, -0.18899381160736084, -0.1580713391304016, -0.1271488070487976, -0.09622633457183838, -0.06530380249023438, -0.034381330013275146, -0.003458857536315918, 0.027463674545288086, 0.058386147022247314, 0.08930867910385132, 0.12023115158081055, 0.15115368366241455, 0.18207615613937378, 0.21299868822097778, 0.243921160697937, 0.274843692779541, 0.30576610565185547, 0.3366886377334595, 0.3676111698150635, 0.3985337018966675, 0.42945611476898193, 0.46037864685058594, 0.49130117893218994, 0.5222235918045044, 0.5531461238861084, 0.5840686559677124, 0.6149911880493164, 0.6459136009216309, 0.6768361330032349, 0.7077586650848389, 0.7386810779571533, 0.7696036100387573, 0.8005261421203613, 0.8314486742019653, 0.8623710870742798, 0.8932936191558838, 0.9242161512374878, 0.9551386833190918, 0.9860610961914062, 1.0169836282730103, 1.0479061603546143, 1.0788285732269287, 1.1097511053085327, 1.1406736373901367, 1.1715961694717407, 1.2025185823440552, 1.2334411144256592]}, "params/['params']['layers_1']['linear_layer']['bias']": {"_type": "histogram", "values": [0, 0, 0, 0, 0, 0, 0, 0, 0, 0, 0, 0, 0, 0, 0, 0, 0, 0, 0, 0, 0, 0, 0, 0, 0, 0, 0, 0, 0, 0, 0, 0, 18, 0, 0, 0, 0, 0, 0, 0, 0, 0, 0, 0, 0, 0, 0, 0, 0, 0, 0, 0, 0, 0, 0, 0, 0, 0, 0, 0, 0, 0, 0, 0], "bins": [-0.5, -0.484375, -0.46875, -0.453125, -0.4375, -0.421875, -0.40625, -0.390625, -0.375, -0.359375, -0.34375, -0.328125, -0.3125, -0.296875, -0.28125, -0.265625, -0.25, -0.234375, -0.21875, -0.203125, -0.1875, -0.171875, -0.15625, -0.140625, -0.125, -0.109375, -0.09375, -0.078125, -0.0625, -0.046875, -0.03125, -0.015625, 0.0, 0.015625, 0.03125, 0.046875, 0.0625, 0.078125, 0.09375, 0.109375, 0.125, 0.140625, 0.15625, 0.171875, 0.1875, 0.203125, 0.21875, 0.234375, 0.25, 0.265625, 0.28125, 0.296875, 0.3125, 0.328125, 0.34375, 0.359375, 0.375, 0.390625, 0.40625, 0.421875, 0.4375, 0.453125, 0.46875, 0.484375, 0.5]}, "params/['params']['layers_1']['linear_layer']['kernel']": {"_type": "histogram", "values": [1, 0, 0, 0, 0, 0, 0, 0, 0, 1, 0, 1, 0, 1, 1, 1, 0, 0, 1, 1, 0, 1, 0, 0, 0, 0, 0, 0, 0, 0, 0, 1, 0, 1, 243, 2, 0, 0, 3, 0, 1, 0, 0, 0, 1, 1, 0, 0, 0, 0, 1, 0, 0, 0, 1, 0, 1, 1, 0, 1, 0, 0, 2, 1],