{"loss": 0.1909363716840744, "_timestamp": 1739298673.3256652, "_runtime": 185.7030372619629, "_step": 25, "params/['params']['last']['bias']": {"_type": "histogram", "values": [1, 0, 0, 0, 0, 0, 0, 0, 0, 0, 0, 0, 0, 0, 0, 0, 0, 0, 0, 0, 0, 0, 0, 0, 0, 0, 0, 0, 0, 0, 0, 0, 0, 0, 0, 0, 0, 0, 0, 0, 0, 0, 0, 0, 0, 0, 0, 0, 0, 0, 0, 0, 0, 0, 0, 0, 0, 0, 0, 0, 0, 0, 0, 1], "bins": [1.0058766603469849, 1.0075243711471558, 1.009171962738037, 1.010819673538208, 1.012467384338379, 1.0141149759292603, 1.0157626867294312, 1.017410397529602, 1.0190579891204834, 1.0207056999206543, 1.0223534107208252, 1.0240010023117065, 1.0256487131118774, 1.0272964239120483, 1.0289440155029297, 1.0305917263031006, 1.0322394371032715, 1.0338870286941528, 1.0355347394943237, 1.0371824502944946, 1.038830041885376, 1.0404777526855469, 1.0421254634857178, 1.0437730550765991, 1.04542076587677, 1.047068476676941, 1.0487160682678223, 1.0503637790679932, 1.052011489868164, 1.053659200668335, 1.0553067922592163, 1.0569545030593872, 1.0586020946502686, 1.0602498054504395, 1.0618975162506104, 1.0635452270507812, 1.0651928186416626, 1.0668405294418335, 1.0684881210327148, 1.0701358318328857, 1.0717835426330566, 1.0734312534332275, 1.0750788450241089, 1.0767265558242798, 1.0783742666244507, 1.080021858215332, 1.081669569015503, 1.0833172798156738, 1.0849648714065552, 1.086612582206726, 1.088260293006897, 1.0899078845977783, 1.0915555953979492, 1.0932033061981201, 1.0948508977890015, 1.0964986085891724, 1.0981463193893433, 1.0997939109802246, 1.1014416217803955, 1.1030893325805664, 1.1047369241714478, 1.1063846349716187, 1.1080323457717896, 1.109679937362671, 1.1113276481628418]}, "params/['params']['last']['kernel']": {"_type": "histogram", "values": [1, 0, 0, 3, 1, 0, 1, 0, 0, 0, 0, 0, 0, 0, 0, 0, 0, 0, 0, 0, 0, 0, 0, 0, 0, 2, 1, 0, 0, 5, 1, 3, 2, 2, 0, 0, 1, 0, 0, 0, 0, 1, 0, 0, 0, 0, 0, 0, 0, 0, 0, 0, 0, 0, 1, 1, 1, 1, 0, 0, 0, 1, 0, 1], "bins": [-0.1898811012506485, -0.18374866247177124, -0.1776162087917328, -0.17148377001285553, -0.16535133123397827, -0.15921887755393982, -0.15308643877506256, -0.1469539999961853, -0.14082154631614685, -0.1346891075372696, -0.12855666875839233, -0.12242422252893448, -0.11629177629947662, -0.11015933752059937, -0.10402689129114151, -0.09789445251226425, -0.0917620062828064, -0.08562956005334854, -0.07949712127447128, -0.07336467504501343, -0.06723223626613617, -0.06109978258609772, -0.05496734380722046, -0.0488349050283432, -0.04270245134830475, -0.03657001256942749, -0.030437573790550232, -0.024305135011672974, -0.01817268133163452, -0.012040242552757263, -0.005907803773880005, 0.00022464990615844727, 0.006357088685035706, 0.012489527463912964, 0.018621981143951416, 0.024754419922828674, 0.030886858701705933, 0.037019312381744385, 0.04315175116062164, 0.0492841899394989, 0.05541662871837616, 0.06154908239841461, 0.06768153607845306, 0.07381395995616913, 0.07994641363620758, 0.08607886731624603, 0.0922112911939621, 0.09834374487400055, 0.104476198554039, 0.11060862243175507, 0.11674107611179352, 0.12287349998950958, 0.12900595366954803, 0.1351384073495865, 0.14127083122730255, 0.147403284907341, 0.15353573858737946, 0.15966816246509552, 0.16580061614513397, 0.17193306982517242, 0.1780654937028885, 0.18419794738292694, 0.1903304010629654, 0.19646282494068146, 0.2025952935218811]}, "params/['params']['layers_0']['linear_layer']['bias']": {"_type": "histogram", "values": [1, 0, 0, 0, 0, 2, 2, 0, 0, 0, 1, 0, 0, 1, 1, 0, 0, 0, 0, 0, 0, 0, 0, 0, 0, 0, 0, 0, 0, 0, 0, 0, 0, 0, 0, 0, 0, 0, 0, 0, 0, 0, 0, 0, 0, 0, 1, 1, 1, 2, 0, 0, 0, 0, 0, 0, 2, 0, 1, 0, 0, 1, 0, 1], "bins": [-0.21413064002990723, -0.20720677077770233, -0.20028288662433624, -0.19335901737213135, -0.18643513321876526, -0.17951126396656036, -0.17258739471435547, -0.16566351056098938, -0.15873964130878448, -0.1518157720565796, -0.1448918879032135, -0.1379680186510086, -0.1310441493988037, -0.12412026524543762, -0.11719639599323273, -0.11027251929044724, -0.10334864258766174, -0.09642476588487625, -0.08950088918209076, -0.08257701992988586, -0.07565313577651978, -0.06872926652431488, -0.061805397272109985, -0.054881513118743896, -0.047957643866539, -0.041033774614334106, -0.03410989046096802, -0.027186021208763123, -0.020262151956558228, -0.013338267803192139, -0.006414398550987244, 0.0005094856023788452, 0.00743335485458374, 0.014357224106788635, 0.021281108260154724, 0.02820497751235962, 0.03512886166572571, 0.04205271601676941, 0.0489766001701355, 0.05590048432350159, 0.06282436847686768, 0.06974822282791138, 0.07667210698127747, 0.08359599113464355, 0.09051984548568726, 0.09744372963905334, 0.10436761379241943, 0.11129146814346313, 0.11821535229682922, 0.1251392364501953, 0.132063090801239, 0.1389869749546051, 0.1459108591079712, 0.1528347134590149, 0.15975859761238098, 0.16668248176574707, 0.17360633611679077, 0.18053022027015686, 0.18745410442352295, 0.19437798857688904, 0.20130184292793274, 0.20822572708129883, 0.21514961123466492, 0.22207346558570862, 0.2289973497390747]}, "params/['params']['layers_0']['linear_layer']['kernel']": {"_type": "histogram", "values": [1, 0, 0, 0, 0, 0, 0, 1, 0, 2, 0, 0, 0, 0, 0, 1, 0, 0, 0, 1, 0, 0, 0, 0, 1, 0, 0, 2, 1, 0, 0, 0, 1, 0, 1, 0, 0, 0, 0, 0, 0, 2, 0, 0, 0, 0, 1, 0, 0, 0, 1, 0, 0, 0, 0, 0, 0, 0, 1, 0, 0, 0, 0, 1], "bins": [-1.8960607051849365, -1.8377788066864014, -1.7794969081878662, -1.721215009689331, -1.6629332304000854, -1.6046513319015503, -1.5463694334030151, -1.48808753490448, -1.4298057556152344, -1.3715238571166992, -1.313241958618164, -1.254960060119629, -1.1966781616210938, -1.1383962631225586, -1.0801143646240234, -1.0218325853347778, -0.9635506868362427, -0.9052687883377075, -0.8469868898391724, -0.7887051105499268, -0.7304232120513916, -0.6721413135528564, -0.6138594150543213, -0.5555775165557861, -0.497295618057251, -0.43901383876800537, -0.3807319402694702, -0.32245004177093506, -0.2641681432723999, -0.20588624477386475, -0.14760446548461914, -0.08932256698608398, -0.031040668487548828, 0.027241230010986328, 0.08552312850952148, 0.14380502700805664, 0.2020869255065918, 0.26036882400512695, 0.318650484085083, 0.37693238258361816, 0.4352142810821533, 0.4934961795806885, 0.5517780780792236, 0.6100599765777588, 0.668341875076294, 0.7266237735748291, 0.7849056720733643, 0.8431875705718994, 0.9014694690704346, 0.9597511291503906, 1.0180330276489258, 1.076314926147461, 1.134596824645996, 1.1928787231445312, 1.2511606216430664, 1.3094425201416016, 1.3677244186401367, 1.4260063171386719, 1.484288215637207, 1.542569875717163, 1.6008517742156982, 1.6591336727142334, 1.7174155712127686, 1.7756974697113037, 1.8339794874191284]}, "_wandb": {"runtime": 185}}