{"loss": 0.004734207410365343, "_timestamp": 1739545045.3116987, "_runtime": 143.2948567867279, "_step": 405, "validation_loss": 0.004724039696156979, "params/['params']['last']['bias']": {"_type": "histogram", "values": [0, 0, 0, 0, 0, 0, 0, 0, 0, 0, 0, 0, 0, 0, 0, 0, 0, 0, 0, 0, 0, 0, 0, 0, 0, 0, 0, 0, 0, 0, 0, 0, 2, 0, 0, 0, 0, 0, 0, 0, 0, 0, 0, 0, 0, 0, 0, 0, 0, 0, 0, 0, 0, 0, 0, 0, 0, 0, 0, 0, 0, 0, 0, 0], "bins": [-0.5, -0.484375, -0.46875, -0.453125, -0.4375, -0.421875, -0.40625, -0.390625, -0.375, -0.359375, -0.34375, -0.328125, -0.3125, -0.296875, -0.28125, -0.265625, -0.25, -0.234375, -0.21875, -0.203125, -0.1875, -0.171875, -0.15625, -0.140625, -0.125, -0.109375, -0.09375, -0.078125, -0.0625, -0.046875, -0.03125, -0.015625, 0.0, 0.015625, 0.03125, 0.046875, 0.0625, 0.078125, 0.09375, 0.109375, 0.125, 0.140625, 0.15625, 0.171875, 0.1875, 0.203125, 0.21875, 0.234375, 0.25, 0.265625, 0.28125, 0.296875, 0.3125, 0.328125, 0.34375, 0.359375, 0.375, 0.390625, 0.40625, 0.421875, 0.4375, 0.453125, 0.46875, 0.484375, 0.5]}, "params/['params']['last']['kernel']": {"_type": "histogram", "values": [1, 0, 0, 0, 0, 0, 0, 0, 0, 0, 0, 0, 0, 0, 0, 0, 0, 0, 0, 0, 0, 0, 0, 0, 0, 0, 0, 0, 0, 0, 0, 0, 0, 0, 0, 0, 0, 0, 0, 0, 0, 0, 0, 0, 0, 0, 0, 0, 0, 0, 0, 0, 0, 0, 0, 0, 0, 0, 0, 0, 0, 0, 26, 3], "bins": [-0.1719127595424652, -0.1691606491804123, -0.16640852391719818, -0.16365641355514526, -0.16090428829193115, -0.15815217792987823, -0.15540005266666412, -0.1526479423046112, -0.1498958170413971, -0.14714370667934418, -0.14439159631729126, -0.14163947105407715, -0.13888734579086304, -0.13613523542881012, -0.1333831250667572, -0.1306309998035431, -0.12787888944149017, -0.12512676417827606, -0.12237465381622314, -0.11962253600358963, -0.11687041819095612, -0.1141183003783226, -0.11136618256568909, -0.10861406475305557, -0.10586194694042206, -0.10310982912778854, -0.10035771131515503, -0.09760560095310211, -0.0948534831404686, -0.09210136532783508, -0.08934924751520157, -0.08659712970256805, -0.08384501188993454, -0.08109289407730103, -0.07834077626466751, -0.075588658452034, -0.07283654063940048, -0.07008442282676697, -0.06733231246471405, -0.06458019465208054, -0.06182807683944702, -0.05907595902681351, -0.05632384121417999, -0.05357172340154648, -0.050819605588912964, -0.04806748777627945, -0.045315369963645935, -0.04256325960159302, -0.039811134338378906, -0.03705902397632599, -0.03430689871311188, -0.03155478835105896, -0.02880266308784485, -0.02605055272579193, -0.023298442363739014, -0.020546317100524902, -0.017794206738471985, -0.015042081475257874, -0.012289971113204956, -0.009537845849990845, -0.006785735487937927, -0.004033610224723816, -0.0012814998626708984, 0.0014706254005432129, 0.00422273576259613]}, "params/['params']['layers_0']['linear_layer']['bias']": {"_type": "histogram", "values": [0, 0, 0, 0, 0, 0, 0, 0, 0, 0, 0, 0, 0, 0, 0, 0, 0, 0, 0, 0, 0, 0, 0, 0, 0, 0, 0, 0, 0, 0, 0, 0, 18, 0, 0, 0, 0, 0, 0, 0, 0, 0, 0, 0, 0, 0, 0, 0, 0, 0, 0, 0, 0, 0, 0, 0, 0, 0, 0, 0, 0, 0, 0, 0], "bins": [-0.5, -0.484375, -0.46875, -0.453125, -0.4375, -0.421875, -0.40625, -0.390625, -0.375, -0.359375, -0.34375, -0.328125, -0.3125, -0.296875, -0.28125, -0.265625, -0.25, -0.234375, -0.21875, -0.203125, -0.1875, -0.171875, -0.15625, -0.140625, -0.125, -0.109375, -0.09375, -0.078125, -0.0625, -0.046875, -0.03125, -0.015625, 0.0, 0.015625, 0.03125, 0.046875, 0.0625, 0.078125, 0.09375, 0.109375, 0.125, 0.140625, 0.15625, 0.171875, 0.1875, 0.203125, 0.21875, 0.234375, 0.25, 0.265625, 0.28125, 0.296875, 0.3125, 0.328125, 0.34375, 0.359375, 0.375, 0.390625, 0.40625, 0.421875, 0.4375, 0.453125, 0.46875, 0.484375, 0.5]}, "params/['params']['layers_0']['linear_layer']['kernel']": {"_type": "histogram", "values": [1, 0, 0, 0, 0, 0, 0, 0, 0, 0, 0, 1, 0, 0, 0, 0, 0, 0, 0, 0, 0, 0, 0, 0, 0, 0, 0, 0, 0, 0, 0, 66, 1, 0, 0, 0, 0, 0, 0, 0, 0, 0, 1, 0, 0, 0, 0, 0, 0, 0, 0, 0, 1, 0, 0, 0, 0, 0, 0, 0, 0, 0, 0, 1], "bins": [-0.4718581438064575, -0.4571087956428528, -0.44235947728157043, -0.4276101291179657, -0.41286078095436096, -0.3981114625930786, -0.3833621144294739, -0.36861276626586914, -0.3538634181022644, -0.33911406993865967, -0.3243647515773773, -0.3096154034137726, -0.29486608505249023, -0.2801167368888855, -0.26536738872528076, -0.250618040561676, -0.23586870729923248, -0.22111937403678894, -0.2063700258731842, -0.19162067770957947, -0.17687135934829712, -0.16212201118469238, -0.14737266302108765, -0.1326233148574829, -0.11787399649620056, -0.10312464833259583, -0.08837530016899109, -0.07362598180770874, -0.058876633644104004, -0.04412728548049927, -0.02937793731689453, -0.014628618955612183, 0.00012072920799255371, 0.01487007737159729, 0.02961939573287964, 0.044368743896484375, 0.05911809206008911, 0.07386744022369385, 0.08861678838729858, 0.10336613655090332, 0.11811542510986328, 0.13286477327346802, 0.14761412143707275, 0.1623634696006775, 0.17711281776428223, 0.19186216592788696, 0.2066115140914917, 0.22136080265045166, 0.2361101508140564, 0.25085949897766113, 0.26560884714126587, 0.2803581953048706, 0.29510754346847534, 0.3098568916320801, 0.32460618019104004, 0.3393555283546448, 0.3541048765182495, 0.36885422468185425, 0.383603572845459, 0.3983529210090637, 0.41310226917266846, 0.4278515577316284, 0.44260090589523315, 0.4573502540588379, 0.4720996022224426]}, "params/['params']['layers_1']['linear_layer']['bias']": {"_type": "histogram", "values": [0, 0, 0, 0, 0, 0, 0, 0, 0, 0, 0, 0, 0, 0, 0, 0, 0, 0, 0, 0, 0, 0, 0, 0, 0, 0, 0, 0, 0, 0, 0, 0, 18, 0, 0, 0, 0, 0, 0, 0, 0, 0, 0, 0, 0, 0, 0, 0, 0, 0, 0, 0, 0, 0, 0, 0, 0, 0, 0, 0, 0, 0, 0, 0], "bins": [-0.5, -0.484375, -0.46875, -0.453125, -0.4375, -0.421875, -0.40625, -0.390625, -0.375, -0.359375, -0.34375, -0.328125, -0.3125, -0.296875, -0.28125, -0.265625, -0.25, -0.234375, -0.21875, -0.203125, -0.1875, -0.171875, -0.15625, -0.140625, -0.125, -0.109375, -0.09375, -0.078125, -0.0625, -0.046875, -0.03125, -0.015625, 0.0, 0.015625, 0.03125, 0.046875, 0.0625, 0.078125, 0.09375, 0.109375, 0.125, 0.140625, 0.15625, 0.171875, 0.1875, 0.203125, 0.21875, 0.234375, 0.25, 0.265625, 0.28125, 0.296875, 0.3125, 0.328125, 0.34375, 0.359375, 0.375, 0.390625, 0.40625, 0.421875, 0.4375, 0.453125, 0.46875, 0.484375, 0.5]}, "params/['params']['layers_1']['linear_layer']['kernel']": {"_type": "histogram", "values": [1, 0, 0, 0, 0, 0, 0, 0, 0, 0, 0, 0, 0, 0, 0, 0, 266, 0, 0, 0, 0, 0, 0, 0, 0, 0, 1, 0, 0, 0, 0, 0, 0, 0, 0, 0, 0, 0, 0, 0, 0, 0, 0, 0, 1, 0, 0, 0, 0, 0, 0, 0, 0, 0, 0, 0, 0, 0, 0, 0, 0, 0, 0, 1], "bins": [-0.7377449870109558, -0.6936947107315063, -0.6496444344520569, -0.6055941581726074, -0.5615438222885132, -0.5174935460090637, -0.47344326972961426, -0.4293929636478424, -0.38534268736839294, -0.3412924110889435, -0.29724210500717163, -0.25319182872772217, -0.2091415524482727, -0.16509127616882324, -0.121040940284729, -0.07699066400527954, -0.03294038772583008, 0.011109888553619385, 0.05516016483306885, 0.09921050071716309, 0.14326077699661255, 0.187311053276062, 0.23136132955551147, 0.2754116654396057, 0.3194618821144104, 0.36351221799850464, 0.4075624346733093, 0.45161277055740356, 0.4956631064414978, 0.5397133231163025, 0.5837636590003967, 0.6278138756752014, 0.6718642115592957, 0.7159145474433899, 0.7599647641181946, 0.8040151000022888, 0.8480653166770935, 0.8921156525611877, 0.936165988445282, 0.9802162051200867, 1.0242664813995361, 1.0683166980743408, 1.1123671531677246, 1.1564173698425293, 1.200467586517334, 1.2445180416107178, 1.2885682582855225, 1.3326184749603271, 1.3766686916351318, 1.4207191467285156, 1.4647693634033203, 1.508819580078125, 1.5528697967529297, 1.5969202518463135, 1.6409704685211182, 1.6850206851959229, 1.7290711402893066, 1.7731213569641113, 1.817171573638916, 1.8612220287322998, 1.9052722454071045, 1.9493224620819092, 1.9933726787567139, 2.0374231338500977, 2.0814733505249023]}, "_wandb": {"runtime": 142}}