{"loss": 0.00033193983836099505, "_timestamp": 1739965105.655395, "_runtime": 206.33831405639648, "_step": 2793, "params/['params']['last']['bias']": {"_type": "histogram", "values": [1, 0, 0, 0, 0, 0, 0, 0, 0, 0, 0, 0, 0, 0, 0, 0, 0, 0, 0, 0, 0, 0, 0, 0, 0, 0, 0, 0, 0, 0, 0, 0, 0, 0, 0, 0, 0, 0, 0, 0, 0, 0, 0, 0, 0, 0, 0, 0, 0, 0, 0, 0, 0, 0, 0, 0, 0, 0, 0, 0, 0, 0, 0, 1], "bins": [0.0, 0.00826757587492466, 0.01653515174984932, 0.02480272762477398, 0.03307030349969864, 0.04133787751197815, 0.04960545524954796, 0.05787303298711777, 0.06614060699939728, 0.07440818101167679, 0.0826757550239563, 0.0909433364868164, 0.09921091049909592, 0.10747848451137543, 0.11574606597423553, 0.12401363998651505, 0.13228121399879456, 0.14054879546165466, 0.14881636202335358, 0.15708394348621368, 0.1653515100479126, 0.1736190915107727, 0.1818866729736328, 0.19015423953533173, 0.19842182099819183, 0.20668940246105194, 0.21495696902275085, 0.22322455048561096, 0.23149213194847107, 0.23975969851016998, 0.2480272799730301, 0.256294846534729, 0.2645624279975891, 0.2728300094604492, 0.2810975909233093, 0.28936514258384705, 0.29763272404670715, 0.30590030550956726, 0.31416788697242737, 0.3224354684352875, 0.3307030200958252, 0.3389706015586853, 0.3472381830215454, 0.3555057644844055, 0.3637733459472656, 0.37204092741012573, 0.38030847907066345, 0.38857606053352356, 0.39684364199638367, 0.4051112234592438, 0.4133788049221039, 0.4216463565826416, 0.4299139380455017, 0.4381815195083618, 0.4464491009712219, 0.45471668243408203, 0.46298426389694214, 0.47125181555747986, 0.47951939702033997, 0.4877869784832001, 0.4960545599460602, 0.5043221116065979, 0.512589693069458, 0.5208572745323181, 0.5291248559951782]}, "params/['params']['last']['kernel']": {"_type": "histogram", "values": [1, 0, 0, 0, 0, 0, 0, 0, 0, 0, 0, 0, 0, 1, 0, 0, 0, 0, 0, 0, 0, 0, 0, 0, 0, 0, 0, 0, 0, 0, 0, 0, 0, 0, 0, 0, 0, 0, 0, 0, 0, 0, 0, 0, 0, 0, 0, 0, 0, 0, 0, 0, 0, 0, 0, 0, 0, 0, 0, 0, 0, 0, 33, 1], "bins": [-0.2885048985481262, -0.2839200794696808, -0.27933523058891296, -0.27475041151046753, -0.2701655626296997, -0.2655807435512543, -0.26099592447280884, -0.256411075592041, -0.2518262565135956, -0.24724140763282776, -0.24265658855438232, -0.2380717545747757, -0.23348692059516907, -0.22890208661556244, -0.2243172526359558, -0.21973243355751038, -0.21514758467674255, -0.21056276559829712, -0.2059779316186905, -0.20139309763908386, -0.19680826365947723, -0.1922234296798706, -0.18763861060142517, -0.18305376172065735, -0.17846894264221191, -0.17388410866260529, -0.16929927468299866, -0.16471444070339203, -0.1601296067237854, -0.15554478764533997, -0.15095995366573334, -0.1463751196861267, -0.14179028570652008, -0.13720545172691345, -0.13262061774730682, -0.1280357837677002, -0.12345096468925476, -0.11886613070964813, -0.1142812967300415, -0.10969646275043488, -0.10511162877082825, -0.10052679479122162, -0.09594197571277618, -0.09135714173316956, -0.08677230775356293, -0.0821874737739563, -0.07760263979434967, -0.07301780581474304, -0.06843298673629761, -0.06384815275669098, -0.05926331877708435, -0.05467848479747772, -0.050093650817871094, -0.045508816838264465, -0.04092398285865784, -0.0363391637802124, -0.03175431489944458, -0.027169495820999146, -0.02258467674255371, -0.01799982786178589, -0.013415008783340454, -0.008830159902572632, -0.004245340824127197, 0.000339508056640625, 0.004924321547150612]}, "params/['params']['layers_0']['linear_layer']['bias']": {"_type": "histogram", "values": [0, 0, 0, 0, 0, 0, 0, 0, 0, 0, 0, 0, 0, 0, 0, 0, 0, 0, 0, 0, 0, 0, 0, 0, 0, 0, 0, 0, 0, 0, 0, 0, 22, 0, 0, 0, 0, 0, 0, 0, 0, 0, 0, 0, 0, 0, 0, 0, 0, 0, 0, 0, 0, 0, 0, 0, 0, 0, 0, 0, 0, 0, 0, 0], "bins": [-0.5, -0.484375, -0.46875, -0.453125, -0.4375, -0.421875, -0.40625, -0.390625, -0.375, -0.359375, -0.34375, -0.328125, -0.3125, -0.296875, -0.28125, -0.265625, -0.25, -0.234375, -0.21875, -0.203125, -0.1875, -0.171875, -0.15625, -0.140625, -0.125, -0.109375, -0.09375, -0.078125, -0.0625, -0.046875, -0.03125, -0.015625, 0.0, 0.015625, 0.03125, 0.046875, 0.0625, 0.078125, 0.09375, 0.109375, 0.125, 0.140625, 0.15625, 0.171875, 0.1875, 0.203125, 0.21875, 0.234375, 0.25, 0.265625, 0.28125, 0.296875, 0.3125, 0.328125, 0.34375, 0.359375, 0.375, 0.390625, 0.40625, 0.421875, 0.4375, 0.453125, 0.46875, 0.484375, 0.5]}, "params/['params']['layers_0']['linear_layer']['kernel']": {"_type": "histogram", "values": [1, 0, 0, 0, 0, 0, 0, 0, 0, 0, 0, 0, 0, 0, 0, 0, 2, 0, 0, 0, 0, 0, 0, 0, 0, 0, 0, 0, 0, 0, 0, 0, 0, 0, 1, 0, 0, 0, 0, 0, 0, 1, 0, 0, 38, 0, 0, 0, 0, 0, 0, 0, 0, 0, 0, 0, 0, 0, 0, 0, 0, 0, 0, 1], "bins": [-1.008594036102295, -0.9860707521438599, -0.9635474681854248, -0.9410241842269897, -0.9185009598731995, -0.8959776759147644, -0.8734543919563293, -0.8509311079978943, -0.8284078240394592, -0.805884599685669, -0.7833613157272339, -0.7608380317687988, -0.7383147478103638, -0.7157914638519287, -0.6932681798934937, -0.6707448959350586, -0.6482216119766235, -0.6256983280181885, -0.6031751036643982, -0.5806518197059631, -0.5581285357475281, -0.5356053113937378, -0.5130820274353027, -0.4905587434768677, -0.4680354595184326, -0.44551217555999756, -0.4229888916015625, -0.40046560764312744, -0.3779423236846924, -0.3554190993309021, -0.33289581537246704, -0.310372531414032, -0.2878492474555969, -0.26532596349716187, -0.2428026795387268, -0.22027939558029175, -0.19775617122650146, -0.1752328872680664, -0.15270960330963135, -0.1301863193511963, -0.10766303539276123, -0.08513975143432617, -0.06261652708053589, -0.04009324312210083, -0.01756995916366577, 0.004953265190124512, 0.02747654914855957, 0.04999983310699463, 0.07252311706542969, 0.09504640102386475, 0.1175696849822998, 0.14009296894073486, 0.16261625289916992, 0.18513953685760498, 0.20766282081604004, 0.2301861047744751, 0.25270938873291016, 0.2752326726913452, 0.2977558374404907, 0.3202791213989258, 0.34280240535736084, 0.3653256893157959, 0.38784897327423096, 0.410372257232666, 0.4328955411911011]}, "params/['params']['layers_1']['linear_layer']['bias']": {"_type": "histogram", "values": [0, 0, 0, 0, 0, 0, 0, 0, 0, 0, 0, 0, 0, 0, 0, 0, 0, 0, 0, 0, 0, 0, 0, 0, 0, 0, 0, 0, 0, 0, 0, 0, 22, 0, 0, 0, 0, 0, 0, 0, 0, 0, 0, 0, 0, 0, 0, 0, 0, 0, 0, 0, 0, 0, 0, 0, 0, 0, 0, 0, 0, 0, 0, 0], "bins": [-0.5, -0.484375, -0.46875, -0.453125, -0.4375, -0.421875, -0.40625, -0.390625, -0.375, -0.359375, -0.34375, -0.328125, -0.3125, -0.296875, -0.28125, -0.265625, -0.25, -0.234375, -0.21875, -0.203125, -0.1875, -0.171875, -0.15625, -0.140625, -0.125, -0.109375, -0.09375, -0.078125, -0.0625, -0.046875, -0.03125, -0.015625, 0.0, 0.015625, 0.03125, 0.046875, 0.0625, 0.078125, 0.09375, 0.109375, 0.125, 0.140625, 0.15625, 0.171875, 0.1875, 0.203125, 0.21875, 0.234375, 0.25, 0.265625, 0.28125, 0.296875, 0.3125, 0.328125, 0.34375, 0.359375, 0.375, 0.390625, 0.40625, 0.421875, 0.4375, 0.453125, 0.46875, 0.484375, 0.5]}, "params/['params']['layers_1']['linear_layer']['kernel']": {"_type": "histogram", "values": [1, 0, 0, 1, 0, 0, 0, 0, 0, 0, 0, 2, 0, 1, 0, 0, 1, 0, 0, 0, 0, 0, 0, 0, 1, 0, 0, 0, 1, 381, 0, 0, 0, 0, 0, 0, 0, 0, 1, 0, 0, 0, 0, 1, 0, 0, 0, 0, 0, 1, 0, 0, 0, 0, 1, 0, 0, 0, 1, 0, 0, 1, 0, 1],