{"loss": 4.588761294144206e-05, "_timestamp": 1739993041.28116, "_runtime": 159.42905402183533, "_step": 2793, "params/['params']['last']['bias']": {"_type": "histogram", "values": [1, 0, 0, 0, 0, 0, 0, 0, 0, 0, 0, 0, 0, 0, 0, 0, 0, 0, 0, 0, 0, 0, 0, 0, 0, 0, 0, 0, 0, 0, 0, 0, 0, 0, 0, 0, 0, 0, 0, 0, 0, 0, 0, 0, 0, 0, 0, 0, 0, 0, 0, 0, 0, 0, 0, 0, 0, 0, 0, 0, 0, 0, 0, 1], "bins": [0.0, 0.008204597048461437, 0.016409194096922874, 0.024613790214061737, 0.03281838819384575, 0.04102298617362976, 0.049227580428123474, 0.057432178407907486, 0.0656367763876915, 0.07384137064218521, 0.08204597234725952, 0.09025056660175323, 0.09845516085624695, 0.10665976256132126, 0.11486435681581497, 0.12306895852088928, 0.131273552775383, 0.1394781470298767, 0.14768274128437042, 0.15588735044002533, 0.16409194469451904, 0.17229653894901276, 0.18050113320350647, 0.18870572745800018, 0.1969103217124939, 0.2051149308681488, 0.21331952512264252, 0.22152411937713623, 0.22972871363162994, 0.23793330788612366, 0.24613791704177856, 0.2543424963951111, 0.262547105550766, 0.2707517147064209, 0.2789562940597534, 0.2871609032154083, 0.29536548256874084, 0.30357009172439575, 0.31177470088005066, 0.3199792802333832, 0.3281838893890381, 0.3363884687423706, 0.3445930778980255, 0.3527976870536804, 0.36100226640701294, 0.36920687556266785, 0.37741145491600037, 0.3856160640716553, 0.3938206434249878, 0.4020252525806427, 0.4102298617362976, 0.4184344410896301, 0.42663905024528503, 0.43484362959861755, 0.44304823875427246, 0.45125284790992737, 0.4594574272632599, 0.4676620364189148, 0.4758666157722473, 0.4840712249279022, 0.49227583408355713, 0.5004804134368896, 0.5086849927902222, 0.5168896317481995, 0.525094211101532]}, "params/['params']['last']['kernel']": {"_type": "histogram", "values": [1, 0, 0, 0, 0, 0, 0, 0, 0, 0, 0, 0, 0, 0, 0, 0, 0, 0, 0, 0, 1, 1, 1, 0, 0, 0, 0, 35, 0, 0, 0, 0, 0, 0, 0, 0, 0, 0, 0, 0, 0, 0, 0, 0, 0, 0, 0, 0, 0, 0, 0, 0, 0, 0, 1, 0, 0, 0, 0, 0, 1, 0, 0, 1], "bins": [-0.1953224390745163, -0.18815556168556213, -0.18098866939544678, -0.17382179200649261, -0.16665491461753845, -0.1594880223274231, -0.15232114493846893, -0.14515426754951477, -0.13798737525939941, -0.13082048296928406, -0.1236536055803299, -0.11648672819137573, -0.10931984335184097, -0.10215295851230621, -0.09498608112335205, -0.08781919628381729, -0.08065231144428253, -0.07348542660474777, -0.06631854176521301, -0.05915166437625885, -0.051984772086143494, -0.04481789469718933, -0.03765101730823517, -0.030484125018119812, -0.02331724762916565, -0.016150370240211487, -0.00898347795009613, -0.0018166005611419678, 0.005350276827812195, 0.012517169117927551, 0.019684046506881714, 0.02685093879699707, 0.03401781618595123, 0.041184693574905396, 0.04835158586502075, 0.055518463253974915, 0.06268535554409027, 0.06985221803188324, 0.0770191103219986, 0.08418600261211395, 0.09135289490222931, 0.09851975739002228, 0.10568664968013763, 0.11285354197025299, 0.12002040445804596, 0.12718729674816132, 0.13435418903827667, 0.14152105152606964, 0.148687943816185, 0.15585483610630035, 0.16302169859409332, 0.17018859088420868, 0.17735548317432404, 0.184522345662117, 0.19168923795223236, 0.19885613024234772, 0.20602299273014069, 0.21318988502025604, 0.2203567773103714, 0.22752366960048676, 0.23469053208827972, 0.24185742437839508, 0.24902431666851044, 0.2561911940574646, 0.26335805654525757]}, "params/['params']['layers_0']['linear_layer']['bias']": {"_type": "histogram", "values": [0, 0, 0, 0, 0, 0, 0, 0, 0, 0, 0, 0, 0, 0, 0, 0, 0, 0, 0, 0, 0, 0, 0, 0, 0, 0, 0, 0, 0, 0, 0, 0, 24, 0, 0, 0, 0, 0, 0, 0, 0, 0, 0, 0, 0, 0, 0, 0, 0, 0, 0, 0, 0, 0, 0, 0, 0, 0, 0, 0, 0, 0, 0, 0], "bins": [-0.5, -0.484375, -0.46875, -0.453125, -0.4375, -0.421875, -0.40625, -0.390625, -0.375, -0.359375, -0.34375, -0.328125, -0.3125, -0.296875, -0.28125, -0.265625, -0.25, -0.234375, -0.21875, -0.203125, -0.1875, -0.171875, -0.15625, -0.140625, -0.125, -0.109375, -0.09375, -0.078125, -0.0625, -0.046875, -0.03125, -0.015625, 0.0, 0.015625, 0.03125, 0.046875, 0.0625, 0.078125, 0.09375, 0.109375, 0.125, 0.140625, 0.15625, 0.171875, 0.1875, 0.203125, 0.21875, 0.234375, 0.25, 0.265625, 0.28125, 0.296875, 0.3125, 0.328125, 0.34375, 0.359375, 0.375, 0.390625, 0.40625, 0.421875, 0.4375, 0.453125, 0.46875, 0.484375, 0.5]}, "params/['params']['layers_0']['linear_layer']['kernel']": {"_type": "histogram", "values": [1, 0, 0, 0, 0, 0, 0, 0, 0, 0, 0, 0, 0, 0, 0, 0, 0, 0, 0, 2, 0, 0, 0, 0, 0, 0, 0, 0, 0, 0, 0, 0, 0, 1, 0, 0, 0, 0, 0, 0, 0, 0, 0, 0, 89, 0, 0, 0, 0, 0, 0, 0, 0, 0, 0, 0, 0, 0, 0, 0, 0, 0, 0, 3], "bins": [-1.4553687572479248, -1.4228020906448364, -1.390235424041748, -1.3576686382293701, -1.3251019716262817, -1.2925353050231934, -1.259968638420105, -1.2274019718170166, -1.1948353052139282, -1.1622686386108398, -1.129701852798462, -1.0971351861953735, -1.0645685195922852, -1.0320018529891968, -0.9994351863861084, -0.96686851978302, -0.9343017935752869, -0.9017351269721985, -0.8691684007644653, -0.836601734161377, -0.8040350675582886, -0.7714683413505554, -0.738901674747467, -0.7063350081443787, -0.6737682819366455, -0.6412016153335571, -0.6086349487304688, -0.5760682821273804, -0.5435015559196472, -0.5109348893165588, -0.47836822271347046, -0.4458014965057373, -0.4132348299026489, -0.38066816329956055, -0.34810149669647217, -0.3155348300933838, -0.28296804428100586, -0.2504013776779175, -0.2178347110748291, -0.18526804447174072, -0.15270137786865234, -0.12013471126556396, -0.08756792545318604, -0.055001258850097656, -0.022434592247009277, 0.010132074356079102, 0.04269874095916748, 0.07526540756225586, 0.10783219337463379, 0.14039885997772217, 0.17296552658081055, 0.20553219318389893, 0.2380988597869873, 0.2706655263900757, 0.30323219299316406, 0.335798978805542, 0.36836564540863037, 0.40093231201171875, 0.43349897861480713, 0.4660656452178955, 0.4986323118209839, 0.5311990976333618, 0.5637657642364502, 0.596332311630249, 0.6288990378379822]}, "params/['params']['layers_1']['linear_layer']['bias']": {"_type": "histogram", "values": [0, 0, 0, 0, 0, 0, 0, 0, 0, 0, 0, 0, 0, 0, 0, 0, 0, 0, 0, 0, 0, 0, 0, 0, 0, 0, 0, 0, 0, 0, 0, 0, 24, 0, 0, 0, 0, 0, 0, 0, 0, 0, 0, 0, 0, 0, 0, 0, 0, 0, 0, 0, 0, 0, 0, 0, 0, 0, 0, 0, 0, 0, 0, 0], "bins": [-0.5, -0.484375, -0.46875, -0.453125, -0.4375, -0.421875, -0.40625, -0.390625, -0.375, -0.359375, -0.34375, -0.328125, -0.3125, -0.296875, -0.28125, -0.265625, -0.25, -0.234375, -0.21875, -0.203125, -0.1875, -0.171875, -0.15625, -0.140625, -0.125, -0.109375, -0.09375, -0.078125, -0.0625, -0.046875, -0.03125, -0.015625, 0.0, 0.015625, 0.03125, 0.046875, 0.0625, 0.078125, 0.09375, 0.109375, 0.125, 0.140625, 0.15625, 0.171875, 0.1875, 0.203125, 0.21875, 0.234375, 0.25, 0.265625, 0.28125, 0.296875, 0.3125, 0.328125, 0.34375, 0.359375, 0.375, 0.390625, 0.40625, 0.421875, 0.4375, 0.453125, 0.46875, 0.484375, 0.5]}, "params/['params']['layers_1']['linear_layer']['kernel']": {"_type": "histogram", "values": [1, 0, 0, 0, 0, 0, 0, 0, 0, 0, 0, 0, 0, 0, 0, 0, 1, 0, 2, 4, 1, 0, 0, 2, 0, 0, 0, 0, 0, 3, 0, 0, 3, 0, 0, 0, 0, 3, 464, 2, 0, 5, 1, 1, 1, 1, 0, 1, 0, 1, 0, 0, 2, 0, 1, 0, 2, 0, 0, 1, 0, 0, 0, 1],