{"loss": 0.19093720614910126, "_timestamp": 1739298473.4834397, "_runtime": 197.27286767959595, "_step": 25, "params/['params']['last']['bias']": {"_type": "histogram", "values": [1, 0, 0, 0, 0, 0, 0, 0, 0, 0, 0, 0, 0, 0, 0, 0, 0, 0, 0, 0, 0, 0, 0, 0, 0, 0, 0, 0, 0, 0, 0, 0, 0, 0, 0, 0, 0, 0, 0, 0, 0, 0, 0, 0, 0, 0, 0, 0, 0, 0, 0, 0, 0, 0, 0, 0, 0, 0, 0, 0, 0, 0, 0, 1], "bins": [1.0058287382125854, 1.007906436920166, 1.0099842548370361, 1.0120619535446167, 1.0141396522521973, 1.0162174701690674, 1.018295168876648, 1.0203728675842285, 1.0224506855010986, 1.0245283842086792, 1.0266060829162598, 1.0286837816238403, 1.0307615995407104, 1.032839298248291, 1.0349169969558716, 1.0369948148727417, 1.0390725135803223, 1.0411502122879028, 1.043228030204773, 1.0453057289123535, 1.047383427619934, 1.0494612455368042, 1.0515389442443848, 1.0536166429519653, 1.055694341659546, 1.057772159576416, 1.0598498582839966, 1.0619275569915771, 1.0640053749084473, 1.0660830736160278, 1.0681607723236084, 1.0702385902404785, 1.072316288948059, 1.0743939876556396, 1.0764718055725098, 1.0785495042800903, 1.080627202987671, 1.082705020904541, 1.0847827196121216, 1.0868604183197021, 1.0889382362365723, 1.0910159349441528, 1.0930936336517334, 1.095171332359314, 1.097249150276184, 1.0993268489837646, 1.1014045476913452, 1.1034823656082153, 1.105560064315796, 1.1076377630233765, 1.1097155809402466, 1.1117932796478271, 1.1138709783554077, 1.1159487962722778, 1.1180264949798584, 1.120104193687439, 1.1221818923950195, 1.1242597103118896, 1.1263374090194702, 1.1284151077270508, 1.130492925643921, 1.1325706243515015, 1.134648323059082, 1.1367261409759521, 1.1388038396835327]}, "params/['params']['last']['kernel']": {"_type": "histogram", "values": [1, 0, 0, 0, 0, 0, 0, 0, 0, 0, 0, 0, 0, 0, 0, 0, 0, 0, 0, 1, 0, 0, 1, 0, 0, 0, 0, 0, 0, 0, 0, 0, 0, 0, 0, 0, 0, 1, 0, 3, 1, 1, 0, 0, 0, 0, 0, 0, 0, 0, 0, 0, 0, 0, 0, 0, 0, 1, 0, 0, 0, 0, 1, 1], "bins": [-0.23682013154029846, -0.2307366579771042, -0.2246531844139099, -0.21856971085071564, -0.21248623728752136, -0.20640277862548828, -0.200319305062294, -0.19423583149909973, -0.18815235793590546, -0.18206888437271118, -0.1759854108095169, -0.16990193724632263, -0.16381847858428955, -0.15773499011993408, -0.151651531457901, -0.14556805789470673, -0.13948458433151245, -0.13340111076831818, -0.1273176372051239, -0.12123417109251022, -0.11515069752931595, -0.10906723141670227, -0.102983757853508, -0.09690028429031372, -0.09081681072711945, -0.08473333716392517, -0.0786498636007309, -0.07256639003753662, -0.06648293137550354, -0.060399457812309265, -0.05431598424911499, -0.048232510685920715, -0.04214903712272644, -0.036065563559532166, -0.02998208999633789, -0.023898616433143616, -0.01781514286994934, -0.01173168420791626, -0.005648210644721985, 0.00043526291847229004, 0.006518736481666565, 0.01260221004486084, 0.01868566870689392, 0.02476915717124939, 0.03085261583328247, 0.03693610429763794, 0.04301956295967102, 0.04910305142402649, 0.05518651008605957, 0.06126996874809265, 0.06735345721244812, 0.0734369158744812, 0.07952040433883667, 0.08560386300086975, 0.09168735146522522, 0.0977708101272583, 0.10385426878929138, 0.10993775725364685, 0.11602121591567993, 0.1221047043800354, 0.12818816304206848, 0.13427165150642395, 0.14035511016845703, 0.1464385986328125, 0.15252205729484558]}, "params/['params']['layers_0']['linear_layer']['bias']": {"_type": "histogram", "values": [1, 0, 1, 0, 2, 1, 0, 0, 0, 0, 0, 0, 0, 0, 0, 0, 0, 0, 0, 0, 0, 0, 0, 0, 0, 0, 0, 0, 0, 0, 0, 0, 0, 0, 0, 0, 0, 0, 0, 0, 0, 0, 0, 0, 0, 0, 0, 1, 0, 0, 0, 0, 0, 0, 1, 0, 0, 0, 0, 0, 0, 0, 0, 1], "bins": [-0.27728593349456787, -0.2691521942615509, -0.26101845502853394, -0.25288471579551697, -0.2447509616613388, -0.23661722242832184, -0.22848348319530487, -0.2203497439622879, -0.21221598982810974, -0.20408225059509277, -0.1959485113620758, -0.18781477212905884, -0.17968103289604187, -0.1715472936630249, -0.16341355443000793, -0.15527980029582977, -0.1471460610628128, -0.13901232182979584, -0.13087858259677887, -0.12274482846260071, -0.11461108922958374, -0.10647734999656677, -0.0983436107635498, -0.09020987153053284, -0.08207613229751587, -0.07394237816333771, -0.06580863893032074, -0.05767489969730377, -0.049541160464286804, -0.041407421231269836, -0.033273667097091675, -0.025139927864074707, -0.01700618863105774, -0.008872449398040771, -0.0007387101650238037, 0.007395029067993164, 0.015528768301010132, 0.0236625075340271, 0.031796276569366455, 0.03993001580238342, 0.04806375503540039, 0.05619749426841736, 0.06433123350143433, 0.0724649727344513, 0.08059871196746826, 0.08873245120048523, 0.0968661904335022, 0.10499992966651917, 0.11313366889953613, 0.12126743793487549, 0.12940117716789246, 0.13753491640090942, 0.1456686556339264, 0.15380239486694336, 0.16193613409996033, 0.1700698733329773, 0.17820361256599426, 0.18633735179901123, 0.1944710910320282, 0.20260486006736755, 0.21073859930038452, 0.2188723385334015, 0.22700607776641846, 0.23513978719711304, 0.2432735711336136]}, "params/['params']['layers_0']['linear_layer']['kernel']": {"_type": "histogram", "values": [1, 0, 0, 0, 0, 0, 0, 0, 0, 0, 0, 0, 0, 1, 0, 0, 0, 1, 0, 0, 0, 0, 0, 0, 0, 0, 0, 0, 0, 0, 0, 0, 1, 0, 1, 0, 0, 0, 0, 0, 0, 1, 0, 0, 0, 0, 0, 0, 1, 0, 0, 0, 0, 0, 0, 0, 0, 0, 0, 0, 0, 0, 0, 1], "bins": [-0.8556913137435913, -0.8152012825012207, -0.7747112512588501, -0.7342212796211243, -0.6937312483787537, -0.6532412171363831, -0.6127512454986572, -0.5722612142562866, -0.531771183013916, -0.4912811517715454, -0.4507911503314972, -0.410301148891449, -0.36981111764907837, -0.32932108640670776, -0.28883111476898193, -0.24834108352661133, -0.20785105228424072, -0.16736102104187012, -0.1268709897994995, -0.08638101816177368, -0.045890986919403076, -0.005400955677032471, 0.03508901596069336, 0.07557904720306396, 0.11606907844543457, 0.15655910968780518, 0.19704914093017578, 0.2375391721725464, 0.27802908420562744, 0.31851911544799805, 0.35900914669036865, 0.39949917793273926, 0.43998920917510986, 0.48047924041748047, 0.5209692716598511, 0.5614593029022217, 0.6019493341445923, 0.6424392461776733, 0.682929277420044, 0.7234193086624146, 0.7639093399047852, 0.8043993711471558, 0.8448894023895264, 0.885379433631897, 0.925869345664978, 0.9663593769073486, 1.0068494081497192, 1.0473394393920898, 1.0878294706344604, 1.128319501876831, 1.1688095331192017, 1.2092994451522827, 1.2497895956039429, 1.290279507637024, 1.330769658088684, 1.3712595701217651, 1.4117494821548462, 1.4522396326065063, 1.4927295446395874, 1.5332196950912476, 1.5737096071243286, 1.6141997575759888, 1.6546896696090698, 1.69517982006073, 1.7356698513031006]}, "_wandb": {"runtime": 196}}