{"loss": 0.00027287332341074944, "_timestamp": 1739544883.3733883, "_runtime": 179.43159532546997, "_step": 405, "validation_loss": 0.00026540947146713734, "params/['params']['last']['bias']": {"_type": "histogram", "values": [0, 0, 0, 0, 0, 0, 0, 0, 0, 0, 0, 0, 0, 0, 0, 0, 0, 0, 0, 0, 0, 0, 0, 0, 0, 0, 0, 0, 0, 0, 0, 0, 2, 0, 0, 0, 0, 0, 0, 0, 0, 0, 0, 0, 0, 0, 0, 0, 0, 0, 0, 0, 0, 0, 0, 0, 0, 0, 0, 0, 0, 0, 0, 0], "bins": [-0.5, -0.484375, -0.46875, -0.453125, -0.4375, -0.421875, -0.40625, -0.390625, -0.375, -0.359375, -0.34375, -0.328125, -0.3125, -0.296875, -0.28125, -0.265625, -0.25, -0.234375, -0.21875, -0.203125, -0.1875, -0.171875, -0.15625, -0.140625, -0.125, -0.109375, -0.09375, -0.078125, -0.0625, -0.046875, -0.03125, -0.015625, 0.0, 0.015625, 0.03125, 0.046875, 0.0625, 0.078125, 0.09375, 0.109375, 0.125, 0.140625, 0.15625, 0.171875, 0.1875, 0.203125, 0.21875, 0.234375, 0.25, 0.265625, 0.28125, 0.296875, 0.3125, 0.328125, 0.34375, 0.359375, 0.375, 0.390625, 0.40625, 0.421875, 0.4375, 0.453125, 0.46875, 0.484375, 0.5]}, "params/['params']['last']['kernel']": {"_type": "histogram", "values": [1, 0, 0, 0, 0, 0, 0, 0, 0, 0, 0, 0, 0, 0, 0, 0, 0, 0, 0, 0, 0, 0, 0, 0, 0, 0, 0, 0, 0, 0, 0, 0, 0, 0, 0, 0, 0, 0, 0, 0, 0, 36, 0, 3, 0, 0, 0, 1, 0, 0, 0, 0, 0, 0, 0, 0, 0, 0, 0, 0, 0, 0, 0, 1], "bins": [-0.1438414752483368, -0.1403834968805313, -0.13692553341388702, -0.13346755504608154, -0.13000957667827606, -0.12655161321163177, -0.1230936348438263, -0.11963566392660141, -0.11617769300937653, -0.11271971464157104, -0.10926174372434616, -0.10580377280712128, -0.1023457944393158, -0.09888782352209091, -0.09542985260486603, -0.09197187423706055, -0.08851390331983566, -0.08505593240261078, -0.0815979540348053, -0.07813998311758041, -0.07468201220035553, -0.07122403383255005, -0.06776606291532516, -0.06430809199810028, -0.0608501136302948, -0.057392142713069916, -0.05393417179584503, -0.05047620087862015, -0.04701822251081467, -0.04356025159358978, -0.0401022806763649, -0.03664430230855942, -0.033186331391334534, -0.02972836047410965, -0.02627038210630417, -0.022812411189079285, -0.0193544402718544, -0.015896469354629517, -0.012438490986824036, -0.008980512619018555, -0.005522549152374268, -0.0020645707845687866, 0.0013934075832366943, 0.0048513710498809814, 0.008309349417686462, 0.011767327785491943, 0.01522529125213623, 0.01868326961994171, 0.022141247987747192, 0.02559921145439148, 0.02905718982219696, 0.03251515328884125, 0.03597313165664673, 0.03943111002445221, 0.0428890734910965, 0.04634705185890198, 0.04980503022670746, 0.053262993693351746, 0.05672097206115723, 0.06017895042896271, 0.063636913895607, 0.06709489226341248, 0.07055287063121796, 0.07401083409786224, 0.07746881246566772]}, "params/['params']['layers_0']['linear_layer']['bias']": {"_type": "histogram", "values": [0, 0, 0, 0, 0, 0, 0, 0, 0, 0, 0, 0, 0, 0, 0, 0, 0, 0, 0, 0, 0, 0, 0, 0, 0, 0, 0, 0, 0, 0, 0, 0, 24, 0, 0, 0, 0, 0, 0, 0, 0, 0, 0, 0, 0, 0, 0, 0, 0, 0, 0, 0, 0, 0, 0, 0, 0, 0, 0, 0, 0, 0, 0, 0], "bins": [-0.5, -0.484375, -0.46875, -0.453125, -0.4375, -0.421875, -0.40625, -0.390625, -0.375, -0.359375, -0.34375, -0.328125, -0.3125, -0.296875, -0.28125, -0.265625, -0.25, -0.234375, -0.21875, -0.203125, -0.1875, -0.171875, -0.15625, -0.140625, -0.125, -0.109375, -0.09375, -0.078125, -0.0625, -0.046875, -0.03125, -0.015625, 0.0, 0.015625, 0.03125, 0.046875, 0.0625, 0.078125, 0.09375, 0.109375, 0.125, 0.140625, 0.15625, 0.171875, 0.1875, 0.203125, 0.21875, 0.234375, 0.25, 0.265625, 0.28125, 0.296875, 0.3125, 0.328125, 0.34375, 0.359375, 0.375, 0.390625, 0.40625, 0.421875, 0.4375, 0.453125, 0.46875, 0.484375, 0.5]}, "params/['params']['layers_0']['linear_layer']['kernel']": {"_type": "histogram", "values": [1, 0, 0, 0, 0, 2, 0, 0, 0, 0, 0, 0, 0, 0, 0, 0, 0, 0, 0, 0, 0, 0, 0, 0, 0, 0, 0, 0, 0, 0, 0, 1, 0, 0, 0, 0, 0, 0, 0, 0, 0, 0, 0, 0, 0, 89, 0, 0, 0, 0, 0, 0, 0, 0, 0, 0, 0, 0, 0, 0, 0, 0, 0, 3], "bins": [-0.6986532211303711, -0.6831477880477905, -0.66764235496521, -0.6521369218826294, -0.6366314888000488, -0.6211260557174683, -0.6056206226348877, -0.5901151299476624, -0.5746096968650818, -0.5591042637825012, -0.5435988306999207, -0.5280933976173401, -0.5125879645347595, -0.49708253145217896, -0.4815770983695984, -0.46607163548469543, -0.45056620240211487, -0.4350607693195343, -0.41955533623695374, -0.4040498733520508, -0.3885444402694702, -0.37303900718688965, -0.3575335741043091, -0.3420281410217285, -0.32652270793914795, -0.311017245054245, -0.29551181197166443, -0.28000637888908386, -0.2645009458065033, -0.24899551272392273, -0.23349004983901978, -0.2179846167564392, -0.20247918367385864, -0.18697375059127808, -0.1714683175086975, -0.15596288442611694, -0.14045745134353638, -0.12495201826095581, -0.10944652557373047, -0.0939410924911499, -0.07843565940856934, -0.06293022632598877, -0.0474247932434082, -0.03191936016082764, -0.01641392707824707, -0.0009084939956665039, 0.014596939086914062, 0.03010237216949463, 0.045607805252075195, 0.06111329793930054, 0.0766187310218811, 0.09212416410446167, 0.10762959718704224, 0.1231350302696228, 0.13864046335220337, 0.15414589643478394, 0.1696513295173645, 0.18515676259994507, 0.20066219568252563, 0.21616768836975098, 0.23167312145233154, 0.2471785545349121, 0.2626839876174927, 0.27818942070007324, 0.2936948537826538]}, "params/['params']['layers_1']['linear_layer']['bias']": {"_type": "histogram", "values": [0, 0, 0, 0, 0, 0, 0, 0, 0, 0, 0, 0, 0, 0, 0, 0, 0, 0, 0, 0, 0, 0, 0, 0, 0, 0, 0, 0, 0, 0, 0, 0, 24, 0, 0, 0, 0, 0, 0, 0, 0, 0, 0, 0, 0, 0, 0, 0, 0, 0, 0, 0, 0, 0, 0, 0, 0, 0, 0, 0, 0, 0, 0, 0], "bins": [-0.5, -0.484375, -0.46875, -0.453125, -0.4375, -0.421875, -0.40625, -0.390625, -0.375, -0.359375, -0.34375, -0.328125, -0.3125, -0.296875, -0.28125, -0.265625, -0.25, -0.234375, -0.21875, -0.203125, -0.1875, -0.171875, -0.15625, -0.140625, -0.125, -0.109375, -0.09375, -0.078125, -0.0625, -0.046875, -0.03125, -0.015625, 0.0, 0.015625, 0.03125, 0.046875, 0.0625, 0.078125, 0.09375, 0.109375, 0.125, 0.140625, 0.15625, 0.171875, 0.1875, 0.203125, 0.21875, 0.234375, 0.25, 0.265625, 0.28125, 0.296875, 0.3125, 0.328125, 0.34375, 0.359375, 0.375, 0.390625, 0.40625, 0.421875, 0.4375, 0.453125, 0.46875, 0.484375, 0.5]}, "params/['params']['layers_1']['linear_layer']['kernel']": {"_type": "histogram", "values": [1, 0, 0, 0, 0, 0, 0, 0, 0, 0, 0, 0, 0, 0, 0, 0, 0, 1, 0, 0, 0, 0, 0, 0, 0, 1, 0, 0, 0, 0, 0, 0, 0, 0, 0, 0, 494, 3, 0, 0, 0, 0, 0, 0, 0, 0, 0, 0, 1, 0, 1, 0, 0, 0, 1, 0, 0, 0, 0, 0, 0, 0, 0, 1], "bins": [-2.825805187225342, -2.74737286567688, -2.668940782546997, -2.590508460998535, -2.5120761394500732, -2.4336438179016113, -2.3552117347717285, -2.2767794132232666, -2.1983470916748047, -2.119915008544922, -2.04148268699646, -1.9630504846572876, -1.8846182823181152, -1.8061859607696533, -1.727753758430481, -1.649321436882019, -1.5708892345428467, -1.4924570322036743, -1.4140247106552124, -1.33559250831604, -1.2571601867675781, -1.1787279844284058, -1.1002957820892334, -1.0218634605407715, -0.9434312582015991, -0.8649990558624268, -0.7865667343139648, -0.7081344127655029, -0.6297023296356201, -0.5512700080871582, -0.4728376865386963, -0.3944056034088135, -0.31597328186035156, -0.23754096031188965, -0.15910887718200684, -0.08067655563354492, -0.002244234085083008, 0.0761878490447998, 0.15462017059326172, 0.23305249214172363, 0.31148481369018555, 0.38991689682006836, 0.4683492183685303, 0.5467815399169922, 0.625213623046875, 0.7036459445953369, 0.7820782661437988, 0.8605103492736816, 0.9389426708221436, 1.0173749923706055, 1.0958070755004883, 1.1742396354675293, 1.252671718597412, 1.331103801727295, 1.409536361694336, 1.4879684448242188, 1.5664005279541016, 1.6448330879211426, 1.7232651710510254, 1.8016972541809082, 1.8801298141479492, 1.958561897277832, 2.036993980407715, 2.115426540374756, 2.1938586235046387]}, "_wandb": {"runtime": 178}}