{"loss": 1850.4423828125, "_timestamp": 1739535435.2187507, "_runtime": 151.3774287700653, "_step": 405, "validation_loss": 1055.0391845703125, "params/['params']['last']['bias']": {"_type": "histogram", "values": [1, 0, 0, 0, 0, 0, 0, 0, 0, 0, 0, 0, 0, 0, 0, 0, 0, 0, 0, 0, 0, 0, 0, 0, 0, 0, 0, 0, 0, 0, 0, 0, 0, 0, 0, 0, 0, 0, 0, 0, 0, 0, 0, 0, 0, 0, 0, 0, 0, 0, 0, 0, 0, 0, 0, 0, 0, 0, 0, 0, 0, 0, 0, 1], "bins": [0.8885655403137207, 0.8894649147987366, 0.8903642296791077, 0.8912636041641235, 0.8921629190444946, 0.8930622935295105, 0.8939616084098816, 0.8948609828948975, 0.8957602977752686, 0.8966596722602844, 0.8975589871406555, 0.8984583616256714, 0.8993576765060425, 0.9002570509910583, 0.9011563658714294, 0.9020557403564453, 0.9029550552368164, 0.9038544297218323, 0.9047538042068481, 0.9056531190872192, 0.9065524935722351, 0.9074518084526062, 0.9083511829376221, 0.9092504978179932, 0.910149872303009, 0.9110491871833801, 0.911948561668396, 0.9128478765487671, 0.913747251033783, 0.914646565914154, 0.9155459403991699, 0.916445255279541, 0.9173446297645569, 0.9182440042495728, 0.9191433191299438, 0.9200426936149597, 0.9209420084953308, 0.9218413829803467, 0.9227406978607178, 0.9236400723457336, 0.9245393872261047, 0.9254387617111206, 0.9263380765914917, 0.9272374510765076, 0.9281367659568787, 0.9290361404418945, 0.9299354553222656, 0.9308348298072815, 0.9317342042922974, 0.9326335191726685, 0.9335328936576843, 0.9344322085380554, 0.9353315830230713, 0.9362308979034424, 0.9371302723884583, 0.9380295872688293, 0.9389289617538452, 0.9398282766342163, 0.9407276511192322, 0.9416269659996033, 0.9425263404846191, 0.9434256553649902, 0.9443250298500061, 0.945224404335022, 0.9461237192153931]}, "params/['params']['last']['kernel']": {"_type": "histogram", "values": [1, 0, 0, 0, 0, 0, 0, 0, 0, 0, 0, 0, 0, 0, 0, 0, 0, 0, 1, 0, 0, 0, 0, 0, 0, 0, 0, 0, 0, 0, 0, 0, 0, 1, 0, 1, 1, 2, 1, 1, 0, 2, 1, 2, 0, 4, 0, 1, 0, 1, 0, 1, 4, 2, 0, 0, 1, 0, 1, 0, 0, 0, 0, 1], "bins": [-0.8084554672241211, -0.7905954122543335, -0.7727352976799011, -0.7548752427101135, -0.7370151281356812, -0.7191550731658936, -0.701295018196106, -0.6834349632263184, -0.665574848651886, -0.6477147340774536, -0.629854679107666, -0.6119946241378784, -0.5941345691680908, -0.5762744545936584, -0.5584143996238708, -0.5405542850494385, -0.5226942300796509, -0.5048341751098633, -0.4869740605354309, -0.4691140055656433, -0.4512539207935333, -0.43339383602142334, -0.41553378105163574, -0.39767369627952576, -0.37981361150741577, -0.3619535267353058, -0.3440934419631958, -0.3262333869934082, -0.3083733320236206, -0.29051321744918823, -0.27265316247940063, -0.25479304790496826, -0.23693299293518066, -0.21907293796539307, -0.2012128233909607, -0.1833527684211731, -0.16549265384674072, -0.14763259887695312, -0.12977254390716553, -0.11191242933273315, -0.09405237436294556, -0.07619231939315796, -0.058332204818725586, -0.04047214984893799, -0.02261209487915039, -0.004751980304718018, 0.01310807466506958, 0.030968189239501953, 0.04882824420928955, 0.06668829917907715, 0.08454841375350952, 0.10240846872329712, 0.12026858329772949, 0.1381286382675171, 0.1559886932373047, 0.17384880781173706, 0.19170880317687988, 0.20956897735595703, 0.22742903232574463, 0.24528908729553223, 0.2631491422653198, 0.2810091972351074, 0.29886937141418457, 0.31672942638397217, 0.334589421749115]}, "params/['params']['layers_0']['linear_layer']['bias']": {"_type": "histogram", "values": [1, 0, 0, 0, 0, 0, 0, 0, 0, 0, 0, 0, 0, 0, 0, 0, 0, 0, 0, 0, 0, 1, 0, 1, 0, 0, 0, 1, 0, 0, 0, 0, 0, 3, 0, 0, 0, 0, 0, 1, 0, 0, 2, 0, 0, 0, 0, 0, 0, 2, 0, 1, 0, 0, 0, 0, 0, 0, 0, 0, 0, 0, 3, 2], "bins": [-0.14813219010829926, -0.1446816772222519, -0.14123117923736572, -0.13778066635131836, -0.1343301683664322, -0.13087965548038483, -0.12742915749549866, -0.1239786446094513, -0.12052813917398453, -0.11707763373851776, -0.113627128303051, -0.11017662286758423, -0.10672611743211746, -0.1032756119966507, -0.09982509911060333, -0.09637460112571716, -0.0929240882396698, -0.08947359025478363, -0.08602307736873627, -0.0825725719332695, -0.07912206649780273, -0.07567156106233597, -0.0722210556268692, -0.06877055019140244, -0.06532004475593567, -0.0618695393204689, -0.058419033885002136, -0.05496852099895477, -0.05151801556348801, -0.04806751012802124, -0.044617004692554474, -0.04116649925708771, -0.03771599382162094, -0.034265488386154175, -0.03081498295068741, -0.027364477515220642, -0.023913972079753876, -0.02046346664428711, -0.017012953758239746, -0.013562455773353577, -0.010111942887306213, -0.006661444902420044, -0.0032109320163726807, 0.00023958086967468262, 0.003690078854560852, 0.007140591740608215, 0.010591089725494385, 0.014041602611541748, 0.017492100596427917, 0.02094261348247528, 0.02439311146736145, 0.027843624353408813, 0.03129412233829498, 0.034744635224342346, 0.03819514811038971, 0.04164564609527588, 0.04509615898132324, 0.04854665696620941, 0.051997169852256775, 0.055447667837142944, 0.05889818072319031, 0.06234867870807648, 0.06579919159412384, 0.06924968957901001, 0.07270020246505737]}, "params/['params']['layers_0']['linear_layer']['kernel']": {"_type": "histogram", "values": [2, 0, 0, 0, 0, 0, 0, 1, 3, 0, 0, 1, 0, 1, 0, 1, 0, 2, 2, 1, 2, 0, 0, 1, 4, 0, 2, 0, 1, 2, 1, 1, 1, 3, 1, 1, 2, 3, 1, 1, 0, 2, 0, 3, 1, 1, 1, 0, 1, 1, 2, 0, 0, 0, 0, 0, 0, 0, 0, 0, 0, 0, 0, 1], "bins": [-1.2176076173782349, -1.177945852279663, -1.1382842063903809, -1.098622441291809, -1.0589606761932373, -1.0192989110946655, -0.9796372056007385, -0.9399755001068115, -0.9003137350082397, -0.860651969909668, -0.820990264415741, -0.781328558921814, -0.7416667938232422, -0.7020050287246704, -0.6623433232307434, -0.6226816177368164, -0.5830198526382446, -0.5433580875396729, -0.5036963820457458, -0.46403467655181885, -0.42437291145324707, -0.3847111463546753, -0.3450494408607483, -0.3053877353668213, -0.2657259702682495, -0.22606420516967773, -0.18640244007110596, -0.14674079418182373, -0.10707902908325195, -0.06741726398468018, -0.02775561809539795, 0.011906147003173828, 0.051567912101745605, 0.09122967720031738, 0.13089144229888916, 0.1705530881881714, 0.21021485328674316, 0.24987661838531494, 0.28953826427459717, 0.32920002937316895, 0.3688617944717407, 0.4085235595703125, 0.4481853246688843, 0.4878469705581665, 0.5275087356567383, 0.5671705007553101, 0.6068321466445923, 0.6464939117431641, 0.6861556768417358, 0.7258174419403076, 0.7654792070388794, 0.8051408529281616, 0.844802737236023, 0.8844643831253052, 0.9241260290145874, 0.9637879133224487, 1.003449559211731, 1.0431112051010132, 1.0827730894088745, 1.1224347352981567, 1.162096381187439, 1.2017582654953003, 1.2414199113845825, 1.2810817956924438, 1.320743441581726]}, "params/['params']['layers_1']['linear_layer']['bias']": {"_type": "histogram", "values": [1, 0, 0, 0, 0, 0, 0, 0, 0, 0, 0, 0, 0, 0, 0, 0, 0, 0, 0, 0, 1, 0, 0, 0, 1, 1, 2, 1, 0, 0, 0, 0, 3, 0, 1, 0, 0, 1, 1, 1, 0, 1, 0, 1, 0, 1, 0, 0, 0, 0, 0, 0, 0, 0, 0, 0, 0, 0, 0, 0, 0, 0, 0, 1],