{"loss": 0.03036671318113804, "_timestamp": 1739300712.599828, "_runtime": 51.83387494087219, "_step": 25, "params/['params']['last']['bias']": {"_type": "histogram", "values": [1, 0, 0, 0, 0, 0, 0, 0, 0, 0, 0, 0, 0, 0, 0, 0, 0, 0, 0, 0, 0, 0, 0, 0, 0, 0, 0, 0, 0, 0, 0, 0, 0, 0, 0, 0, 0, 0, 0, 0, 0, 0, 0, 0, 0, 0, 0, 0, 0, 0, 0, 0, 0, 0, 0, 0, 0, 0, 0, 0, 0, 0, 0, 1], "bins": [0.8658328652381897, 0.8680257201194763, 0.8702185750007629, 0.8724114894866943, 0.874604344367981, 0.8767971992492676, 0.8789900541305542, 0.8811829090118408, 0.8833757638931274, 0.8855686783790588, 0.8877615332603455, 0.8899543881416321, 0.8921472430229187, 0.8943400979042053, 0.8965329527854919, 0.8987258672714233, 0.90091872215271, 0.9031115770339966, 0.9053044319152832, 0.9074972867965698, 0.9096901416778564, 0.9118830561637878, 0.9140759110450745, 0.9162687659263611, 0.9184616208076477, 0.9206544756889343, 0.9228473901748657, 0.9250402450561523, 0.927233099937439, 0.9294259548187256, 0.9316188097000122, 0.9338116645812988, 0.9360045194625854, 0.9381974339485168, 0.9403902888298035, 0.9425831437110901, 0.9447759985923767, 0.9469688534736633, 0.9491617679595947, 0.9513546228408813, 0.953547477722168, 0.9557403326034546, 0.9579331874847412, 0.9601260423660278, 0.9623188972473145, 0.9645118117332458, 0.9667046666145325, 0.9688975214958191, 0.9710903763771057, 0.9732832312583923, 0.9754761457443237, 0.9776690006256104, 0.979861855506897, 0.9820547103881836, 0.9842475652694702, 0.9864404201507568, 0.9886333346366882, 0.9908261895179749, 0.9930190443992615, 0.9952118992805481, 0.9974047541618347, 0.9995976686477661, 1.0017905235290527, 1.0039833784103394, 1.006176233291626]}, "params/['params']['last']['kernel']": {"_type": "histogram", "values": [1, 0, 0, 0, 1, 0, 0, 0, 0, 0, 0, 0, 0, 0, 4, 0, 0, 0, 0, 1, 1, 0, 0, 0, 0, 0, 0, 0, 0, 1, 0, 4, 2, 13, 0, 1, 0, 1, 0, 1, 0, 0, 0, 1, 0, 2, 0, 1, 0, 0, 0, 1, 0, 1, 0, 1, 2, 0, 0, 0, 0, 0, 1, 1], "bins": [-0.25813600420951843, -0.250217467546463, -0.2422989159822464, -0.23438037931919098, -0.22646182775497437, -0.21854329109191895, -0.21062475442886353, -0.2027062028646469, -0.1947876513004303, -0.18686911463737488, -0.17895057797431946, -0.17103202641010284, -0.16311348974704742, -0.1551949381828308, -0.1472764015197754, -0.13935786485671997, -0.13143931329250336, -0.12352077662944794, -0.11560222506523132, -0.1076836884021759, -0.09976513683795929, -0.09184660017490387, -0.08392804861068726, -0.07600951194763184, -0.06809097528457642, -0.0601724237203598, -0.05225388705730438, -0.04433533549308777, -0.03641679883003235, -0.028498247265815735, -0.020579710602760315, -0.012661159038543701, -0.004742622375488281, 0.0031759142875671387, 0.011094450950622559, 0.019013017416000366, 0.026931554079055786, 0.034850090742111206, 0.042768627405166626, 0.050687193870544434, 0.058605730533599854, 0.06652426719665527, 0.0744428038597107, 0.08236134052276611, 0.09027990698814392, 0.09819844365119934, 0.10611698031425476, 0.11403551697731018, 0.1219540536403656, 0.1298726201057434, 0.13779115676879883, 0.14570969343185425, 0.15362823009490967, 0.16154679656028748, 0.1694653332233429, 0.17738386988639832, 0.18530240654945374, 0.19322094321250916, 0.20113950967788696, 0.20905804634094238, 0.2169765830039978, 0.22489511966705322, 0.23281368613243103, 0.24073222279548645, 0.24865077435970306]}, "params/['params']['layers_0']['linear_layer']['bias']": {"_type": "histogram", "values": [1, 0, 0, 0, 0, 0, 0, 0, 1, 0, 0, 0, 0, 0, 0, 0, 0, 0, 0, 0, 0, 0, 0, 0, 0, 0, 0, 0, 3, 0, 2, 2, 2, 3, 1, 1, 0, 0, 0, 0, 0, 0, 0, 0, 0, 0, 2, 0, 0, 0, 0, 0, 0, 0, 0, 0, 0, 0, 0, 0, 1, 1, 2, 2], "bins": [-0.661888599395752, -0.6476153135299683, -0.6333420872688293, -0.6190688014030457, -0.604795515537262, -0.5905222296714783, -0.5762490034103394, -0.5619757175445557, -0.547702431678772, -0.5334291458129883, -0.5191559195518494, -0.5048826336860657, -0.49060937762260437, -0.47633612155914307, -0.4620628356933594, -0.4477895498275757, -0.4335162937641144, -0.4192430377006531, -0.4049697518348694, -0.3906964957714081, -0.3764232099056244, -0.3621499538421631, -0.3478766679763794, -0.3336034119129181, -0.3193301558494568, -0.3050568699836731, -0.2907836139202118, -0.2765103280544281, -0.2622370719909668, -0.2479637861251831, -0.2336905300617218, -0.2194172441959381, -0.2051439881324768, -0.1908707320690155, -0.1765974462032318, -0.1623241901397705, -0.14805090427398682, -0.13377761840820312, -0.11950439214706421, -0.10523110628128052, -0.09095782041549683, -0.07668459415435791, -0.06241130828857422, -0.04813802242279053, -0.033864736557006836, -0.01959151029586792, -0.0053182244300842285, 0.008955061435699463, 0.02322828769683838, 0.03750157356262207, 0.05177485942840576, 0.06604814529418945, 0.08032137155532837, 0.09459465742111206, 0.10886794328689575, 0.12314122915267944, 0.13741445541381836, 0.15168774127960205, 0.16596102714538574, 0.18023425340652466, 0.19450753927230835, 0.20878082513809204, 0.22305411100387573, 0.23732733726501465, 0.25160059332847595]}, "params/['params']['layers_0']['linear_layer']['kernel']": {"_type": "histogram", "values": [1, 0, 0, 1, 0, 0, 1, 1, 0, 3, 0, 0, 1, 0, 4, 2, 4, 3, 1, 1, 3, 5, 1, 1, 4, 0, 2, 2, 0, 1, 10, 1, 1, 4, 1, 0, 0, 4, 1, 3, 5, 2, 2, 3, 2, 3, 0, 1, 2, 2, 1, 1, 0, 1, 0, 2, 0, 0, 0, 0, 0, 1, 0, 1], "bins": [-1.1317460536956787, -1.0942031145095825, -1.0566601753234863, -1.0191172361373901, -0.981574296951294, -0.9440313577651978, -0.9064883589744568, -0.8689454197883606, -0.8314024806022644, -0.7938595414161682, -0.756316602230072, -0.718773603439331, -0.6812306642532349, -0.6436877250671387, -0.6061447858810425, -0.5686018466949463, -0.5310589075088501, -0.4935159683227539, -0.4559730291366577, -0.4184300899505615, -0.38088715076446533, -0.34334415197372437, -0.3058012127876282, -0.268258273601532, -0.2307153344154358, -0.1931723952293396, -0.1556294560432434, -0.11808645725250244, -0.08054351806640625, -0.04300057888031006, -0.005457639694213867, 0.032085299491882324, 0.06962823867797852, 0.10717117786407471, 0.1447141170501709, 0.1822570562362671, 0.21979999542236328, 0.2573429346084595, 0.29488587379455566, 0.33242881298065186, 0.36997175216674805, 0.4075148105621338, 0.44505774974823, 0.48260068893432617, 0.5201436281204224, 0.5576865673065186, 0.5952295064926147, 0.6327724456787109, 0.6703153848648071, 0.7078583240509033, 0.7454012632369995, 0.7829442024230957, 0.8204871416091919, 0.8580300807952881, 0.8955731391906738, 0.9331159591674805, 0.9706590175628662, 1.0082018375396729, 1.0457448959350586, 1.0832877159118652, 1.120830774307251, 1.1583735942840576, 1.1959166526794434, 1.23345947265625, 1.2710026502609253]}, "_wandb": {"runtime": 51}}