{"loss": 0.00030639124452136457, "_timestamp": 1739963998.7928123, "_runtime": 205.87685132026672, "_step": 2793, "params/['params']['last']['bias']": {"_type": "histogram", "values": [0, 0, 0, 0, 0, 0, 0, 0, 0, 0, 0, 0, 0, 0, 0, 0, 0, 0, 0, 0, 0, 0, 0, 0, 0, 0, 0, 0, 0, 0, 0, 0, 2, 0, 0, 0, 0, 0, 0, 0, 0, 0, 0, 0, 0, 0, 0, 0, 0, 0, 0, 0, 0, 0, 0, 0, 0, 0, 0, 0, 0, 0, 0, 0], "bins": [-0.5, -0.484375, -0.46875, -0.453125, -0.4375, -0.421875, -0.40625, -0.390625, -0.375, -0.359375, -0.34375, -0.328125, -0.3125, -0.296875, -0.28125, -0.265625, -0.25, -0.234375, -0.21875, -0.203125, -0.1875, -0.171875, -0.15625, -0.140625, -0.125, -0.109375, -0.09375, -0.078125, -0.0625, -0.046875, -0.03125, -0.015625, 0.0, 0.015625, 0.03125, 0.046875, 0.0625, 0.078125, 0.09375, 0.109375, 0.125, 0.140625, 0.15625, 0.171875, 0.1875, 0.203125, 0.21875, 0.234375, 0.25, 0.265625, 0.28125, 0.296875, 0.3125, 0.328125, 0.34375, 0.359375, 0.375, 0.390625, 0.40625, 0.421875, 0.4375, 0.453125, 0.46875, 0.484375, 0.5]}, "params/['params']['last']['kernel']": {"_type": "histogram", "values": [2, 0, 0, 0, 0, 0, 0, 0, 0, 0, 0, 0, 0, 0, 0, 0, 0, 0, 0, 0, 39, 0, 0, 0, 0, 0, 0, 0, 0, 0, 0, 0, 0, 0, 0, 0, 0, 0, 0, 0, 0, 0, 0, 0, 0, 0, 0, 0, 0, 0, 0, 0, 0, 0, 0, 0, 0, 0, 0, 0, 0, 0, 0, 1], "bins": [-0.008436033502221107, -0.008029012940824032, -0.007621993310749531, -0.007214972749352455, -0.006807952653616667, -0.0064009325578808784, -0.005993911996483803, -0.0055868919007480145, -0.005179871805012226, -0.004772851709276438, -0.004365831613540649, -0.003958811052143574, -0.0035517909564077854, -0.003144770860671997, -0.0027377502992749214, -0.002330730203539133, -0.0019237101078033447, -0.0015166900120675564, -0.001109669916331768, -0.0007026493549346924, -0.00029562972486019135, 0.00011139083653688431, 0.00051841139793396, 0.000925431028008461, 0.0013324515894055367, 0.0017394721508026123, 0.0021464917808771133, 0.002553512342274189, 0.0029605329036712646, 0.0033675525337457657, 0.0037745730951428413, 0.004181592725217342, 0.004588613286614418, 0.004995633848011494, 0.005402653478085995, 0.00580967403948307, 0.006216693669557571, 0.006623714230954647, 0.007030734792351723, 0.007437754422426224, 0.007844774052500725, 0.008251795545220375, 0.008658815175294876, 0.009065834805369377, 0.009472856298089027, 0.009879875928163528, 0.01028689555823803, 0.01069391705095768, 0.01110093668103218, 0.011507956311106682, 0.011914977803826332, 0.012321997433900833, 0.012729017063975334, 0.013136038556694984, 0.013543058186769485, 0.013950077816843987, 0.014357099309563637, 0.014764118939638138, 0.015171138569712639, 0.01557815819978714, 0.01598517969250679, 0.01639219932258129, 0.016799218952655792, 0.017206240445375443, 0.017613260075449944]}, "params/['params']['layers_0']['linear_layer']['bias']": {"_type": "histogram", "values": [0, 0, 0, 0, 0, 0, 0, 0, 0, 0, 0, 0, 0, 0, 0, 0, 0, 0, 0, 0, 0, 0, 0, 0, 0, 0, 0, 0, 0, 0, 0, 0, 24, 0, 0, 0, 0, 0, 0, 0, 0, 0, 0, 0, 0, 0, 0, 0, 0, 0, 0, 0, 0, 0, 0, 0, 0, 0, 0, 0, 0, 0, 0, 0], "bins": [-0.5, -0.484375, -0.46875, -0.453125, -0.4375, -0.421875, -0.40625, -0.390625, -0.375, -0.359375, -0.34375, -0.328125, -0.3125, -0.296875, -0.28125, -0.265625, -0.25, -0.234375, -0.21875, -0.203125, -0.1875, -0.171875, -0.15625, -0.140625, -0.125, -0.109375, -0.09375, -0.078125, -0.0625, -0.046875, -0.03125, -0.015625, 0.0, 0.015625, 0.03125, 0.046875, 0.0625, 0.078125, 0.09375, 0.109375, 0.125, 0.140625, 0.15625, 0.171875, 0.1875, 0.203125, 0.21875, 0.234375, 0.25, 0.265625, 0.28125, 0.296875, 0.3125, 0.328125, 0.34375, 0.359375, 0.375, 0.390625, 0.40625, 0.421875, 0.4375, 0.453125, 0.46875, 0.484375, 0.5]}, "params/['params']['layers_0']['linear_layer']['kernel']": {"_type": "histogram", "values": [1, 0, 0, 0, 0, 0, 0, 0, 0, 0, 0, 0, 0, 0, 0, 0, 0, 0, 0, 0, 0, 0, 0, 0, 46, 0, 0, 0, 0, 0, 0, 0, 0, 0, 0, 0, 0, 0, 0, 0, 0, 0, 0, 0, 0, 0, 0, 0, 0, 0, 0, 0, 0, 0, 0, 0, 0, 0, 0, 0, 0, 0, 0, 1], "bins": [-0.4999217092990875, -0.4798211455345154, -0.45972058176994324, -0.4396200180053711, -0.41951945424079895, -0.3994188904762268, -0.37931835651397705, -0.3592177629470825, -0.33911722898483276, -0.31901663541793823, -0.2989161014556885, -0.27881550788879395, -0.2587149739265442, -0.23861441016197205, -0.2185138463973999, -0.19841328263282776, -0.17831271886825562, -0.15821215510368347, -0.13811159133911133, -0.11801102757453918, -0.09791046380996704, -0.0778099000453949, -0.057709336280822754, -0.03760877251625061, -0.017508238554000854, 0.0025923550128936768, 0.022692888975143433, 0.042793482542037964, 0.06289401650428772, 0.08299461007118225, 0.103095144033432, 0.12319573760032654, 0.1432962715625763, 0.16339680552482605, 0.18349739909172058, 0.20359793305397034, 0.22369852662086487, 0.24379906058311462, 0.26389965415000916, 0.2840001881122589, 0.30410078167915344, 0.3242013156414032, 0.34430190920829773, 0.3644024431705475, 0.384503036737442, 0.4046035706996918, 0.4247041642665863, 0.44480469822883606, 0.4649052321910858, 0.48500582575798035, 0.5051064491271973, 0.5252069234848022, 0.5453075170516968, 0.5654081106185913, 0.5855087041854858, 0.6056091785430908, 0.6257097721099854, 0.6458103656768799, 0.6659109592437744, 0.6860114336013794, 0.7061120271682739, 0.7262126207351685, 0.746313214302063, 0.766413688659668, 0.7865142822265625]}, "params/['params']['layers_1']['linear_layer']['bias']": {"_type": "histogram", "values": [0, 0, 0, 0, 0, 0, 0, 0, 0, 0, 0, 0, 0, 0, 0, 0, 0, 0, 0, 0, 0, 0, 0, 0, 0, 0, 0, 0, 0, 0, 0, 0, 24, 0, 0, 0, 0, 0, 0, 0, 0, 0, 0, 0, 0, 0, 0, 0, 0, 0, 0, 0, 0, 0, 0, 0, 0, 0, 0, 0, 0, 0, 0, 0], "bins": [-0.5, -0.484375, -0.46875, -0.453125, -0.4375, -0.421875, -0.40625, -0.390625, -0.375, -0.359375, -0.34375, -0.328125, -0.3125, -0.296875, -0.28125, -0.265625, -0.25, -0.234375, -0.21875, -0.203125, -0.1875, -0.171875, -0.15625, -0.140625, -0.125, -0.109375, -0.09375, -0.078125, -0.0625, -0.046875, -0.03125, -0.015625, 0.0, 0.015625, 0.03125, 0.046875, 0.0625, 0.078125, 0.09375, 0.109375, 0.125, 0.140625, 0.15625, 0.171875, 0.1875, 0.203125, 0.21875, 0.234375, 0.25, 0.265625, 0.28125, 0.296875, 0.3125, 0.328125, 0.34375, 0.359375, 0.375, 0.390625, 0.40625, 0.421875, 0.4375, 0.453125, 0.46875, 0.484375, 0.5]}, "params/['params']['layers_1']['linear_layer']['kernel']": {"_type": "histogram", "values": [1, 0, 0, 0, 0, 0, 0, 0, 0, 0, 0, 0, 0, 0, 0, 0, 0, 0, 0, 0, 0, 0, 0, 0, 0, 1, 0, 0, 1, 1, 0, 0, 494, 1, 0, 1, 0, 0, 0, 1, 0, 0, 0, 0, 0, 0, 0, 0, 0, 0, 2, 0, 0, 0, 0, 0, 0, 0, 0, 0, 0, 0, 0, 1], "bins": [-3.994507312774658, -3.8696792125701904, -3.7448511123657227, -3.620023012161255, -3.495194911956787, -3.3703665733337402, -3.2455384731292725, -3.1207103729248047, -2.995882272720337, -2.871054172515869, -2.7462260723114014, -2.6213979721069336, -2.4965696334838867, -2.371741771697998, -2.246913433074951, -2.1220853328704834, -1.9972572326660156, -1.8724291324615479, -1.74760103225708, -1.6227729320526123, -1.4979448318481445, -1.3731164932250977, -1.2482883930206299, -1.123460292816162, -0.9986321926116943, -0.8738040924072266, -0.7489759922027588, -0.624147891998291, -0.49931955337524414, -0.37449145317077637, -0.2496633529663086, -0.12483525276184082, -7.152557373046875e-06, 0.12482118606567383, 0.2496490478515625, 0.3744773864746094, 0.49930524826049805, 0.6241335868835449, 0.7489614486694336, 0.8737897872924805, 0.9986176490783691, 1.123445987701416, 1.248274326324463, 1.3731021881103516, 1.4979305267333984, 1.622758388519287, 1.747586727142334, 1.8724145889282227, 1.9972429275512695, 2.1220712661743164, 2.246899127960205, 2.371727466583252, 2.4965553283691406, 2.6213836669921875, 2.746211528778076, 2.871039867401123, 2.99586820602417, 3.1206960678100586, 3.2455244064331055, 3.370352268218994, 3.495180606842041, 3.6200084686279297, 3.7448368072509766, 3.8696646690368652, 3.994492769241333]}, "validation_loss": 0.00021171018306631595, "_wandb": {"runtime": 206}}