{"loss": 0.1941363364458084, "_timestamp": 1739301225.7474065, "_runtime": 124.00143337249756, "_step": 20, "params/['params']['last']['bias']": {"_type": "histogram", "values": [1, 0, 0, 0, 0, 0, 0, 0, 0, 0, 0, 0, 0, 0, 0, 0, 0, 0, 0, 0, 0, 0, 0, 0, 0, 0, 0, 0, 0, 0, 0, 0, 0, 0, 0, 0, 0, 0, 0, 0, 0, 0, 0, 0, 0, 0, 0, 0, 0, 0, 0, 0, 0, 0, 0, 0, 0, 0, 0, 0, 0, 0, 0, 1], "bins": [1.0059261322021484, 1.0071088075637817, 1.008291482925415, 1.0094741582870483, 1.0106568336486816, 1.011839509010315, 1.0130221843719482, 1.0142048597335815, 1.0153875350952148, 1.0165700912475586, 1.017752766609192, 1.0189354419708252, 1.0201181173324585, 1.0213007926940918, 1.022483468055725, 1.0236661434173584, 1.0248488187789917, 1.026031494140625, 1.0272141695022583, 1.0283968448638916, 1.029579520225525, 1.0307621955871582, 1.0319448709487915, 1.0331275463104248, 1.0343101024627686, 1.0354927778244019, 1.0366754531860352, 1.0378581285476685, 1.0390408039093018, 1.040223479270935, 1.0414061546325684, 1.0425888299942017, 1.043771505355835, 1.0449541807174683, 1.0461368560791016, 1.0473195314407349, 1.0485022068023682, 1.0496848821640015, 1.0508675575256348, 1.052050232887268, 1.0532329082489014, 1.0544154644012451, 1.0555981397628784, 1.0567808151245117, 1.057963490486145, 1.0591461658477783, 1.0603288412094116, 1.061511516571045, 1.0626941919326782, 1.0638768672943115, 1.0650595426559448, 1.0662422180175781, 1.0674248933792114, 1.0686075687408447, 1.069790244102478, 1.0709729194641113, 1.072155475616455, 1.0733381509780884, 1.0745208263397217, 1.075703501701355, 1.0768861770629883, 1.0780688524246216, 1.0792515277862549, 1.0804342031478882, 1.0816168785095215]}, "params/['params']['last']['kernel']": {"_type": "histogram", "values": [1, 0, 1, 0, 0, 1, 0, 1, 0, 0, 0, 1, 0, 0, 0, 0, 0, 0, 0, 0, 0, 0, 1, 0, 1, 1, 0, 0, 4, 1, 2, 6, 0, 0, 0, 0, 0, 2, 0, 0, 0, 0, 0, 0, 0, 0, 0, 0, 0, 0, 0, 2, 0, 0, 1, 0, 0, 2, 0, 1, 0, 0, 0, 1], "bins": [-0.11699233949184418, -0.11303596198558807, -0.10907957702875137, -0.10512319952249527, -0.10116681456565857, -0.09721043705940247, -0.09325405955314636, -0.08929768204689026, -0.08534129709005356, -0.08138491213321686, -0.07742853462696075, -0.07347215712070465, -0.06951577961444855, -0.06555939465761185, -0.06160301715135574, -0.05764663591980934, -0.05369025468826294, -0.049733877182006836, -0.045777492225170135, -0.04182111471891403, -0.03786472976207733, -0.03390835225582123, -0.029951974749565125, -0.025995589792728424, -0.02203921228647232, -0.018082834780216217, -0.014126449823379517, -0.010170072317123413, -0.00621369481086731, -0.002257309854030609, 0.0016990676522254944, 0.005655452609062195, 0.009611830115318298, 0.013568207621574402, 0.017524585127830505, 0.021480977535247803, 0.025437355041503906, 0.02939373254776001, 0.03335011005401611, 0.03730648756027222, 0.041262879967689514, 0.04521925747394562, 0.04917563498020172, 0.053132012486457825, 0.05708838999271393, 0.06104476749897003, 0.06500115990638733, 0.06895753741264343, 0.07291391491889954, 0.07687029242515564, 0.08082666993141174, 0.08478306233882904, 0.08873943984508514, 0.09269581735134125, 0.09665219485759735, 0.10060857236385345, 0.10456494987010956, 0.10852134227752686, 0.11247771978378296, 0.11643409729003906, 0.12039047479629517, 0.12434685230255127, 0.12830324470996857, 0.13225962221622467, 0.13621601462364197]}, "params/['params']['layers_0']['linear_layer']['bias']": {"_type": "histogram", "values": [2, 1, 5, 0, 0, 2, 0, 0, 0, 0, 0, 0, 0, 0, 0, 0, 0, 0, 1, 0, 0, 1, 0, 0, 0, 1, 0, 0, 0, 1, 0, 0, 0, 0, 0, 0, 1, 0, 1, 0, 0, 0, 0, 0, 0, 0, 0, 0, 0, 0, 0, 0, 1, 0, 0, 0, 0, 0, 0, 0, 0, 0, 0, 1], "bins": [-0.13260234892368317, -0.1277153640985489, -0.12282836437225342, -0.11794137954711914, -0.11305438727140427, -0.10816739499568939, -0.10328041017055511, -0.09839341789484024, -0.09350642561912537, -0.08861943334341049, -0.08373244106769562, -0.07884545624256134, -0.07395846396684647, -0.06907147169113159, -0.06418448686599731, -0.05929749459028244, -0.054410502314567566, -0.04952351003885269, -0.04463651776313782, -0.03974953293800354, -0.034862540662288666, -0.02997554838657379, -0.025088563561439514, -0.02020157128572464, -0.015314579010009766, -0.010427586734294891, -0.005540594458580017, -0.0006536096334457397, 0.004233375191688538, 0.009120374917984009, 0.014007359743118286, 0.018894359469413757, 0.023781344294548035, 0.028668329119682312, 0.03355532884597778, 0.03844231367111206, 0.04332931339740753, 0.04821629822254181, 0.053103283047676086, 0.05799028277397156, 0.06287726759910583, 0.06776425242424011, 0.07265125215053558, 0.07753823697566986, 0.08242522180080414, 0.08731222152709961, 0.09219920635223389, 0.09708620607852936, 0.10197319090366364, 0.10686017572879791, 0.11174717545509338, 0.11663416028022766, 0.12152116000652313, 0.1264081448316574, 0.1312951296567917, 0.13618211448192596, 0.14106909930706024, 0.1459561139345169, 0.15084309875965118, 0.15573008358478546, 0.16061706840991974, 0.16550405323505402, 0.17039106786251068, 0.17527805268764496, 0.18016503751277924]}, "params/['params']['layers_0']['linear_layer']['kernel']": {"_type": "histogram", "values": [1, 0, 0, 0, 1, 0, 0, 0, 0, 0, 0, 0, 0, 0, 0, 0, 0, 0, 0, 1, 1, 0, 0, 0, 0, 1, 0, 0, 2, 0, 1, 0, 0, 2, 0, 1, 0, 0, 0, 0, 0, 0, 0, 1, 1, 0, 1, 0, 0, 0, 0, 1, 0, 1, 0, 0, 0, 1, 0, 0, 0, 0, 0, 1], "bins": [-1.6147222518920898, -1.5670979022979736, -1.5194735527038574, -1.4718493223190308, -1.4242249727249146, -1.3766006231307983, -1.3289763927459717, -1.2813520431518555, -1.2337276935577393, -1.186103343963623, -1.1384789943695068, -1.0908547639846802, -1.043230414390564, -0.9956060647964478, -0.9479817748069763, -0.9003574848175049, -0.8527331352233887, -0.8051087856292725, -0.757484495639801, -0.7098602056503296, -0.6622358560562134, -0.6146115064620972, -0.5669872760772705, -0.5193629264831543, -0.4717385768890381, -0.4241142272949219, -0.37648987770080566, -0.328865647315979, -0.2812412977218628, -0.23361694812774658, -0.18599271774291992, -0.1383683681488037, -0.0907440185546875, -0.04311966896057129, 0.004504680633544922, 0.05212891101837158, 0.09975326061248779, 0.147377610206604, 0.19500184059143066, 0.24262619018554688, 0.2902505397796631, 0.3378748893737793, 0.3854992389678955, 0.4331235885620117, 0.48074769973754883, 0.528372049331665, 0.5759963989257812, 0.6236207485198975, 0.6712450981140137, 0.7188694477081299, 0.7664937973022461, 0.8141181468963623, 0.8617424964904785, 0.9093666076660156, 0.9569909572601318, 1.004615306854248, 1.0522396564483643, 1.0998640060424805, 1.1474883556365967, 1.195112705230713, 1.24273681640625, 1.2903611660003662, 1.3379855155944824, 1.3856098651885986, 1.4332343339920044]}, "params/['params']['layers_1']['linear_layer']['bias']": {"_type": "histogram", "values": [1, 0, 1, 1, 0, 3, 0, 1, 1, 0, 0, 0, 0, 0, 0, 0, 1, 0, 0, 0, 0, 0, 1, 0, 0, 0, 0, 0, 0, 0, 0, 0, 0, 1, 0, 0, 0, 0, 0, 0, 0, 0, 0, 0, 0, 0, 0, 0, 0, 0, 0, 0, 0, 0, 0, 0, 2, 2, 0, 0, 0, 1, 0, 2],