{"loss": 0.19095289707183838, "_timestamp": 1739292059.9295025, "_runtime": 899.8922023773193, "_step": 87, "params/['params']['last']['bias']": {"_type": "histogram", "values": [1, 0, 0, 0, 0, 0, 0, 0, 0, 0, 0, 0, 0, 0, 0, 0, 0, 0, 0, 0, 0, 0, 0, 0, 0, 0, 0, 0, 0, 0, 0, 0, 0, 0, 0, 0, 0, 0, 0, 0, 0, 0, 0, 0, 0, 0, 0, 0, 0, 0, 0, 0, 0, 0, 0, 0, 0, 0, 0, 0, 0, 0, 0, 1], "bins": [0.0, 0.015615888871252537, 0.031231777742505074, 0.046847667545080185, 0.06246355548501015, 0.07807944715023041, 0.09369533509016037, 0.10931122303009033, 0.1249271109700203, 0.14054299890995026, 0.15615889430046082, 0.17177477478981018, 0.18739067018032074, 0.2030065506696701, 0.21862244606018066, 0.23423832654953003, 0.2498542219400406, 0.26547011733055115, 0.2810859978199005, 0.2967018783092499, 0.31231778860092163, 0.327933669090271, 0.34354954957962036, 0.3591654300689697, 0.3747813403606415, 0.39039722084999084, 0.4060131013393402, 0.42162901163101196, 0.43724489212036133, 0.4528607726097107, 0.46847665309906006, 0.4840925633907318, 0.4997084438800812, 0.5153243541717529, 0.5309402346611023, 0.5465561151504517, 0.562171995639801, 0.5777878761291504, 0.5934037566184998, 0.6090196371078491, 0.6246355772018433, 0.6402514576911926, 0.655867338180542, 0.6714832186698914, 0.6870990991592407, 0.7027149796485901, 0.7183308601379395, 0.7339468002319336, 0.749562680721283, 0.7651785612106323, 0.7807944416999817, 0.796410322189331, 0.8120262026786804, 0.8276420831680298, 0.8432580232620239, 0.8588739037513733, 0.8744897842407227, 0.890105664730072, 0.9057215452194214, 0.9213374257087708, 0.9369533061981201, 0.9525692462921143, 0.9681851267814636, 0.983801007270813, 0.9994168877601624]}, "params/['params']['last']['kernel']": {"_type": "histogram", "values": [10, 0, 0, 0, 0, 0, 0, 0, 0, 0, 0, 0, 0, 0, 0, 0, 0, 0, 0, 0, 0, 0, 0, 0, 0, 0, 0, 0, 0, 0, 0, 0, 0, 0, 0, 0, 0, 0, 0, 0, 0, 0, 0, 0, 0, 0, 0, 0, 0, 0, 0, 0, 0, 0, 0, 1, 0, 0, 0, 0, 0, 0, 0, 1], "bins": [0.0, 0.012661880813539028, 0.025323761627078056, 0.03798564150929451, 0.05064752325415611, 0.06330940127372742, 0.07597128301858902, 0.08863316476345062, 0.10129504650831223, 0.11395692825317383, 0.12661880254745483, 0.13928069174289703, 0.15194256603717804, 0.16460445523262024, 0.17726632952690125, 0.18992821872234344, 0.20259009301662445, 0.21525196731090546, 0.22791385650634766, 0.24057573080062866, 0.25323760509490967, 0.26589950919151306, 0.27856138348579407, 0.2912232577800751, 0.3038851320743561, 0.3165470063686371, 0.3292089104652405, 0.3418707847595215, 0.3545326590538025, 0.3671945333480835, 0.3798564374446869, 0.3925183117389679, 0.4051801860332489, 0.4178420603275299, 0.4305039346218109, 0.4431658387184143, 0.4558277130126953, 0.4684895873069763, 0.4811514616012573, 0.4938133656978607, 0.5064752101898193, 0.5191370844841003, 0.5317990183830261, 0.5444608926773071, 0.5571227669715881, 0.5697846412658691, 0.5824465155601501, 0.5951083898544312, 0.6077702641487122, 0.6204321384429932, 0.6330940127372742, 0.6457559466362, 0.658417820930481, 0.671079695224762, 0.683741569519043, 0.696403443813324, 0.709065318107605, 0.721727192401886, 0.734389066696167, 0.747050940990448, 0.7597128748893738, 0.7723747491836548, 0.7850366234779358, 0.7976984977722168, 0.8103603720664978]}, "params/['params']['layers_0']['linear_layer']['bias']": {"_type": "histogram", "values": [0, 0, 0, 0, 0, 0, 0, 0, 0, 0, 0, 0, 0, 0, 0, 0, 0, 0, 0, 0, 0, 0, 0, 0, 0, 0, 0, 0, 0, 0, 0, 0, 8, 0, 0, 0, 0, 0, 0, 0, 0, 0, 0, 0, 0, 0, 0, 0, 0, 0, 0, 0, 0, 0, 0, 0, 0, 0, 0, 0, 0, 0, 0, 0], "bins": [-0.5, -0.484375, -0.46875, -0.453125, -0.4375, -0.421875, -0.40625, -0.390625, -0.375, -0.359375, -0.34375, -0.328125, -0.3125, -0.296875, -0.28125, -0.265625, -0.25, -0.234375, -0.21875, -0.203125, -0.1875, -0.171875, -0.15625, -0.140625, -0.125, -0.109375, -0.09375, -0.078125, -0.0625, -0.046875, -0.03125, -0.015625, 0.0, 0.015625, 0.03125, 0.046875, 0.0625, 0.078125, 0.09375, 0.109375, 0.125, 0.140625, 0.15625, 0.171875, 0.1875, 0.203125, 0.21875, 0.234375, 0.25, 0.265625, 0.28125, 0.296875, 0.3125, 0.328125, 0.34375, 0.359375, 0.375, 0.390625, 0.40625, 0.421875, 0.4375, 0.453125, 0.46875, 0.484375, 0.5]}, "params/['params']['layers_0']['linear_layer']['kernel']": {"_type": "histogram", "values": [0, 0, 0, 0, 0, 0, 0, 0, 0, 0, 0, 0, 0, 0, 0, 0, 0, 0, 0, 0, 0, 0, 0, 0, 0, 0, 0, 0, 0, 0, 0, 0, 8, 0, 0, 0, 0, 0, 0, 0, 0, 0, 0, 0, 0, 0, 0, 0, 0, 0, 0, 0, 0, 0, 0, 0, 0, 0, 0, 0, 0, 0, 0, 0], "bins": [-0.5, -0.484375, -0.46875, -0.453125, -0.4375, -0.421875, -0.40625, -0.390625, -0.375, -0.359375, -0.34375, -0.328125, -0.3125, -0.296875, -0.28125, -0.265625, -0.25, -0.234375, -0.21875, -0.203125, -0.1875, -0.171875, -0.15625, -0.140625, -0.125, -0.109375, -0.09375, -0.078125, -0.0625, -0.046875, -0.03125, -0.015625, 0.0, 0.015625, 0.03125, 0.046875, 0.0625, 0.078125, 0.09375, 0.109375, 0.125, 0.140625, 0.15625, 0.171875, 0.1875, 0.203125, 0.21875, 0.234375, 0.25, 0.265625, 0.28125, 0.296875, 0.3125, 0.328125, 0.34375, 0.359375, 0.375, 0.390625, 0.40625, 0.421875, 0.4375, 0.453125, 0.46875, 0.484375, 0.5]}, "_wandb": {"runtime": 899}}