{"_step":7,"_wandb":{"runtime":0},"acc":0.8177309849215766,"loss":0.28996524241639815,"_timestamp":1.7374019422695732e+09,"_runtime":0.597408}