{"loss": 0.00013009918620809913, "_timestamp": 1739541695.106267, "_runtime": 149.42098093032837, "_step": 405, "validation_loss": 0.00013841604231856763, "params/['params']['last']['bias']": {"_type": "histogram", "values": [1, 0, 0, 0, 0, 0, 0, 0, 0, 0, 0, 0, 0, 0, 0, 0, 0, 0, 0, 0, 0, 0, 0, 0, 0, 0, 0, 0, 0, 0, 0, 0, 0, 0, 0, 0, 0, 0, 0, 0, 0, 0, 0, 0, 0, 0, 0, 0, 0, 0, 0, 0, 0, 0, 0, 0, 0, 0, 0, 0, 0, 0, 0, 1], "bins": [0.0, 0.013087479397654533, 0.026174958795309067, 0.03926243633031845, 0.052349917590618134, 0.06543739885091782, 0.0785248726606369, 0.09161235392093658, 0.10469983518123627, 0.11778731644153595, 0.13087479770183563, 0.14396227896213531, 0.1570497453212738, 0.1701372265815735, 0.18322470784187317, 0.19631218910217285, 0.20939967036247253, 0.22248715162277222, 0.2355746328830719, 0.24866211414337158, 0.26174959540367126, 0.27483707666397095, 0.28792455792427063, 0.3010120391845703, 0.3140994906425476, 0.3271869719028473, 0.340274453163147, 0.35336193442344666, 0.36644941568374634, 0.379536896944046, 0.3926243782043457, 0.4057118594646454, 0.41879934072494507, 0.43188682198524475, 0.44497430324554443, 0.4580617845058441, 0.4711492657661438, 0.4842367470264435, 0.49732422828674316, 0.5104116797447205, 0.5234991908073425, 0.5365866422653198, 0.5496741533279419, 0.5627616047859192, 0.5758491158485413, 0.5889365673065186, 0.6020240783691406, 0.6151115298271179, 0.6281989812850952, 0.6412864923477173, 0.6543739438056946, 0.6674614548683167, 0.680548906326294, 0.693636417388916, 0.7067238688468933, 0.7198113799095154, 0.7328988313674927, 0.7459863424301147, 0.759073793888092, 0.7721613049507141, 0.7852487564086914, 0.7983362674713135, 0.8114237189292908, 0.8245112299919128, 0.8375986814498901]}, "params/['params']['last']['kernel']": {"_type": "histogram", "values": [1, 0, 0, 0, 0, 0, 0, 0, 0, 0, 0, 0, 0, 0, 0, 0, 0, 0, 0, 0, 0, 0, 0, 0, 0, 0, 0, 0, 0, 0, 0, 0, 0, 0, 0, 0, 0, 0, 1, 0, 0, 0, 0, 0, 0, 0, 0, 0, 0, 0, 0, 0, 0, 0, 0, 0, 0, 1, 1, 22, 2, 0, 0, 2], "bins": [-0.44216832518577576, -0.4347518980503082, -0.4273354411125183, -0.4199190139770508, -0.41250258684158325, -0.40508612990379333, -0.3976697027683258, -0.3902532458305359, -0.38283681869506836, -0.37542039155960083, -0.3680039346218109, -0.3605875074863434, -0.35317105054855347, -0.34575462341308594, -0.3383381962776184, -0.3309217691421509, -0.32350531220436096, -0.31608885526657104, -0.3086724281311035, -0.301256000995636, -0.29383957386016846, -0.28642311692237854, -0.279006689786911, -0.2715902328491211, -0.26417380571365356, -0.25675737857818604, -0.24934092164039612, -0.2419244945049286, -0.23450805246829987, -0.22709161043167114, -0.2196751832962036, -0.2122587412595749, -0.20484229922294617, -0.19742585718631744, -0.19000941514968872, -0.1825929880142212, -0.17517653107643127, -0.16776010394096375, -0.16034367680549622, -0.1529272198677063, -0.14551079273223877, -0.13809436559677124, -0.13067790865898132, -0.1232614815235138, -0.11584505438804626, -0.10842859745025635, -0.10101217031478882, -0.0935957133769989, -0.08617928624153137, -0.07876285910606384, -0.07134640216827393, -0.0639299750328064, -0.05651351809501648, -0.04909709095954895, -0.04168066382408142, -0.034264206886291504, -0.026847779750823975, -0.019431352615356445, -0.012014895677566528, -0.004598468542098999, 0.0028179585933685303, 0.010234415531158447, 0.017650842666625977, 0.025067299604415894, 0.03248371556401253]}, "params/['params']['layers_0']['linear_layer']['bias']": {"_type": "histogram", "values": [0, 0, 0, 0, 0, 0, 0, 0, 0, 0, 0, 0, 0, 0, 0, 0, 0, 0, 0, 0, 0, 0, 0, 0, 0, 0, 0, 0, 0, 0, 0, 0, 18, 0, 0, 0, 0, 0, 0, 0, 0, 0, 0, 0, 0, 0, 0, 0, 0, 0, 0, 0, 0, 0, 0, 0, 0, 0, 0, 0, 0, 0, 0, 0], "bins": [-0.5, -0.484375, -0.46875, -0.453125, -0.4375, -0.421875, -0.40625, -0.390625, -0.375, -0.359375, -0.34375, -0.328125, -0.3125, -0.296875, -0.28125, -0.265625, -0.25, -0.234375, -0.21875, -0.203125, -0.1875, -0.171875, -0.15625, -0.140625, -0.125, -0.109375, -0.09375, -0.078125, -0.0625, -0.046875, -0.03125, -0.015625, 0.0, 0.015625, 0.03125, 0.046875, 0.0625, 0.078125, 0.09375, 0.109375, 0.125, 0.140625, 0.15625, 0.171875, 0.1875, 0.203125, 0.21875, 0.234375, 0.25, 0.265625, 0.28125, 0.296875, 0.3125, 0.328125, 0.34375, 0.359375, 0.375, 0.390625, 0.40625, 0.421875, 0.4375, 0.453125, 0.46875, 0.484375, 0.5]}, "params/['params']['layers_0']['linear_layer']['kernel']": {"_type": "histogram", "values": [1, 0, 0, 0, 0, 0, 0, 0, 0, 0, 2, 0, 0, 0, 0, 0, 0, 0, 0, 0, 0, 0, 0, 0, 0, 0, 0, 1, 1, 0, 0, 0, 0, 28, 0, 0, 0, 0, 0, 0, 0, 0, 1, 0, 0, 1, 0, 0, 0, 0, 0, 0, 0, 0, 0, 0, 0, 0, 0, 0, 0, 0, 0, 1], "bins": [-0.5425413250923157, -0.5265783667564392, -0.510615348815918, -0.4946523904800415, -0.47868940234184265, -0.4627264142036438, -0.44676345586776733, -0.4308004677295685, -0.41483747959136963, -0.3988744914531708, -0.3829115033149719, -0.36694854497909546, -0.3509855568408966, -0.33502256870269775, -0.3190596103668213, -0.30309662222862244, -0.2871336340904236, -0.27117064595222473, -0.2552076578140259, -0.23924469947814941, -0.22328171133995056, -0.2073187232017517, -0.19135576486587524, -0.1753927767276764, -0.15942978858947754, -0.1434668004512787, -0.12750381231307983, -0.11154085397720337, -0.09557786583900452, -0.07961487770080566, -0.0636519193649292, -0.04768893122673035, -0.031725943088531494, -0.01576298475265503, 0.00020003318786621094, 0.016162991523742676, 0.032126009464263916, 0.04808896780014038, 0.06405192613601685, 0.08001494407653809, 0.09597790241241455, 0.11194086074829102, 0.12790387868881226, 0.14386683702468872, 0.15982979536056519, 0.17579281330108643, 0.1917557716369629, 0.20771878957748413, 0.2236817479133606, 0.23964470624923706, 0.2556077241897583, 0.27157068252563477, 0.287533700466156, 0.30349665880203247, 0.31945961713790894, 0.3354226350784302, 0.35138559341430664, 0.3673485517501831, 0.38331156969070435, 0.3992745280265808, 0.4152374863624573, 0.4312005043029785, 0.447163462638855, 0.4631264805793762, 0.4790894687175751]}, "params/['params']['layers_1']['linear_layer']['bias']": {"_type": "histogram", "values": [1, 0, 0, 0, 0, 0, 0, 0, 0, 0, 0, 0, 0, 0, 0, 0, 0, 0, 0, 0, 0, 0, 0, 0, 0, 0, 0, 0, 0, 0, 0, 0, 0, 0, 0, 0, 0, 0, 0, 0, 0, 0, 0, 0, 0, 0, 0, 0, 0, 0, 0, 0, 0, 0, 0, 0, 0, 0, 0, 0, 0, 0, 0, 17], "bins": [-0.0014254618436098099, -0.001403189031407237, -0.0013809162192046642, -0.0013586432905867696, -0.0013363704783841968, -0.001314097666181624, -0.0012918247375637293, -0.0012695519253611565, -0.0012472791131585836, -0.0012250063009560108, -0.001202733488753438, -0.0011804605601355433, -0.0011581877479329705, -0.0011359149357303977, -0.001113642007112503, -0.0010913691949099302, -0.0010690963827073574, -0.0010468235705047846, -0.0010245507583022118, -0.0010022778296843171, -0.0009800050174817443, -0.0009577322052791715, -0.0009354593348689377, -0.000913186464458704, -0.0008909136522561312, -0.0008686408400535583, -0.0008463679696433246, -0.0008240950992330909, -0.0008018222870305181, -0.0007795494748279452, -0.0007572766044177115, -0.0007350037340074778, -0.0007127309218049049, -0.0006904581096023321, -0.0006681852391920984, -0.0006459123687818646, -0.0006236395565792918, -0.000601366744376719, -0.0005790938739664853, -0.0005568210035562515, -0.0005345481913536787, -0.0005122753791511059, -0.0004900025087408721, -0.0004677296383306384, -0.0004454568261280656, -0.00042318401392549276, -0.0004009110853075981, -0.0003786382731050253, -0.00035636546090245247, -0.00033409264869987965, -0.0003118198364973068, -0.0002895469078794122, -0.00026727409567683935, -0.00024500128347426653, -0.00022272835485637188, -0.00020045554265379906, -0.00017818273045122623, -0.0001559099182486534, -0.0001336371060460806, -0.00011136417742818594, -8.909136522561312e-05, -6.68185530230403e-05, -4.4545624405145645e-05, -2.2272812202572823e-05, 0.0]}, "params/['params']['layers_1']['linear_layer']['kernel']": {"_type": "histogram",