{"loss": 0.031068386510014534, "_timestamp": 1741703319.1630116, "_runtime": 14.685587644577026, "_step": 11}