{"loss": 0.004192139953374863, "_timestamp": 1739969821.246652, "_runtime": 196.06851077079773, "_step": 2793, "params/['params']['last']['bias']": {"_type": "histogram", "values": [1, 0, 0, 0, 0, 0, 0, 0, 0, 0, 0, 0, 0, 0, 0, 0, 0, 0, 0, 0, 0, 0, 0, 0, 0, 0, 0, 0, 0, 0, 0, 0, 0, 0, 0, 0, 0, 0, 0, 0, 0, 0, 0, 0, 0, 0, 0, 0, 0, 0, 0, 0, 0, 0, 0, 0, 0, 0, 0, 0, 0, 0, 0, 1], "bins": [0.0, 0.008314860053360462, 0.016629720106720924, 0.02494458109140396, 0.03325944021344185, 0.041574299335479736, 0.04988916218280792, 0.05820402130484581, 0.0665188804268837, 0.07483374327421188, 0.08314859867095947, 0.09146346151828766, 0.09977832436561584, 0.10809317976236343, 0.11640804260969162, 0.12472289800643921, 0.1330377608537674, 0.14135262370109558, 0.14966748654842377, 0.15798233449459076, 0.16629719734191895, 0.17461206018924713, 0.18292692303657532, 0.1912417858839035, 0.1995566487312317, 0.20787149667739868, 0.21618635952472687, 0.22450122237205505, 0.23281608521938324, 0.24113094806671143, 0.24944579601287842, 0.2577606737613678, 0.2660755217075348, 0.2743903696537018, 0.28270524740219116, 0.29102009534835815, 0.29933497309684753, 0.3076498210430145, 0.3159646689891815, 0.3242795467376709, 0.3325943946838379, 0.34090927243232727, 0.34922412037849426, 0.35753896832466125, 0.36585384607315063, 0.3741686940193176, 0.382483571767807, 0.390798419713974, 0.3991132974624634, 0.40742814540863037, 0.41574299335479736, 0.42405787110328674, 0.43237271904945374, 0.4406875967979431, 0.4490024447441101, 0.4573172926902771, 0.4656321704387665, 0.47394701838493347, 0.48226189613342285, 0.49057674407958984, 0.49889159202575684, 0.5072064399719238, 0.5155213475227356, 0.5238361954689026, 0.5321510434150696]}, "params/['params']['last']['kernel']": {"_type": "histogram", "values": [40, 0, 0, 0, 0, 0, 0, 0, 0, 0, 0, 0, 0, 0, 0, 0, 0, 0, 0, 0, 0, 0, 0, 0, 0, 0, 0, 0, 0, 0, 0, 0, 0, 0, 0, 0, 0, 0, 0, 0, 0, 0, 0, 0, 0, 0, 0, 0, 0, 1, 0, 0, 0, 0, 0, 0, 0, 0, 0, 0, 0, 0, 0, 1], "bins": [0.0, 0.005262588616460562, 0.010525177232921124, 0.015787765383720398, 0.021050354465842247, 0.026312943547964096, 0.031575530767440796, 0.036838121712207794, 0.042100708931684494, 0.047363296151161194, 0.05262588709592819, 0.05788847431540489, 0.06315106153488159, 0.06841365247964859, 0.07367624342441559, 0.07893882691860199, 0.08420141786336899, 0.08946400880813599, 0.09472659230232239, 0.09998918324708939, 0.10525177419185638, 0.11051435768604279, 0.11577694863080978, 0.12103953957557678, 0.12630212306976318, 0.13156472146511078, 0.13682730495929718, 0.14208988845348358, 0.14735248684883118, 0.15261507034301758, 0.15787765383720398, 0.16314025223255157, 0.16840283572673798, 0.17366541922092438, 0.17892801761627197, 0.18419060111045837, 0.18945318460464478, 0.19471578299999237, 0.19997836649417877, 0.20524094998836517, 0.21050354838371277, 0.21576613187789917, 0.22102871537208557, 0.22629131376743317, 0.23155389726161957, 0.23681648075580597, 0.24207907915115356, 0.24734166264533997, 0.25260424613952637, 0.25786682963371277, 0.26312944293022156, 0.26839202642440796, 0.27365460991859436, 0.27891719341278076, 0.28417977690696716, 0.28944236040115356, 0.29470497369766235, 0.29996755719184875, 0.30523014068603516, 0.31049272418022156, 0.31575530767440796, 0.32101789116859436, 0.32628050446510315, 0.33154308795928955, 0.33680567145347595]}, "params/['params']['layers_0']['linear_layer']['bias']": {"_type": "histogram", "values": [0, 0, 0, 0, 0, 0, 0, 0, 0, 0, 0, 0, 0, 0, 0, 0, 0, 0, 0, 0, 0, 0, 0, 0, 0, 0, 0, 0, 0, 0, 0, 0, 24, 0, 0, 0, 0, 0, 0, 0, 0, 0, 0, 0, 0, 0, 0, 0, 0, 0, 0, 0, 0, 0, 0, 0, 0, 0, 0, 0, 0, 0, 0, 0], "bins": [-0.5, -0.484375, -0.46875, -0.453125, -0.4375, -0.421875, -0.40625, -0.390625, -0.375, -0.359375, -0.34375, -0.328125, -0.3125, -0.296875, -0.28125, -0.265625, -0.25, -0.234375, -0.21875, -0.203125, -0.1875, -0.171875, -0.15625, -0.140625, -0.125, -0.109375, -0.09375, -0.078125, -0.0625, -0.046875, -0.03125, -0.015625, 0.0, 0.015625, 0.03125, 0.046875, 0.0625, 0.078125, 0.09375, 0.109375, 0.125, 0.140625, 0.15625, 0.171875, 0.1875, 0.203125, 0.21875, 0.234375, 0.25, 0.265625, 0.28125, 0.296875, 0.3125, 0.328125, 0.34375, 0.359375, 0.375, 0.390625, 0.40625, 0.421875, 0.4375, 0.453125, 0.46875, 0.484375, 0.5]}, "params/['params']['layers_0']['linear_layer']['kernel']": {"_type": "histogram", "values": [1, 0, 0, 0, 0, 0, 0, 0, 1, 0, 0, 0, 0, 0, 1, 0, 0, 0, 0, 0, 0, 0, 0, 0, 0, 0, 1, 0, 0, 0, 0, 0, 0, 0, 0, 0, 0, 0, 0, 0, 0, 0, 0, 0, 0, 0, 0, 0, 0, 0, 0, 0, 89, 2, 0, 0, 0, 0, 0, 0, 0, 0, 0, 1], "bins": [-1.2630146741867065, -1.239074945449829, -1.215135097503662, -1.1911953687667847, -1.1672556400299072, -1.1433159112930298, -1.1193761825561523, -1.0954363346099854, -1.071496605873108, -1.0475568771362305, -1.0236170291900635, -0.999677300453186, -0.9757375717163086, -0.9517978429794312, -0.9278580546379089, -0.9039182662963867, -0.8799785375595093, -0.8560388088226318, -0.8320990204811096, -0.8081592321395874, -0.78421950340271, -0.7602797746658325, -0.7363399863243103, -0.7124001979827881, -0.6884604692459106, -0.6645207405090332, -0.640580952167511, -0.6166411638259888, -0.5927014350891113, -0.5687617063522339, -0.5448219180107117, -0.5208821296691895, -0.496942400932312, -0.47300267219543457, -0.44906288385391235, -0.42512309551239014, -0.4011833667755127, -0.37724363803863525, -0.35330384969711304, -0.3293640613555908, -0.3054243326187134, -0.28148460388183594, -0.2575448751449585, -0.2336050271987915, -0.20966529846191406, -0.18572556972503662, -0.16178572177886963, -0.1378459930419922, -0.11390626430511475, -0.0899665355682373, -0.06602680683135986, -0.04208695888519287, -0.01814723014831543, 0.005792498588562012, 0.029732346534729004, 0.053672075271606445, 0.07761180400848389, 0.10155153274536133, 0.12549126148223877, 0.14943110942840576, 0.1733708381652832, 0.19731056690216064, 0.22125041484832764, 0.24519014358520508, 0.2691299319267273]}, "params/['params']['layers_1']['linear_layer']['bias']": {"_type": "histogram", "values": [0, 0, 0, 0, 0, 0, 0, 0, 0, 0, 0, 0, 0, 0, 0, 0, 0, 0, 0, 0, 0, 0, 0, 0, 0, 0, 0, 0, 0, 0, 0, 0, 24, 0, 0, 0, 0, 0, 0, 0, 0, 0, 0, 0, 0, 0, 0, 0, 0, 0, 0, 0, 0, 0, 0, 0, 0, 0, 0, 0, 0, 0, 0, 0], "bins": [-0.5, -0.484375, -0.46875, -0.453125, -0.4375, -0.421875, -0.40625, -0.390625, -0.375, -0.359375, -0.34375, -0.328125, -0.3125, -0.296875, -0.28125, -0.265625, -0.25, -0.234375, -0.21875, -0.203125, -0.1875, -0.171875, -0.15625, -0.140625, -0.125, -0.109375, -0.09375, -0.078125, -0.0625, -0.046875, -0.03125, -0.015625, 0.0, 0.015625, 0.03125, 0.046875, 0.0625, 0.078125, 0.09375, 0.109375, 0.125, 0.140625, 0.15625, 0.171875, 0.1875, 0.203125, 0.21875, 0.234375, 0.25, 0.265625, 0.28125, 0.296875, 0.3125, 0.328125, 0.34375, 0.359375, 0.375, 0.390625, 0.40625, 0.421875, 0.4375, 0.453125, 0.46875, 0.484375, 0.5]}, "params/['params']['layers_1']['linear_layer']['kernel']": {"_type": "histogram", "values": [1, 0, 0, 0, 0, 0, 0, 0, 0, 0, 0, 0, 0, 0, 0, 0, 0, 0, 0, 0, 1, 1, 0, 1, 0, 0, 0, 0, 0, 0, 0, 0, 0, 489, 0, 0, 1, 1, 1, 1, 0, 0, 0, 0, 0, 0, 0, 0, 1, 0, 0, 0, 1, 0, 0, 0, 1, 0, 1, 1, 0, 0, 0, 2],