{"_timestamp":1.740591623008677e+09,"_runtime":149.6201458,"validation_loss":1.4291599654825404e-05,"loss":1.3924248378316406e-05,"params/['params']['last']['bias']":{"bins":[0,0.008119498379528522,0.016238996759057045,0.024358496069908142,0.03247799351811409,0.04059749096632004,0.048716992139816284,0.05683648958802223,0.06495598703622818,0.07307548820972443,0.08119498193264008,0.08931448310613632,0.09743398427963257,0.10555347800254822,0.11367297917604446,0.12179247289896011,0.12991197407245636,0.138031467795372,0.14615097641944885,0.1542704701423645,0.16238996386528015,0.170509472489357,0.17862896621227264,0.1867484599351883,0.19486796855926514,0.2029874622821808,0.21110695600509644,0.21922644972801208,0.22734595835208893,0.23546545207500458,0.24358494579792023,0.25170445442199707,0.2598239481449127,0.26794344186782837,0.276062935590744,0.28418242931365967,0.2923019528388977,0.30042144656181335,0.308540940284729,0.31666043400764465,0.3247799277305603,0.33289942145347595,0.341018944978714,0.34913843870162964,0.3572579324245453,0.36537742614746094,0.3734969198703766,0.38161641359329224,0.3897359371185303,0.3978554308414459,0.4059749245643616,0.4140944182872772,0.42221391201019287,0.4303334057331085,0.43845289945602417,0.4465724229812622,0.45469191670417786,0.4628114104270935,0.47093090415000916,0.4790503978729248,0.48716989159584045,0.4952894151210785,0.5034089088439941,0.5115283727645874,0.5196478962898254],"_type":"histogram","values":[1,0,0,0,0,0,0,0,0,0,0,0,0,0,0,0,0,0,0,0,0,0,0,0,0,0,0,0,0,0,0,0,0,0,0,0,0,0,0,0,0,0,0,0,0,0,0,0,0,0,0,0,0,0,0,0,0,0,0,0,0,0,0,1]},"params/['params']['last']['kernel']":{"values":[1,0,0,0,0,0,0,0,2,0,0,0,0,0,0,0,0,0,0,0,0,0,0,0,0,0,0,0,0,0,0,0,0,0,0,0,0,0,0,0,0,0,0,0,0,0,0,0,0,0,0,1,0,0,2,0,0,0,0,0,0,0,0,24],"bins":[-0.23382775485515594,-0.2301741987466812,-0.22652064263820648,-0.22286707162857056,-0.21921351552009583,-0.2155599594116211,-0.21190640330314636,-0.20825284719467163,-0.2045992910861969,-0.20094573497772217,-0.19729216396808624,-0.1936386078596115,-0.18998505175113678,-0.18633149564266205,-0.18267792463302612,-0.1790243685245514,-0.17537081241607666,-0.17171725630760193,-0.1680637001991272,-0.16441014409065247,-0.16075658798217773,-0.157103031873703,-0.15344946086406708,-0.14979590475559235,-0.14614234864711761,-0.1424887776374817,-0.13883522152900696,-0.13518166542053223,-0.1315281093120575,-0.12787455320358276,-0.12422099709510803,-0.1205674335360527,-0.11691387742757797,-0.11326032131910324,-0.10960675776004791,-0.10595320165157318,-0.10229964554309845,-0.09864608943462372,-0.09499251842498779,-0.09133896231651306,-0.08768540620803833,-0.0840318500995636,-0.08037829399108887,-0.07672473788261414,-0.07307116687297821,-0.06941761076450348,-0.06576405465602875,-0.062110498547554016,-0.058456942439079285,-0.05480338633060455,-0.05114981532096863,-0.047496259212493896,-0.043842703104019165,-0.040189146995544434,-0.0365355908870697,-0.03288203477859497,-0.029228463768959045,-0.025574907660484314,-0.021921351552009583,-0.01826779544353485,-0.01461423933506012,-0.010960683226585388,-0.007307112216949463,-0.0036535561084747314,0],"_type":"histogram"},"_step":2793,"params/['params']['layers_0']['linear_layer']['kernel']":{"_type":"histogram","values":[2,0,1,0,0,0,0,0,0,0,0,0,47,1,0,1,0,0,0,0,0,0,0,0,0,0,0,0,0,0,0,0,0,0,0,0,0,0,0,0,0,0,0,0,0,0,0,0,0,0,0,0,0,0,0,0,0,0,0,0,0,1,0,1],"bins":[-0.421466588973999,-0.3876328766345978,-0.35379916429519653,-0.3199654817581177,-0.28613176941871643,-0.2522980570793152,-0.21846435964107513,-0.18463066220283508,-0.15079694986343384,-0.11696323752403259,-0.08312952518463135,-0.04929584264755249,-0.015462130308151245,0.01837158203125,0.05220526456832886,0.08603900671005249,0.11987268924713135,0.1537063717842102,0.18754011392593384,0.2213737964630127,0.25520753860473633,0.2890412211418152,0.32287490367889404,0.3567086458206177,0.39054232835769653,0.4243760108947754,0.458209753036499,0.4920434355735779,0.5258771181106567,0.5597108602523804,0.593544602394104,0.6273782253265381,0.6612119674682617,0.6950457096099854,0.7288793325424194,0.7627130746841431,0.7965468168258667,0.8303804397583008,0.8642141819000244,0.898047924041748,0.9318816661834717,0.9657152891159058,0.9995490312576294,1.033382773399353,1.067216396331787,1.1010501384735107,1.1348838806152344,1.1687175035476685,1.202551245689392,1.2363849878311157,1.2702186107635498,1.3040523529052734,1.337886095046997,1.3717197179794312,1.4055534601211548,1.4393872022628784,1.4732208251953125,1.5070545673370361,1.5408883094787598,1.5747220516204834,1.608555793762207,1.6423892974853516,1.6762230396270752,1.7100567817687988,1.7438905239105225]},"params/['params']['layers_1']['linear_layer']['kernel']":{"values":[1,0,0,0,0,0,1,0,0,1,0,0,0,0,0,0,0,0,0,0,0,0,0,0,0,1,0,2,0,0,2,248,1,1,1,0,1,2,0,1,0,1,1,0,0,0,1,0,0,0,0,0,0,0,0,0,2,0,0,0,1,0,0,1],"bins":[-1.8810272216796875,-1.8211455345153809,-1.7612638473510742,-1.7013821601867676,-1.641500473022461,-1.5816187858581543,-1.5217370986938477,-1.4618555307388306,-1.401973843574524,-1.3420921564102173,-1.2822104692459106,-1.222328782081604,-1.1624470949172974,-1.1025654077529907,-1.0426838397979736,-0.9828020930290222,-0.9229204058647156,-0.8630387783050537,-0.8031570911407471,-0.7432754039764404,-0.6833937168121338,-0.6235120296478271,-0.5636303424835205,-0.5037486553192139,-0.4438669681549072,-0.3839852809906006,-0.32410359382629395,-0.26422202587127686,-0.20434033870697021,-0.14445865154266357,-0.08457696437835693,-0.024695277214050293,0.03518640995025635,0.09506809711456299,0.15494966506958008,0.21483135223388672,0.27471303939819336,0.3345947265625,0.39447641372680664,0.4543581008911133,0.5142397880554199,0.5741214752197266,0.6340031623840332,0.6938848495483398,0.7537665367126465,0.8136482238769531,0.8735299110412598,0.9334115982055664,0.993293285369873,1.0531749725341797,1.1130566596984863,1.172938346862793,1.2328200340270996,1.2927017211914062,1.3525831699371338,1.4124648571014404,1.472346544265747,1.5322282314300537,1.5921099185943604,1.651991605758667,1.7118732929229736,1.7717549800872803,1.831636667251587,1.8915183544158936,1.9514000415802002],"_type":"histogram"},"params/['params']['layers_1']['linear_layer']['bias']":{"_type":"histogram","values":[0,0,0,0,0,0,0,0,0,0,0,0,0,0,0,0,0,0,0,0,0,0,0,0,0,0,0,0,0,0,0,0,18,0,0,0,0,0,0,0,0,0,0,0,0,0,0,0,0,0,0,0,0,0,0,0,0,0,0,0,0,0,0,0],"bins":[-0.5,-0.484375,-0.46875,-0.453125,-0.4375,-0.421875,-0.40625,-0.390625,-0.375,-0.359375,-0.34375,-0.328125,-0.3125,-0.296875,-0.28125,-0.265625,-0.25,-0.234375,-0.21875,-0.203125,-0.1875,-0.171875,-0.15625,-0.140625,-0.125,-0.109375,-0.09375,-0.078125,-0.0625,-0.046875,-0.03125,-0.015625,0,0.015625,0.03125,0.046875,0.0625,0.078125,0.09375,0.109375,0.125,0.140625,0.15625,0.171875,0.1875,0.203125,0.21875,0.234375,0.25,0.265625,0.28125,0.296875,0.3125,0.328125,0.34375,0.359375,0.375,0.390625,0.40625,0.421875,0.4375,0.453125,0.46875,0.484375,0.5]},"params/['params']['layers_0']['linear_layer']['bias']":{"_type":"histogram","values":[0,0,0,0,0,0,0,0,0,0,0,0,0,0,0,0,0,0,0,0,0,0,0,0,0,0,0,0,0,0,0,0,18,0,0,0,0,0,0,0,0,0,0,0,0,0,0,0,0,0,0,0,0,0,0,0,0,0,0,0,0,0,0,0],"bins":[-0.5,-0.484375,-0.46875,-0.453125,-0.4375,-0.421875,-0.40625,-0.390625,-0.375,-0.359375,-0.34375,-0.328125,-0.3125,-0.296875,-0.28125,-0.265625,-0.25,-0.234375,-0.21875,-0.203125,-0.1875,-0.171875,-0.15625,-0.140625,-0.125,-0.109375,-0.09375,-0.078125,-0.0625,-0.046875,-0.03125,-0.015625,0,0.015625,0.03125,0.046875,0.0625,0.078125,0.09375,0.109375,0.125,0.140625,0.15625,0.171875,0.1875,0.203125,0.21875,0.234375,0.25,0.265625,0.28125,0.296875,0.3125,0.328125,0.34375,0.359375,0.375,0.390625,0.40625,0.421875,0.4375,0.453125,0.46875,0.484375,0.5]},"_wandb":{"runtime":151}}