{"loss": 0.004734207410365343, "_timestamp": 1739992163.8932288, "_runtime": 144.77389574050903, "_step": 2793, "params/['params']['last']['bias']": {"_type": "histogram", "values": [0, 0, 0, 0, 0, 0, 0, 0, 0, 0, 0, 0, 0, 0, 0, 0, 0, 0, 0, 0, 0, 0, 0, 0, 0, 0, 0, 0, 0, 0, 0, 0, 2, 0, 0, 0, 0, 0, 0, 0, 0, 0, 0, 0, 0, 0, 0, 0, 0, 0, 0, 0, 0, 0, 0, 0, 0, 0, 0, 0, 0, 0, 0, 0], "bins": [-0.5, -0.484375, -0.46875, -0.453125, -0.4375, -0.421875, -0.40625, -0.390625, -0.375, -0.359375, -0.34375, -0.328125, -0.3125, -0.296875, -0.28125, -0.265625, -0.25, -0.234375, -0.21875, -0.203125, -0.1875, -0.171875, -0.15625, -0.140625, -0.125, -0.109375, -0.09375, -0.078125, -0.0625, -0.046875, -0.03125, -0.015625, 0.0, 0.015625, 0.03125, 0.046875, 0.0625, 0.078125, 0.09375, 0.109375, 0.125, 0.140625, 0.15625, 0.171875, 0.1875, 0.203125, 0.21875, 0.234375, 0.25, 0.265625, 0.28125, 0.296875, 0.3125, 0.328125, 0.34375, 0.359375, 0.375, 0.390625, 0.40625, 0.421875, 0.4375, 0.453125, 0.46875, 0.484375, 0.5]}, "params/['params']['last']['kernel']": {"_type": "histogram", "values": [1, 0, 0, 0, 0, 0, 0, 0, 0, 0, 0, 0, 0, 0, 0, 0, 0, 0, 0, 0, 0, 0, 0, 0, 0, 0, 0, 0, 0, 0, 0, 0, 0, 0, 0, 0, 0, 0, 0, 0, 0, 0, 0, 0, 0, 0, 0, 0, 0, 0, 0, 0, 0, 0, 0, 0, 0, 0, 0, 0, 0, 0, 26, 3], "bins": [-0.1719164103269577, -0.16916431486606598, -0.16641220450401306, -0.16366010904312134, -0.16090801358222961, -0.1581559032201767, -0.15540380775928497, -0.15265169739723206, -0.14989960193634033, -0.1471475064754486, -0.1443953961133957, -0.14164330065250397, -0.13889120519161224, -0.13613909482955933, -0.1333869993686676, -0.13063490390777588, -0.12788279354572296, -0.12513069808483124, -0.12237859517335892, -0.1196264922618866, -0.11687439680099487, -0.11412229388952255, -0.11137019097805023, -0.10861808806657791, -0.10586599260568619, -0.10311388969421387, -0.10036178678274155, -0.09760969132184982, -0.0948575884103775, -0.09210548549890518, -0.08935338258743286, -0.08660128712654114, -0.08384918421506882, -0.0810970813035965, -0.07834498584270477, -0.07559288293123245, -0.07284078001976013, -0.07008867710828781, -0.06733658164739609, -0.06458447873592377, -0.06183237582445145, -0.05908028036355972, -0.0563281774520874, -0.05357607454061508, -0.05082397162914276, -0.04807187616825104, -0.04531976580619812, -0.042567670345306396, -0.03981557488441467, -0.037063464522361755, -0.03431136906147003, -0.03155927360057831, -0.02880716323852539, -0.026055067777633667, -0.023302972316741943, -0.020550861954689026, -0.017798766493797302, -0.015046671032905579, -0.012294560670852661, -0.009542465209960938, -0.00679035484790802, -0.004038259387016296, -0.0012861639261245728, 0.0014659464359283447, 0.004218048881739378]}, "params/['params']['layers_0']['linear_layer']['bias']": {"_type": "histogram", "values": [0, 0, 0, 0, 0, 0, 0, 0, 0, 0, 0, 0, 0, 0, 0, 0, 0, 0, 0, 0, 0, 0, 0, 0, 0, 0, 0, 0, 0, 0, 0, 0, 18, 0, 0, 0, 0, 0, 0, 0, 0, 0, 0, 0, 0, 0, 0, 0, 0, 0, 0, 0, 0, 0, 0, 0, 0, 0, 0, 0, 0, 0, 0, 0], "bins": [-0.5, -0.484375, -0.46875, -0.453125, -0.4375, -0.421875, -0.40625, -0.390625, -0.375, -0.359375, -0.34375, -0.328125, -0.3125, -0.296875, -0.28125, -0.265625, -0.25, -0.234375, -0.21875, -0.203125, -0.1875, -0.171875, -0.15625, -0.140625, -0.125, -0.109375, -0.09375, -0.078125, -0.0625, -0.046875, -0.03125, -0.015625, 0.0, 0.015625, 0.03125, 0.046875, 0.0625, 0.078125, 0.09375, 0.109375, 0.125, 0.140625, 0.15625, 0.171875, 0.1875, 0.203125, 0.21875, 0.234375, 0.25, 0.265625, 0.28125, 0.296875, 0.3125, 0.328125, 0.34375, 0.359375, 0.375, 0.390625, 0.40625, 0.421875, 0.4375, 0.453125, 0.46875, 0.484375, 0.5]}, "params/['params']['layers_0']['linear_layer']['kernel']": {"_type": "histogram", "values": [1, 0, 0, 0, 0, 0, 0, 0, 0, 0, 0, 1, 0, 0, 0, 0, 0, 0, 0, 0, 0, 0, 0, 0, 0, 0, 0, 0, 0, 0, 0, 66, 1, 0, 0, 0, 0, 0, 0, 0, 0, 0, 1, 0, 0, 0, 0, 0, 0, 0, 0, 0, 1, 0, 0, 0, 0, 0, 0, 0, 0, 0, 0, 1], "bins": [-0.47186002135276794, -0.45711061358451843, -0.4423612356185913, -0.4276118278503418, -0.4128624200820923, -0.3981130123138428, -0.38336363434791565, -0.36861422657966614, -0.3538648188114166, -0.3391154408454895, -0.32436603307724, -0.3096166253089905, -0.29486721754074097, -0.28011780977249146, -0.26536843180656433, -0.2506190240383148, -0.2358696311712265, -0.22112023830413818, -0.20637083053588867, -0.19162142276763916, -0.17687204480171204, -0.16212263703346252, -0.147373229265213, -0.1326238214969635, -0.11787444353103638, -0.10312503576278687, -0.08837562799453735, -0.07362625002861023, -0.05887684226036072, -0.044127434492111206, -0.029378026723861694, -0.01462864875793457, 0.0001207590103149414, 0.014870166778564453, 0.029619544744491577, 0.04436895251274109, 0.0591183602809906, 0.07386776804924011, 0.08861717581748962, 0.10336658358573914, 0.11811593174934387, 0.13286533951759338, 0.1476147472858429, 0.1623641550540924, 0.17711356282234192, 0.19186297059059143, 0.20661237835884094, 0.22136172652244568, 0.2361111342906952, 0.2508605420589447, 0.2656099498271942, 0.2803593575954437, 0.29510876536369324, 0.30985817313194275, 0.3246075212955475, 0.339356929063797, 0.3541063368320465, 0.368855744600296, 0.38360515236854553, 0.39835456013679504, 0.41310396790504456, 0.4278533160686493, 0.4426027238368988, 0.4573521316051483, 0.4721015393733978]}, "params/['params']['layers_1']['linear_layer']['bias']": {"_type": "histogram", "values": [0, 0, 0, 0, 0, 0, 0, 0, 0, 0, 0, 0, 0, 0, 0, 0, 0, 0, 0, 0, 0, 0, 0, 0, 0, 0, 0, 0, 0, 0, 0, 0, 18, 0, 0, 0, 0, 0, 0, 0, 0, 0, 0, 0, 0, 0, 0, 0, 0, 0, 0, 0, 0, 0, 0, 0, 0, 0, 0, 0, 0, 0, 0, 0], "bins": [-0.5, -0.484375, -0.46875, -0.453125, -0.4375, -0.421875, -0.40625, -0.390625, -0.375, -0.359375, -0.34375, -0.328125, -0.3125, -0.296875, -0.28125, -0.265625, -0.25, -0.234375, -0.21875, -0.203125, -0.1875, -0.171875, -0.15625, -0.140625, -0.125, -0.109375, -0.09375, -0.078125, -0.0625, -0.046875, -0.03125, -0.015625, 0.0, 0.015625, 0.03125, 0.046875, 0.0625, 0.078125, 0.09375, 0.109375, 0.125, 0.140625, 0.15625, 0.171875, 0.1875, 0.203125, 0.21875, 0.234375, 0.25, 0.265625, 0.28125, 0.296875, 0.3125, 0.328125, 0.34375, 0.359375, 0.375, 0.390625, 0.40625, 0.421875, 0.4375, 0.453125, 0.46875, 0.484375, 0.5]}, "params/['params']['layers_1']['linear_layer']['kernel']": {"_type": "histogram", "values": [1, 0, 0, 0, 0, 0, 0, 0, 0, 0, 0, 0, 0, 0, 0, 0, 266, 0, 0, 0, 0, 0, 0, 0, 0, 0, 1, 0, 0, 0, 0, 0, 0, 0, 0, 0, 0, 0, 0, 0, 0, 0, 0, 0, 1, 0, 0, 0, 0, 0, 0, 0, 0, 0, 0, 0, 0, 0, 0, 0, 0, 0, 0, 1], "bins": [-0.7378209233283997, -0.6937694549560547, -0.6497179865837097, -0.6056665182113647, -0.5616150498390198, -0.5175635814666748, -0.47351208329200745, -0.4294606149196625, -0.3854091465473175, -0.34135767817497253, -0.29730620980262756, -0.2532547414302826, -0.20920324325561523, -0.16515177488327026, -0.12110030651092529, -0.07704883813858032, -0.03299736976623535, 0.01105409860610962, 0.05510556697845459, 0.09915703535079956, 0.14320850372314453, 0.1872599720954895, 0.23131144046783447, 0.27536290884017944, 0.3194144368171692, 0.3634658455848694, 0.40751737356185913, 0.4515687823295593, 0.4956203103065491, 0.5396717190742493, 0.583723247051239, 0.6277746558189392, 0.671826183795929, 0.7158777117729187, 0.7599291205406189, 0.8039806485176086, 0.8480320572853088, 0.8920835852622986, 0.9361349940299988, 0.9801865220069885, 1.024237871170044, 1.0682895183563232, 1.1123409271240234, 1.1563923358917236, 1.2004437446594238, 1.2444953918457031, 1.2885468006134033, 1.3325982093811035, 1.3766498565673828, 1.420701265335083, 1.4647526741027832, 1.5088043212890625, 1.5528557300567627, 1.596907138824463, 1.640958547592163, 1.6850101947784424, 1.7290616035461426, 1.7731130123138428, 1.817164421081543, 1.8612160682678223, 1.9052674770355225, 1.9493188858032227, 1.9933702945709229, 2.037421941757202, 2.0814733505249023]}, "validation_loss": 0.004724039696156979, "_wandb": {"runtime": 146}}