{"loss": 1.0410404309435517e-11, "_timestamp": 1739965959.17271, "_runtime": 204.17852401733398, "_step": 2793, "params/['params']['last']['bias']": {"_type": "histogram", "values": [0, 0, 0, 0, 0, 0, 0, 0, 0, 0, 0, 0, 0, 0, 0, 0, 0, 0, 0, 0, 0, 0, 0, 0, 0, 0, 0, 0, 0, 0, 0, 0, 2, 0, 0, 0, 0, 0, 0, 0, 0, 0, 0, 0, 0, 0, 0, 0, 0, 0, 0, 0, 0, 0, 0, 0, 0, 0, 0, 0, 0, 0, 0, 0], "bins": [-0.5, -0.484375, -0.46875, -0.453125, -0.4375, -0.421875, -0.40625, -0.390625, -0.375, -0.359375, -0.34375, -0.328125, -0.3125, -0.296875, -0.28125, -0.265625, -0.25, -0.234375, -0.21875, -0.203125, -0.1875, -0.171875, -0.15625, -0.140625, -0.125, -0.109375, -0.09375, -0.078125, -0.0625, -0.046875, -0.03125, -0.015625, 0.0, 0.015625, 0.03125, 0.046875, 0.0625, 0.078125, 0.09375, 0.109375, 0.125, 0.140625, 0.15625, 0.171875, 0.1875, 0.203125, 0.21875, 0.234375, 0.25, 0.265625, 0.28125, 0.296875, 0.3125, 0.328125, 0.34375, 0.359375, 0.375, 0.390625, 0.40625, 0.421875, 0.4375, 0.453125, 0.46875, 0.484375, 0.5]}, "params/['params']['last']['kernel']": {"_type": "histogram", "values": [1, 0, 0, 0, 0, 0, 0, 37, 0, 0, 0, 0, 0, 0, 0, 3, 0, 0, 0, 0, 0, 0, 0, 0, 0, 0, 0, 0, 0, 0, 0, 0, 0, 0, 0, 0, 0, 0, 0, 0, 0, 0, 0, 0, 0, 0, 0, 0, 0, 0, 0, 0, 0, 0, 0, 0, 0, 0, 0, 0, 0, 0, 0, 1], "bins": [-0.008924750611186028, -0.007799823302775621, -0.006674895994365215, -0.0055499691516160965, -0.00442504184320569, -0.0033001145347952843, -0.0021751876920461655, -0.001050259917974472, 7.466692477464676e-05, 0.0011995937675237656, 0.002324521541595459, 0.003449448384344578, 0.004574375227093697, 0.00569930300116539, 0.0068242307752370834, 0.007949156686663628, 0.009074084460735321, 0.010199012234807014, 0.011323938146233559, 0.012448865920305252, 0.013573793694376945, 0.01469871960580349, 0.015823647379875183, 0.016948575153946877, 0.01807350106537342, 0.019198428839445114, 0.020323356613516808, 0.0214482843875885, 0.022573212161660194, 0.02369813807308674, 0.024823063984513283, 0.025947993621230125, 0.02707291953265667, 0.028197845444083214, 0.029322775080800056, 0.0304477009922266, 0.031572625041007996, 0.03269755840301514, 0.03382248431444168, 0.034947410225868225, 0.03607233613729477, 0.037197262048721313, 0.03832218796014786, 0.039447121322155, 0.04057204723358154, 0.04169697314500809, 0.04282189905643463, 0.043946824967861176, 0.04507175087928772, 0.04619668424129486, 0.047321610152721405, 0.04844653606414795, 0.04957146197557449, 0.05069638788700104, 0.05182132124900818, 0.05294624716043472, 0.05407117307186127, 0.05519609898328781, 0.056321024894714355, 0.0574459508061409, 0.058570876717567444, 0.05969580262899399, 0.06082073599100113, 0.06194566190242767, 0.06307058781385422]}, "params/['params']['layers_0']['linear_layer']['bias']": {"_type": "histogram", "values": [0, 0, 0, 0, 0, 0, 0, 0, 0, 0, 0, 0, 0, 0, 0, 0, 0, 0, 0, 0, 0, 0, 0, 0, 0, 0, 0, 0, 0, 0, 0, 0, 24, 0, 0, 0, 0, 0, 0, 0, 0, 0, 0, 0, 0, 0, 0, 0, 0, 0, 0, 0, 0, 0, 0, 0, 0, 0, 0, 0, 0, 0, 0, 0], "bins": [-0.5, -0.484375, -0.46875, -0.453125, -0.4375, -0.421875, -0.40625, -0.390625, -0.375, -0.359375, -0.34375, -0.328125, -0.3125, -0.296875, -0.28125, -0.265625, -0.25, -0.234375, -0.21875, -0.203125, -0.1875, -0.171875, -0.15625, -0.140625, -0.125, -0.109375, -0.09375, -0.078125, -0.0625, -0.046875, -0.03125, -0.015625, 0.0, 0.015625, 0.03125, 0.046875, 0.0625, 0.078125, 0.09375, 0.109375, 0.125, 0.140625, 0.15625, 0.171875, 0.1875, 0.203125, 0.21875, 0.234375, 0.25, 0.265625, 0.28125, 0.296875, 0.3125, 0.328125, 0.34375, 0.359375, 0.375, 0.390625, 0.40625, 0.421875, 0.4375, 0.453125, 0.46875, 0.484375, 0.5]}, "params/['params']['layers_0']['linear_layer']['kernel']": {"_type": "histogram", "values": [1, 0, 0, 0, 0, 0, 0, 0, 0, 0, 0, 0, 0, 0, 0, 0, 0, 0, 0, 0, 0, 0, 0, 0, 0, 0, 0, 0, 0, 1, 0, 0, 0, 69, 0, 0, 0, 0, 0, 0, 0, 0, 0, 0, 0, 0, 0, 0, 0, 0, 0, 0, 0, 0, 0, 0, 0, 0, 0, 0, 0, 0, 0, 1], "bins": [-1.0408875942230225, -1.0097883939743042, -0.9786892533302307, -0.9475901126861572, -0.9164909720420837, -0.8853918313980103, -0.854292631149292, -0.8231934905052185, -0.792094349861145, -0.7609951496124268, -0.7298960089683533, -0.6987968683242798, -0.6676976680755615, -0.636598527431488, -0.6054993867874146, -0.5744001865386963, -0.5433010458946228, -0.5122019052505493, -0.48110270500183105, -0.45000356435775757, -0.4189044237136841, -0.3878052234649658, -0.35670608282089233, -0.32560694217681885, -0.2945077419281006, -0.2634086012840271, -0.2323094606399536, -0.20121031999588013, -0.17011111974716187, -0.13901197910308838, -0.10791283845901489, -0.07681363821029663, -0.045714497566223145, -0.014615297317504883, 0.016483783721923828, 0.04758298397064209, 0.07868218421936035, 0.10978126525878906, 0.14088046550750732, 0.17197966575622559, 0.2030787467956543, 0.23417794704437256, 0.2652771472930908, 0.29637622833251953, 0.3274754285812378, 0.35857462882995605, 0.38967370986938477, 0.420772910118103, 0.4518721103668213, 0.48297119140625, 0.5140703916549683, 0.545169472694397, 0.5762686729431152, 0.6073678731918335, 0.6384669542312622, 0.6695661544799805, 0.7006653547286987, 0.7317644357681274, 0.7628636360168457, 0.793962836265564, 0.8250619173049927, 0.8561611175537109, 0.8872603178024292, 0.9183593988418579, 0.9494585990905762]}, "params/['params']['layers_1']['linear_layer']['bias']": {"_type": "histogram", "values": [0, 0, 0, 0, 0, 0, 0, 0, 0, 0, 0, 0, 0, 0, 0, 0, 0, 0, 0, 0, 0, 0, 0, 0, 0, 0, 0, 0, 0, 0, 0, 0, 24, 0, 0, 0, 0, 0, 0, 0, 0, 0, 0, 0, 0, 0, 0, 0, 0, 0, 0, 0, 0, 0, 0, 0, 0, 0, 0, 0, 0, 0, 0, 0], "bins": [-0.5, -0.484375, -0.46875, -0.453125, -0.4375, -0.421875, -0.40625, -0.390625, -0.375, -0.359375, -0.34375, -0.328125, -0.3125, -0.296875, -0.28125, -0.265625, -0.25, -0.234375, -0.21875, -0.203125, -0.1875, -0.171875, -0.15625, -0.140625, -0.125, -0.109375, -0.09375, -0.078125, -0.0625, -0.046875, -0.03125, -0.015625, 0.0, 0.015625, 0.03125, 0.046875, 0.0625, 0.078125, 0.09375, 0.109375, 0.125, 0.140625, 0.15625, 0.171875, 0.1875, 0.203125, 0.21875, 0.234375, 0.25, 0.265625, 0.28125, 0.296875, 0.3125, 0.328125, 0.34375, 0.359375, 0.375, 0.390625, 0.40625, 0.421875, 0.4375, 0.453125, 0.46875, 0.484375, 0.5]}, "params/['params']['layers_1']['linear_layer']['kernel']": {"_type": "histogram", "values": [1, 0, 0, 0, 0, 0, 0, 0, 0, 0, 0, 0, 0, 0, 0, 0, 0, 0, 0, 0, 0, 0, 0, 0, 1, 0, 0, 0, 2, 0, 0, 0, 495, 0, 0, 0, 0, 0, 0, 0, 0, 0, 0, 0, 0, 0, 1, 1, 0, 0, 0, 0, 0, 0, 0, 0, 0, 0, 0, 0, 0, 2, 0, 1], "bins": [-3.3088254928588867, -3.2054247856140137, -3.1020238399505615, -2.9986231327056885, -2.8952221870422363, -2.7918214797973633, -2.6884207725524902, -2.585020065307617, -2.481619119644165, -2.378218173980713, -2.27481746673584, -2.171416759490967, -2.0680160522460938, -1.9646151065826416, -1.8612143993377686, -1.757813572883606, -1.6544127464294434, -1.5510119199752808, -1.4476110935211182, -1.3442103862762451, -1.240809440612793, -1.13740873336792, -1.0340080261230469, -0.9306070804595947, -0.8272063732147217, -0.7238056659698486, -0.6204047203063965, -0.5170040130615234, -0.4136033058166504, -0.31020236015319824, -0.2068016529083252, -0.10340070724487305, 0.0, 0.10340070724487305, 0.2068016529083252, 0.31020236015319824, 0.4136033058166504, 0.5170040130615234, 0.6204047203063965, 0.7238054275512695, 0.8272066116333008, 0.9306073188781738, 1.0340080261230469, 1.13740873336792, 1.240809440612793, 1.344210147857666, 1.4476113319396973, 1.5510120391845703, 1.6544127464294434, 1.7578134536743164, 1.8612141609191895, 1.9646153450012207, 2.0680160522460938, 2.171416759490967, 2.27481746673584, 2.378218173980713, 2.481618881225586, 2.585020065307617, 2.6884207725524902, 2.7918214797973633, 2.8952221870422363, 2.9986228942871094, 3.1020240783691406, 3.2054247856140137, 3.3088252544403076]}, "validation_loss": 5.015364513383247e-05, "_wandb": {"runtime": 206}}