{"loss": 0.00031245718128047884, "_timestamp": 1739988961.9006462, "_runtime": 173.22450709342957, "_step": 2793, "params/['params']['last']['bias']": {"_type": "histogram", "values": [1, 0, 0, 0, 0, 0, 0, 0, 0, 0, 0, 0, 0, 0, 0, 0, 0, 0, 0, 0, 0, 0, 0, 0, 0, 0, 0, 0, 0, 0, 0, 0, 0, 0, 0, 0, 0, 0, 0, 0, 0, 0, 0, 0, 0, 0, 0, 0, 0, 0, 0, 0, 0, 0, 0, 0, 0, 0, 0, 0, 0, 0, 0, 1], "bins": [0.0, 0.008261468261480331, 0.016522936522960663, 0.024784404784440994, 0.033045873045921326, 0.04130734130740166, 0.04956880956888199, 0.05783027783036232, 0.06609174609184265, 0.07435321807861328, 0.08261468261480331, 0.09087614715099335, 0.09913761913776398, 0.1073990911245346, 0.11566055566072464, 0.12392202019691467, 0.1321834921836853, 0.14044496417045593, 0.14870643615722656, 0.156967893242836, 0.16522936522960663, 0.17349083721637726, 0.1817522943019867, 0.19001376628875732, 0.19827523827552795, 0.20653671026229858, 0.2147981822490692, 0.22305963933467865, 0.23132111132144928, 0.2395825833082199, 0.24784404039382935, 0.2561055123806, 0.2643669843673706, 0.27262845635414124, 0.28088992834091187, 0.2891514003276825, 0.2974128723144531, 0.30567431449890137, 0.313935786485672, 0.3221972584724426, 0.33045873045921326, 0.3387202024459839, 0.3469816744327545, 0.35524314641952515, 0.3635045886039734, 0.371766060590744, 0.38002753257751465, 0.3882890045642853, 0.3965504765510559, 0.40481194853782654, 0.41307342052459717, 0.4213348925113678, 0.4295963644981384, 0.43785780668258667, 0.4461192786693573, 0.45438075065612793, 0.46264222264289856, 0.4709036946296692, 0.4791651666164398, 0.48742663860321045, 0.4956880807876587, 0.5039495825767517, 0.5122110247612, 0.520472526550293, 0.5287339687347412]}, "params/['params']['last']['kernel']": {"_type": "histogram", "values": [1, 0, 0, 0, 0, 0, 0, 0, 0, 0, 1, 0, 0, 0, 0, 0, 0, 0, 0, 0, 0, 0, 0, 0, 0, 0, 0, 0, 0, 0, 0, 0, 0, 0, 0, 0, 0, 0, 0, 0, 0, 0, 0, 0, 0, 0, 0, 0, 0, 0, 0, 0, 0, 0, 0, 0, 0, 0, 0, 0, 0, 0, 0, 34], "bins": [-0.27793142199516296, -0.27358874678611755, -0.26924607157707214, -0.26490339636802673, -0.2605607211589813, -0.2562180161476135, -0.2518753409385681, -0.2475326657295227, -0.2431899905204773, -0.23884731531143188, -0.23450464010238647, -0.23016196489334106, -0.22581928968429565, -0.22147659957408905, -0.21713392436504364, -0.21279123425483704, -0.20844855904579163, -0.20410588383674622, -0.1997632086277008, -0.1954205334186554, -0.19107785820960999, -0.18673518300056458, -0.18239249289035797, -0.17804981768131256, -0.17370714247226715, -0.16936445236206055, -0.16502177715301514, -0.16067910194396973, -0.15633642673492432, -0.1519937515258789, -0.1476510614156723, -0.1433083862066269, -0.13896571099758148, -0.13462303578853607, -0.13028036057949066, -0.12593767046928406, -0.12159499526023865, -0.11725232005119324, -0.11290964484214783, -0.10856695473194122, -0.10422427952289581, -0.0998816043138504, -0.09553892910480499, -0.09119625389575958, -0.08685356378555298, -0.08251088857650757, -0.07816821336746216, -0.07382553815841675, -0.06948286294937134, -0.06514017283916473, -0.060797497630119324, -0.056454822421073914, -0.0521121472120285, -0.0477694571018219, -0.04342678189277649, -0.03908410668373108, -0.03474143147468567, -0.03039875626564026, -0.02605608105659485, -0.02171340584754944, -0.01737070083618164, -0.01302802562713623, -0.00868535041809082, -0.00434267520904541, 0.0]}, "params/['params']['layers_0']['linear_layer']['bias']": {"_type": "histogram", "values": [0, 0, 0, 0, 0, 0, 0, 0, 0, 0, 0, 0, 0, 0, 0, 0, 0, 0, 0, 0, 0, 0, 0, 0, 0, 0, 0, 0, 0, 0, 0, 0, 22, 0, 0, 0, 0, 0, 0, 0, 0, 0, 0, 0, 0, 0, 0, 0, 0, 0, 0, 0, 0, 0, 0, 0, 0, 0, 0, 0, 0, 0, 0, 0], "bins": [-0.5, -0.484375, -0.46875, -0.453125, -0.4375, -0.421875, -0.40625, -0.390625, -0.375, -0.359375, -0.34375, -0.328125, -0.3125, -0.296875, -0.28125, -0.265625, -0.25, -0.234375, -0.21875, -0.203125, -0.1875, -0.171875, -0.15625, -0.140625, -0.125, -0.109375, -0.09375, -0.078125, -0.0625, -0.046875, -0.03125, -0.015625, 0.0, 0.015625, 0.03125, 0.046875, 0.0625, 0.078125, 0.09375, 0.109375, 0.125, 0.140625, 0.15625, 0.171875, 0.1875, 0.203125, 0.21875, 0.234375, 0.25, 0.265625, 0.28125, 0.296875, 0.3125, 0.328125, 0.34375, 0.359375, 0.375, 0.390625, 0.40625, 0.421875, 0.4375, 0.453125, 0.46875, 0.484375, 0.5]}, "params/['params']['layers_0']['linear_layer']['kernel']": {"_type": "histogram", "values": [1, 0, 0, 0, 0, 0, 0, 0, 0, 0, 0, 0, 0, 0, 0, 0, 0, 0, 0, 0, 0, 0, 0, 0, 1, 0, 0, 0, 0, 0, 0, 0, 0, 0, 1, 0, 0, 0, 0, 0, 1, 0, 0, 0, 0, 0, 0, 0, 1, 38, 0, 0, 0, 0, 0, 0, 0, 0, 0, 0, 0, 0, 0, 1], "bins": [-1.2664244174957275, -1.2408543825149536, -1.2152843475341797, -1.1897144317626953, -1.1641443967819214, -1.1385743618011475, -1.1130043268203735, -1.0874342918395996, -1.0618642568588257, -1.0362942218780518, -1.0107243061065674, -0.9851542711257935, -0.9595842361450195, -0.9340142011642456, -0.9084442257881165, -0.8828741908073425, -0.8573042154312134, -0.8317341804504395, -0.8061641454696655, -0.7805941104888916, -0.7550241351127625, -0.7294541001319885, -0.7038841247558594, -0.6783140897750854, -0.6527440547943115, -0.6271740794181824, -0.6016040444374084, -0.5760340094566345, -0.5504640340805054, -0.5248939990997314, -0.4993239641189575, -0.47375398874282837, -0.44818395376205444, -0.4226139187812805, -0.39704394340515137, -0.37147390842437744, -0.3459038734436035, -0.32033389806747437, -0.29476386308670044, -0.2691938281059265, -0.24362385272979736, -0.21805381774902344, -0.1924837827682495, -0.16691374778747559, -0.1413438320159912, -0.11577379703521729, -0.09020376205444336, -0.06463372707366943, -0.03906369209289551, -0.013493657112121582, 0.012076258659362793, 0.03764629364013672, 0.06321632862091064, 0.08878636360168457, 0.1143563985824585, 0.13992643356323242, 0.1654963493347168, 0.19106638431549072, 0.21663641929626465, 0.24220645427703857, 0.2677764892578125, 0.2933465242385864, 0.3189164400100708, 0.3444864749908447, 0.37005650997161865]}, "params/['params']['layers_1']['linear_layer']['bias']": {"_type": "histogram", "values": [0, 0, 0, 0, 0, 0, 0, 0, 0, 0, 0, 0, 0, 0, 0, 0, 0, 0, 0, 0, 0, 0, 0, 0, 0, 0, 0, 0, 0, 0, 0, 0, 22, 0, 0, 0, 0, 0, 0, 0, 0, 0, 0, 0, 0, 0, 0, 0, 0, 0, 0, 0, 0, 0, 0, 0, 0, 0, 0, 0, 0, 0, 0, 0], "bins": [-0.5, -0.484375, -0.46875, -0.453125, -0.4375, -0.421875, -0.40625, -0.390625, -0.375, -0.359375, -0.34375, -0.328125, -0.3125, -0.296875, -0.28125, -0.265625, -0.25, -0.234375, -0.21875, -0.203125, -0.1875, -0.171875, -0.15625, -0.140625, -0.125, -0.109375, -0.09375, -0.078125, -0.0625, -0.046875, -0.03125, -0.015625, 0.0, 0.015625, 0.03125, 0.046875, 0.0625, 0.078125, 0.09375, 0.109375, 0.125, 0.140625, 0.15625, 0.171875, 0.1875, 0.203125, 0.21875, 0.234375, 0.25, 0.265625, 0.28125, 0.296875, 0.3125, 0.328125, 0.34375, 0.359375, 0.375, 0.390625, 0.40625, 0.421875, 0.4375, 0.453125, 0.46875, 0.484375, 0.5]}, "params/['params']['layers_1']['linear_layer']['kernel']": {"_type": "histogram", "values": [1, 0, 0, 0, 1, 0, 0, 0, 0, 0, 0, 0, 1, 2, 0, 0, 1, 0, 0, 0, 0, 0, 0, 0, 0, 1, 0, 0, 0, 1, 381, 0, 0, 0, 0, 0, 0, 0, 1, 0, 0, 0, 0, 1, 0, 0, 0, 0, 1, 0, 0, 0, 0, 0, 0, 0, 1, 0, 0, 1, 0, 0, 1, 1],