{"loss": 4.093897416623804e-07, "_timestamp": 1739990288.943036, "_runtime": 172.80466103553772, "_step": 2793, "params/['params']['last']['bias']": {"_type": "histogram", "values": [0, 0, 0, 0, 0, 0, 0, 0, 0, 0, 0, 0, 0, 0, 0, 0, 0, 0, 0, 0, 0, 0, 0, 0, 0, 0, 0, 0, 0, 0, 0, 0, 2, 0, 0, 0, 0, 0, 0, 0, 0, 0, 0, 0, 0, 0, 0, 0, 0, 0, 0, 0, 0, 0, 0, 0, 0, 0, 0, 0, 0, 0, 0, 0], "bins": [-0.5, -0.484375, -0.46875, -0.453125, -0.4375, -0.421875, -0.40625, -0.390625, -0.375, -0.359375, -0.34375, -0.328125, -0.3125, -0.296875, -0.28125, -0.265625, -0.25, -0.234375, -0.21875, -0.203125, -0.1875, -0.171875, -0.15625, -0.140625, -0.125, -0.109375, -0.09375, -0.078125, -0.0625, -0.046875, -0.03125, -0.015625, 0.0, 0.015625, 0.03125, 0.046875, 0.0625, 0.078125, 0.09375, 0.109375, 0.125, 0.140625, 0.15625, 0.171875, 0.1875, 0.203125, 0.21875, 0.234375, 0.25, 0.265625, 0.28125, 0.296875, 0.3125, 0.328125, 0.34375, 0.359375, 0.375, 0.390625, 0.40625, 0.421875, 0.4375, 0.453125, 0.46875, 0.484375, 0.5]}, "params/['params']['last']['kernel']": {"_type": "histogram", "values": [2, 0, 0, 0, 0, 0, 37, 0, 0, 0, 0, 0, 2, 0, 0, 0, 0, 0, 0, 0, 0, 0, 0, 0, 0, 0, 0, 0, 0, 0, 0, 0, 0, 0, 0, 0, 0, 0, 0, 0, 0, 0, 0, 0, 0, 0, 0, 0, 0, 0, 0, 0, 0, 0, 0, 0, 0, 0, 0, 0, 0, 0, 0, 1], "bins": [-0.007412090431898832, -0.0062682111747562885, -0.005124332383275032, -0.003980453126132488, -0.0028365738689899445, -0.0016926946118474007, -0.0005488158203661442, 0.0005950634367763996, 0.0017389426939189434, 0.002882821951061487, 0.004026701208204031, 0.005170580465346575, 0.006314458791166544, 0.007458338048309088, 0.008602216839790344, 0.009746097028255463, 0.010889975354075432, 0.012033853679895401, 0.01317773386836052, 0.014321612194180489, 0.015465492382645607, 0.016609370708465576, 0.017753250896930695, 0.018897129222750664, 0.020041007548570633, 0.02118488773703575, 0.02232876606285572, 0.02347264625132084, 0.024616524577140808, 0.025760404765605927, 0.026904284954071045, 0.028048161417245865, 0.029192041605710983, 0.0303359217941761, 0.03147979825735092, 0.03262367844581604, 0.03376755863428116, 0.03491143882274628, 0.0360553152859211, 0.037199195474386215, 0.038343075662851334, 0.039486952126026154, 0.04063083231449127, 0.04177471250295639, 0.04291859269142151, 0.04406246915459633, 0.04520634934306145, 0.046350229531526566, 0.047494105994701385, 0.048637986183166504, 0.04978186637163162, 0.05092574656009674, 0.05206962302327156, 0.05321350321173668, 0.0543573834002018, 0.05550125986337662, 0.056645140051841736, 0.057789020240306854, 0.05893290042877197, 0.06007678061723709, 0.06122066080570221, 0.06236453354358673, 0.06350841373205185, 0.06465229392051697, 0.06579617410898209]}, "params/['params']['layers_0']['linear_layer']['bias']": {"_type": "histogram", "values": [0, 0, 0, 0, 0, 0, 0, 0, 0, 0, 0, 0, 0, 0, 0, 0, 0, 0, 0, 0, 0, 0, 0, 0, 0, 0, 0, 0, 0, 0, 0, 0, 24, 0, 0, 0, 0, 0, 0, 0, 0, 0, 0, 0, 0, 0, 0, 0, 0, 0, 0, 0, 0, 0, 0, 0, 0, 0, 0, 0, 0, 0, 0, 0], "bins": [-0.5, -0.484375, -0.46875, -0.453125, -0.4375, -0.421875, -0.40625, -0.390625, -0.375, -0.359375, -0.34375, -0.328125, -0.3125, -0.296875, -0.28125, -0.265625, -0.25, -0.234375, -0.21875, -0.203125, -0.1875, -0.171875, -0.15625, -0.140625, -0.125, -0.109375, -0.09375, -0.078125, -0.0625, -0.046875, -0.03125, -0.015625, 0.0, 0.015625, 0.03125, 0.046875, 0.0625, 0.078125, 0.09375, 0.109375, 0.125, 0.140625, 0.15625, 0.171875, 0.1875, 0.203125, 0.21875, 0.234375, 0.25, 0.265625, 0.28125, 0.296875, 0.3125, 0.328125, 0.34375, 0.359375, 0.375, 0.390625, 0.40625, 0.421875, 0.4375, 0.453125, 0.46875, 0.484375, 0.5]}, "params/['params']['layers_0']['linear_layer']['kernel']": {"_type": "histogram", "values": [1, 0, 0, 0, 1, 0, 0, 0, 0, 0, 0, 0, 0, 0, 0, 0, 0, 0, 0, 0, 0, 0, 0, 0, 0, 0, 0, 0, 0, 0, 0, 0, 0, 0, 0, 0, 0, 0, 0, 0, 0, 0, 0, 0, 0, 0, 0, 0, 0, 0, 0, 0, 0, 0, 0, 0, 0, 69, 0, 0, 0, 0, 0, 1], "bins": [-1.034972071647644, -1.0169806480407715, -0.9989892840385437, -0.9809978604316711, -0.9630064964294434, -0.9450150728225708, -0.9270236492156982, -0.9090322852134705, -0.8910408616065979, -0.8730494976043701, -0.8550580739974976, -0.837066650390625, -0.8190752863883972, -0.8010838627815247, -0.7830924987792969, -0.7651010751724243, -0.7471096515655518, -0.729118287563324, -0.7111269235610962, -0.6931354999542236, -0.6751440763473511, -0.6571526527404785, -0.6391612887382507, -0.621169924736023, -0.6031785011291504, -0.5851870775222778, -0.5671956539154053, -0.5492042899131775, -0.5312128663063049, -0.5132215023040771, -0.4952300786972046, -0.4772387146949768, -0.45924729108810425, -0.4412558674812317, -0.4232645034790039, -0.40527307987213135, -0.38728171586990356, -0.369290292263031, -0.35129886865615845, -0.33330750465393066, -0.3153160810470581, -0.2973247170448303, -0.27933329343795776, -0.2613418698310852, -0.24335050582885742, -0.22535908222198486, -0.20736771821975708, -0.18937629461288452, -0.17138493061065674, -0.15339350700378418, -0.13540208339691162, -0.11741071939468384, -0.09941929578781128, -0.0814279317855835, -0.06343650817871094, -0.04544508457183838, -0.02745366096496582, -0.009462356567382812, 0.008529067039489746, 0.026520490646362305, 0.04451191425323486, 0.06250333786010742, 0.08049464225769043, 0.09848606586456299, 0.11647751927375793]}, "params/['params']['layers_1']['linear_layer']['bias']": {"_type": "histogram", "values": [0, 0, 0, 0, 0, 0, 0, 0, 0, 0, 0, 0, 0, 0, 0, 0, 0, 0, 0, 0, 0, 0, 0, 0, 0, 0, 0, 0, 0, 0, 0, 0, 24, 0, 0, 0, 0, 0, 0, 0, 0, 0, 0, 0, 0, 0, 0, 0, 0, 0, 0, 0, 0, 0, 0, 0, 0, 0, 0, 0, 0, 0, 0, 0], "bins": [-0.5, -0.484375, -0.46875, -0.453125, -0.4375, -0.421875, -0.40625, -0.390625, -0.375, -0.359375, -0.34375, -0.328125, -0.3125, -0.296875, -0.28125, -0.265625, -0.25, -0.234375, -0.21875, -0.203125, -0.1875, -0.171875, -0.15625, -0.140625, -0.125, -0.109375, -0.09375, -0.078125, -0.0625, -0.046875, -0.03125, -0.015625, 0.0, 0.015625, 0.03125, 0.046875, 0.0625, 0.078125, 0.09375, 0.109375, 0.125, 0.140625, 0.15625, 0.171875, 0.1875, 0.203125, 0.21875, 0.234375, 0.25, 0.265625, 0.28125, 0.296875, 0.3125, 0.328125, 0.34375, 0.359375, 0.375, 0.390625, 0.40625, 0.421875, 0.4375, 0.453125, 0.46875, 0.484375, 0.5]}, "params/['params']['layers_1']['linear_layer']['kernel']": {"_type": "histogram", "values": [1, 0, 0, 0, 0, 0, 0, 0, 0, 0, 0, 0, 0, 0, 0, 0, 1, 0, 0, 0, 0, 1, 0, 0, 0, 0, 1, 1, 0, 0, 495, 0, 0, 0, 0, 0, 0, 0, 0, 0, 0, 0, 0, 0, 1, 0, 0, 0, 0, 0, 0, 0, 0, 0, 0, 0, 0, 0, 0, 0, 0, 1, 0, 2], "bins": [-3.0354573726654053, -2.936232805252075, -2.837008476257324, -2.737783908843994, -2.638559579849243, -2.539335012435913, -2.440110683441162, -2.340886116027832, -2.241661548614502, -2.142437219619751, -2.043212652206421, -1.9439882040023804, -1.8447637557983398, -1.7455393075942993, -1.6463147401809692, -1.5470902919769287, -1.4478658437728882, -1.3486413955688477, -1.2494169473648071, -1.150192379951477, -1.0509679317474365, -0.9517436027526855, -0.8525190353393555, -0.7532944679260254, -0.6540701389312744, -0.5548455715179443, -0.45562124252319336, -0.3563966751098633, -0.2571721076965332, -0.15794777870178223, -0.05872321128845215, 0.04050111770629883, 0.1397256851196289, 0.23895025253295898, 0.33817458152770996, 0.43739914894104004, 0.536623477935791, 0.6358480453491211, 0.7350726127624512, 0.8342969417572021, 0.9335215091705322, 1.0327460765838623, 1.1319701671600342, 1.2311947345733643, 1.3304193019866943, 1.4296438694000244, 1.5288684368133545, 1.6280925273895264, 1.7273170948028564, 1.8265416622161865, 1.9257662296295166, 2.0249907970428467, 2.1242148876190186, 2.2234394550323486, 2.3226640224456787, 2.421888589859009, 2.521113157272339, 2.6203372478485107, 2.719561815261841, 2.818786382675171, 2.918010950088501, 3.017235517501831, 3.116459608078003, 3.215684175491333, 3.314908742904663]}, "validation_loss": 2.1011478779087156e-08, "_wandb": {"runtime": 174}}