{"loss": 0.8890345692634583, "_timestamp": 1739300792.4682188, "_runtime": 11.704341888427734, "_step": 25, "params/['params']['last']['bias']": {"_type": "histogram", "values": [1, 0, 0, 0, 0, 0, 0, 0, 0, 0, 0, 0, 0, 0, 0, 0, 0, 0, 0, 0, 0, 0, 0, 0, 0, 0, 0, 0, 0, 0, 0, 0, 0, 0, 0, 0, 0, 0, 0, 0, 0, 0, 0, 0, 0, 0, 0, 0, 0, 0, 0, 0, 0, 0, 0, 0, 0, 0, 0, 0, 0, 0, 0, 1], "bins": [0.8937954902648926, 0.8954789042472839, 0.8971623182296753, 0.8988457322120667, 0.9005290865898132, 0.9022125005722046, 0.903895914554596, 0.9055793285369873, 0.9072627425193787, 0.90894615650177, 0.9106295108795166, 0.912312924861908, 0.9139963388442993, 0.9156797528266907, 0.917363166809082, 0.9190465807914734, 0.9207299947738647, 0.9224133491516113, 0.9240967631340027, 0.925780177116394, 0.9274635910987854, 0.9291470050811768, 0.9308304190635681, 0.9325137734413147, 0.934197187423706, 0.9358806014060974, 0.9375640153884888, 0.9392474293708801, 0.9409308433532715, 0.9426141977310181, 0.9442976117134094, 0.9459810256958008, 0.9476644396781921, 0.9493478536605835, 0.9510312676429749, 0.9527146816253662, 0.9543980360031128, 0.9560814499855042, 0.9577648639678955, 0.9594482779502869, 0.9611316919326782, 0.9628151059150696, 0.9644985198974609, 0.9661818742752075, 0.9678652882575989, 0.9695487022399902, 0.9712321162223816, 0.972915530204773, 0.9745988845825195, 0.9762822985649109, 0.9779657125473022, 0.9796491265296936, 0.981332540512085, 0.9830159544944763, 0.9846993684768677, 0.9863827228546143, 0.9880661368370056, 0.989749550819397, 0.9914329648017883, 0.9931163787841797, 0.994799792766571, 0.9964832067489624, 0.998166561126709, 0.9998499751091003, 1.0015333890914917]}, "params/['params']['last']['kernel']": {"_type": "histogram", "values": [0, 0, 0, 0, 0, 0, 0, 0, 0, 0, 0, 0, 0, 0, 0, 0, 0, 0, 0, 0, 0, 0, 0, 0, 0, 0, 0, 0, 0, 0, 0, 0, 42, 0, 0, 0, 0, 0, 0, 0, 0, 0, 0, 0, 0, 0, 0, 0, 0, 0, 0, 0, 0, 0, 0, 0, 0, 0, 0, 0, 0, 0, 0, 0], "bins": [-0.5, -0.484375, -0.46875, -0.453125, -0.4375, -0.421875, -0.40625, -0.390625, -0.375, -0.359375, -0.34375, -0.328125, -0.3125, -0.296875, -0.28125, -0.265625, -0.25, -0.234375, -0.21875, -0.203125, -0.1875, -0.171875, -0.15625, -0.140625, -0.125, -0.109375, -0.09375, -0.078125, -0.0625, -0.046875, -0.03125, -0.015625, 0.0, 0.015625, 0.03125, 0.046875, 0.0625, 0.078125, 0.09375, 0.109375, 0.125, 0.140625, 0.15625, 0.171875, 0.1875, 0.203125, 0.21875, 0.234375, 0.25, 0.265625, 0.28125, 0.296875, 0.3125, 0.328125, 0.34375, 0.359375, 0.375, 0.390625, 0.40625, 0.421875, 0.4375, 0.453125, 0.46875, 0.484375, 0.5]}, "params/['params']['layers_0']['linear_layer']['bias']": {"_type": "histogram", "values": [0, 0, 0, 0, 0, 0, 0, 0, 0, 0, 0, 0, 0, 0, 0, 0, 0, 0, 0, 0, 0, 0, 0, 0, 0, 0, 0, 0, 0, 0, 0, 0, 24, 0, 0, 0, 0, 0, 0, 0, 0, 0, 0, 0, 0, 0, 0, 0, 0, 0, 0, 0, 0, 0, 0, 0, 0, 0, 0, 0, 0, 0, 0, 0], "bins": [-0.5, -0.484375, -0.46875, -0.453125, -0.4375, -0.421875, -0.40625, -0.390625, -0.375, -0.359375, -0.34375, -0.328125, -0.3125, -0.296875, -0.28125, -0.265625, -0.25, -0.234375, -0.21875, -0.203125, -0.1875, -0.171875, -0.15625, -0.140625, -0.125, -0.109375, -0.09375, -0.078125, -0.0625, -0.046875, -0.03125, -0.015625, 0.0, 0.015625, 0.03125, 0.046875, 0.0625, 0.078125, 0.09375, 0.109375, 0.125, 0.140625, 0.15625, 0.171875, 0.1875, 0.203125, 0.21875, 0.234375, 0.25, 0.265625, 0.28125, 0.296875, 0.3125, 0.328125, 0.34375, 0.359375, 0.375, 0.390625, 0.40625, 0.421875, 0.4375, 0.453125, 0.46875, 0.484375, 0.5]}, "params/['params']['layers_0']['linear_layer']['kernel']": {"_type": "histogram", "values": [1, 0, 0, 0, 0, 0, 1, 1, 2, 1, 0, 1, 0, 0, 2, 0, 3, 0, 2, 1, 4, 1, 2, 1, 2, 2, 1, 2, 1, 2, 1, 4, 3, 3, 2, 1, 6, 2, 6, 4, 1, 2, 1, 1, 3, 5, 2, 0, 2, 3, 2, 2, 0, 0, 1, 0, 1, 0, 0, 1, 0, 3, 0, 1], "bins": [-1.0984934568405151, -1.0651251077651978, -1.0317567586898804, -0.9983884692192078, -0.9650201201438904, -0.931651771068573, -0.8982834815979004, -0.864915132522583, -0.8315467834472656, -0.7981784343719482, -0.7648100852966309, -0.7314417958259583, -0.6980734467506409, -0.6647050976753235, -0.6313368082046509, -0.5979684591293335, -0.5646001100540161, -0.5312317609786987, -0.49786341190338135, -0.46449512243270874, -0.43112677335739136, -0.397758424282074, -0.36439013481140137, -0.331021785736084, -0.2976534366607666, -0.2642850875854492, -0.23091673851013184, -0.19754844903945923, -0.16418009996414185, -0.13081175088882446, -0.09744346141815186, -0.06407511234283447, -0.03070676326751709, 0.002661585807800293, 0.036029934883117676, 0.06939828395843506, 0.10276663303375244, 0.13613486289978027, 0.16950321197509766, 0.20287156105041504, 0.23623991012573242, 0.2696082592010498, 0.3029766082763672, 0.33634495735168457, 0.3697131872177124, 0.4030815362930298, 0.43644988536834717, 0.46981823444366455, 0.5031865835189819, 0.5365549325942993, 0.5699232816696167, 0.6032916307449341, 0.6366599798202515, 0.6700282096862793, 0.7033965587615967, 0.7367649078369141, 0.7701332569122314, 0.8035016059875488, 0.8368699550628662, 0.8702383041381836, 0.9036065340042114, 0.9369748830795288, 0.9703432321548462, 1.0037115812301636, 1.037079930305481]}, "_wandb": {"runtime": 11}}