{"loss": 0.00010218600073130801, "_timestamp": 1739547698.3425167, "_runtime": 174.60356855392456, "_step": 405, "validation_loss": 0.00021136875147931278, "params/['params']['last']['bias']": {"_type": "histogram", "values": [1, 0, 0, 0, 0, 0, 0, 0, 0, 0, 0, 0, 0, 0, 0, 0, 0, 0, 0, 0, 0, 0, 0, 0, 0, 0, 0, 0, 0, 0, 0, 0, 0, 0, 0, 0, 0, 0, 0, 0, 0, 0, 0, 0, 0, 0, 0, 0, 0, 0, 0, 0, 0, 0, 0, 0, 0, 0, 0, 0, 0, 0, 0, 1], "bins": [0.0, 0.013166375458240509, 0.026332750916481018, 0.03949912637472153, 0.052665501832962036, 0.06583187729120255, 0.07899825274944305, 0.09216462820768356, 0.10533100366592407, 0.11849737912416458, 0.1316637545824051, 0.1448301374912262, 0.1579965054988861, 0.17116287350654602, 0.18432925641536713, 0.19749563932418823, 0.21066200733184814, 0.22382837533950806, 0.23699475824832916, 0.25016114115715027, 0.2633275091648102, 0.2764938771724701, 0.2896602749824524, 0.3028266429901123, 0.3159930109977722, 0.32915937900543213, 0.34232574701309204, 0.35549214482307434, 0.36865851283073425, 0.38182488083839417, 0.39499127864837646, 0.4081576466560364, 0.4213240146636963, 0.4344903826713562, 0.4476567506790161, 0.4608231484889984, 0.4739895164966583, 0.48715588450431824, 0.5003222823143005, 0.5134886503219604, 0.5266550183296204, 0.5398213863372803, 0.5529877543449402, 0.5661541223526001, 0.5793205499649048, 0.5924869179725647, 0.6056532859802246, 0.6188196539878845, 0.6319860219955444, 0.6451523900032043, 0.6583187580108643, 0.6714851260185242, 0.6846514940261841, 0.6978179216384888, 0.7109842896461487, 0.7241506576538086, 0.7373170256614685, 0.7504833936691284, 0.7636497616767883, 0.7768161296844482, 0.7899825572967529, 0.8031489253044128, 0.8163152933120728, 0.8294816613197327, 0.8426480293273926]}, "params/['params']['last']['kernel']": {"_type": "histogram", "values": [1, 0, 0, 0, 0, 0, 0, 0, 0, 0, 0, 0, 0, 0, 0, 0, 0, 0, 0, 0, 0, 0, 0, 1, 0, 0, 0, 0, 0, 0, 0, 0, 0, 1, 0, 0, 0, 0, 0, 0, 0, 0, 0, 0, 0, 0, 0, 0, 0, 0, 0, 0, 0, 0, 0, 0, 1, 22, 0, 0, 0, 0, 0, 4], "bins": [-0.41231924295425415, -0.40514129400253296, -0.39796337485313416, -0.39078542590141296, -0.3836074769496918, -0.37642955780029297, -0.3692516088485718, -0.3620736598968506, -0.3548957407474518, -0.3477177917957306, -0.3405398726463318, -0.3333619236946106, -0.3261839747428894, -0.3190060257911682, -0.3118281066417694, -0.3046501576900482, -0.2974722385406494, -0.2902942895889282, -0.28311634063720703, -0.27593839168548584, -0.26876047253608704, -0.26158252358436584, -0.25440460443496704, -0.24722665548324585, -0.24004870653152466, -0.23287077248096466, -0.22569283843040466, -0.21851490437984467, -0.21133695542812347, -0.20415902137756348, -0.19698108732700348, -0.1898031383752823, -0.1826252043247223, -0.1754472702741623, -0.1682693213224411, -0.1610913872718811, -0.1539134383201599, -0.1467355191707611, -0.13955757021903992, -0.13237962126731873, -0.12520170211791992, -0.11802375316619873, -0.11084580421447754, -0.10366788506507874, -0.09648993611335754, -0.08931198716163635, -0.08213406801223755, -0.07495611906051636, -0.06777817010879517, -0.06060025095939636, -0.05342230200767517, -0.04624438285827637, -0.039066433906555176, -0.031888484954833984, -0.02471056580543518, -0.01753261685371399, -0.010354667901992798, -0.003176748752593994, 0.004001200199127197, 0.011179149150848389, 0.018357068300247192, 0.025535017251968384, 0.032712966203689575, 0.03989088535308838, 0.04706883430480957]}, "params/['params']['layers_0']['linear_layer']['bias']": {"_type": "histogram", "values": [0, 0, 0, 0, 0, 0, 0, 0, 0, 0, 0, 0, 0, 0, 0, 0, 0, 0, 0, 0, 0, 0, 0, 0, 0, 0, 0, 0, 0, 0, 0, 0, 18, 0, 0, 0, 0, 0, 0, 0, 0, 0, 0, 0, 0, 0, 0, 0, 0, 0, 0, 0, 0, 0, 0, 0, 0, 0, 0, 0, 0, 0, 0, 0], "bins": [-0.5, -0.484375, -0.46875, -0.453125, -0.4375, -0.421875, -0.40625, -0.390625, -0.375, -0.359375, -0.34375, -0.328125, -0.3125, -0.296875, -0.28125, -0.265625, -0.25, -0.234375, -0.21875, -0.203125, -0.1875, -0.171875, -0.15625, -0.140625, -0.125, -0.109375, -0.09375, -0.078125, -0.0625, -0.046875, -0.03125, -0.015625, 0.0, 0.015625, 0.03125, 0.046875, 0.0625, 0.078125, 0.09375, 0.109375, 0.125, 0.140625, 0.15625, 0.171875, 0.1875, 0.203125, 0.21875, 0.234375, 0.25, 0.265625, 0.28125, 0.296875, 0.3125, 0.328125, 0.34375, 0.359375, 0.375, 0.390625, 0.40625, 0.421875, 0.4375, 0.453125, 0.46875, 0.484375, 0.5]}, "params/['params']['layers_0']['linear_layer']['kernel']": {"_type": "histogram", "values": [1, 0, 0, 1, 0, 0, 0, 0, 0, 0, 0, 0, 0, 0, 0, 0, 0, 0, 0, 0, 0, 0, 0, 0, 0, 0, 0, 0, 0, 0, 0, 32, 0, 0, 0, 0, 0, 0, 0, 0, 0, 0, 0, 0, 0, 0, 0, 0, 0, 0, 0, 0, 0, 1, 0, 0, 0, 0, 0, 0, 0, 0, 0, 1], "bins": [-0.3445625901222229, -0.33378735184669495, -0.3230121433734894, -0.3122369050979614, -0.30146169662475586, -0.2906864583492279, -0.27991122007369995, -0.2691360116004944, -0.25836077332496643, -0.24758554995059967, -0.2368103265762329, -0.22603508830070496, -0.2152598649263382, -0.20448464155197144, -0.19370940327644348, -0.18293417990207672, -0.17215895652770996, -0.1613837331533432, -0.15060850977897644, -0.1398332715034485, -0.12905804812908173, -0.11828282475471497, -0.10750758647918701, -0.09673236310482025, -0.08595713973045349, -0.07518190145492554, -0.06440669298171997, -0.05363145470619202, -0.04285621643066406, -0.032081007957458496, -0.021305769681930542, -0.010530561208724976, 0.0002446770668029785, 0.011019915342330933, 0.0217951238155365, 0.03257036209106445, 0.04334557056427002, 0.054120808839797974, 0.06489604711532593, 0.0756712555885315, 0.08644649386405945, 0.0972217321395874, 0.10799694061279297, 0.11877217888832092, 0.12954741716384888, 0.14032262563705444, 0.1510978639125824, 0.16187310218811035, 0.17264831066131592, 0.18342351913452148, 0.19419878721237183, 0.2049739956855774, 0.21574920415878296, 0.2265244722366333, 0.23729968070983887, 0.24807488918304443, 0.2588501572608948, 0.26962536573410034, 0.2804005742073059, 0.2911757826805115, 0.3019510507583618, 0.3127262592315674, 0.32350146770477295, 0.3342767357826233, 0.34505194425582886]}, "params/['params']['layers_1']['linear_layer']['bias']": {"_type": "histogram", "values": [1, 0, 0, 0, 0, 0, 0, 0, 0, 0, 0, 0, 0, 0, 0, 0, 0, 0, 0, 0, 0, 0, 0, 0, 0, 0, 0, 0, 0, 0, 0, 0, 0, 0, 0, 0, 0, 0, 0, 0, 0, 0, 0, 0, 0, 0, 0, 0, 0, 0, 0, 0, 0, 0, 0, 0, 0, 0, 0, 0, 0, 0, 0, 17], "bins": [-0.011629928834736347, -0.011448211036622524, -0.011266493238508701, -0.011084776371717453, -0.01090305857360363, -0.010721340775489807, -0.010539622977375984, -0.010357905179262161, -0.010176187381148338, -0.009994469583034515, -0.009812752716243267, -0.009631034918129444, -0.009449317120015621, -0.009267599321901798, -0.00908588245511055, -0.008904164656996727, -0.008722446858882904, -0.008540729060769081, -0.008359011262655258, -0.008177293464541435, -0.007995575666427612, -0.00781385786831379, -0.007632141001522541, -0.007450423203408718, -0.007268705405294895, -0.0070869880728423595, -0.006905270274728537, -0.006723552476614714, -0.006541835144162178, -0.006360117346048355, -0.006178399547934532, -0.0059966822154819965, -0.005814964417368174, -0.005633246619254351, -0.005451529286801815, -0.005269811488687992, -0.005088093690574169, -0.0049063763581216335, -0.004724658560007811, -0.004542940761893988, -0.004361223429441452, -0.004179505631327629, -0.003997787833213806, -0.003816070035099983, -0.003634353168308735, -0.003452635370194912, -0.003270917572081089, -0.003089199773967266, -0.002907481975853443, -0.00272576417773962, -0.002544047310948372, -0.002362329512834549, -0.002180611714720726, -0.001998893916606903, -0.0018171761184930801, -0.0016354583203792572, -0.0014537414535880089, -0.001272023655474186, -0.001090305857360363, -0.0009085880592465401, -0.0007268702611327171, -0.0005451524630188942, -0.0003634355962276459, -0.00018171779811382294, 0.0]}, "params/['params']['layers_1']['linear_layer']['kernel']": {"_type": "histogram",