{"_step":400,"loss":1.3911595488025341e-05,"_timestamp":1.7405939720181718e+09,"validation_loss":1.4277294212661218e-05,"params":{"params":{"last":{"kernel":[[0,0],[0,-0.03365998715162277],[0,0],[0,0],[-0.20274336636066437,0],[0,-0.03487668186426163],[0,0],[0,0],[-0.20269359648227692,0],[0,-0.04599805921316147],[0,0],[0,0],[-0.23378978669643402,0],[0,0],[0,0]],"bias":[0,0.5196470618247986]},"layers_0":{"linear_layer":{"bias":[0,0,0,0,0,0,0,0,0,0,0,0,0,0,0,0,0,0],"kernel":{"_type":"histogram","values":[2,1,0,0,0,0,48,1,0,0,0,0,0,0,0,0,0,0,0,0,0,0,0,0,0,0,0,0,0,0,1,1],"bins":[-0.4214074909687042,-0.3537275195121765,-0.2860475182533264,-0.2183675318956375,-0.1506875455379486,-0.08300754427909851,-0.0153275728225708,0.05235239863395691,0.120032399892807,0.1877124011516571,0.2553924024105072,0.3230723440647125,0.3907523453235626,0.4584323465824127,0.5261123180389404,0.5937923192977905,0.6614723205566406,0.7291523218154907,0.7968323230743408,0.8645123243331909,0.932192325592041,0.9998722076416016,1.0675522089004517,1.1352322101593018,1.2029122114181519,1.270592212677002,1.338272213935852,1.4059522151947021,1.4736320972442627,1.5413120985031128,1.608992099761963,1.6766722202301025,1.744352102279663]}}},"layers_1":{"linear_layer":{"bias":[0,0,0,0,0,0,0,0,0,0,0,0,0,0,0,0,0,0],"kernel":{"values":[1,0,0,1,1,0,0,0,0,0,0,0,1,2,0,250,2,1,3,1,1,1,0,1,0,0,0,0,2,0,1,1],"bins":[-1.8806978464126587,-1.7609481811523438,-1.6411983966827393,-1.5214487314224243,-1.4016990661621094,-1.2819494009017944,-1.1621997356414795,-1.042449951171875,-0.9227002859115601,-0.8029506206512451,-0.6832009553909302,-0.5634511709213257,-0.44370150566101074,-0.3239518404006958,-0.2042020559310913,-0.08445239067077637,0.035297274589538574,0.15504705905914307,0.27479660511016846,0.39454638957977295,0.5142959356307983,0.6340457201004028,0.7537955045700073,0.8735450506210327,0.9932948350906372,1.1130446195602417,1.232794165611267,1.3525439500808716,1.472293734550476,1.5920432806015015,1.711793065071106,1.8315426111221313,1.9512922763824463],"_type":"histogram"}}}}},"_wandb":{"runtime":149},"_runtime":147.9792095}