{"loss": 0.00021394823852460831, "_timestamp": 1739369907.1807368, "_runtime": 175.5708248615265, "_step": 404, "params/['params']['last']['bias']": {"_type": "histogram", "values": [0, 0, 0, 0, 0, 0, 0, 0, 0, 0, 0, 0, 0, 0, 0, 0, 0, 0, 0, 0, 0, 0, 0, 0, 0, 0, 0, 0, 0, 0, 0, 0, 2, 0, 0, 0, 0, 0, 0, 0, 0, 0, 0, 0, 0, 0, 0, 0, 0, 0, 0, 0, 0, 0, 0, 0, 0, 0, 0, 0, 0, 0, 0, 0], "bins": [-0.5, -0.484375, -0.46875, -0.453125, -0.4375, -0.421875, -0.40625, -0.390625, -0.375, -0.359375, -0.34375, -0.328125, -0.3125, -0.296875, -0.28125, -0.265625, -0.25, -0.234375, -0.21875, -0.203125, -0.1875, -0.171875, -0.15625, -0.140625, -0.125, -0.109375, -0.09375, -0.078125, -0.0625, -0.046875, -0.03125, -0.015625, 0.0, 0.015625, 0.03125, 0.046875, 0.0625, 0.078125, 0.09375, 0.109375, 0.125, 0.140625, 0.15625, 0.171875, 0.1875, 0.203125, 0.21875, 0.234375, 0.25, 0.265625, 0.28125, 0.296875, 0.3125, 0.328125, 0.34375, 0.359375, 0.375, 0.390625, 0.40625, 0.421875, 0.4375, 0.453125, 0.46875, 0.484375, 0.5]}, "params/['params']['last']['kernel']": {"_type": "histogram", "values": [2, 0, 0, 0, 0, 0, 0, 0, 0, 0, 0, 0, 0, 0, 0, 0, 0, 0, 0, 0, 39, 0, 0, 0, 0, 0, 0, 0, 0, 0, 0, 0, 0, 0, 0, 0, 0, 0, 0, 0, 0, 0, 0, 0, 0, 0, 0, 0, 0, 0, 0, 0, 0, 0, 0, 0, 0, 0, 0, 0, 0, 0, 0, 1], "bins": [-0.008743705227971077, -0.008326554670929909, -0.007909405045211315, -0.007492254488170147, -0.007075103931128979, -0.006657953839749098, -0.006240803748369217, -0.005823653191328049, -0.0054065026342868805, -0.004989352542907, -0.004572202451527119, -0.0041550518944859505, -0.0037379018031060696, -0.0033207512460649014, -0.0029036011546850204, -0.0024864505976438522, -0.0020693005062639713, -0.0016521504148840904, -0.0012349998578429222, -0.000817849300801754, -0.0004006996750831604, 1.6450881958007812e-05, 0.000433601438999176, 0.0008507519960403442, 0.0012679016217589378, 0.001685052178800106, 0.0021022027358412743, 0.002519352361559868, 0.002936502918601036, 0.0033536534756422043, 0.0037708040326833725, 0.004187953658401966, 0.004605104215443134, 0.0050222547724843025, 0.005439404398202896, 0.005856554955244064, 0.0062737055122852325, 0.006690856069326401, 0.007108006626367569, 0.007525157183408737, 0.007942305877804756, 0.008359456434845924, 0.008776606991887093, 0.00919375754892826, 0.009610908105969429, 0.010028058663010597, 0.010445209220051765, 0.010862357914447784, 0.011279508471488953, 0.01169665902853012, 0.012113809585571289, 0.012530960142612457, 0.012948110699653625, 0.013365261256694794, 0.013782409951090813, 0.014199560508131981, 0.014616711065173149, 0.015033861622214317, 0.015451012179255486, 0.015868162736296654, 0.016285313293337822, 0.01670246198773384, 0.01711961254477501, 0.017536763101816177, 0.017953913658857346]}, "params/['params']['layers_0']['linear_layer']['bias']": {"_type": "histogram", "values": [0, 0, 0, 0, 0, 0, 0, 0, 0, 0, 0, 0, 0, 0, 0, 0, 0, 0, 0, 0, 0, 0, 0, 0, 0, 0, 0, 0, 0, 0, 0, 0, 24, 0, 0, 0, 0, 0, 0, 0, 0, 0, 0, 0, 0, 0, 0, 0, 0, 0, 0, 0, 0, 0, 0, 0, 0, 0, 0, 0, 0, 0, 0, 0], "bins": [-0.5, -0.484375, -0.46875, -0.453125, -0.4375, -0.421875, -0.40625, -0.390625, -0.375, -0.359375, -0.34375, -0.328125, -0.3125, -0.296875, -0.28125, -0.265625, -0.25, -0.234375, -0.21875, -0.203125, -0.1875, -0.171875, -0.15625, -0.140625, -0.125, -0.109375, -0.09375, -0.078125, -0.0625, -0.046875, -0.03125, -0.015625, 0.0, 0.015625, 0.03125, 0.046875, 0.0625, 0.078125, 0.09375, 0.109375, 0.125, 0.140625, 0.15625, 0.171875, 0.1875, 0.203125, 0.21875, 0.234375, 0.25, 0.265625, 0.28125, 0.296875, 0.3125, 0.328125, 0.34375, 0.359375, 0.375, 0.390625, 0.40625, 0.421875, 0.4375, 0.453125, 0.46875, 0.484375, 0.5]}, "params/['params']['layers_0']['linear_layer']['kernel']": {"_type": "histogram", "values": [1, 0, 0, 0, 0, 0, 0, 0, 0, 0, 0, 0, 0, 0, 0, 0, 0, 0, 0, 0, 0, 0, 0, 0, 0, 46, 0, 0, 0, 0, 0, 0, 0, 0, 0, 0, 0, 0, 0, 0, 0, 0, 0, 0, 0, 0, 0, 0, 0, 0, 0, 0, 0, 0, 0, 0, 0, 0, 0, 0, 0, 0, 0, 1], "bins": [-0.507271945476532, -0.48725616931915283, -0.4672403633594513, -0.44722455739974976, -0.4272087812423706, -0.40719300508499146, -0.3871771991252899, -0.3671613931655884, -0.34714561700820923, -0.3271298408508301, -0.30711403489112854, -0.287098228931427, -0.26708245277404785, -0.2470666766166687, -0.22705087065696716, -0.20703506469726562, -0.18701928853988647, -0.16700351238250732, -0.1469877064228058, -0.12697190046310425, -0.1069561243057251, -0.08694034814834595, -0.06692454218864441, -0.04690873622894287, -0.02689296007156372, -0.00687718391418457, 0.01313859224319458, 0.033154428005218506, 0.053170204162597656, 0.0731859803199768, 0.09320181608200073, 0.11321759223937988, 0.13323336839675903, 0.15324914455413818, 0.17326492071151733, 0.19328075647354126, 0.2132965326309204, 0.23331230878829956, 0.2533281445503235, 0.27334392070770264, 0.2933596968650818, 0.31337547302246094, 0.3333912491798401, 0.353407084941864, 0.37342286109924316, 0.3934386372566223, 0.41345447301864624, 0.4334702491760254, 0.45348602533340454, 0.4735018014907837, 0.49351757764816284, 0.5135334134101868, 0.5335491299629211, 0.5535649657249451, 0.573580801486969, 0.5935965180397034, 0.6136123538017273, 0.6336281895637512, 0.6536439061164856, 0.6736597418785095, 0.6936755776405334, 0.7136912941932678, 0.7337071299552917, 0.7537228465080261, 0.7737387418746948]}, "params/['params']['layers_1']['linear_layer']['bias']": {"_type": "histogram", "values": [0, 0, 0, 0, 0, 0, 0, 0, 0, 0, 0, 0, 0, 0, 0, 0, 0, 0, 0, 0, 0, 0, 0, 0, 0, 0, 0, 0, 0, 0, 0, 0, 24, 0, 0, 0, 0, 0, 0, 0, 0, 0, 0, 0, 0, 0, 0, 0, 0, 0, 0, 0, 0, 0, 0, 0, 0, 0, 0, 0, 0, 0, 0, 0], "bins": [-0.5, -0.484375, -0.46875, -0.453125, -0.4375, -0.421875, -0.40625, -0.390625, -0.375, -0.359375, -0.34375, -0.328125, -0.3125, -0.296875, -0.28125, -0.265625, -0.25, -0.234375, -0.21875, -0.203125, -0.1875, -0.171875, -0.15625, -0.140625, -0.125, -0.109375, -0.09375, -0.078125, -0.0625, -0.046875, -0.03125, -0.015625, 0.0, 0.015625, 0.03125, 0.046875, 0.0625, 0.078125, 0.09375, 0.109375, 0.125, 0.140625, 0.15625, 0.171875, 0.1875, 0.203125, 0.21875, 0.234375, 0.25, 0.265625, 0.28125, 0.296875, 0.3125, 0.328125, 0.34375, 0.359375, 0.375, 0.390625, 0.40625, 0.421875, 0.4375, 0.453125, 0.46875, 0.484375, 0.5]}, "params/['params']['layers_1']['linear_layer']['kernel']": {"_type": "histogram", "values": [1, 0, 0, 0, 0, 0, 0, 0, 0, 0, 0, 0, 0, 0, 0, 0, 0, 0, 0, 0, 0, 0, 0, 0, 0, 1, 0, 0, 1, 1, 0, 0, 494, 1, 0, 1, 0, 0, 0, 1, 0, 0, 0, 0, 0, 0, 0, 0, 0, 2, 0, 0, 0, 0, 0, 0, 0, 0, 0, 0, 0, 0, 0, 1], "bins": [-4.059889316558838, -3.9330179691314697, -3.8061466217041016, -3.6792752742767334, -3.5524039268493652, -3.425532817840576, -3.298661470413208, -3.17179012298584, -3.0449187755584717, -2.9180474281311035, -2.7911760807037354, -2.664304733276367, -2.537433624267578, -2.410562038421631, -2.283690929412842, -2.1568195819854736, -2.0299482345581055, -1.9030768871307373, -1.7762055397033691, -1.649334192276001, -1.5224628448486328, -1.3955917358398438, -1.2687203884124756, -1.1418490409851074, -1.0149776935577393, -0.8881063461303711, -0.7612349987030029, -0.6343636512756348, -0.5074925422668457, -0.38062119483947754, -0.2537498474121094, -0.1268784999847412, -7.152557373046875e-06, 0.12686395645141602, 0.2537355422973633, 0.38060665130615234, 0.5074782371520996, 0.6343493461608887, 0.7612209320068359, 0.888092041015625, 1.0149636268615723, 1.1418347358703613, 1.2687058448791504, 1.3955774307250977, 1.5224485397338867, 1.649320125579834, 1.776191234588623, 1.9030628204345703, 2.0299339294433594, 2.1568050384521484, 2.2836766242980957, 2.4105477333068848, 2.537419319152832, 2.664290428161621, 2.7911620140075684, 2.9180331230163574, 3.0449042320251465, 3.1717758178710938, 3.298646926879883, 3.42551851272583, 3.552389621734619, 3.6792612075805664, 3.8061323165893555, 3.9330039024353027, 4.059875011444092]}, "_wandb": {"runtime": 175}}