{"loss": 0.03104524500668049, "_timestamp": 1739300581.5567484, "_runtime": 19.452710390090942, "_step": 25, "params/['params']['last']['bias']": {"_type": "histogram", "values": [1, 0, 0, 0, 0, 0, 0, 0, 0, 0, 0, 0, 0, 0, 0, 0, 0, 0, 0, 0, 0, 0, 0, 0, 0, 0, 0, 0, 0, 0, 0, 0, 0, 0, 0, 0, 0, 0, 0, 0, 0, 0, 0, 0, 0, 0, 0, 0, 0, 0, 0, 0, 0, 0, 0, 0, 0, 0, 0, 0, 0, 0, 0, 1], "bins": [0.8769257664680481, 0.8789451718330383, 0.8809645771980286, 0.8829839825630188, 0.885003387928009, 0.8870227932929993, 0.8890421986579895, 0.891061544418335, 0.8930809497833252, 0.8951003551483154, 0.8971197605133057, 0.8991391658782959, 0.9011585712432861, 0.9031779766082764, 0.9051973819732666, 0.9072167873382568, 0.9092361927032471, 0.9112555980682373, 0.9132750034332275, 0.9152944087982178, 0.9173137545585632, 0.9193331599235535, 0.9213525652885437, 0.9233719706535339, 0.9253913760185242, 0.9274107813835144, 0.9294301867485046, 0.9314495921134949, 0.9334689974784851, 0.9354884028434753, 0.9375078082084656, 0.9395272135734558, 0.9415465593338013, 0.9435659646987915, 0.9455853700637817, 0.947604775428772, 0.9496241807937622, 0.9516435861587524, 0.9536629915237427, 0.9556823968887329, 0.9577018022537231, 0.9597212076187134, 0.9617406129837036, 0.9637600183486938, 0.9657794237136841, 0.9677988290786743, 0.9698181748390198, 0.97183758020401, 0.9738569855690002, 0.9758763909339905, 0.9778957962989807, 0.979915201663971, 0.9819346070289612, 0.9839540123939514, 0.9859734177589417, 0.9879928231239319, 0.9900122284889221, 0.9920315742492676, 0.9940509796142578, 0.996070384979248, 0.9980897903442383, 1.0001091957092285, 1.0021286010742188, 1.004148006439209, 1.0061674118041992]}, "params/['params']['last']['kernel']": {"_type": "histogram", "values": [1, 0, 0, 0, 0, 0, 1, 0, 2, 0, 0, 1, 1, 0, 0, 0, 0, 1, 1, 2, 0, 1, 0, 0, 0, 0, 1, 0, 0, 0, 0, 0, 0, 0, 5, 3, 11, 0, 1, 0, 0, 0, 0, 0, 0, 0, 0, 2, 1, 0, 0, 0, 0, 0, 0, 1, 0, 0, 1, 1, 1, 1, 1, 1], "bins": [-0.2705421447753906, -0.26293715834617615, -0.25533220171928406, -0.24772721529006958, -0.2401222437620163, -0.232517272233963, -0.22491228580474854, -0.21730731427669525, -0.20970234274864197, -0.2020973563194275, -0.1944923847913742, -0.18688741326332092, -0.17928242683410645, -0.17167747020721436, -0.16407248377799988, -0.1564675122499466, -0.1488625407218933, -0.14125755429267883, -0.13365258276462555, -0.12604761123657227, -0.11844262480735779, -0.1108376532793045, -0.10323268175125122, -0.09562771022319794, -0.08802272379398346, -0.08041775226593018, -0.07281278073787689, -0.06520779430866241, -0.05760282278060913, -0.04999785125255585, -0.042392879724502563, -0.034787893295288086, -0.027182921767234802, -0.01957795023918152, -0.011972963809967041, -0.004368007183074951, 0.0032369792461395264, 0.010841965675354004, 0.018446922302246094, 0.02605190873146057, 0.03365689516067505, 0.04126185178756714, 0.048866838216781616, 0.056471824645996094, 0.06407678127288818, 0.07168176770210266, 0.07928672432899475, 0.08689171075820923, 0.0944966971874237, 0.1021016538143158, 0.10970664024353027, 0.11731162667274475, 0.12491658329963684, 0.13252156972885132, 0.1401265561580658, 0.14773151278495789, 0.15533649921417236, 0.16294148564338684, 0.17054644227027893, 0.1781514286994934, 0.1857563853263855, 0.19336137175559998, 0.20096635818481445, 0.20857131481170654, 0.21617630124092102]}, "params/['params']['layers_0']['linear_layer']['bias']": {"_type": "histogram", "values": [2, 4, 0, 3, 3, 1, 0, 0, 0, 0, 0, 0, 0, 0, 0, 0, 0, 0, 0, 0, 0, 0, 0, 0, 0, 1, 0, 0, 0, 0, 0, 0, 3, 0, 0, 0, 0, 1, 0, 0, 0, 0, 0, 0, 0, 0, 0, 0, 0, 0, 0, 0, 0, 0, 0, 0, 0, 0, 0, 0, 1, 1, 0, 4], "bins": [-0.2030220329761505, -0.19677621126174927, -0.19053038954734802, -0.18428456783294678, -0.17803874611854553, -0.17179293930530548, -0.16554711759090424, -0.159301295876503, -0.15305547416210175, -0.1468096524477005, -0.14056383073329926, -0.1343180239200592, -0.12807220220565796, -0.12182637304067612, -0.11558055877685547, -0.10933473706245422, -0.10308891534805298, -0.09684309363365173, -0.09059727191925049, -0.08435145765542984, -0.0781056359410286, -0.07185982167720795, -0.0656139999628067, -0.05936817824840546, -0.05312235653400421, -0.046876534819602966, -0.04063071310520172, -0.034384891390800476, -0.028139084577560425, -0.02189326286315918, -0.015647441148757935, -0.00940161943435669, -0.0031557977199554443, 0.0030900239944458008, 0.009335845708847046, 0.015581667423248291, 0.021827489137649536, 0.028073295950889587, 0.03431911766529083, 0.04056493937969208, 0.04681076109409332, 0.053056567907333374, 0.05930238962173462, 0.06554821133613586, 0.07179403305053711, 0.07803985476493835, 0.0842856764793396, 0.09053149819374084, 0.09677731990814209, 0.10302314162254333, 0.10926896333694458, 0.11551478505134583, 0.12176060676574707, 0.12800642848014832, 0.13425225019454956, 0.1404980719089508, 0.14674386382102966, 0.1529896855354309, 0.15923550724983215, 0.1654813289642334, 0.17172715067863464, 0.1779729723930359, 0.18421879410743713, 0.19046461582183838, 0.19671042263507843]}, "params/['params']['layers_0']['linear_layer']['kernel']": {"_type": "histogram", "values": [1, 0, 0, 0, 0, 0, 0, 0, 1, 0, 0, 0, 1, 1, 0, 2, 1, 0, 2, 3, 2, 3, 2, 2, 2, 0, 0, 1, 2, 2, 1, 0, 1, 1, 14, 1, 5, 3, 5, 1, 4, 2, 1, 4, 4, 2, 3, 2, 1, 0, 0, 2, 2, 1, 3, 0, 1, 1, 0, 0, 0, 1, 1, 1], "bins": [-1.3505537509918213, -1.3119585514068604, -1.2733632326126099, -1.234768033027649, -1.196172833442688, -1.1575775146484375, -1.1189823150634766, -1.0803871154785156, -1.0417917966842651, -1.0031965970993042, -0.9646013379096985, -0.9260060787200928, -0.8874108791351318, -0.8488156199455261, -0.8102203607559204, -0.7716251611709595, -0.7330299019813538, -0.694434642791748, -0.6558394432067871, -0.6172441840171814, -0.5786489248275757, -0.5400537252426147, -0.501458466053009, -0.4628632068634033, -0.4242680072784424, -0.38567274808883667, -0.34707748889923096, -0.30848228931427, -0.26988697052001953, -0.2312917709350586, -0.19269657135009766, -0.15410125255584717, -0.11550605297088623, -0.07691085338592529, -0.038315534591674805, 0.0002796649932861328, 0.03887486457824707, 0.07747018337249756, 0.1160653829574585, 0.15466058254241943, 0.19325590133666992, 0.23185110092163086, 0.2704463005065918, 0.3090416193008423, 0.3476368188858032, 0.38623201847076416, 0.42482733726501465, 0.4634225368499756, 0.5020177364349365, 0.540613055229187, 0.579208254814148, 0.6178035736083984, 0.6563987731933594, 0.6949939727783203, 0.7335891723632812, 0.7721843719482422, 0.8107798099517822, 0.8493750095367432, 0.8879702091217041, 0.926565408706665, 0.965160608291626, 1.003755807876587, 1.042351245880127, 1.080946445465088, 1.1195416450500488]}, "_wandb": {"runtime": 18}}