{"loss": 0.004085615277290344, "_timestamp": 1739303423.1710284, "_runtime": 199.0811004638672, "_step": 27, "params/['params']['last']['bias']": {"_type": "histogram", "values": [1, 0, 0, 0, 0, 0, 0, 0, 0, 0, 0, 0, 0, 0, 0, 0, 0, 0, 0, 0, 0, 0, 0, 0, 0, 0, 0, 0, 0, 0, 0, 0, 0, 0, 0, 0, 0, 0, 0, 0, 0, 0, 0, 0, 0, 0, 0, 0, 0, 0, 0, 0, 0, 0, 0, 0, 0, 0, 0, 0, 0, 0, 0, 1], "bins": [0.8807071447372437, 0.8826658129692078, 0.8846244812011719, 0.8865832090377808, 0.8885418772697449, 0.890500545501709, 0.8924592137336731, 0.8944178819656372, 0.8963766098022461, 0.8983352780342102, 0.9002939462661743, 0.9022526144981384, 0.9042112827301025, 0.9061699509620667, 0.9081286787986755, 0.9100873470306396, 0.9120460152626038, 0.9140046834945679, 0.915963351726532, 0.9179220795631409, 0.919880747795105, 0.9218394160270691, 0.9237980842590332, 0.9257567524909973, 0.9277154207229614, 0.9296741485595703, 0.9316328167915344, 0.9335914850234985, 0.9355501532554626, 0.9375088214874268, 0.9394675493240356, 0.9414262175559998, 0.9433848857879639, 0.945343554019928, 0.9473022222518921, 0.949260950088501, 0.9512196183204651, 0.9531782865524292, 0.9551369547843933, 0.9570956230163574, 0.9590543508529663, 0.9610130190849304, 0.9629716873168945, 0.9649303555488586, 0.9668890237808228, 0.9688477516174316, 0.9708064198493958, 0.9727650880813599, 0.974723756313324, 0.9766824245452881, 0.9786410927772522, 0.9805997610092163, 0.9825584888458252, 0.9845171570777893, 0.9864758253097534, 0.9884344935417175, 0.9903931617736816, 0.9923518896102905, 0.9943105578422546, 0.9962692260742188, 0.9982278943061829, 1.000186562538147, 1.0021452903747559, 1.0041038990020752, 1.006062626838684]}, "params/['params']['last']['kernel']": {"_type": "histogram", "values": [1, 0, 0, 0, 0, 0, 0, 0, 0, 0, 0, 0, 0, 0, 0, 1, 0, 0, 0, 0, 0, 1, 0, 0, 0, 1, 0, 1, 0, 0, 0, 0, 0, 0, 0, 0, 0, 0, 0, 0, 0, 0, 1, 0, 5, 0, 0, 0, 0, 0, 0, 0, 0, 0, 0, 0, 0, 0, 0, 0, 0, 0, 0, 1], "bins": [-0.3573147654533386, -0.3491380512714386, -0.3409613370895386, -0.33278462290763855, -0.3246079087257385, -0.3164311647415161, -0.3082544505596161, -0.30007773637771606, -0.29190102219581604, -0.283724308013916, -0.275547593832016, -0.26737087965011597, -0.25919413566589355, -0.2510174512863159, -0.2428407073020935, -0.23466399312019348, -0.22648727893829346, -0.21831056475639343, -0.2101338505744934, -0.2019571214914322, -0.19378040730953217, -0.18560369312763214, -0.17742696404457092, -0.1692502498626709, -0.16107353568077087, -0.15289682149887085, -0.14472010731697083, -0.1365433782339096, -0.12836666405200958, -0.12018994987010956, -0.11201322078704834, -0.10383650660514832, -0.09565979242324829, -0.08748307824134827, -0.07930636405944824, -0.07112964987754822, -0.0629529356956482, -0.05477619171142578, -0.04659947752952576, -0.03842276334762573, -0.030246049165725708, -0.022069334983825684, -0.01389262080192566, -0.005715906620025635, 0.0024608373641967773, 0.010637551546096802, 0.018814265727996826, 0.02699097990989685, 0.035167694091796875, 0.0433444082736969, 0.051521122455596924, 0.05969783663749695, 0.06787455081939697, 0.07605129480361938, 0.08422800898551941, 0.09240472316741943, 0.10058143734931946, 0.10875815153121948, 0.1169348657131195, 0.12511157989501953, 0.13328832387924194, 0.14146503806114197, 0.149641752243042, 0.15781843662261963, 0.16599519550800323]}, "params/['params']['layers_0']['linear_layer']['bias']": {"_type": "histogram", "values": [1, 0, 0, 0, 0, 0, 0, 0, 0, 0, 0, 0, 0, 1, 0, 0, 0, 0, 0, 0, 0, 0, 0, 1, 0, 0, 0, 0, 0, 0, 1, 0, 0, 0, 0, 0, 0, 0, 0, 0, 1, 0, 0, 0, 0, 0, 0, 0, 0, 0, 0, 0, 0, 0, 0, 0, 0, 0, 0, 0, 0, 0, 0, 3], "bins": [-0.6474508047103882, -0.6325238347053528, -0.6175968050956726, -0.6026698350906372, -0.587742805480957, -0.5728158354759216, -0.5578888058662415, -0.542961835861206, -0.5280348062515259, -0.5131078362464905, -0.4981808364391327, -0.4832538366317749, -0.4683268368244171, -0.4533998370170593, -0.4384728670120239, -0.42354583740234375, -0.40861886739730835, -0.39369186758995056, -0.3787648677825928, -0.363837867975235, -0.3489108681678772, -0.3339838683605194, -0.3190568685531616, -0.30412986874580383, -0.28920286893844604, -0.27427586913108826, -0.25934886932373047, -0.24442189931869507, -0.22949489951133728, -0.2145678997039795, -0.1996408998966217, -0.18471390008926392, -0.16978690028190613, -0.15485990047454834, -0.13993293046951294, -0.12500590085983276, -0.11007893085479736, -0.09515190124511719, -0.08022493124008179, -0.06529790163040161, -0.05037093162536621, -0.035443902015686035, -0.020516932010650635, -0.005589962005615234, 0.009337067604064941, 0.024264037609100342, 0.03919106721878052, 0.05411803722381592, 0.0690450668334961, 0.0839720368385315, 0.09889906644821167, 0.11382603645324707, 0.12875306606292725, 0.14368003606796265, 0.15860700607299805, 0.17353403568267822, 0.18846100568771362, 0.2033880352973938, 0.2183150053024292, 0.23324203491210938, 0.24816900491714478, 0.26309603452682495, 0.27802300453186035, 0.2929500341415405, 0.3078770041465759]}, "params/['params']['layers_0']['linear_layer']['kernel']": {"_type": "histogram", "values": [1, 0, 0, 0, 0, 0, 0, 0, 0, 0, 0, 0, 0, 0, 0, 1, 2, 0, 1, 1, 0, 0, 0, 0, 0, 0, 0, 0, 0, 0, 0, 0, 0, 0, 0, 1, 0, 0, 1, 0, 0, 0, 0, 0, 0, 0, 0, 0, 1, 0, 1, 1, 1, 2, 0, 0, 1, 0, 0, 0, 0, 0, 0, 1], "bins": [-1.6870561838150024, -1.6372907161712646, -1.5875253677368164, -1.5377599000930786, -1.4879944324493408, -1.4382290840148926, -1.3884636163711548, -1.338698148727417, -1.2889328002929688, -1.2391674518585205, -1.1894019842147827, -1.139636516571045, -1.0898711681365967, -1.0401057004928589, -0.9903402328491211, -0.9405748248100281, -0.8908094167709351, -0.841044008731842, -0.791278600692749, -0.7415131330490112, -0.6917477250099182, -0.6419823169708252, -0.5922168493270874, -0.5424515008926392, -0.49268603324890137, -0.4429205656051636, -0.39315521717071533, -0.34338974952697754, -0.29362428188323975, -0.2438589334487915, -0.1940934658050537, -0.14432811737060547, -0.09456264972686768, -0.04479718208312988, 0.004968166351318359, 0.05473363399505615, 0.1044989824295044, 0.1542644500732422, 0.20402991771697998, 0.2537952661514282, 0.303560733795166, 0.3533262014389038, 0.40309154987335205, 0.4528568983078003, 0.5026224851608276, 0.5523878335952759, 0.6021531820297241, 0.6519187688827515, 0.7016841173171997, 0.751449465751648, 0.8012150526046753, 0.8509804010391235, 0.9007457494735718, 0.9505113363265991, 1.0002766847610474, 1.0500420331954956, 1.099807620048523, 1.1495729684829712, 1.1993383169174194, 1.2491036653518677, 1.298869252204895, 1.3486346006393433, 1.3983999490737915, 1.4481655359268188, 1.4979310035705566]}, "params/['params']['layers_1']['linear_layer']['bias']": {"_type": "histogram", "values": [1, 0, 0, 0, 0, 0, 0, 0, 0, 0, 0, 0, 0, 0, 0, 0, 0, 0, 0, 1, 0, 0, 0, 0, 0, 0, 0, 0, 0, 0, 0, 0, 0, 0, 0, 0, 0, 0, 0, 0, 0, 0, 0, 1, 0, 0, 0, 0, 1, 0, 0, 0, 0, 0, 0, 3, 0, 0, 0, 0, 0, 0, 0, 1],