{"loss": 0.002420373260974884, "_timestamp": 1739987098.546713, "_runtime": 152.0329511165619, "_step": 2793, "params/['params']['last']['bias']": {"_type": "histogram", "values": [0, 0, 0, 0, 0, 0, 0, 0, 0, 0, 0, 0, 0, 0, 0, 0, 0, 0, 0, 0, 0, 0, 0, 0, 0, 0, 0, 0, 0, 0, 0, 0, 2, 0, 0, 0, 0, 0, 0, 0, 0, 0, 0, 0, 0, 0, 0, 0, 0, 0, 0, 0, 0, 0, 0, 0, 0, 0, 0, 0, 0, 0, 0, 0], "bins": [-0.5, -0.484375, -0.46875, -0.453125, -0.4375, -0.421875, -0.40625, -0.390625, -0.375, -0.359375, -0.34375, -0.328125, -0.3125, -0.296875, -0.28125, -0.265625, -0.25, -0.234375, -0.21875, -0.203125, -0.1875, -0.171875, -0.15625, -0.140625, -0.125, -0.109375, -0.09375, -0.078125, -0.0625, -0.046875, -0.03125, -0.015625, 0.0, 0.015625, 0.03125, 0.046875, 0.0625, 0.078125, 0.09375, 0.109375, 0.125, 0.140625, 0.15625, 0.171875, 0.1875, 0.203125, 0.21875, 0.234375, 0.25, 0.265625, 0.28125, 0.296875, 0.3125, 0.328125, 0.34375, 0.359375, 0.375, 0.390625, 0.40625, 0.421875, 0.4375, 0.453125, 0.46875, 0.484375, 0.5]}, "params/['params']['last']['kernel']": {"_type": "histogram", "values": [1, 0, 0, 0, 0, 0, 0, 0, 0, 0, 0, 0, 0, 0, 0, 0, 0, 0, 0, 0, 0, 0, 0, 0, 0, 0, 0, 0, 0, 0, 0, 0, 0, 0, 0, 0, 0, 0, 0, 0, 0, 0, 0, 0, 0, 0, 0, 0, 0, 0, 0, 0, 0, 0, 0, 0, 0, 0, 0, 0, 26, 0, 2, 1], "bins": [-0.1189541295170784, -0.11699189245700836, -0.11502965539693832, -0.11306741833686829, -0.11110518127679825, -0.10914294421672821, -0.10718071460723877, -0.10521847754716873, -0.1032562404870987, -0.10129400342702866, -0.09933176636695862, -0.09736952930688858, -0.09540729224681854, -0.0934450551867485, -0.09148281812667847, -0.08952058851718903, -0.08755834400653839, -0.08559611439704895, -0.08363386988639832, -0.08167164027690887, -0.07970940321683884, -0.0777471661567688, -0.07578492909669876, -0.07382269203662872, -0.07186045497655869, -0.06989821791648865, -0.0679359883069992, -0.06597374379634857, -0.06401151418685913, -0.062049273401498795, -0.060087040066719055, -0.05812480300664902, -0.05616256594657898, -0.05420032888650894, -0.052238091826438904, -0.050275854766368866, -0.04831361770629883, -0.04635138064622879, -0.04438915103673935, -0.04242691397666931, -0.040464676916599274, -0.038502439856529236, -0.0365402027964592, -0.03457796573638916, -0.03261572867631912, -0.030653491616249084, -0.028691254556179047, -0.02672901749610901, -0.02476678043603897, -0.02280455082654953, -0.020842313766479492, -0.018880076706409454, -0.016917839646339417, -0.014955602586269379, -0.01299336552619934, -0.011031128466129303, -0.009068891406059265, -0.007106654345989227, -0.0051444172859191895, -0.0031821876764297485, -0.0012199506163597107, 0.0007422864437103271, 0.002704523503780365, 0.004666760563850403, 0.006628990639001131]}, "params/['params']['layers_0']['linear_layer']['bias']": {"_type": "histogram", "values": [0, 0, 0, 0, 0, 0, 0, 0, 0, 0, 0, 0, 0, 0, 0, 0, 0, 0, 0, 0, 0, 0, 0, 0, 0, 0, 0, 0, 0, 0, 0, 0, 18, 0, 0, 0, 0, 0, 0, 0, 0, 0, 0, 0, 0, 0, 0, 0, 0, 0, 0, 0, 0, 0, 0, 0, 0, 0, 0, 0, 0, 0, 0, 0], "bins": [-0.5, -0.484375, -0.46875, -0.453125, -0.4375, -0.421875, -0.40625, -0.390625, -0.375, -0.359375, -0.34375, -0.328125, -0.3125, -0.296875, -0.28125, -0.265625, -0.25, -0.234375, -0.21875, -0.203125, -0.1875, -0.171875, -0.15625, -0.140625, -0.125, -0.109375, -0.09375, -0.078125, -0.0625, -0.046875, -0.03125, -0.015625, 0.0, 0.015625, 0.03125, 0.046875, 0.0625, 0.078125, 0.09375, 0.109375, 0.125, 0.140625, 0.15625, 0.171875, 0.1875, 0.203125, 0.21875, 0.234375, 0.25, 0.265625, 0.28125, 0.296875, 0.3125, 0.328125, 0.34375, 0.359375, 0.375, 0.390625, 0.40625, 0.421875, 0.4375, 0.453125, 0.46875, 0.484375, 0.5]}, "params/['params']['layers_0']['linear_layer']['kernel']": {"_type": "histogram", "values": [1, 0, 2, 0, 0, 32, 0, 0, 0, 0, 0, 0, 0, 0, 0, 0, 0, 0, 0, 0, 0, 0, 0, 0, 0, 0, 0, 0, 0, 0, 0, 0, 0, 0, 0, 0, 0, 0, 0, 0, 0, 0, 0, 0, 0, 0, 0, 0, 0, 0, 0, 0, 0, 0, 0, 0, 0, 0, 0, 0, 0, 0, 0, 1], "bins": [-0.23834137618541718, -0.1979987621307373, -0.15765613317489624, -0.11731351166963577, -0.0769708901643753, -0.03662826120853424, 0.00371435284614563, 0.0440569669008255, 0.08439959585666656, 0.12474222481250763, 0.1650848537683487, 0.20542745292186737, 0.24577008187770844, 0.2861126661300659, 0.326455295085907, 0.36679792404174805, 0.4071405529975891, 0.4474831819534302, 0.48782581090927124, 0.5281684398651123, 0.5685110688209534, 0.6088536381721497, 0.6491962671279907, 0.6895388960838318, 0.7298815250396729, 0.7702241539955139, 0.8105667233467102, 0.850909411907196, 0.8912519812583923, 0.9315946698188782, 0.9719372391700745, 1.012279987335205, 1.0526225566864014, 1.0929651260375977, 1.1333078145980835, 1.1736503839492798, 1.2139930725097656, 1.254335641860962, 1.2946783304214478, 1.335020899772644, 1.3753635883331299, 1.4157061576843262, 1.4560487270355225, 1.4963914155960083, 1.5367339849472046, 1.5770766735076904, 1.6174192428588867, 1.6577619314193726, 1.6981045007705688, 1.7384470701217651, 1.778789758682251, 1.8191323280334473, 1.8594748973846436, 1.899817705154419, 1.9401602745056152, 1.9805028438568115, 2.020845413208008, 2.061187982559204, 2.1015307903289795, 2.141873359680176, 2.182215929031372, 2.2225584983825684, 2.2629013061523438, 2.30324387550354, 2.3435864448547363]}, "params/['params']['layers_1']['linear_layer']['bias']": {"_type": "histogram", "values": [0, 0, 0, 0, 0, 0, 0, 0, 0, 0, 0, 0, 0, 0, 0, 0, 0, 0, 0, 0, 0, 0, 0, 0, 0, 0, 0, 0, 0, 0, 0, 0, 18, 0, 0, 0, 0, 0, 0, 0, 0, 0, 0, 0, 0, 0, 0, 0, 0, 0, 0, 0, 0, 0, 0, 0, 0, 0, 0, 0, 0, 0, 0, 0], "bins": [-0.5, -0.484375, -0.46875, -0.453125, -0.4375, -0.421875, -0.40625, -0.390625, -0.375, -0.359375, -0.34375, -0.328125, -0.3125, -0.296875, -0.28125, -0.265625, -0.25, -0.234375, -0.21875, -0.203125, -0.1875, -0.171875, -0.15625, -0.140625, -0.125, -0.109375, -0.09375, -0.078125, -0.0625, -0.046875, -0.03125, -0.015625, 0.0, 0.015625, 0.03125, 0.046875, 0.0625, 0.078125, 0.09375, 0.109375, 0.125, 0.140625, 0.15625, 0.171875, 0.1875, 0.203125, 0.21875, 0.234375, 0.25, 0.265625, 0.28125, 0.296875, 0.3125, 0.328125, 0.34375, 0.359375, 0.375, 0.390625, 0.40625, 0.421875, 0.4375, 0.453125, 0.46875, 0.484375, 0.5]}, "params/['params']['layers_1']['linear_layer']['kernel']": {"_type": "histogram", "values": [1, 0, 0, 0, 0, 0, 0, 0, 0, 0, 0, 0, 0, 0, 0, 0, 0, 0, 0, 265, 0, 0, 0, 0, 1, 0, 0, 0, 0, 0, 0, 0, 1, 0, 1, 0, 0, 0, 0, 0, 0, 0, 0, 0, 0, 0, 0, 0, 0, 0, 0, 0, 0, 0, 0, 0, 0, 0, 0, 0, 0, 0, 0, 1], "bins": [-1.3711013793945312, -1.3002493381500244, -1.229397177696228, -1.1585451364517212, -1.0876929759979248, -1.016840934753418, -0.9459888339042664, -0.8751367330551147, -0.8042846322059631, -0.7334325313568115, -0.6625804305076599, -0.5917283296585083, -0.5208762884140015, -0.45002418756484985, -0.37917208671569824, -0.30831992626190186, -0.23746788501739502, -0.16661584377288818, -0.0957636833190918, -0.02491164207458496, 0.045940518379211426, 0.11679255962371826, 0.18764472007751465, 0.2584967613220215, 0.3293488025665283, 0.4002009630203247, 0.47105300426483154, 0.5419051647186279, 0.6127572059631348, 0.6836092472076416, 0.7544615268707275, 0.8253135681152344, 0.8961656093597412, 0.967017650604248, 1.0378696918487549, 1.1087219715118408, 1.1795740127563477, 1.2504260540008545, 1.3212780952453613, 1.3921303749084473, 1.462982416152954, 1.533834457397461, 1.6046864986419678, 1.6755385398864746, 1.7463908195495605, 1.8172428607940674, 1.8880949020385742, 1.958946943283081, 2.029798984527588, 2.100651264190674, 2.1715033054351807, 2.2423553466796875, 2.3132073879241943, 2.3840596675872803, 2.454911708831787, 2.525763750076294, 2.596615791320801, 2.6674680709838867, 2.7383198738098145, 2.8091721534729004, 2.8800244331359863, 2.950876235961914, 3.021728515625, 3.0925803184509277, 3.1634325981140137]}, "validation_loss": 0.0023913795594125986, "_wandb": {"runtime": 153}}