{"loss": 0.0029545421712100506, "_timestamp": 1739541148.9666967, "_runtime": 152.6962606906891, "_step": 405, "validation_loss": 0.00291279423981905, "params/['params']['last']['bias']": {"_type": "histogram", "values": [1, 0, 0, 0, 0, 0, 0, 0, 0, 0, 0, 0, 0, 0, 0, 0, 0, 0, 0, 0, 0, 0, 0, 0, 0, 0, 0, 0, 0, 0, 0, 0, 0, 0, 0, 0, 0, 0, 0, 0, 0, 0, 0, 0, 0, 0, 0, 0, 0, 0, 0, 0, 0, 0, 0, 0, 0, 0, 0, 0, 0, 0, 0, 1], "bins": [0.0, 0.00823162216693163, 0.01646324433386326, 0.024694867432117462, 0.03292648866772652, 0.04115810990333557, 0.049389734864234924, 0.05762135609984398, 0.06585297733545303, 0.07408460229635239, 0.08231621980667114, 0.0905478447675705, 0.09877946972846985, 0.1070110872387886, 0.11524271219968796, 0.12347432971000671, 0.13170595467090607, 0.13993757963180542, 0.14816920459270477, 0.15640081465244293, 0.16463243961334229, 0.17286406457424164, 0.181095689535141, 0.18932731449604034, 0.1975589394569397, 0.20579054951667786, 0.2140221744775772, 0.22225379943847656, 0.23048542439937592, 0.23871704936027527, 0.24694865942001343, 0.255180299282074, 0.26341190934181213, 0.2716435194015503, 0.27987515926361084, 0.288106769323349, 0.29633840918540955, 0.3045700192451477, 0.31280162930488586, 0.3210332691669464, 0.32926487922668457, 0.3374965190887451, 0.3457281291484833, 0.35395973920822144, 0.362191379070282, 0.37042298913002014, 0.3786546289920807, 0.38688623905181885, 0.3951178789138794, 0.40334948897361755, 0.4115810990333557, 0.41981273889541626, 0.4280443489551544, 0.43627598881721497, 0.4445075988769531, 0.4527392089366913, 0.46097084879875183, 0.46920245885849, 0.47743409872055054, 0.4856657087802887, 0.49389731884002686, 0.5021289587020874, 0.510360598564148, 0.5185921788215637, 0.5268238186836243]}, "params/['params']['last']['kernel']": {"_type": "histogram", "values": [1, 0, 0, 0, 0, 0, 0, 0, 0, 0, 0, 0, 0, 0, 0, 0, 0, 0, 0, 0, 0, 0, 0, 0, 0, 0, 0, 0, 0, 0, 0, 0, 0, 0, 0, 0, 0, 0, 0, 0, 0, 0, 0, 0, 0, 0, 0, 0, 0, 0, 0, 0, 0, 0, 0, 0, 0, 0, 0, 0, 0, 0, 1, 28], "bins": [-0.5818284749984741, -0.5727373957633972, -0.5636463165283203, -0.5545552372932434, -0.5454642176628113, -0.5363731384277344, -0.5272820591926575, -0.5181909799575806, -0.5090999007225037, -0.5000088214874268, -0.49091777205467224, -0.4818267226219177, -0.4727356433868408, -0.4636445641517639, -0.454553484916687, -0.4454624056816101, -0.4363713562488556, -0.4272803068161011, -0.41818922758102417, -0.40909814834594727, -0.40000706911087036, -0.39091598987579346, -0.38182494044303894, -0.37273386120796204, -0.3636428117752075, -0.3545517325401306, -0.3454606533050537, -0.3363695740699768, -0.3272785246372223, -0.3181874454021454, -0.3090963661670685, -0.30000531673431396, -0.29091423749923706, -0.28182315826416016, -0.27273210883140564, -0.26364102959632874, -0.25454995036125183, -0.24545890092849731, -0.2363678216934204, -0.2272767424583435, -0.2181856632232666, -0.20909461379051208, -0.20000353455543518, -0.19091245532035828, -0.18182140588760376, -0.17273032665252686, -0.16363924741744995, -0.15454819798469543, -0.14545711874961853, -0.13636603951454163, -0.1272749900817871, -0.1181839108467102, -0.1090928316116333, -0.10000178217887878, -0.09091070294380188, -0.08181965351104736, -0.07272857427597046, -0.06363749504089355, -0.05454641580581665, -0.045455336570739746, -0.03636425733566284, -0.027273237705230713, -0.01818215847015381, -0.009091079235076904, 0.0]}, "params/['params']['layers_0']['linear_layer']['bias']": {"_type": "histogram", "values": [0, 0, 0, 0, 0, 0, 0, 0, 0, 0, 0, 0, 0, 0, 0, 0, 0, 0, 0, 0, 0, 0, 0, 0, 0, 0, 0, 0, 0, 0, 0, 0, 18, 0, 0, 0, 0, 0, 0, 0, 0, 0, 0, 0, 0, 0, 0, 0, 0, 0, 0, 0, 0, 0, 0, 0, 0, 0, 0, 0, 0, 0, 0, 0], "bins": [-0.5, -0.484375, -0.46875, -0.453125, -0.4375, -0.421875, -0.40625, -0.390625, -0.375, -0.359375, -0.34375, -0.328125, -0.3125, -0.296875, -0.28125, -0.265625, -0.25, -0.234375, -0.21875, -0.203125, -0.1875, -0.171875, -0.15625, -0.140625, -0.125, -0.109375, -0.09375, -0.078125, -0.0625, -0.046875, -0.03125, -0.015625, 0.0, 0.015625, 0.03125, 0.046875, 0.0625, 0.078125, 0.09375, 0.109375, 0.125, 0.140625, 0.15625, 0.171875, 0.1875, 0.203125, 0.21875, 0.234375, 0.25, 0.265625, 0.28125, 0.296875, 0.3125, 0.328125, 0.34375, 0.359375, 0.375, 0.390625, 0.40625, 0.421875, 0.4375, 0.453125, 0.46875, 0.484375, 0.5]}, "params/['params']['layers_0']['linear_layer']['kernel']": {"_type": "histogram", "values": [1, 0, 0, 0, 0, 0, 0, 0, 0, 0, 0, 0, 0, 0, 0, 0, 0, 0, 0, 32, 0, 0, 0, 0, 0, 0, 0, 2, 0, 0, 0, 0, 0, 0, 0, 0, 0, 0, 0, 0, 0, 0, 0, 0, 0, 0, 0, 0, 0, 0, 0, 0, 0, 0, 0, 0, 0, 0, 0, 0, 0, 0, 0, 1], "bins": [-0.8919070363044739, -0.8461968302726746, -0.8004865646362305, -0.7547763586044312, -0.7090661525726318, -0.6633559465408325, -0.6176456809043884, -0.5719354748725891, -0.526225209236145, -0.4805150032043457, -0.4348047971725464, -0.38909459114074707, -0.343384325504303, -0.29767411947250366, -0.25196391344070435, -0.20625364780426025, -0.16054344177246094, -0.11483323574066162, -0.06912297010421753, -0.023412764072418213, 0.022297441959381104, 0.0680077075958252, 0.11371785402297974, 0.1594281792640686, 0.20513838529586792, 0.25084859132766724, 0.29655879735946655, 0.34226900339126587, 0.3879792094230652, 0.43368953466415405, 0.47939974069595337, 0.5251099467277527, 0.570820152759552, 0.6165303587913513, 0.6622405648231506, 0.70795077085495, 0.7536610960960388, 0.7993713021278381, 0.8450815081596375, 0.8907917141914368, 0.9365019202232361, 0.9822121262550354, 1.0279223918914795, 1.0736327171325684, 1.1193428039550781, 1.165053129196167, 1.2107634544372559, 1.2564735412597656, 1.3021838665008545, 1.3478939533233643, 1.3936042785644531, 1.439314365386963, 1.4850246906280518, 1.5307350158691406, 1.5764451026916504, 1.6221554279327393, 1.667865514755249, 1.713575839996338, 1.7592861652374268, 1.8049962520599365, 1.8507065773010254, 1.8964166641235352, 1.942126989364624, 1.9878370761871338, 2.0335474014282227]}, "params/['params']['layers_1']['linear_layer']['bias']": {"_type": "histogram", "values": [0, 0, 0, 0, 0, 0, 0, 0, 0, 0, 0, 0, 0, 0, 0, 0, 0, 0, 0, 0, 0, 0, 0, 0, 0, 0, 0, 0, 0, 0, 0, 0, 18, 0, 0, 0, 0, 0, 0, 0, 0, 0, 0, 0, 0, 0, 0, 0, 0, 0, 0, 0, 0, 0, 0, 0, 0, 0, 0, 0, 0, 0, 0, 0], "bins": [-0.5, -0.484375, -0.46875, -0.453125, -0.4375, -0.421875, -0.40625, -0.390625, -0.375, -0.359375, -0.34375, -0.328125, -0.3125, -0.296875, -0.28125, -0.265625, -0.25, -0.234375, -0.21875, -0.203125, -0.1875, -0.171875, -0.15625, -0.140625, -0.125, -0.109375, -0.09375, -0.078125, -0.0625, -0.046875, -0.03125, -0.015625, 0.0, 0.015625, 0.03125, 0.046875, 0.0625, 0.078125, 0.09375, 0.109375, 0.125, 0.140625, 0.15625, 0.171875, 0.1875, 0.203125, 0.21875, 0.234375, 0.25, 0.265625, 0.28125, 0.296875, 0.3125, 0.328125, 0.34375, 0.359375, 0.375, 0.390625, 0.40625, 0.421875, 0.4375, 0.453125, 0.46875, 0.484375, 0.5]}, "params/['params']['layers_1']['linear_layer']['kernel']": {"_type": "histogram", "values": [1, 0, 0, 0, 0, 0, 0, 0, 0, 0, 0, 0, 0, 0, 0, 0, 0, 0, 0, 0, 1, 0, 0, 0, 0, 0, 0, 0, 1, 0, 261, 0, 0, 0, 1, 1, 1, 0, 0, 0, 0, 0, 0, 0, 1, 0, 0, 0, 0, 0, 0, 0, 0, 0, 0, 0, 0, 0, 0, 0, 0, 0, 0, 2],