{"params/['params']['last']['bias']":{"bins":[0,0.008104147389531136,0.01620829477906227,0.024312442168593407,0.03241658955812454,0.04052073508501053,0.04862488433718681,0.0567290335893631,0.06483317911624908,0.07293732464313507,0.08104147017002106,0.08914562314748764,0.09724976867437363,0.10535391420125961,0.1134580671787262,0.12156221270561218,0.12966635823249817,0.13777050375938416,0.14587464928627014,0.15397879481315613,0.16208294034004211,0.1701871007680893,0.17829124629497528,0.18639539182186127,0.19449953734874725,0.20260368287563324,0.21070782840251923,0.2188119739294052,0.2269161343574524,0.23502027988433838,0.24312442541122437,0.25122857093811035,0.25933271646499634,0.2674368619918823,0.2755410075187683,0.2836451530456543,0.2917492985725403,0.29985344409942627,0.30795758962631226,0.31606173515319824,0.32416588068008423,0.3322700560092926,0.3403742015361786,0.3484783470630646,0.35658249258995056,0.36468663811683655,0.37279078364372253,0.3808949291706085,0.3889990746974945,0.3971032202243805,0.4052073657512665,0.41331151127815247,0.42141565680503845,0.42951980233192444,0.4376239478588104,0.4457280933856964,0.4538322687149048,0.46193641424179077,0.47004055976867676,0.47814470529556274,0.48624885082244873,0.4943529963493347,0.5024571418762207,0.5105612874031067,0.5186654329299927],"_type":"histogram","values":[1,0,0,0,0,0,0,0,0,0,0,0,0,0,0,0,0,0,0,0,0,0,0,0,0,0,0,0,0,0,0,0,0,0,0,0,0,0,0,0,0,0,0,0,0,0,0,0,0,0,0,0,0,0,0,0,0,0,0,0,0,0,0,1]},"_wandb":{"runtime":144},"validation_loss":0.00017329698312096298,"params/['params']['layers_0']['linear_layer']['kernel']":{"_type":"histogram","values":[1,0,0,0,0,0,0,0,0,0,0,0,0,0,0,0,0,1,0,0,0,0,0,0,0,0,0,0,0,0,0,0,0,0,0,0,0,1,0,0,0,0,48,0,0,0,1,0,0,0,0,0,0,0,0,0,0,0,0,0,0,0,0,2],"bins":[-1.603040337562561,-1.5653468370437622,-1.5276532173156738,-1.489959716796875,-1.4522662162780762,-1.4145727157592773,-1.376879096031189,-1.3391855955123901,-1.3014919757843018,-1.263798475265503,-1.226104974746704,-1.1884114742279053,-1.150717854499817,-1.113024353981018,-1.0753307342529297,-1.0376372337341309,-0.999943733215332,-0.9622501730918884,-0.9245566725730896,-0.886863112449646,-0.8491696119308472,-0.8114760518074036,-0.77378249168396,-0.7360889911651611,-0.6983954310417175,-0.6607018709182739,-0.6230083703994751,-0.5853148698806763,-0.5476212501525879,-0.5099277496337891,-0.47223424911499023,-0.43454062938690186,-0.396847128868103,-0.3591536283493042,-0.3214600086212158,-0.283766508102417,-0.24607300758361816,-0.20837938785552979,-0.17068588733673096,-0.13299238681793213,-0.0952988862991333,-0.05760526657104492,-0.019911766052246094,0.017781734466552734,0.05547535419464111,0.09316885471343994,0.13086235523223877,0.16855597496032715,0.20624947547912598,0.2439429759979248,0.2816365957260132,0.319330096244812,0.35702359676361084,0.3947172164916992,0.4324105978012085,0.4701043367385864,0.5077978372573853,0.5454913377761841,0.5831848382949829,0.6208783388137817,0.6585718393325806,0.6962655782699585,0.7339590787887573,0.7716525793075562,0.809346079826355]},"params/['params']['layers_1']['linear_layer']['bias']":{"values":[0,0,0,0,0,0,0,0,0,0,0,0,0,0,0,0,0,0,0,0,0,0,0,0,0,0,0,0,0,0,0,0,18,0,0,0,0,0,0,0,0,0,0,0,0,0,0,0,0,0,0,0,0,0,0,0,0,0,0,0,0,0,0,0],"bins":[-0.5,-0.484375,-0.46875,-0.453125,-0.4375,-0.421875,-0.40625,-0.390625,-0.375,-0.359375,-0.34375,-0.328125,-0.3125,-0.296875,-0.28125,-0.265625,-0.25,-0.234375,-0.21875,-0.203125,-0.1875,-0.171875,-0.15625,-0.140625,-0.125,-0.109375,-0.09375,-0.078125,-0.0625,-0.046875,-0.03125,-0.015625,0,0.015625,0.03125,0.046875,0.0625,0.078125,0.09375,0.109375,0.125,0.140625,0.15625,0.171875,0.1875,0.203125,0.21875,0.234375,0.25,0.265625,0.28125,0.296875,0.3125,0.328125,0.34375,0.359375,0.375,0.390625,0.40625,0.421875,0.4375,0.453125,0.46875,0.484375,0.5],"_type":"histogram"},"_step":405,"params/['params']['layers_0']['linear_layer']['bias']":{"bins":[-0.5,-0.484375,-0.46875,-0.453125,-0.4375,-0.421875,-0.40625,-0.390625,-0.375,-0.359375,-0.34375,-0.328125,-0.3125,-0.296875,-0.28125,-0.265625,-0.25,-0.234375,-0.21875,-0.203125,-0.1875,-0.171875,-0.15625,-0.140625,-0.125,-0.109375,-0.09375,-0.078125,-0.0625,-0.046875,-0.03125,-0.015625,0,0.015625,0.03125,0.046875,0.0625,0.078125,0.09375,0.109375,0.125,0.140625,0.15625,0.171875,0.1875,0.203125,0.21875,0.234375,0.25,0.265625,0.28125,0.296875,0.3125,0.328125,0.34375,0.359375,0.375,0.390625,0.40625,0.421875,0.4375,0.453125,0.46875,0.484375,0.5],"_type":"histogram","values":[0,0,0,0,0,0,0,0,0,0,0,0,0,0,0,0,0,0,0,0,0,0,0,0,0,0,0,0,0,0,0,0,18,0,0,0,0,0,0,0,0,0,0,0,0,0,0,0,0,0,0,0,0,0,0,0,0,0,0,0,0,0,0,0]},"loss":0.000174930872162804,"params/['params']['last']['kernel']":{"bins":[-0.26264655590057373,-0.2515440583229065,-0.24044157564640045,-0.22933907806873322,-0.21823658049106598,-0.20713409781455994,-0.1960316002368927,-0.18492910265922546,-0.17382660508155823,-0.16272412240505219,-0.15162162482738495,-0.1405191421508789,-0.12941664457321167,-0.11831414699554443,-0.1072116494178772,-0.09610916674137115,-0.08500666916370392,-0.07390417158603668,-0.06280168890953064,-0.0516991913318634,-0.04059669375419617,-0.029494211077690125,-0.018391713500022888,-0.007289230823516846,0.0038132667541503906,0.014915764331817627,0.026018261909484863,0.0371207594871521,0.048223257064819336,0.059325724840164185,0.07042822241783142,0.08153071999549866,0.0926332175731659,0.10373571515083313,0.11483821272850037,0.1259407103061676,0.13704317808151245,0.1481456756591797,0.15924817323684692,0.17035067081451416,0.1814531683921814,0.19255566596984863,0.20365813374519348,0.21476063132286072,0.22586312890052795,0.2369656264781952,0.24806809425354004,0.2591705918312073,0.2702730894088745,0.28137558698654175,0.292478084564209,0.3035805821418762,0.31468307971954346,0.3257855772972107,0.33688807487487793,0.34799057245254517,0.3590930700302124,0.37019556760787964,0.3812980055809021,0.39240050315856934,0.4035030007362366,0.4146054983139038,0.42570799589157104,0.4368104934692383,0.4479129910469055],"_type":"histogram","values":[1,0,0,0,0,0,0,0,0,0,0,0,0,0,0,0,0,0,0,0,0,0,0,27,0,0,0,0,0,0,0,0,0,0,0,0,0,0,0,0,0,0,0,0,0,1,0,0,0,0,0,0,0,0,0,0,0,0,0,0,0,0,0,1]},"_runtime":144.7274339,"params/['params']['layers_1']['linear_layer']['kernel']":{"bins":[-1.9558584690093994,-1.8946689367294312,-1.8334795236587524,-1.7722899913787842,-1.7111005783081055,-1.6499110460281372,-1.588721513748169,-1.5275321006774902,-1.466342568397522,-1.4051530361175537,-1.343963623046875,-1.2827742099761963,-1.221584677696228,-1.1603951454162598,-1.099205732345581,-1.0380162000656128,-0.9768267273902893,-0.9156372547149658,-0.8544477224349976,-0.7932583093643188,-0.7320687770843506,-0.6708793640136719,-0.6096898317337036,-0.5485002994537354,-0.48731088638305664,-0.4261213541030884,-0.36493194103240967,-0.3037424087524414,-0.24255287647247314,-0.18136346340179443,-0.12017393112182617,-0.05898451805114746,0.0022050142288208008,0.06339454650878906,0.12458395957946777,0.18577337265014648,0.2469630241394043,0.308152437210083,0.3693418502807617,0.43053150177001953,0.49172091484069824,0.552910327911377,0.6140997409820557,0.6752893924713135,0.7364788055419922,0.7976682186126709,0.8588578701019287,0.9200472831726074,0.9812366962432861,1.042426347732544,1.1036157608032227,1.1648051738739014,1.22599458694458,1.287184238433838,1.3483736515045166,1.4095630645751953,1.4707527160644531,1.5319421291351318,1.5931315422058105,1.6543211936950684,1.715510606765747,1.7767000198364258,1.8378894329071045,1.8990790843963623,1.960268497467041],"_type":"histogram","values":[1,0,0,0,0,0,0,0,0,0,0,0,0,0,0,0,0,1,0,0,0,0,0,0,0,1,0,0,0,0,0,258,0,1,1,0,0,2,0,0,0,0,0,0,0,0,0,0,0,0,0,1,1,0,1,0,0,0,0,0,0,1,0,1]},"_timestamp":1.7395384543609607e+09}