{"_timestamp":1.7405935708157103e+09,"_runtime":145.3934746,"_step":399,"loss":1.3911595488025341e-05,"validation_loss":1.4277294212661218e-05,"_wandb":{"runtime":147}}