{"loss": 0.002848917618393898, "_timestamp": 1739303983.1763363, "_runtime": 227.42622637748718, "_step": 27, "params/['params']['last']['bias']": {"_type": "histogram", "values": [1, 0, 0, 0, 0, 0, 0, 0, 0, 0, 0, 0, 0, 0, 0, 0, 0, 0, 0, 0, 0, 0, 0, 0, 0, 0, 0, 0, 0, 0, 0, 0, 0, 0, 0, 0, 0, 0, 0, 0, 0, 0, 0, 0, 0, 0, 0, 0, 0, 0, 0, 0, 0, 0, 0, 0, 0, 0, 0, 0, 0, 0, 0, 1], "bins": [0.8985314965248108, 0.9002118110656738, 0.9018921256065369, 0.9035724401473999, 0.9052527546882629, 0.906933069229126, 0.908613383769989, 0.910293698310852, 0.9119740128517151, 0.9136543273925781, 0.9153346419334412, 0.9170149564743042, 0.9186952710151672, 0.9203755855560303, 0.9220559000968933, 0.9237362146377563, 0.9254165291786194, 0.9270968437194824, 0.9287771582603455, 0.9304574728012085, 0.9321377873420715, 0.9338181018829346, 0.9354984164237976, 0.9371787309646606, 0.9388590455055237, 0.9405393600463867, 0.9422196745872498, 0.9438999891281128, 0.9455803036689758, 0.9472606182098389, 0.9489408731460571, 0.9506212472915649, 0.9523015022277832, 0.953981876373291, 0.9556621313095093, 0.9573424458503723, 0.9590227603912354, 0.9607030749320984, 0.9623833894729614, 0.9640637040138245, 0.9657440185546875, 0.9674243330955505, 0.9691046476364136, 0.9707849621772766, 0.9724652767181396, 0.9741455912590027, 0.9758259057998657, 0.9775062203407288, 0.9791865348815918, 0.9808668494224548, 0.9825471639633179, 0.9842274785041809, 0.985907793045044, 0.987588107585907, 0.98926842212677, 0.9909487366676331, 0.9926290512084961, 0.9943093657493591, 0.9959896802902222, 0.9976699948310852, 0.9993503093719482, 1.001030683517456, 1.0027109384536743, 1.0043911933898926, 1.0060715675354004]}, "params/['params']['last']['kernel']": {"_type": "histogram", "values": [1, 0, 0, 0, 0, 0, 0, 0, 0, 0, 0, 0, 0, 0, 0, 0, 0, 0, 0, 0, 0, 0, 0, 0, 0, 1, 0, 0, 0, 0, 0, 0, 0, 1, 0, 1, 0, 1, 0, 0, 0, 0, 0, 0, 0, 0, 0, 0, 0, 0, 1, 0, 5, 0, 0, 0, 0, 0, 0, 0, 0, 0, 0, 1], "bins": [-0.45955801010131836, -0.45063158869743347, -0.4417051374912262, -0.4327787160873413, -0.42385226488113403, -0.41492584347724915, -0.40599939227104187, -0.397072970867157, -0.3881465196609497, -0.3792200982570648, -0.37029367685317993, -0.36136722564697266, -0.35244080424308777, -0.3435143530368805, -0.3345879316329956, -0.32566148042678833, -0.31673505902290344, -0.30780863761901855, -0.2988821864128113, -0.289955735206604, -0.2810293138027191, -0.27210289239883423, -0.26317644119262695, -0.25425001978874207, -0.24532358348369598, -0.2363971471786499, -0.22747071087360382, -0.21854427456855774, -0.20961785316467285, -0.20069140195846558, -0.1917649805545807, -0.1828385293483734, -0.17391210794448853, -0.16498568654060364, -0.15605923533439636, -0.14713281393051147, -0.1382063627243042, -0.1292799413204193, -0.12035349011421204, -0.11142706871032715, -0.10250061750411987, -0.09357419610023499, -0.0846477746963501, -0.07572132349014282, -0.06679490208625793, -0.05786845088005066, -0.04894202947616577, -0.040015578269958496, -0.03108915686607361, -0.02216273546218872, -0.013236284255981445, -0.004309862852096558, 0.004616588354110718, 0.013543009757995605, 0.02246946096420288, 0.03139588236808777, 0.040322303771972656, 0.04924875497817993, 0.05817520618438721, 0.06710159778594971, 0.07602804899215698, 0.08495450019836426, 0.09388095140457153, 0.10280734300613403, 0.11173378676176071]}, "params/['params']['layers_0']['linear_layer']['bias']": {"_type": "histogram", "values": [1, 0, 0, 0, 0, 0, 0, 0, 0, 0, 0, 0, 0, 0, 0, 0, 0, 0, 0, 1, 0, 0, 0, 0, 0, 0, 0, 0, 0, 0, 0, 0, 0, 0, 0, 1, 0, 0, 0, 0, 0, 0, 0, 0, 0, 0, 0, 0, 0, 0, 1, 0, 0, 0, 0, 0, 1, 0, 1, 1, 0, 0, 0, 1], "bins": [-0.417434960603714, -0.40560391545295715, -0.39377284049987793, -0.3819417953491211, -0.37011075019836426, -0.35827967524528503, -0.3464486300945282, -0.334617555141449, -0.32278650999069214, -0.3109554648399353, -0.2991243898868561, -0.28729334473609924, -0.27546226978302, -0.2636312246322632, -0.25180017948150635, -0.23996911942958832, -0.2281380593776703, -0.21630699932575226, -0.20447593927383423, -0.1926448941230774, -0.18081383407115936, -0.16898277401924133, -0.1571517288684845, -0.14532065391540527, -0.13348960876464844, -0.1216585636138916, -0.10982748866081238, -0.09799644351005554, -0.0861653983592987, -0.07433432340621948, -0.06250327825546265, -0.05067220330238342, -0.03884115815162659, -0.02701011300086975, -0.015179038047790527, -0.0033479928970336914, 0.008483082056045532, 0.020314127206802368, 0.032145172357559204, 0.04397624731063843, 0.055807292461395264, 0.0676383376121521, 0.07946941256523132, 0.09130045771598816, 0.103131502866745, 0.11496254801750183, 0.12679365277290344, 0.13862469792366028, 0.15045574307441711, 0.16228678822517395, 0.1741178333759308, 0.1859489381313324, 0.19777998328208923, 0.20961102843284607, 0.2214420735836029, 0.23327311873435974, 0.24510416388511658, 0.2569352686405182, 0.268766313791275, 0.28059735894203186, 0.2924284040927887, 0.30425944924354553, 0.31609055399894714, 0.327921599149704, 0.3397526443004608]}, "params/['params']['layers_0']['linear_layer']['kernel']": {"_type": "histogram", "values": [1, 0, 0, 0, 0, 0, 1, 0, 0, 0, 0, 0, 0, 0, 0, 1, 0, 0, 0, 0, 0, 0, 0, 1, 0, 0, 0, 0, 1, 0, 0, 1, 2, 0, 0, 0, 0, 0, 1, 1, 0, 0, 0, 0, 0, 0, 0, 0, 0, 1, 2, 0, 0, 0, 1, 0, 0, 0, 0, 0, 1, 0, 0, 1], "bins": [-1.932367205619812, -1.8816077709197998, -1.8308484554290771, -1.780089020729065, -1.7293295860290527, -1.67857027053833, -1.6278108358383179, -1.5770514011383057, -1.526292085647583, -1.4755327701568604, -1.4247733354568481, -1.374013900756836, -1.3232545852661133, -1.272495150566101, -1.2217357158660889, -1.1709764003753662, -1.120216965675354, -1.0694575309753418, -1.0186982154846191, -0.9679387807846069, -0.9171794652938843, -0.8664200305938721, -0.8156605958938599, -0.7649012804031372, -0.714141845703125, -0.6633824110031128, -0.6126230955123901, -0.5618636608123779, -0.5111042261123657, -0.46034491062164307, -0.40958547592163086, -0.3588261604309082, -0.308066725730896, -0.2573072910308838, -0.20654797554016113, -0.15578854084014893, -0.10502922534942627, -0.05426979064941406, -0.0035103559494018555, 0.0472489595413208, 0.09800827503204346, 0.14876782894134521, 0.19952714443206787, 0.2502864599227905, 0.3010460138320923, 0.35180532932281494, 0.4025646448135376, 0.45332419872283936, 0.504083514213562, 0.5548428297042847, 0.6056023836135864, 0.6563616991043091, 0.7071210145950317, 0.7578805685043335, 0.8086398839950562, 0.8593991994857788, 0.9101587533950806, 0.9609180688858032, 1.0116773843765259, 1.0624366998672485, 1.1131962537765503, 1.163955569267273, 1.2147148847579956, 1.2654744386672974, 1.3162336349487305]}, "params/['params']['layers_1']['linear_layer']['bias']": {"_type": "histogram", "values": [1, 0, 1, 0, 0, 0, 0, 0, 2, 0, 0, 0, 0, 0, 0, 1, 0, 0, 0, 0, 0, 0, 0, 0, 0, 0, 0, 0, 0, 0, 0, 1, 0, 0, 0, 0, 0, 0, 1, 0, 0, 0, 0, 0, 0, 0, 0, 0, 0, 0, 0, 0, 0, 0, 0, 0, 0, 0, 0, 0, 0, 0, 0, 1],