{"loss": 0.004733698908239603, "_timestamp": 1739968791.4929967, "_runtime": 183.6872947216034, "_step": 2793, "params/['params']['last']['bias']": {"_type": "histogram", "values": [0, 0, 0, 0, 0, 0, 0, 0, 0, 0, 0, 0, 0, 0, 0, 0, 0, 0, 0, 0, 0, 0, 0, 0, 0, 0, 0, 0, 0, 0, 0, 0, 2, 0, 0, 0, 0, 0, 0, 0, 0, 0, 0, 0, 0, 0, 0, 0, 0, 0, 0, 0, 0, 0, 0, 0, 0, 0, 0, 0, 0, 0, 0, 0], "bins": [-0.5, -0.484375, -0.46875, -0.453125, -0.4375, -0.421875, -0.40625, -0.390625, -0.375, -0.359375, -0.34375, -0.328125, -0.3125, -0.296875, -0.28125, -0.265625, -0.25, -0.234375, -0.21875, -0.203125, -0.1875, -0.171875, -0.15625, -0.140625, -0.125, -0.109375, -0.09375, -0.078125, -0.0625, -0.046875, -0.03125, -0.015625, 0.0, 0.015625, 0.03125, 0.046875, 0.0625, 0.078125, 0.09375, 0.109375, 0.125, 0.140625, 0.15625, 0.171875, 0.1875, 0.203125, 0.21875, 0.234375, 0.25, 0.265625, 0.28125, 0.296875, 0.3125, 0.328125, 0.34375, 0.359375, 0.375, 0.390625, 0.40625, 0.421875, 0.4375, 0.453125, 0.46875, 0.484375, 0.5]}, "params/['params']['last']['kernel']": {"_type": "histogram", "values": [1, 0, 0, 0, 0, 0, 0, 0, 0, 0, 0, 0, 0, 0, 0, 0, 0, 0, 0, 0, 0, 0, 0, 0, 0, 0, 0, 0, 0, 0, 0, 0, 0, 0, 0, 0, 0, 0, 0, 0, 0, 0, 0, 0, 0, 0, 0, 0, 0, 0, 0, 0, 0, 0, 0, 0, 0, 0, 0, 0, 0, 0, 27, 2], "bins": [-0.18286409974098206, -0.17991596460342407, -0.17696784436702728, -0.1740197092294693, -0.1710715889930725, -0.16812345385551453, -0.16517533361911774, -0.16222719848155975, -0.15927907824516296, -0.15633094310760498, -0.1533828228712082, -0.1504346877336502, -0.14748656749725342, -0.14453843235969543, -0.14159031212329865, -0.13864217698574066, -0.13569405674934387, -0.1327459216117859, -0.1297978013753891, -0.12684966623783112, -0.12390154600143433, -0.12095341086387634, -0.11800528317689896, -0.11505715548992157, -0.11210902780294418, -0.1091609001159668, -0.10621277242898941, -0.10326464474201202, -0.10031651705503464, -0.09736838936805725, -0.09442026168107986, -0.09147213399410248, -0.08852400630712509, -0.0855758786201477, -0.08262775093317032, -0.07967962324619293, -0.07673149555921555, -0.07378336787223816, -0.07083524018526077, -0.06788711249828339, -0.064938984811306, -0.06199085712432861, -0.05904272943735123, -0.05609460175037384, -0.05314646661281586, -0.05019834637641907, -0.047250211238861084, -0.044302091002464294, -0.04135395586490631, -0.03840583562850952, -0.03545770049095154, -0.03250958025455475, -0.029561445116996765, -0.026613324880599976, -0.023665189743041992, -0.020717069506645203, -0.01776893436908722, -0.01482081413269043, -0.011872678995132446, -0.008924558758735657, -0.005976423621177673, -0.003028303384780884, -8.016824722290039e-05, 0.002867951989173889, 0.005816080141812563]}, "params/['params']['layers_0']['linear_layer']['bias']": {"_type": "histogram", "values": [0, 0, 0, 0, 0, 0, 0, 0, 0, 0, 0, 0, 0, 0, 0, 0, 0, 0, 0, 0, 0, 0, 0, 0, 0, 0, 0, 0, 0, 0, 0, 0, 18, 0, 0, 0, 0, 0, 0, 0, 0, 0, 0, 0, 0, 0, 0, 0, 0, 0, 0, 0, 0, 0, 0, 0, 0, 0, 0, 0, 0, 0, 0, 0], "bins": [-0.5, -0.484375, -0.46875, -0.453125, -0.4375, -0.421875, -0.40625, -0.390625, -0.375, -0.359375, -0.34375, -0.328125, -0.3125, -0.296875, -0.28125, -0.265625, -0.25, -0.234375, -0.21875, -0.203125, -0.1875, -0.171875, -0.15625, -0.140625, -0.125, -0.109375, -0.09375, -0.078125, -0.0625, -0.046875, -0.03125, -0.015625, 0.0, 0.015625, 0.03125, 0.046875, 0.0625, 0.078125, 0.09375, 0.109375, 0.125, 0.140625, 0.15625, 0.171875, 0.1875, 0.203125, 0.21875, 0.234375, 0.25, 0.265625, 0.28125, 0.296875, 0.3125, 0.328125, 0.34375, 0.359375, 0.375, 0.390625, 0.40625, 0.421875, 0.4375, 0.453125, 0.46875, 0.484375, 0.5]}, "params/['params']['layers_0']['linear_layer']['kernel']": {"_type": "histogram", "values": [1, 0, 0, 0, 0, 0, 0, 0, 0, 0, 1, 0, 0, 0, 0, 0, 0, 0, 0, 0, 0, 0, 0, 0, 0, 0, 0, 0, 0, 0, 0, 66, 1, 0, 0, 0, 0, 0, 0, 0, 0, 0, 1, 0, 0, 0, 0, 0, 0, 0, 0, 0, 0, 0, 1, 0, 0, 0, 0, 0, 0, 0, 0, 1], "bins": [-0.4651424288749695, -0.45060673356056213, -0.4360710084438324, -0.42153531312942505, -0.4069995880126953, -0.39246389269828796, -0.3779281973838806, -0.3633924722671509, -0.34885677695274353, -0.3343210816383362, -0.31978535652160645, -0.3052496612071991, -0.29071396589279175, -0.276178240776062, -0.26164254546165466, -0.24710683524608612, -0.23257112503051758, -0.21803541481494904, -0.2034997045993805, -0.18896400928497314, -0.1744282841682434, -0.15989258885383606, -0.1453568935394287, -0.13082116842269897, -0.11628547310829163, -0.10174977779388428, -0.08721405267715454, -0.07267835736274719, -0.058142662048339844, -0.04360693693161011, -0.02907124161720276, -0.014535516500473022, 1.7881393432617188e-07, 0.014535874128341675, 0.02907159924507141, 0.04360729455947876, 0.058143019676208496, 0.07267868518829346, 0.0872144103050232, 0.10175013542175293, 0.11628586053848267, 0.13082152605056763, 0.14535725116729736, 0.1598929762840271, 0.17442864179611206, 0.1889643669128418, 0.20350009202957153, 0.2180357575416565, 0.23257148265838623, 0.24710720777511597, 0.2616428732872009, 0.27617859840393066, 0.2907143235206604, 0.30524998903274536, 0.3197857141494751, 0.33432143926620483, 0.3488571047782898, 0.36339282989501953, 0.37792855501174927, 0.392464280128479, 0.40699994564056396, 0.4215356707572937, 0.43607139587402344, 0.4506070613861084, 0.46514278650283813]}, "params/['params']['layers_1']['linear_layer']['bias']": {"_type": "histogram", "values": [0, 0, 0, 0, 0, 0, 0, 0, 0, 0, 0, 0, 0, 0, 0, 0, 0, 0, 0, 0, 0, 0, 0, 0, 0, 0, 0, 0, 0, 0, 0, 0, 18, 0, 0, 0, 0, 0, 0, 0, 0, 0, 0, 0, 0, 0, 0, 0, 0, 0, 0, 0, 0, 0, 0, 0, 0, 0, 0, 0, 0, 0, 0, 0], "bins": [-0.5, -0.484375, -0.46875, -0.453125, -0.4375, -0.421875, -0.40625, -0.390625, -0.375, -0.359375, -0.34375, -0.328125, -0.3125, -0.296875, -0.28125, -0.265625, -0.25, -0.234375, -0.21875, -0.203125, -0.1875, -0.171875, -0.15625, -0.140625, -0.125, -0.109375, -0.09375, -0.078125, -0.0625, -0.046875, -0.03125, -0.015625, 0.0, 0.015625, 0.03125, 0.046875, 0.0625, 0.078125, 0.09375, 0.109375, 0.125, 0.140625, 0.15625, 0.171875, 0.1875, 0.203125, 0.21875, 0.234375, 0.25, 0.265625, 0.28125, 0.296875, 0.3125, 0.328125, 0.34375, 0.359375, 0.375, 0.390625, 0.40625, 0.421875, 0.4375, 0.453125, 0.46875, 0.484375, 0.5]}, "params/['params']['layers_1']['linear_layer']['kernel']": {"_type": "histogram", "values": [1, 0, 0, 0, 0, 0, 0, 0, 0, 0, 0, 0, 0, 0, 0, 0, 0, 0, 266, 0, 0, 0, 0, 0, 0, 0, 0, 1, 0, 0, 0, 0, 0, 0, 0, 0, 0, 0, 0, 0, 0, 0, 0, 0, 0, 0, 0, 1, 0, 0, 0, 0, 0, 0, 0, 0, 0, 0, 0, 0, 0, 0, 0, 1], "bins": [-0.8918120265007019, -0.8441095352172852, -0.7964071035385132, -0.7487046718597412, -0.7010021805763245, -0.6532996892929077, -0.6055972576141357, -0.5578948259353638, -0.510192334651947, -0.46248987317085266, -0.4147874116897583, -0.36708492040634155, -0.3193824887275696, -0.2716800570487976, -0.22397756576538086, -0.1762750744819641, -0.12857264280319214, -0.08087021112442017, -0.03316771984100342, 0.01453477144241333, 0.0622372031211853, 0.10993963479995728, 0.1576421856880188, 0.20534461736679077, 0.25304704904556274, 0.3007494807243347, 0.3484519124031067, 0.3961544632911682, 0.4438568949699402, 0.49155932664871216, 0.5392618775367737, 0.5869643092155457, 0.6346667408943176, 0.6823691725730896, 0.7300716042518616, 0.7777741551399231, 0.8254765868186951, 0.873179018497467, 0.9208815693855286, 0.9685840010643005, 1.0162863731384277, 1.0639889240264893, 1.1116912364959717, 1.1593937873840332, 1.2070963382720947, 1.2547986507415771, 1.3025012016296387, 1.350203514099121, 1.3979060649871826, 1.4456086158752441, 1.4933109283447266, 1.541013479232788, 1.5887157917022705, 1.636418342590332, 1.6841208934783936, 1.731823205947876, 1.7795257568359375, 1.827228307723999, 1.8749306201934814, 1.922633171081543, 1.9703357219696045, 2.018038034439087, 2.0657405853271484, 2.113442897796631, 2.1611454486846924]}, "validation_loss": 0.004723542369902134, "_wandb": {"runtime": 185}}