{"loss": 1.1150578260421753, "_timestamp": 1739300398.0128233, "_runtime": 12.223824262619019, "_step": 25, "params/['params']['last']['bias']": {"_type": "histogram", "values": [1, 0, 0, 0, 0, 0, 0, 0, 0, 0, 0, 0, 0, 0, 0, 0, 0, 0, 0, 0, 0, 0, 0, 0, 0, 0, 0, 0, 0, 0, 0, 0, 0, 0, 0, 0, 0, 0, 0, 0, 0, 0, 0, 0, 0, 0, 0, 0, 0, 0, 0, 0, 0, 0, 0, 0, 0, 0, 0, 0, 0, 0, 0, 1], "bins": [0.8938156962394714, 0.8954986333847046, 0.8971815705299377, 0.8988645076751709, 0.900547444820404, 0.902230441570282, 0.9039133787155151, 0.9055963158607483, 0.9072792530059814, 0.9089621901512146, 0.9106451272964478, 0.9123280644416809, 0.9140110015869141, 0.9156939387321472, 0.9173769354820251, 0.9190598726272583, 0.9207428097724915, 0.9224257469177246, 0.9241086840629578, 0.9257916212081909, 0.9274745583534241, 0.9291574954986572, 0.9308404326438904, 0.9325233697891235, 0.9342063665390015, 0.9358893036842346, 0.9375722408294678, 0.9392551779747009, 0.9409381151199341, 0.9426210522651672, 0.9443039894104004, 0.9459869265556335, 0.9476698637008667, 0.9493528604507446, 0.9510357975959778, 0.9527187347412109, 0.9544016718864441, 0.9560846090316772, 0.9577675461769104, 0.9594504833221436, 0.9611334204673767, 0.9628163576126099, 0.9644993543624878, 0.966182291507721, 0.9678652286529541, 0.9695481657981873, 0.9712311029434204, 0.9729140400886536, 0.9745969772338867, 0.9762799143791199, 0.977962851524353, 0.979645848274231, 0.9813287854194641, 0.9830117225646973, 0.9846946597099304, 0.9863775968551636, 0.9880605340003967, 0.9897434711456299, 0.991426408290863, 0.9931093454360962, 0.9947923421859741, 0.9964752793312073, 0.9981582164764404, 0.9998411536216736, 1.0015240907669067]}, "params/['params']['last']['kernel']": {"_type": "histogram", "values": [0, 0, 0, 0, 0, 0, 0, 0, 0, 0, 0, 0, 0, 0, 0, 0, 0, 0, 0, 0, 0, 0, 0, 0, 0, 0, 0, 0, 0, 0, 0, 0, 42, 0, 0, 0, 0, 0, 0, 0, 0, 0, 0, 0, 0, 0, 0, 0, 0, 0, 0, 0, 0, 0, 0, 0, 0, 0, 0, 0, 0, 0, 0, 0], "bins": [-0.5, -0.484375, -0.46875, -0.453125, -0.4375, -0.421875, -0.40625, -0.390625, -0.375, -0.359375, -0.34375, -0.328125, -0.3125, -0.296875, -0.28125, -0.265625, -0.25, -0.234375, -0.21875, -0.203125, -0.1875, -0.171875, -0.15625, -0.140625, -0.125, -0.109375, -0.09375, -0.078125, -0.0625, -0.046875, -0.03125, -0.015625, 0.0, 0.015625, 0.03125, 0.046875, 0.0625, 0.078125, 0.09375, 0.109375, 0.125, 0.140625, 0.15625, 0.171875, 0.1875, 0.203125, 0.21875, 0.234375, 0.25, 0.265625, 0.28125, 0.296875, 0.3125, 0.328125, 0.34375, 0.359375, 0.375, 0.390625, 0.40625, 0.421875, 0.4375, 0.453125, 0.46875, 0.484375, 0.5]}, "params/['params']['layers_0']['linear_layer']['bias']": {"_type": "histogram", "values": [0, 0, 0, 0, 0, 0, 0, 0, 0, 0, 0, 0, 0, 0, 0, 0, 0, 0, 0, 0, 0, 0, 0, 0, 0, 0, 0, 0, 0, 0, 0, 0, 24, 0, 0, 0, 0, 0, 0, 0, 0, 0, 0, 0, 0, 0, 0, 0, 0, 0, 0, 0, 0, 0, 0, 0, 0, 0, 0, 0, 0, 0, 0, 0], "bins": [-0.5, -0.484375, -0.46875, -0.453125, -0.4375, -0.421875, -0.40625, -0.390625, -0.375, -0.359375, -0.34375, -0.328125, -0.3125, -0.296875, -0.28125, -0.265625, -0.25, -0.234375, -0.21875, -0.203125, -0.1875, -0.171875, -0.15625, -0.140625, -0.125, -0.109375, -0.09375, -0.078125, -0.0625, -0.046875, -0.03125, -0.015625, 0.0, 0.015625, 0.03125, 0.046875, 0.0625, 0.078125, 0.09375, 0.109375, 0.125, 0.140625, 0.15625, 0.171875, 0.1875, 0.203125, 0.21875, 0.234375, 0.25, 0.265625, 0.28125, 0.296875, 0.3125, 0.328125, 0.34375, 0.359375, 0.375, 0.390625, 0.40625, 0.421875, 0.4375, 0.453125, 0.46875, 0.484375, 0.5]}, "params/['params']['layers_0']['linear_layer']['kernel']": {"_type": "histogram", "values": [1, 0, 0, 0, 0, 0, 0, 0, 1, 1, 1, 0, 0, 1, 0, 0, 2, 1, 0, 0, 0, 1, 1, 0, 2, 2, 0, 0, 0, 0, 5, 2, 2, 3, 0, 2, 0, 1, 1, 3, 0, 0, 1, 2, 1, 1, 2, 0, 0, 1, 0, 0, 1, 1, 1, 2, 0, 0, 0, 0, 0, 1, 0, 1], "bins": [-1.5555189847946167, -1.5090899467468262, -1.4626610279083252, -1.4162321090698242, -1.3698030710220337, -1.3233740329742432, -1.2769451141357422, -1.2305161952972412, -1.1840871572494507, -1.1376581192016602, -1.0912292003631592, -1.0448002815246582, -0.9983712434768677, -0.9519422650337219, -0.9055132865905762, -0.8590843081474304, -0.8126553297042847, -0.7662263512611389, -0.7197973728179932, -0.6733683943748474, -0.6269394159317017, -0.5805104374885559, -0.5340814590454102, -0.48765242099761963, -0.44122350215911865, -0.3947945833206177, -0.34836554527282715, -0.3019365072250366, -0.25550758838653564, -0.20907866954803467, -0.16264963150024414, -0.11622059345245361, -0.06979167461395264, -0.02336275577545166, 0.023066282272338867, 0.0694953203201294, 0.11592423915863037, 0.16235315799713135, 0.20878219604492188, 0.2552112340927124, 0.3016401529312134, 0.34806907176971436, 0.3944981098175049, 0.4409271478652954, 0.4873560667037964, 0.5337849855422974, 0.5802141427993774, 0.6266430616378784, 0.6730719804763794, 0.7195008993148804, 0.7659298181533813, 0.8123589754104614, 0.8587878942489624, 0.9052168130874634, 0.9516459703445435, 0.9980748891830444, 1.0445038080215454, 1.0909327268600464, 1.1373616456985474, 1.1837908029556274, 1.2302197217941284, 1.2766486406326294, 1.3230777978897095, 1.3695067167282104, 1.4159355163574219]}, "_wandb": {"runtime": 11}}