{"loss": 0.00011118187831016257, "_timestamp": 1739550949.4873857, "_runtime": 230.57379865646362, "_step": 405, "validation_loss": 2.9828481729055056e-07, "params/['params']['last']['bias']": {"_type": "histogram", "values": [0, 0, 0, 0, 0, 0, 0, 0, 0, 0, 0, 0, 0, 0, 0, 0, 0, 0, 0, 0, 0, 0, 0, 0, 0, 0, 0, 0, 0, 0, 0, 0, 2, 0, 0, 0, 0, 0, 0, 0, 0, 0, 0, 0, 0, 0, 0, 0, 0, 0, 0, 0, 0, 0, 0, 0, 0, 0, 0, 0, 0, 0, 0, 0], "bins": [-0.5, -0.484375, -0.46875, -0.453125, -0.4375, -0.421875, -0.40625, -0.390625, -0.375, -0.359375, -0.34375, -0.328125, -0.3125, -0.296875, -0.28125, -0.265625, -0.25, -0.234375, -0.21875, -0.203125, -0.1875, -0.171875, -0.15625, -0.140625, -0.125, -0.109375, -0.09375, -0.078125, -0.0625, -0.046875, -0.03125, -0.015625, 0.0, 0.015625, 0.03125, 0.046875, 0.0625, 0.078125, 0.09375, 0.109375, 0.125, 0.140625, 0.15625, 0.171875, 0.1875, 0.203125, 0.21875, 0.234375, 0.25, 0.265625, 0.28125, 0.296875, 0.3125, 0.328125, 0.34375, 0.359375, 0.375, 0.390625, 0.40625, 0.421875, 0.4375, 0.453125, 0.46875, 0.484375, 0.5]}, "params/['params']['last']['kernel']": {"_type": "histogram", "values": [2, 0, 0, 0, 0, 0, 0, 37, 0, 0, 0, 0, 0, 0, 0, 2, 0, 0, 0, 0, 0, 0, 0, 0, 0, 0, 0, 0, 0, 0, 0, 0, 0, 0, 0, 0, 0, 0, 0, 0, 0, 0, 0, 0, 0, 0, 0, 0, 0, 0, 0, 0, 0, 0, 0, 0, 0, 0, 0, 0, 0, 0, 0, 1], "bins": [-0.00870935432612896, -0.0076146479696035385, -0.006519941613078117, -0.0054252357222139835, -0.004330529365688562, -0.0032358230091631413, -0.0021411171182990074, -0.0010464107617735863, 4.829559475183487e-05, 0.001143001951277256, 0.002237708307802677, 0.0033324146643280983, 0.004427120089530945, 0.005521826446056366, 0.006616532802581787, 0.007711239159107208, 0.00880594551563263, 0.00990065187215805, 0.010995358228683472, 0.012090064585208893, 0.013184770941734314, 0.014279477298259735, 0.015374183654785156, 0.016468890011310577, 0.01756359450519085, 0.01865830086171627, 0.01975300721824169, 0.020847713574767113, 0.021942419931292534, 0.023037126287817955, 0.024131832644343376, 0.025226539000868797, 0.02632124535739422, 0.02741595171391964, 0.02851065807044506, 0.029605364426970482, 0.030700070783495903, 0.03179477900266647, 0.032889485359191895, 0.033984191715717316, 0.03507889807224274, 0.03617360442876816, 0.03726831078529358, 0.038363017141819, 0.03945772349834442, 0.04055242985486984, 0.041647136211395264, 0.042741842567920685, 0.04383654147386551, 0.04493124783039093, 0.04602595418691635, 0.04712066054344177, 0.048215366899967194, 0.049310073256492615, 0.050404779613018036, 0.05149948596954346, 0.05259419232606888, 0.0536888986825943, 0.05478360503911972, 0.05587831139564514, 0.05697301775217056, 0.058067724108695984, 0.059162430465221405, 0.060257136821746826, 0.06135184317827225]}, "params/['params']['layers_0']['linear_layer']['bias']": {"_type": "histogram", "values": [0, 0, 0, 0, 0, 0, 0, 0, 0, 0, 0, 0, 0, 0, 0, 0, 0, 0, 0, 0, 0, 0, 0, 0, 0, 0, 0, 0, 0, 0, 0, 0, 24, 0, 0, 0, 0, 0, 0, 0, 0, 0, 0, 0, 0, 0, 0, 0, 0, 0, 0, 0, 0, 0, 0, 0, 0, 0, 0, 0, 0, 0, 0, 0], "bins": [-0.5, -0.484375, -0.46875, -0.453125, -0.4375, -0.421875, -0.40625, -0.390625, -0.375, -0.359375, -0.34375, -0.328125, -0.3125, -0.296875, -0.28125, -0.265625, -0.25, -0.234375, -0.21875, -0.203125, -0.1875, -0.171875, -0.15625, -0.140625, -0.125, -0.109375, -0.09375, -0.078125, -0.0625, -0.046875, -0.03125, -0.015625, 0.0, 0.015625, 0.03125, 0.046875, 0.0625, 0.078125, 0.09375, 0.109375, 0.125, 0.140625, 0.15625, 0.171875, 0.1875, 0.203125, 0.21875, 0.234375, 0.25, 0.265625, 0.28125, 0.296875, 0.3125, 0.328125, 0.34375, 0.359375, 0.375, 0.390625, 0.40625, 0.421875, 0.4375, 0.453125, 0.46875, 0.484375, 0.5]}, "params/['params']['layers_0']['linear_layer']['kernel']": {"_type": "histogram", "values": [1, 0, 0, 0, 0, 1, 0, 0, 0, 0, 0, 0, 0, 0, 0, 0, 0, 0, 0, 0, 0, 0, 0, 0, 0, 0, 0, 0, 0, 0, 0, 0, 0, 0, 0, 0, 0, 0, 0, 0, 0, 0, 0, 0, 0, 0, 0, 0, 0, 0, 0, 0, 0, 0, 0, 0, 0, 69, 0, 0, 0, 0, 0, 1], "bins": [-1.044523000717163, -1.0264896154403687, -1.0084563493728638, -0.9904229640960693, -0.9723895788192749, -0.9543562531471252, -0.9363229274749756, -0.9182895421981812, -0.9002562165260315, -0.8822228908538818, -0.8641895055770874, -0.8461561799049377, -0.8281228542327881, -0.8100894689559937, -0.792056143283844, -0.7740228176116943, -0.7559894323348999, -0.7379560470581055, -0.7199227213859558, -0.7018893957138062, -0.6838560104370117, -0.6658226847648621, -0.6477893590927124, -0.629755973815918, -0.6117226481437683, -0.5936893224716187, -0.5756559371948242, -0.5576226115226746, -0.5395892858505249, -0.5215559005737305, -0.5035225749015808, -0.4854891896247864, -0.4674558639526367, -0.44942253828048706, -0.4313891530036926, -0.41335582733154297, -0.39532244205474854, -0.3772891163825989, -0.3592557907104492, -0.3412224054336548, -0.3231890797615051, -0.30515575408935547, -0.28712236881256104, -0.2690890431404114, -0.2510557174682617, -0.23302233219146729, -0.21498900651931763, -0.1969556212425232, -0.17892229557037354, -0.16088896989822388, -0.14285558462142944, -0.12482225894927979, -0.10678887367248535, -0.0887555480003357, -0.07072222232818604, -0.0526888370513916, -0.03465557098388672, -0.016622185707092285, 0.0014111995697021484, 0.019444584846496582, 0.037477850914001465, 0.0555112361907959, 0.07354462146759033, 0.09157788753509521, 0.10961132496595383]}, "params/['params']['layers_1']['linear_layer']['bias']": {"_type": "histogram", "values": [0, 0, 0, 0, 0, 0, 0, 0, 0, 0, 0, 0, 0, 0, 0, 0, 0, 0, 0, 0, 0, 0, 0, 0, 0, 0, 0, 0, 0, 0, 0, 0, 24, 0, 0, 0, 0, 0, 0, 0, 0, 0, 0, 0, 0, 0, 0, 0, 0, 0, 0, 0, 0, 0, 0, 0, 0, 0, 0, 0, 0, 0, 0, 0], "bins": [-0.5, -0.484375, -0.46875, -0.453125, -0.4375, -0.421875, -0.40625, -0.390625, -0.375, -0.359375, -0.34375, -0.328125, -0.3125, -0.296875, -0.28125, -0.265625, -0.25, -0.234375, -0.21875, -0.203125, -0.1875, -0.171875, -0.15625, -0.140625, -0.125, -0.109375, -0.09375, -0.078125, -0.0625, -0.046875, -0.03125, -0.015625, 0.0, 0.015625, 0.03125, 0.046875, 0.0625, 0.078125, 0.09375, 0.109375, 0.125, 0.140625, 0.15625, 0.171875, 0.1875, 0.203125, 0.21875, 0.234375, 0.25, 0.265625, 0.28125, 0.296875, 0.3125, 0.328125, 0.34375, 0.359375, 0.375, 0.390625, 0.40625, 0.421875, 0.4375, 0.453125, 0.46875, 0.484375, 0.5]}, "params/['params']['layers_1']['linear_layer']['kernel']": {"_type": "histogram", "values": [1, 0, 0, 0, 0, 0, 0, 0, 0, 0, 0, 0, 0, 0, 1, 0, 0, 0, 0, 0, 0, 1, 0, 0, 0, 0, 1, 1, 0, 0, 495, 0, 0, 0, 0, 0, 0, 0, 0, 0, 0, 0, 0, 0, 0, 0, 1, 0, 0, 0, 0, 0, 0, 0, 0, 0, 0, 0, 0, 0, 1, 0, 0, 2], "bins": [-3.0077104568481445, -2.9090006351470947, -2.810290813446045, -2.711580991744995, -2.6128711700439453, -2.5141613483428955, -2.4154515266418457, -2.316741704940796, -2.218031883239746, -2.1193220615386963, -2.0206122398376465, -1.9219024181365967, -1.8231925964355469, -1.724482774734497, -1.6257729530334473, -1.5270631313323975, -1.4283533096313477, -1.3296434879302979, -1.230933666229248, -1.1322238445281982, -1.0335140228271484, -0.9348042011260986, -0.8360943794250488, -0.737384557723999, -0.6386747360229492, -0.5399649143218994, -0.4412550926208496, -0.3425452709197998, -0.24383544921875, -0.1451256275177002, -0.04641580581665039, 0.052294015884399414, 0.15100383758544922, 0.24971365928649902, 0.34842348098754883, 0.44713330268859863, 0.5458431243896484, 0.6445529460906982, 0.743262767791748, 0.8419725894927979, 0.9406824111938477, 1.0393924713134766, 1.1381020545959473, 1.236811637878418, 1.3355216979980469, 1.4342317581176758, 1.5329413414001465, 1.6316509246826172, 1.730360984802246, 1.829071044921875, 1.9277806282043457, 2.0264902114868164, 2.1252002716064453, 2.223910331726074, 2.322619915008545, 2.4213294982910156, 2.5200395584106445, 2.6187496185302734, 2.717459201812744, 2.816168785095215, 2.9148788452148438, 3.0135889053344727, 3.1122984886169434, 3.211008071899414, 3.309718132019043]}, "_wandb": {"runtime": 230}}