{"loss": 0.05694771558046341, "_timestamp": 1739286232.607279, "_runtime": 133.78746700286865, "_step": 308}