{"loss": 1.1150566339492798, "_timestamp": 1739304366.270199, "_runtime": 21.261284112930298, "_step": 27, "params/['params']['last']['bias']": {"_type": "histogram", "values": [1, 0, 0, 0, 0, 0, 0, 0, 0, 0, 0, 0, 0, 0, 0, 0, 0, 0, 0, 0, 0, 0, 0, 0, 0, 0, 0, 0, 0, 0, 0, 0, 0, 0, 0, 0, 0, 0, 0, 0, 0, 0, 0, 0, 0, 0, 0, 0, 0, 0, 0, 0, 0, 0, 0, 0, 0, 0, 0, 0, 0, 0, 0, 1], "bins": [0.8938149809837341, 0.8954979181289673, 0.8971809148788452, 0.8988638520240784, 0.9005467891693115, 0.9022297263145447, 0.9039127230644226, 0.9055956602096558, 0.9072785973548889, 0.9089615941047668, 0.91064453125, 0.9123274683952332, 0.9140104651451111, 0.9156934022903442, 0.9173763394355774, 0.9190592765808105, 0.9207422733306885, 0.9224252104759216, 0.9241081476211548, 0.9257911443710327, 0.9274740815162659, 0.929157018661499, 0.930840015411377, 0.9325229525566101, 0.9342058897018433, 0.9358888268470764, 0.9375718235969543, 0.9392547607421875, 0.9409376978874207, 0.9426206946372986, 0.9443036317825317, 0.9459865689277649, 0.947669506072998, 0.949352502822876, 0.9510354399681091, 0.9527183771133423, 0.9544013738632202, 0.9560843110084534, 0.9577672481536865, 0.9594502449035645, 0.9611331820487976, 0.9628161191940308, 0.9644991159439087, 0.9661820530891418, 0.967864990234375, 0.9695479273796082, 0.9712309241294861, 0.9729138612747192, 0.9745967984199524, 0.9762797355651855, 0.9779627323150635, 0.9796456694602966, 0.9813286066055298, 0.9830116033554077, 0.9846945405006409, 0.986377477645874, 0.988060474395752, 0.9897434115409851, 0.9914263486862183, 0.9931093454360962, 0.9947922825813293, 0.9964752197265625, 0.9981581568717957, 0.9998411536216736, 1.0015240907669067]}, "params/['params']['last']['kernel']": {"_type": "histogram", "values": [0, 0, 0, 0, 0, 0, 0, 0, 0, 0, 0, 0, 0, 0, 0, 0, 0, 0, 0, 0, 0, 0, 0, 0, 0, 0, 0, 0, 0, 0, 0, 0, 42, 0, 0, 0, 0, 0, 0, 0, 0, 0, 0, 0, 0, 0, 0, 0, 0, 0, 0, 0, 0, 0, 0, 0, 0, 0, 0, 0, 0, 0, 0, 0], "bins": [-0.5, -0.484375, -0.46875, -0.453125, -0.4375, -0.421875, -0.40625, -0.390625, -0.375, -0.359375, -0.34375, -0.328125, -0.3125, -0.296875, -0.28125, -0.265625, -0.25, -0.234375, -0.21875, -0.203125, -0.1875, -0.171875, -0.15625, -0.140625, -0.125, -0.109375, -0.09375, -0.078125, -0.0625, -0.046875, -0.03125, -0.015625, 0.0, 0.015625, 0.03125, 0.046875, 0.0625, 0.078125, 0.09375, 0.109375, 0.125, 0.140625, 0.15625, 0.171875, 0.1875, 0.203125, 0.21875, 0.234375, 0.25, 0.265625, 0.28125, 0.296875, 0.3125, 0.328125, 0.34375, 0.359375, 0.375, 0.390625, 0.40625, 0.421875, 0.4375, 0.453125, 0.46875, 0.484375, 0.5]}, "params/['params']['layers_0']['linear_layer']['bias']": {"_type": "histogram", "values": [0, 0, 0, 0, 0, 0, 0, 0, 0, 0, 0, 0, 0, 0, 0, 0, 0, 0, 0, 0, 0, 0, 0, 0, 0, 0, 0, 0, 0, 0, 0, 0, 24, 0, 0, 0, 0, 0, 0, 0, 0, 0, 0, 0, 0, 0, 0, 0, 0, 0, 0, 0, 0, 0, 0, 0, 0, 0, 0, 0, 0, 0, 0, 0], "bins": [-0.5, -0.484375, -0.46875, -0.453125, -0.4375, -0.421875, -0.40625, -0.390625, -0.375, -0.359375, -0.34375, -0.328125, -0.3125, -0.296875, -0.28125, -0.265625, -0.25, -0.234375, -0.21875, -0.203125, -0.1875, -0.171875, -0.15625, -0.140625, -0.125, -0.109375, -0.09375, -0.078125, -0.0625, -0.046875, -0.03125, -0.015625, 0.0, 0.015625, 0.03125, 0.046875, 0.0625, 0.078125, 0.09375, 0.109375, 0.125, 0.140625, 0.15625, 0.171875, 0.1875, 0.203125, 0.21875, 0.234375, 0.25, 0.265625, 0.28125, 0.296875, 0.3125, 0.328125, 0.34375, 0.359375, 0.375, 0.390625, 0.40625, 0.421875, 0.4375, 0.453125, 0.46875, 0.484375, 0.5]}, "params/['params']['layers_0']['linear_layer']['kernel']": {"_type": "histogram", "values": [1, 0, 0, 0, 0, 0, 0, 0, 1, 1, 1, 0, 0, 1, 0, 0, 2, 1, 0, 0, 0, 1, 1, 0, 2, 2, 0, 0, 0, 0, 5, 2, 2, 3, 0, 2, 0, 1, 1, 3, 0, 0, 1, 2, 1, 1, 2, 0, 0, 1, 0, 0, 1, 1, 1, 2, 0, 0, 0, 0, 0, 1, 0, 1], "bins": [-1.5555189847946167, -1.5090899467468262, -1.4626610279083252, -1.4162321090698242, -1.3698030710220337, -1.3233740329742432, -1.2769451141357422, -1.2305161952972412, -1.1840871572494507, -1.1376581192016602, -1.0912292003631592, -1.0448002815246582, -0.9983712434768677, -0.9519422650337219, -0.9055132865905762, -0.8590843081474304, -0.8126553297042847, -0.7662263512611389, -0.7197973728179932, -0.6733683943748474, -0.6269394159317017, -0.5805104374885559, -0.5340814590454102, -0.48765242099761963, -0.44122350215911865, -0.3947945833206177, -0.34836554527282715, -0.3019365072250366, -0.25550758838653564, -0.20907866954803467, -0.16264963150024414, -0.11622059345245361, -0.06979167461395264, -0.02336275577545166, 0.023066282272338867, 0.0694953203201294, 0.11592423915863037, 0.16235315799713135, 0.20878219604492188, 0.2552112340927124, 0.3016401529312134, 0.34806907176971436, 0.3944981098175049, 0.4409271478652954, 0.4873560667037964, 0.5337849855422974, 0.5802141427993774, 0.6266430616378784, 0.6730719804763794, 0.7195008993148804, 0.7659298181533813, 0.8123589754104614, 0.8587878942489624, 0.9052168130874634, 0.9516459703445435, 0.9980748891830444, 1.0445038080215454, 1.0909327268600464, 1.1373616456985474, 1.1837908029556274, 1.2302197217941284, 1.2766486406326294, 1.3230777978897095, 1.3695067167282104, 1.4159355163574219]}, "params/['params']['layers_1']['linear_layer']['bias']": {"_type": "histogram", "values": [0, 0, 0, 0, 0, 0, 0, 0, 0, 0, 0, 0, 0, 0, 0, 0, 0, 0, 0, 0, 0, 0, 0, 0, 0, 0, 0, 0, 0, 0, 0, 0, 24, 0, 0, 0, 0, 0, 0, 0, 0, 0, 0, 0, 0, 0, 0, 0, 0, 0, 0, 0, 0, 0, 0, 0, 0, 0, 0, 0, 0, 0, 0, 0], "bins": [-0.5, -0.484375, -0.46875, -0.453125, -0.4375, -0.421875, -0.40625, -0.390625, -0.375, -0.359375, -0.34375, -0.328125, -0.3125, -0.296875, -0.28125, -0.265625, -0.25, -0.234375, -0.21875, -0.203125, -0.1875, -0.171875, -0.15625, -0.140625, -0.125, -0.109375, -0.09375, -0.078125, -0.0625, -0.046875, -0.03125, -0.015625, 0.0, 0.015625, 0.03125, 0.046875, 0.0625, 0.078125, 0.09375, 0.109375, 0.125, 0.140625, 0.15625, 0.171875, 0.1875, 0.203125, 0.21875, 0.234375, 0.25, 0.265625, 0.28125, 0.296875, 0.3125, 0.328125, 0.34375, 0.359375, 0.375, 0.390625, 0.40625, 0.421875, 0.4375, 0.453125, 0.46875, 0.484375, 0.5]}, "params/['params']['layers_1']['linear_layer']['kernel']": {"_type": "histogram", "values": [3, 2, 1, 2, 3, 7, 1, 5, 3, 6, 7, 5, 6, 7, 11, 7, 13, 6, 12, 12, 11, 14, 9, 7, 13, 9, 11, 10, 13, 13, 19, 14, 17, 16, 14, 12, 9, 11, 6, 10, 15, 14, 9, 10, 8, 7, 7, 6, 10, 7, 5, 9, 7, 5, 4, 5, 3, 1, 3, 2, 2, 2, 3, 3], "bins": [-0.48946714401245117, -0.4741232395172119, -0.45877936482429504, -0.4434354603290558, -0.42809155583381653, -0.41274768114089966, -0.3974037766456604, -0.38205987215042114, -0.3667159676551819, -0.351372092962265, -0.33602818846702576, -0.3206843137741089, -0.30534040927886963, -0.28999650478363037, -0.2746526002883911, -0.25930869579315186, -0.24396482110023499, -0.22862091660499573, -0.21327704191207886, -0.1979331374168396, -0.18258923292160034, -0.16724535822868347, -0.1519014537334442, -0.13655754923820496, -0.12121367454528809, -0.10586977005004883, -0.09052586555480957, -0.07518196105957031, -0.05983808636665344, -0.044494181871414185, -0.029150277376174927, -0.013806402683258057, 0.0015375018119812012, 0.01688140630722046, 0.03222531080245972, 0.047569215297698975, 0.06291306018829346, 0.07825696468353271, 0.09360086917877197, 0.10894477367401123, 0.12428867816925049, 0.13963258266448975, 0.15497642755508423, 0.1703203320503235, 0.18566423654556274, 0.201008141040802, 0.21635204553604126, 0.23169595003128052, 0.247039794921875, 0.26238369941711426, 0.2777276039123535, 0.2930715084075928, 0.30841541290283203, 0.3237593173980713, 0.33910322189331055, 0.35444706678390503, 0.3697909712791443, 0.38513487577438354, 0.4004787802696228, 0.41582268476486206, 0.4311665892601013, 0.4465104341506958, 0.46185433864593506, 0.4771982431411743, 0.4925421178340912]}, "_wandb": {"runtime": 20}}