{"loss": 0.0001021454154397361, "_timestamp": 1739987652.1838195, "_runtime": 145.82488441467285, "_step": 2793, "params/['params']['last']['bias']": {"_type": "histogram", "values": [1, 0, 0, 0, 0, 0, 0, 0, 0, 0, 0, 0, 0, 0, 0, 0, 0, 0, 0, 0, 0, 0, 0, 0, 0, 0, 0, 0, 0, 0, 0, 0, 0, 0, 0, 0, 0, 0, 0, 0, 0, 0, 0, 0, 0, 0, 0, 0, 0, 0, 0, 0, 0, 0, 0, 0, 0, 0, 0, 0, 0, 0, 0, 1], "bins": [0.0, 0.012613358907401562, 0.025226717814803123, 0.03784007579088211, 0.05045343562960625, 0.06306679546833038, 0.07568015158176422, 0.08829351514577866, 0.1009068712592125, 0.11352022737264633, 0.12613359093666077, 0.1387469470500946, 0.15136030316352844, 0.16397365927696228, 0.1765870302915573, 0.18920038640499115, 0.201813742518425, 0.21442709863185883, 0.22704045474529266, 0.2396538257598877, 0.25226718187332153, 0.26488053798675537, 0.2774938941001892, 0.29010725021362305, 0.3027206063270569, 0.3153339624404907, 0.32794731855392456, 0.3405607044696808, 0.3531740605831146, 0.36578741669654846, 0.3784007728099823, 0.39101412892341614, 0.40362748503685, 0.4162408411502838, 0.42885419726371765, 0.4414675533771515, 0.4540809094905853, 0.46669426560401917, 0.4793076515197754, 0.49192100763320923, 0.5045343637466431, 0.5171477198600769, 0.5297610759735107, 0.5423744320869446, 0.5549877882003784, 0.5676011443138123, 0.5802145004272461, 0.5928278565406799, 0.6054412126541138, 0.6180545687675476, 0.6306679248809814, 0.6432812809944153, 0.6558946371078491, 0.668507993221283, 0.6811214089393616, 0.6937347650527954, 0.7063481211662292, 0.7189614772796631, 0.7315748333930969, 0.7441881895065308, 0.7568015456199646, 0.7694149017333984, 0.7820282578468323, 0.7946416139602661, 0.8072549700737]}, "params/['params']['last']['kernel']": {"_type": "histogram", "values": [1, 0, 0, 0, 0, 0, 0, 0, 0, 0, 0, 0, 0, 0, 0, 0, 0, 0, 1, 0, 0, 0, 0, 0, 0, 0, 0, 0, 0, 0, 0, 0, 0, 0, 0, 0, 0, 1, 0, 0, 1, 0, 0, 0, 0, 0, 0, 22, 0, 0, 0, 0, 2, 1, 0, 0, 0, 0, 0, 0, 0, 0, 0, 1], "bins": [-0.40939584374427795, -0.4008113741874695, -0.3922268748283386, -0.38364240527153015, -0.3750579357147217, -0.3664734363555908, -0.35788896679878235, -0.3493044972419739, -0.340719997882843, -0.33213552832603455, -0.3235510587692261, -0.3149665594100952, -0.30638208985328674, -0.29779762029647827, -0.2892131209373474, -0.28062868118286133, -0.27204418182373047, -0.2634596824645996, -0.2548752427101135, -0.24629074335098267, -0.2377062737941742, -0.22912178933620453, -0.22053730487823486, -0.2119528353214264, -0.20336835086345673, -0.19478386640548706, -0.1861993968486786, -0.17761491239070892, -0.16903042793273926, -0.1604459583759308, -0.15186148881912231, -0.14327698945999146, -0.13469251990318298, -0.1261080503463745, -0.11752355098724365, -0.10893908143043518, -0.10035461187362671, -0.09177011251449585, -0.08318564295768738, -0.0746011734008789, -0.06601670384407043, -0.057432204484939575, -0.048847734928131104, -0.04026326537132263, -0.03167876601219177, -0.0230942964553833, -0.014509826898574829, -0.00592532753944397, 0.002659142017364502, 0.011243611574172974, 0.019828110933303833, 0.028412580490112305, 0.036997050046920776, 0.045581549406051636, 0.05416601896286011, 0.06275048851966858, 0.07133498787879944, 0.07991945743560791, 0.08850392699241638, 0.09708842635154724, 0.10567286610603333, 0.11425736546516418, 0.12284186482429504, 0.13142630457878113, 0.14001081883907318]}, "params/['params']['layers_0']['linear_layer']['bias']": {"_type": "histogram", "values": [0, 0, 0, 0, 0, 0, 0, 0, 0, 0, 0, 0, 0, 0, 0, 0, 0, 0, 0, 0, 0, 0, 0, 0, 0, 0, 0, 0, 0, 0, 0, 0, 18, 0, 0, 0, 0, 0, 0, 0, 0, 0, 0, 0, 0, 0, 0, 0, 0, 0, 0, 0, 0, 0, 0, 0, 0, 0, 0, 0, 0, 0, 0, 0], "bins": [-0.5, -0.484375, -0.46875, -0.453125, -0.4375, -0.421875, -0.40625, -0.390625, -0.375, -0.359375, -0.34375, -0.328125, -0.3125, -0.296875, -0.28125, -0.265625, -0.25, -0.234375, -0.21875, -0.203125, -0.1875, -0.171875, -0.15625, -0.140625, -0.125, -0.109375, -0.09375, -0.078125, -0.0625, -0.046875, -0.03125, -0.015625, 0.0, 0.015625, 0.03125, 0.046875, 0.0625, 0.078125, 0.09375, 0.109375, 0.125, 0.140625, 0.15625, 0.171875, 0.1875, 0.203125, 0.21875, 0.234375, 0.25, 0.265625, 0.28125, 0.296875, 0.3125, 0.328125, 0.34375, 0.359375, 0.375, 0.390625, 0.40625, 0.421875, 0.4375, 0.453125, 0.46875, 0.484375, 0.5]}, "params/['params']['layers_0']['linear_layer']['kernel']": {"_type": "histogram", "values": [1, 0, 0, 0, 1, 0, 0, 0, 0, 0, 0, 0, 0, 0, 0, 0, 0, 0, 0, 0, 0, 0, 0, 0, 0, 0, 0, 0, 0, 0, 0, 32, 0, 0, 0, 0, 0, 0, 0, 0, 0, 0, 0, 0, 0, 0, 0, 0, 0, 0, 0, 0, 0, 0, 0, 1, 0, 0, 0, 0, 0, 0, 0, 1], "bins": [-0.35888856649398804, -0.34765997529029846, -0.3364313840866089, -0.3252027928829193, -0.31397420167922974, -0.30274561047554016, -0.2915170192718506, -0.2802884578704834, -0.26905983686447144, -0.25783127546310425, -0.24660266935825348, -0.2353740930557251, -0.22414550185203552, -0.21291691064834595, -0.20168831944465637, -0.1904597282409668, -0.17923113703727722, -0.16800254583358765, -0.15677395462989807, -0.1455453634262085, -0.13431677222251892, -0.12308819591999054, -0.11185960471630096, -0.1006309986114502, -0.08940243721008301, -0.07817384600639343, -0.06694525480270386, -0.05571666359901428, -0.04448807239532471, -0.03325948119163513, -0.022030889987945557, -0.010802298784255981, 0.00042629241943359375, 0.011654883623123169, 0.022883474826812744, 0.03411206603050232, 0.045340657234191895, 0.05656924843788147, 0.06779783964157104, 0.07902643084526062, 0.0902550220489502, 0.10148358345031738, 0.11271217465400696, 0.12394076585769653, 0.1351693570613861, 0.14639794826507568, 0.15762656927108765, 0.16885513067245483, 0.18008369207382202, 0.19131231307983398, 0.20254087448120117, 0.21376949548721313, 0.22499805688858032, 0.23622667789459229, 0.24745523929595947, 0.25868386030197144, 0.2699124217033386, 0.2811410427093506, 0.2923696041107178, 0.30359822511672974, 0.3148267865180969, 0.3260554075241089, 0.3372839689254761, 0.34851258993148804, 0.3597411513328552]}, "params/['params']['layers_1']['linear_layer']['bias']": {"_type": "histogram", "values": [1, 0, 0, 0, 0, 0, 0, 0, 0, 0, 0, 0, 0, 0, 0, 0, 0, 0, 0, 0, 0, 0, 0, 0, 0, 0, 0, 0, 0, 0, 0, 0, 0, 0, 0, 0, 0, 0, 0, 0, 0, 0, 0, 0, 0, 0, 0, 0, 0, 0, 0, 0, 0, 0, 0, 0, 0, 0, 0, 0, 0, 0, 0, 17], "bins": [-0.01949075423181057, -0.01918621174991131, -0.018881667405366898, -0.018577124923467636, -0.018272582441568375, -0.017968039959669113, -0.017663495615124702, -0.01735895313322544, -0.01705441065132618, -0.01674986630678177, -0.016445323824882507, -0.016140781342983246, -0.015836238861083984, -0.015531694516539574, -0.015227152034640312, -0.014922608621418476, -0.01461806520819664, -0.014313522726297379, -0.014008980244398117, -0.013704435899853706, -0.013399893417954445, -0.013095350936055183, -0.012790807522833347, -0.012486264109611511, -0.01218172162771225, -0.011877178214490414, -0.011572635732591152, -0.011268092319369316, -0.01096354890614748, -0.010659006424248219, -0.010354463011026382, -0.010049920529127121, -0.009745377115905285, -0.009440833702683449, -0.009136291220784187, -0.008831747807562351, -0.00852720532566309, -0.008222661912441254, -0.007918118499219418, -0.007613576017320156, -0.00730903260409832, -0.0070044901221990585, -0.0066999467089772224, -0.006395403295755386, -0.006090860813856125, -0.005786317400634289, -0.005481774918735027, -0.005177231505513191, -0.00487268902361393, -0.004568145610392094, -0.004263602197170258, -0.003959059715270996, -0.0036545172333717346, -0.003349972888827324, -0.0030454304069280624, -0.002740887925028801, -0.0024363435804843903, -0.002131801098585129, -0.0018272586166858673, -0.0015227142721414566, -0.0012181717902421951, -0.0009136293083429337, -0.0006090868264436722, -0.0003045424818992615, 0.0]}, "params/['params']['layers_1']['linear_layer']['kernel']": {"_type": "histogram",