{"layer_3/num_zeros":47,"layer_4/num_zeros":18,"loss":1.3911595488025341e-05,"_timestamp":1.7405955260300548e+09,"_runtime":151.6789559,"layer_0/num_zeros":1,"validation_loss":1.4277294212661218e-05,"layer_1/num_zeros":24,"_wandb":{"runtime":153},"_step":405,"layer_2/num_zeros":18,"layer_5/num_zeros":248}