{"loss": 0.00020686509378720075, "_timestamp": 1739992862.826873, "_runtime": 157.7598259449005, "_step": 2793, "params/['params']['last']['bias']": {"_type": "histogram", "values": [1, 0, 0, 0, 0, 0, 0, 0, 0, 0, 0, 0, 0, 0, 0, 0, 0, 0, 0, 0, 0, 0, 0, 0, 0, 0, 0, 0, 0, 0, 0, 0, 0, 0, 0, 0, 0, 0, 0, 0, 0, 0, 0, 0, 0, 0, 0, 0, 0, 0, 0, 0, 0, 0, 0, 0, 0, 0, 0, 0, 0, 0, 0, 1], "bins": [0.0, 0.008251088671386242, 0.016502177342772484, 0.02475326508283615, 0.03300435468554497, 0.041255444288253784, 0.0495065301656723, 0.05775761976838112, 0.06600870937108994, 0.07425979524850845, 0.08251088857650757, 0.09076197445392609, 0.0990130603313446, 0.10726415365934372, 0.11551523953676224, 0.12376633286476135, 0.13201741874217987, 0.1402685046195984, 0.1485195904970169, 0.15677069127559662, 0.16502177715301514, 0.17327286303043365, 0.18152394890785217, 0.1897750347852707, 0.1980261206626892, 0.20627722144126892, 0.21452830731868744, 0.22277939319610596, 0.23103047907352448, 0.239281564950943, 0.2475326657295227, 0.25578373670578003, 0.26403483748435974, 0.27228593826293945, 0.2805370092391968, 0.2887881100177765, 0.2970391809940338, 0.3052902817726135, 0.31354138255119324, 0.32179245352745056, 0.3300435543060303, 0.3382946252822876, 0.3465457260608673, 0.354796826839447, 0.36304789781570435, 0.37129899859428406, 0.3795500695705414, 0.3878011703491211, 0.3960522413253784, 0.40430334210395813, 0.41255444288253784, 0.42080551385879517, 0.4290566146373749, 0.4373076856136322, 0.4455587863922119, 0.4538098871707916, 0.46206095814704895, 0.47031205892562866, 0.478563129901886, 0.4868142306804657, 0.4950653314590454, 0.5033164024353027, 0.5115674734115601, 0.5198186039924622, 0.5280696749687195]}, "params/['params']['last']['kernel']": {"_type": "histogram", "values": [1, 0, 0, 0, 0, 0, 0, 0, 0, 0, 0, 0, 0, 0, 0, 0, 0, 0, 0, 0, 0, 0, 0, 0, 0, 0, 0, 0, 0, 0, 0, 0, 0, 0, 0, 0, 4, 30, 0, 0, 0, 0, 0, 0, 0, 0, 0, 0, 0, 0, 0, 0, 0, 0, 0, 0, 0, 0, 0, 0, 0, 0, 0, 1], "bins": [-0.37926778197288513, -0.3692065477371216, -0.3591453433036804, -0.34908410906791687, -0.3390228748321533, -0.32896164059638977, -0.3189004361629486, -0.30883920192718506, -0.2987779676914215, -0.28871673345565796, -0.2786555290222168, -0.26859429478645325, -0.2585330605506897, -0.24847184121608734, -0.23841062188148499, -0.22834938764572144, -0.21828816831111908, -0.20822694897651672, -0.19816571474075317, -0.18810449540615082, -0.17804326117038727, -0.1679820418357849, -0.15792080760002136, -0.147859588265419, -0.13779836893081665, -0.1277371346950531, -0.11767590045928955, -0.10761469602584839, -0.09755346179008484, -0.08749222755432129, -0.07743099331855774, -0.06736978888511658, -0.05730855464935303, -0.04724732041358948, -0.037186115980148315, -0.027124881744384766, -0.017063647508621216, -0.007002413272857666, 0.003058791160583496, 0.013120025396347046, 0.023181259632110596, 0.03324246406555176, 0.04330369830131531, 0.05336493253707886, 0.06342616677284241, 0.07348737120628357, 0.08354860544204712, 0.09360983967781067, 0.10367104411125183, 0.11373227834701538, 0.12379351258277893, 0.1338547170162201, 0.14391598105430603, 0.1539771854877472, 0.16403838992118835, 0.1740996539592743, 0.18416085839271545, 0.19422206282615662, 0.20428332686424255, 0.21434453129768372, 0.22440579533576965, 0.23446699976921082, 0.24452820420265198, 0.2545894682407379, 0.2646506726741791]}, "params/['params']['layers_0']['linear_layer']['bias']": {"_type": "histogram", "values": [0, 0, 0, 0, 0, 0, 0, 0, 0, 0, 0, 0, 0, 0, 0, 0, 0, 0, 0, 0, 0, 0, 0, 0, 0, 0, 0, 0, 0, 0, 0, 0, 22, 0, 0, 0, 0, 0, 0, 0, 0, 0, 0, 0, 0, 0, 0, 0, 0, 0, 0, 0, 0, 0, 0, 0, 0, 0, 0, 0, 0, 0, 0, 0], "bins": [-0.5, -0.484375, -0.46875, -0.453125, -0.4375, -0.421875, -0.40625, -0.390625, -0.375, -0.359375, -0.34375, -0.328125, -0.3125, -0.296875, -0.28125, -0.265625, -0.25, -0.234375, -0.21875, -0.203125, -0.1875, -0.171875, -0.15625, -0.140625, -0.125, -0.109375, -0.09375, -0.078125, -0.0625, -0.046875, -0.03125, -0.015625, 0.0, 0.015625, 0.03125, 0.046875, 0.0625, 0.078125, 0.09375, 0.109375, 0.125, 0.140625, 0.15625, 0.171875, 0.1875, 0.203125, 0.21875, 0.234375, 0.25, 0.265625, 0.28125, 0.296875, 0.3125, 0.328125, 0.34375, 0.359375, 0.375, 0.390625, 0.40625, 0.421875, 0.4375, 0.453125, 0.46875, 0.484375, 0.5]}, "params/['params']['layers_0']['linear_layer']['kernel']": {"_type": "histogram", "values": [1, 0, 0, 0, 0, 0, 0, 0, 0, 0, 0, 0, 0, 0, 0, 0, 0, 0, 0, 0, 0, 0, 0, 0, 0, 0, 1, 2, 0, 0, 0, 0, 1, 0, 0, 0, 0, 0, 0, 0, 0, 0, 0, 0, 0, 81, 0, 0, 0, 0, 0, 0, 0, 0, 0, 0, 0, 0, 0, 0, 0, 0, 0, 2], "bins": [-1.612532377243042, -1.5767390727996826, -1.5409456491470337, -1.5051523447036743, -1.4693589210510254, -1.433565616607666, -1.3977723121643066, -1.3619788885116577, -1.3261855840682983, -1.2903921604156494, -1.25459885597229, -1.2188055515289307, -1.1830121278762817, -1.1472188234329224, -1.1114253997802734, -1.075632095336914, -1.0398387908935547, -1.0040453672409058, -0.9682520031929016, -0.9324586987495422, -0.8966653347015381, -0.8608719706535339, -0.8250786066055298, -0.7892852425575256, -0.7534918785095215, -0.7176985740661621, -0.681905210018158, -0.6461118459701538, -0.6103185415267944, -0.5745251178741455, -0.5387318134307861, -0.5029383897781372, -0.46714508533477783, -0.43135178089141846, -0.39555835723876953, -0.35976505279541016, -0.32397162914276123, -0.28817832469940186, -0.2523850202560425, -0.21659159660339355, -0.18079829216003418, -0.14500486850738525, -0.10921156406402588, -0.0734182596206665, -0.03762483596801758, -0.0018315315246582031, 0.03396189212799072, 0.0697551965713501, 0.10554862022399902, 0.1413419246673584, 0.17713522911071777, 0.2129286527633667, 0.24872195720672607, 0.284515380859375, 0.3203086853027344, 0.35610198974609375, 0.3918952941894531, 0.4276888370513916, 0.463482141494751, 0.49927544593811035, 0.5350687503814697, 0.5708620548248291, 0.6066555976867676, 0.642448902130127, 0.6782422661781311]}, "params/['params']['layers_1']['linear_layer']['bias']": {"_type": "histogram", "values": [0, 0, 0, 0, 0, 0, 0, 0, 0, 0, 0, 0, 0, 0, 0, 0, 0, 0, 0, 0, 0, 0, 0, 0, 0, 0, 0, 0, 0, 0, 0, 0, 22, 0, 0, 0, 0, 0, 0, 0, 0, 0, 0, 0, 0, 0, 0, 0, 0, 0, 0, 0, 0, 0, 0, 0, 0, 0, 0, 0, 0, 0, 0, 0], "bins": [-0.5, -0.484375, -0.46875, -0.453125, -0.4375, -0.421875, -0.40625, -0.390625, -0.375, -0.359375, -0.34375, -0.328125, -0.3125, -0.296875, -0.28125, -0.265625, -0.25, -0.234375, -0.21875, -0.203125, -0.1875, -0.171875, -0.15625, -0.140625, -0.125, -0.109375, -0.09375, -0.078125, -0.0625, -0.046875, -0.03125, -0.015625, 0.0, 0.015625, 0.03125, 0.046875, 0.0625, 0.078125, 0.09375, 0.109375, 0.125, 0.140625, 0.15625, 0.171875, 0.1875, 0.203125, 0.21875, 0.234375, 0.25, 0.265625, 0.28125, 0.296875, 0.3125, 0.328125, 0.34375, 0.359375, 0.375, 0.390625, 0.40625, 0.421875, 0.4375, 0.453125, 0.46875, 0.484375, 0.5]}, "params/['params']['layers_1']['linear_layer']['kernel']": {"_type": "histogram", "values": [1, 0, 0, 0, 0, 0, 0, 0, 0, 0, 1, 0, 1, 0, 0, 0, 0, 0, 0, 0, 0, 0, 0, 0, 1, 1, 0, 0, 0, 0, 2, 0, 0, 0, 0, 383, 0, 0, 1, 0, 2, 1, 0, 0, 0, 0, 0, 0, 0, 0, 0, 0, 0, 0, 0, 0, 0, 0, 0, 0, 0, 0, 1, 1],