{"loss": 0.002420373260974884, "_timestamp": 1739540042.4005547, "_runtime": 166.2970986366272, "_step": 405, "validation_loss": 0.0023913795594125986, "params/['params']['last']['bias']": {"_type": "histogram", "values": [0, 0, 0, 0, 0, 0, 0, 0, 0, 0, 0, 0, 0, 0, 0, 0, 0, 0, 0, 0, 0, 0, 0, 0, 0, 0, 0, 0, 0, 0, 0, 0, 2, 0, 0, 0, 0, 0, 0, 0, 0, 0, 0, 0, 0, 0, 0, 0, 0, 0, 0, 0, 0, 0, 0, 0, 0, 0, 0, 0, 0, 0, 0, 0], "bins": [-0.5, -0.484375, -0.46875, -0.453125, -0.4375, -0.421875, -0.40625, -0.390625, -0.375, -0.359375, -0.34375, -0.328125, -0.3125, -0.296875, -0.28125, -0.265625, -0.25, -0.234375, -0.21875, -0.203125, -0.1875, -0.171875, -0.15625, -0.140625, -0.125, -0.109375, -0.09375, -0.078125, -0.0625, -0.046875, -0.03125, -0.015625, 0.0, 0.015625, 0.03125, 0.046875, 0.0625, 0.078125, 0.09375, 0.109375, 0.125, 0.140625, 0.15625, 0.171875, 0.1875, 0.203125, 0.21875, 0.234375, 0.25, 0.265625, 0.28125, 0.296875, 0.3125, 0.328125, 0.34375, 0.359375, 0.375, 0.390625, 0.40625, 0.421875, 0.4375, 0.453125, 0.46875, 0.484375, 0.5]}, "params/['params']['last']['kernel']": {"_type": "histogram", "values": [1, 0, 0, 0, 0, 0, 0, 0, 0, 0, 0, 0, 0, 0, 0, 0, 0, 0, 0, 0, 0, 0, 0, 0, 0, 0, 0, 0, 0, 0, 0, 0, 0, 0, 0, 0, 0, 0, 0, 0, 0, 0, 0, 0, 0, 0, 0, 0, 0, 0, 0, 0, 0, 0, 0, 0, 0, 0, 0, 0, 26, 0, 2, 1], "bins": [-0.11890728771686554, -0.11694510281085968, -0.11498291045427322, -0.11302072554826736, -0.1110585406422615, -0.10909634828567505, -0.10713416337966919, -0.10517197847366333, -0.10320978611707687, -0.10124760121107101, -0.09928540885448456, -0.0973232239484787, -0.09536103904247284, -0.09339885413646698, -0.09143666177988052, -0.08947447687387466, -0.08751228451728821, -0.08555009961128235, -0.08358791470527649, -0.08162572979927063, -0.07966353744268417, -0.07770135253667831, -0.07573916018009186, -0.073776975274086, -0.07181479036808014, -0.06985260546207428, -0.06789041310548782, -0.06592822074890137, -0.06396603584289551, -0.06200385093688965, -0.06004166230559349, -0.05807947739958763, -0.05611728876829147, -0.054155103862285614, -0.05219291150569916, -0.0502307265996933, -0.04826854169368744, -0.04630634933710098, -0.04434416443109512, -0.042381979525089264, -0.04041978716850281, -0.03845760226249695, -0.03649541735649109, -0.03453322499990463, -0.03257104009389877, -0.030608855187892914, -0.028646662831306458, -0.026684477925300598, -0.02472229301929474, -0.022760100662708282, -0.020797915756702423, -0.018835723400115967, -0.016873538494110107, -0.014911353588104248, -0.012949161231517792, -0.010986976325511932, -0.009024791419506073, -0.007062599062919617, -0.005100414156913757, -0.003138229250907898, -0.0011760368943214417, 0.0007861480116844177, 0.002748332917690277, 0.004710525274276733, 0.006672705989331007]}, "params/['params']['layers_0']['linear_layer']['bias']": {"_type": "histogram", "values": [0, 0, 0, 0, 0, 0, 0, 0, 0, 0, 0, 0, 0, 0, 0, 0, 0, 0, 0, 0, 0, 0, 0, 0, 0, 0, 0, 0, 0, 0, 0, 0, 18, 0, 0, 0, 0, 0, 0, 0, 0, 0, 0, 0, 0, 0, 0, 0, 0, 0, 0, 0, 0, 0, 0, 0, 0, 0, 0, 0, 0, 0, 0, 0], "bins": [-0.5, -0.484375, -0.46875, -0.453125, -0.4375, -0.421875, -0.40625, -0.390625, -0.375, -0.359375, -0.34375, -0.328125, -0.3125, -0.296875, -0.28125, -0.265625, -0.25, -0.234375, -0.21875, -0.203125, -0.1875, -0.171875, -0.15625, -0.140625, -0.125, -0.109375, -0.09375, -0.078125, -0.0625, -0.046875, -0.03125, -0.015625, 0.0, 0.015625, 0.03125, 0.046875, 0.0625, 0.078125, 0.09375, 0.109375, 0.125, 0.140625, 0.15625, 0.171875, 0.1875, 0.203125, 0.21875, 0.234375, 0.25, 0.265625, 0.28125, 0.296875, 0.3125, 0.328125, 0.34375, 0.359375, 0.375, 0.390625, 0.40625, 0.421875, 0.4375, 0.453125, 0.46875, 0.484375, 0.5]}, "params/['params']['layers_0']['linear_layer']['kernel']": {"_type": "histogram", "values": [1, 0, 2, 0, 0, 32, 0, 0, 0, 0, 0, 0, 0, 0, 0, 0, 0, 0, 0, 0, 0, 0, 0, 0, 0, 0, 0, 0, 0, 0, 0, 0, 0, 0, 0, 0, 0, 0, 0, 0, 0, 0, 0, 0, 0, 0, 0, 0, 0, 0, 0, 0, 0, 0, 0, 0, 0, 0, 0, 0, 0, 0, 0, 1], "bins": [-0.23779843747615814, -0.19716227054595947, -0.156526118516922, -0.11588995158672333, -0.07525378465652466, -0.03461761772632599, 0.006018534302711487, 0.04665471613407135, 0.08729086816310883, 0.1279270201921463, 0.16856320202350616, 0.20919935405254364, 0.24983550608158112, 0.2904716730117798, 0.33110785484313965, 0.37174397706985474, 0.4123801589012146, 0.45301634073257446, 0.49365246295928955, 0.5342886447906494, 0.5749248266220093, 0.6155609488487244, 0.6561971306800842, 0.6968333125114441, 0.7374694347381592, 0.778105616569519, 0.8187417984008789, 0.8593779802322388, 0.9000141620635986, 0.940650224685669, 0.9812864065170288, 1.0219225883483887, 1.0625587701797485, 1.1031949520111084, 1.1438311338424683, 1.1844673156738281, 1.2251033782958984, 1.2657395601272583, 1.3063757419586182, 1.347011923789978, 1.387648105621338, 1.4282842874526978, 1.468920350074768, 1.509556531906128, 1.5501927137374878, 1.5908288955688477, 1.6314650774002075, 1.6721012592315674, 1.7127373218536377, 1.7533735036849976, 1.7940096855163574, 1.8346459865570068, 1.8752820491790771, 1.9159181118011475, 1.9565544128417969, 1.9971904754638672, 2.0378267765045166, 2.078462839126587, 2.1190989017486572, 2.1597352027893066, 2.200371265411377, 2.2410075664520264, 2.2816436290740967, 2.322279930114746, 2.3629159927368164]}, "params/['params']['layers_1']['linear_layer']['bias']": {"_type": "histogram", "values": [0, 0, 0, 0, 0, 0, 0, 0, 0, 0, 0, 0, 0, 0, 0, 0, 0, 0, 0, 0, 0, 0, 0, 0, 0, 0, 0, 0, 0, 0, 0, 0, 18, 0, 0, 0, 0, 0, 0, 0, 0, 0, 0, 0, 0, 0, 0, 0, 0, 0, 0, 0, 0, 0, 0, 0, 0, 0, 0, 0, 0, 0, 0, 0], "bins": [-0.5, -0.484375, -0.46875, -0.453125, -0.4375, -0.421875, -0.40625, -0.390625, -0.375, -0.359375, -0.34375, -0.328125, -0.3125, -0.296875, -0.28125, -0.265625, -0.25, -0.234375, -0.21875, -0.203125, -0.1875, -0.171875, -0.15625, -0.140625, -0.125, -0.109375, -0.09375, -0.078125, -0.0625, -0.046875, -0.03125, -0.015625, 0.0, 0.015625, 0.03125, 0.046875, 0.0625, 0.078125, 0.09375, 0.109375, 0.125, 0.140625, 0.15625, 0.171875, 0.1875, 0.203125, 0.21875, 0.234375, 0.25, 0.265625, 0.28125, 0.296875, 0.3125, 0.328125, 0.34375, 0.359375, 0.375, 0.390625, 0.40625, 0.421875, 0.4375, 0.453125, 0.46875, 0.484375, 0.5]}, "params/['params']['layers_1']['linear_layer']['kernel']": {"_type": "histogram", "values": [1, 0, 0, 0, 0, 0, 0, 0, 0, 0, 0, 0, 0, 0, 0, 0, 0, 0, 0, 265, 0, 0, 0, 0, 1, 0, 0, 0, 0, 0, 0, 0, 1, 0, 1, 0, 0, 0, 0, 0, 0, 0, 0, 0, 0, 0, 0, 0, 0, 0, 0, 0, 0, 0, 0, 0, 0, 0, 0, 0, 0, 0, 0, 1], "bins": [-1.3711628913879395, -1.3003106117248535, -1.229458212852478, -1.158605933189392, -1.0877535343170166, -1.0169012546539307, -0.9460489749908447, -0.875196635723114, -0.8043442964553833, -0.7334919571876526, -0.6626396179199219, -0.5917873382568359, -0.5209349989891052, -0.4500826597213745, -0.3792303800582886, -0.3083779811859131, -0.23752570152282715, -0.1666734218597412, -0.09582102298736572, -0.024968743324279785, 0.0458836555480957, 0.11673593521118164, 0.18758821487426758, 0.25844061374664307, 0.329292893409729, 0.40014517307281494, 0.47099757194519043, 0.5418498516082764, 0.6127021312713623, 0.6835544109344482, 0.7544069290161133, 0.8252592086791992, 0.8961114883422852, 0.9669637680053711, 1.037816047668457, 1.108668565750122, 1.179520845413208, 1.250373125076294, 1.3212254047393799, 1.3920776844024658, 1.4629302024841309, 1.5337824821472168, 1.6046347618103027, 1.6754870414733887, 1.7463393211364746, 1.8171916007995605, 1.8880441188812256, 1.9588963985443115, 2.0297486782073975, 2.1006009578704834, 2.1714532375335693, 2.2423057556152344, 2.3131580352783203, 2.3840103149414062, 2.454862594604492, 2.525714874267578, 2.596567153930664, 2.66741943359375, 2.738271713256836, 2.80912446975708, 2.879976749420166, 2.950829029083252, 3.021681308746338, 3.092533588409424, 3.1633858680725098]}, "_wandb": {"runtime": 165}}