{"loss": 1.3254214081825921e-06, "_timestamp": 1739551681.1174605, "_runtime": 223.21433448791504, "_step": 405, "validation_loss": 1.2991639550818945e-06, "params/['params']['last']['bias']": {"_type": "histogram", "values": [1, 0, 0, 0, 0, 0, 0, 0, 0, 0, 0, 0, 0, 0, 0, 0, 0, 0, 0, 0, 0, 0, 0, 0, 0, 0, 0, 0, 0, 0, 0, 0, 0, 0, 0, 0, 0, 0, 0, 0, 0, 0, 0, 0, 0, 0, 0, 0, 0, 0, 0, 0, 0, 0, 0, 0, 0, 0, 0, 0, 0, 0, 0, 1], "bins": [0.0, 0.00948383565992117, 0.01896767131984234, 0.028451506048440933, 0.03793534263968468, 0.04741917923092842, 0.056903012096881866, 0.06638684868812561, 0.07587068527936935, 0.0853545218706131, 0.09483835846185684, 0.10432219505310059, 0.11380602419376373, 0.12328986078500748, 0.13277369737625122, 0.14225754141807556, 0.1517413705587387, 0.16122519969940186, 0.1707090437412262, 0.18019287288188934, 0.18967671692371368, 0.19916054606437683, 0.20864439010620117, 0.21812821924686432, 0.22761204838752747, 0.2370958924293518, 0.24657972157001495, 0.2560635507106781, 0.26554739475250244, 0.2750312387943268, 0.2845150828361511, 0.2939988970756531, 0.3034827411174774, 0.31296658515930176, 0.3224503993988037, 0.33193424344062805, 0.3414180874824524, 0.35090193152427673, 0.3603857457637787, 0.369869589805603, 0.37935343384742737, 0.3888372480869293, 0.39832109212875366, 0.407804936170578, 0.41728878021240234, 0.4267725944519043, 0.43625643849372864, 0.445740282535553, 0.45522409677505493, 0.4647079408168793, 0.4741917848587036, 0.48367562890052795, 0.4931594431400299, 0.5026432871818542, 0.5121271014213562, 0.5216109752655029, 0.5310947895050049, 0.5405786037445068, 0.5500624775886536, 0.5595462918281555, 0.5690301656723022, 0.5785139799118042, 0.5879977941513062, 0.5974816679954529, 0.6069654822349548]}, "params/['params']['last']['kernel']": {"_type": "histogram", "values": [1, 0, 35, 3, 0, 1, 0, 0, 0, 0, 0, 0, 0, 0, 0, 0, 0, 0, 0, 0, 0, 0, 0, 0, 0, 0, 0, 1, 0, 0, 0, 0, 0, 0, 0, 0, 0, 0, 0, 0, 0, 0, 0, 0, 0, 0, 0, 0, 0, 0, 0, 0, 0, 0, 0, 0, 0, 0, 0, 0, 0, 0, 0, 1], "bins": [-0.006056192796677351, -0.00392751581966877, -0.001798839308321476, 0.0003298376686871052, 0.002458514180034399, 0.004587190691381693, 0.006715868134051561, 0.008844545111060143, 0.010973220691084862, 0.01310189813375473, 0.01523057371377945, 0.017359251156449318, 0.019487928599119186, 0.021616604179143906, 0.023745281621813774, 0.025873959064483643, 0.028002634644508362, 0.03013131022453308, 0.0322599895298481, 0.03438866510987282, 0.03651734068989754, 0.038646019995212555, 0.040774695575237274, 0.04290337115526199, 0.04503205046057701, 0.04716072604060173, 0.04928940162062645, 0.05141807720065117, 0.053546756505966187, 0.055675432085990906, 0.05780411139130592, 0.05993278697133064, 0.06206146255135536, 0.06419014185667038, 0.0663188174366951, 0.06844749301671982, 0.07057617604732513, 0.07270485162734985, 0.07483352720737457, 0.07696220278739929, 0.07909087836742401, 0.08121955394744873, 0.08334823697805405, 0.08547691255807877, 0.08760558813810349, 0.0897342637181282, 0.09186293929815292, 0.09399161487817764, 0.09612029790878296, 0.09824897348880768, 0.1003776490688324, 0.10250632464885712, 0.10463500022888184, 0.10676367580890656, 0.10889235138893127, 0.11102103441953659, 0.11314970999956131, 0.11527838557958603, 0.11740706115961075, 0.11953574419021606, 0.12166441977024078, 0.1237930953502655, 0.12592177093029022, 0.12805044651031494, 0.13017912209033966]}, "params/['params']['layers_0']['linear_layer']['bias']": {"_type": "histogram", "values": [0, 0, 0, 0, 0, 0, 0, 0, 0, 0, 0, 0, 0, 0, 0, 0, 0, 0, 0, 0, 0, 0, 0, 0, 0, 0, 0, 0, 0, 0, 0, 0, 24, 0, 0, 0, 0, 0, 0, 0, 0, 0, 0, 0, 0, 0, 0, 0, 0, 0, 0, 0, 0, 0, 0, 0, 0, 0, 0, 0, 0, 0, 0, 0], "bins": [-0.5, -0.484375, -0.46875, -0.453125, -0.4375, -0.421875, -0.40625, -0.390625, -0.375, -0.359375, -0.34375, -0.328125, -0.3125, -0.296875, -0.28125, -0.265625, -0.25, -0.234375, -0.21875, -0.203125, -0.1875, -0.171875, -0.15625, -0.140625, -0.125, -0.109375, -0.09375, -0.078125, -0.0625, -0.046875, -0.03125, -0.015625, 0.0, 0.015625, 0.03125, 0.046875, 0.0625, 0.078125, 0.09375, 0.109375, 0.125, 0.140625, 0.15625, 0.171875, 0.1875, 0.203125, 0.21875, 0.234375, 0.25, 0.265625, 0.28125, 0.296875, 0.3125, 0.328125, 0.34375, 0.359375, 0.375, 0.390625, 0.40625, 0.421875, 0.4375, 0.453125, 0.46875, 0.484375, 0.5]}, "params/['params']['layers_0']['linear_layer']['kernel']": {"_type": "histogram", "values": [1, 0, 0, 0, 0, 0, 0, 0, 0, 0, 0, 0, 1, 0, 0, 0, 0, 0, 0, 1, 0, 0, 0, 0, 0, 0, 0, 0, 0, 0, 0, 0, 0, 0, 0, 1, 1, 0, 0, 0, 0, 65, 0, 0, 0, 0, 0, 0, 0, 0, 0, 0, 0, 0, 0, 1, 0, 0, 0, 0, 0, 0, 0, 1], "bins": [-1.363817572593689, -1.3309869766235352, -1.2981563806533813, -1.2653257846832275, -1.2324951887130737, -1.19966459274292, -1.1668339967727661, -1.1340034008026123, -1.1011728048324585, -1.0683422088623047, -1.0355116128921509, -1.002681016921997, -0.9698504209518433, -0.9370198249816895, -0.9041892290115356, -0.8713586330413818, -0.838528037071228, -0.8056974411010742, -0.7728668451309204, -0.7400362491607666, -0.7072056531906128, -0.674375057220459, -0.6415444612503052, -0.6087138652801514, -0.5758832693099976, -0.5430526733398438, -0.5102220773696899, -0.47739148139953613, -0.4445608854293823, -0.4117302894592285, -0.3788996934890747, -0.3460690975189209, -0.3132385015487671, -0.2804079055786133, -0.24757730960845947, -0.21474671363830566, -0.18191611766815186, -0.14908552169799805, -0.11625492572784424, -0.08342432975769043, -0.05059373378753662, -0.017763137817382812, 0.015067458152770996, 0.047898054122924805, 0.08072865009307861, 0.11355924606323242, 0.14638984203338623, 0.17922043800354004, 0.21205103397369385, 0.24488162994384766, 0.27771222591400146, 0.3105428218841553, 0.3433734178543091, 0.3762040138244629, 0.4090346097946167, 0.4418652057647705, 0.4746958017349243, 0.5075263977050781, 0.5403569936752319, 0.5731875896453857, 0.6060181856155396, 0.6388489007949829, 0.6716793775558472, 0.7045098543167114, 0.7373406291007996]}, "params/['params']['layers_1']['linear_layer']['bias']": {"_type": "histogram", "values": [0, 0, 0, 0, 0, 0, 0, 0, 0, 0, 0, 0, 0, 0, 0, 0, 0, 0, 0, 0, 0, 0, 0, 0, 0, 0, 0, 0, 0, 0, 0, 0, 24, 0, 0, 0, 0, 0, 0, 0, 0, 0, 0, 0, 0, 0, 0, 0, 0, 0, 0, 0, 0, 0, 0, 0, 0, 0, 0, 0, 0, 0, 0, 0], "bins": [-0.5, -0.484375, -0.46875, -0.453125, -0.4375, -0.421875, -0.40625, -0.390625, -0.375, -0.359375, -0.34375, -0.328125, -0.3125, -0.296875, -0.28125, -0.265625, -0.25, -0.234375, -0.21875, -0.203125, -0.1875, -0.171875, -0.15625, -0.140625, -0.125, -0.109375, -0.09375, -0.078125, -0.0625, -0.046875, -0.03125, -0.015625, 0.0, 0.015625, 0.03125, 0.046875, 0.0625, 0.078125, 0.09375, 0.109375, 0.125, 0.140625, 0.15625, 0.171875, 0.1875, 0.203125, 0.21875, 0.234375, 0.25, 0.265625, 0.28125, 0.296875, 0.3125, 0.328125, 0.34375, 0.359375, 0.375, 0.390625, 0.40625, 0.421875, 0.4375, 0.453125, 0.46875, 0.484375, 0.5]}, "params/['params']['layers_1']['linear_layer']['kernel']": {"_type": "histogram", "values": [1, 0, 0, 0, 0, 2, 1, 0, 0, 0, 1, 0, 0, 0, 0, 0, 2, 2, 0, 0, 0, 1, 1, 0, 0, 1, 1, 0, 0, 0, 0, 0, 1, 0, 479, 0, 0, 0, 0, 1, 0, 0, 1, 2, 0, 1, 0, 0, 0, 0, 0, 1, 0, 0, 1, 0, 0, 0, 0, 0, 0, 2, 1, 1],