{"loss": 0.011210906319320202, "_timestamp": 1739373856.1998227, "_runtime": 168.74236059188843, "_step": 404, "params/['params']['last']['bias']": {"_type": "histogram", "values": [1, 0, 0, 0, 0, 0, 0, 0, 0, 0, 0, 0, 0, 0, 0, 0, 0, 0, 0, 0, 0, 0, 0, 0, 0, 0, 0, 0, 0, 0, 0, 0, 0, 0, 0, 0, 0, 0, 0, 0, 0, 0, 0, 0, 0, 0, 0, 0, 0, 0, 0, 0, 0, 0, 0, 0, 0, 0, 0, 0, 0, 0, 0, 1], "bins": [0.0, 0.008361438289284706, 0.016722876578569412, 0.02508431486785412, 0.033445753157138824, 0.04180718958377838, 0.05016862973570824, 0.05853006988763809, 0.06689150631427765, 0.0752529427409172, 0.08361437916755676, 0.09197582304477692, 0.10033725947141647, 0.10869869589805603, 0.11706013977527618, 0.12542156875133514, 0.1337830126285553, 0.14214445650577545, 0.1505058854818344, 0.15886732935905457, 0.16722875833511353, 0.17559020221233368, 0.18395164608955383, 0.1923130750656128, 0.20067451894283295, 0.2090359628200531, 0.21739739179611206, 0.22575883567333221, 0.23412027955055237, 0.24248170852661133, 0.2508431375026703, 0.25920459628105164, 0.2675660252571106, 0.27592745423316956, 0.2842889130115509, 0.29265034198760986, 0.3010117709636688, 0.30937322974205017, 0.31773465871810913, 0.3260960876941681, 0.33445751667022705, 0.3428189754486084, 0.35118040442466736, 0.3595418334007263, 0.36790329217910767, 0.3762647211551666, 0.3846261501312256, 0.39298760890960693, 0.4013490378856659, 0.40971046686172485, 0.4180719256401062, 0.42643335461616516, 0.4347947835922241, 0.44315624237060547, 0.45151767134666443, 0.4598791003227234, 0.46824055910110474, 0.4766019880771637, 0.48496341705322266, 0.4933248460292816, 0.5016862750053406, 0.5100477337837219, 0.5184091925621033, 0.5267705917358398, 0.5351320505142212]}, "params/['params']['last']['kernel']": {"_type": "histogram", "values": [28, 0, 0, 0, 0, 0, 0, 0, 0, 0, 0, 0, 0, 0, 0, 0, 0, 0, 0, 0, 0, 0, 0, 0, 0, 0, 0, 0, 0, 0, 0, 0, 0, 0, 0, 0, 0, 0, 0, 0, 0, 0, 0, 0, 0, 0, 0, 0, 0, 0, 0, 0, 0, 0, 0, 0, 0, 0, 0, 0, 0, 0, 0, 2], "bins": [0.0, 0.002782791154459119, 0.005565582308918238, 0.008348373696208, 0.011131164617836475, 0.01391395553946495, 0.016696747392416, 0.0194795373827219, 0.02226232923567295, 0.025045121088624, 0.0278279110789299, 0.03061070293188095, 0.033393494784832, 0.03617628663778305, 0.0389590747654438, 0.04174186661839485, 0.0445246584713459, 0.04730745032429695, 0.050090242177248, 0.05287303030490875, 0.0556558221578598, 0.05843861401081085, 0.0612214058637619, 0.06400419771671295, 0.066786989569664, 0.06956978142261505, 0.0723525732755661, 0.07513535767793655, 0.0779181495308876, 0.08070094138383865, 0.0834837332367897, 0.08626652508974075, 0.0890493169426918, 0.09183210879564285, 0.0946149006485939, 0.09739769250154495, 0.100180484354496, 0.10296327620744705, 0.1057460606098175, 0.10852885246276855, 0.1113116443157196, 0.11409443616867065, 0.1168772280216217, 0.11966001987457275, 0.1224428117275238, 0.12522560358047485, 0.1280083954334259, 0.13079118728637695, 0.133573979139328, 0.13635677099227905, 0.1391395628452301, 0.14192235469818115, 0.1447051465511322, 0.14748793840408325, 0.1502707153558731, 0.15305350720882416, 0.1558362990617752, 0.15861909091472626, 0.1614018827676773, 0.16418467462062836, 0.1669674664735794, 0.16975025832653046, 0.1725330501794815, 0.17531584203243256, 0.1780986338853836]}, "params/['params']['layers_0']['linear_layer']['bias']": {"_type": "histogram", "values": [17, 0, 0, 0, 0, 0, 0, 0, 0, 0, 0, 0, 0, 0, 0, 0, 0, 0, 0, 0, 0, 0, 0, 0, 0, 0, 0, 0, 0, 0, 0, 0, 0, 0, 0, 0, 0, 0, 0, 0, 0, 0, 0, 0, 0, 0, 0, 0, 0, 0, 0, 0, 0, 0, 0, 0, 0, 0, 0, 0, 0, 0, 0, 1], "bins": [0.0, 0.00011696285218931735, 0.0002339257043786347, 0.00035088855656795204, 0.0004678514087572694, 0.0005848142318427563, 0.0007017771131359041, 0.0008187399944290519, 0.0009357028175145388, 0.0010526656406000257, 0.0011696284636855125, 0.0012865914031863213, 0.0014035542262718081, 0.001520517049357295, 0.0016374799888581038, 0.0017544428119435906, 0.0018714056350290775, 0.0019883685745298862, 0.0021053312812000513, 0.00222229422070086, 0.002339256927371025, 0.002456219866871834, 0.0025731828063726425, 0.0026901455130428076, 0.0028071084525436163, 0.002924071392044425, 0.00304103409871459, 0.003157997038215399, 0.0032749599777162075, 0.0033919226843863726, 0.0035088856238871813, 0.0036258483305573463, 0.003742811270058155, 0.0038597742095589638, 0.0039767371490597725, 0.004093699622899294, 0.004210662562400103, 0.004327625501900911, 0.00444458844140172, 0.004561551380902529, 0.00467851385474205, 0.004795476794242859, 0.004912439733743668, 0.005029402673244476, 0.005146365612745285, 0.005263328552246094, 0.005380291026085615, 0.005497253965586424, 0.005614216905087233, 0.005731179844588041, 0.00584814278408885, 0.005965105257928371, 0.00608206819742918, 0.006199031136929989, 0.006315994076430798, 0.006432957015931606, 0.006549919955432415, 0.006666882429271936, 0.006783845368772745, 0.006900808308273554, 0.0070177712477743626, 0.007134734187275171, 0.007251696661114693, 0.007368659600615501, 0.00748562254011631]}, "params/['params']['layers_0']['linear_layer']['kernel']": {"_type": "histogram", "values": [1, 0, 0, 0, 0, 0, 0, 0, 0, 0, 67, 1, 0, 1, 0, 0, 0, 1, 0, 0, 0, 0, 0, 0, 0, 0, 0, 0, 0, 0, 0, 0, 0, 0, 0, 0, 0, 0, 0, 0, 0, 0, 0, 0, 0, 0, 0, 0, 0, 0, 0, 0, 0, 0, 0, 0, 0, 0, 0, 0, 0, 0, 0, 1], "bins": [-0.3638482689857483, -0.33048826456069946, -0.29712826013565063, -0.2637682855129242, -0.23040828108787537, -0.19704827666282654, -0.1636882871389389, -0.13032829761505127, -0.09696829319000244, -0.06360828876495361, -0.030248284339904785, 0.0031116902828216553, 0.03647169470787048, 0.06983169913291931, 0.10319167375564575, 0.13655167818069458, 0.1699116826057434, 0.20327168703079224, 0.23663169145584106, 0.2699916958808899, 0.3033517003059387, 0.3367116451263428, 0.3700716495513916, 0.40343165397644043, 0.43679165840148926, 0.4701516628265381, 0.5035116672515869, 0.5368716716766357, 0.5702316164970398, 0.6035916209220886, 0.6369516253471375, 0.6703116297721863, 0.7036716341972351, 0.7370316386222839, 0.7703916430473328, 0.8037516474723816, 0.8371116518974304, 0.8704716563224792, 0.9038316607475281, 0.9371916651725769, 0.9705516695976257, 1.0039114952087402, 1.037271499633789, 1.070631504058838, 1.1039915084838867, 1.1373515129089355, 1.1707115173339844, 1.2040715217590332, 1.237431526184082, 1.2707915306091309, 1.3041515350341797, 1.3375115394592285, 1.3708715438842773, 1.4042315483093262, 1.437591552734375, 1.4709515571594238, 1.5043115615844727, 1.5376715660095215, 1.5710315704345703, 1.6043915748596191, 1.637751579284668, 1.6711115837097168, 1.7044715881347656, 1.7378315925598145, 1.7711914777755737]}, "params/['params']['layers_1']['linear_layer']['bias']": {"_type": "histogram", "values": [0, 0, 0, 0, 0, 0, 0, 0, 0, 0, 0, 0, 0, 0, 0, 0, 0, 0, 0, 0, 0, 0, 0, 0, 0, 0, 0, 0, 0, 0, 0, 0, 18, 0, 0, 0, 0, 0, 0, 0, 0, 0, 0, 0, 0, 0, 0, 0, 0, 0, 0, 0, 0, 0, 0, 0, 0, 0, 0, 0, 0, 0, 0, 0], "bins": [-0.5, -0.484375, -0.46875, -0.453125, -0.4375, -0.421875, -0.40625, -0.390625, -0.375, -0.359375, -0.34375, -0.328125, -0.3125, -0.296875, -0.28125, -0.265625, -0.25, -0.234375, -0.21875, -0.203125, -0.1875, -0.171875, -0.15625, -0.140625, -0.125, -0.109375, -0.09375, -0.078125, -0.0625, -0.046875, -0.03125, -0.015625, 0.0, 0.015625, 0.03125, 0.046875, 0.0625, 0.078125, 0.09375, 0.109375, 0.125, 0.140625, 0.15625, 0.171875, 0.1875, 0.203125, 0.21875, 0.234375, 0.25, 0.265625, 0.28125, 0.296875, 0.3125, 0.328125, 0.34375, 0.359375, 0.375, 0.390625, 0.40625, 0.421875, 0.4375, 0.453125, 0.46875, 0.484375, 0.5]}, "params/['params']['layers_1']['linear_layer']['kernel']": {"_type": "histogram", "values": [1, 0, 0, 0, 0, 0, 0, 0, 1, 0, 0, 0, 0, 0, 0, 0, 0, 0, 0, 0, 0, 1, 0, 1, 0, 0, 0, 1, 259, 1, 1, 0, 0, 0, 0, 0, 0, 0, 0, 0, 0, 1, 0, 0, 0, 0, 0, 0, 0, 1, 0, 0, 1, 0, 0, 0, 0, 0, 0, 0, 0, 0, 0, 1],