{"loss": 0.03205738589167595, "_timestamp": 1739300544.4881496, "_runtime": 18.706594705581665, "_step": 25, "params/['params']['last']['bias']": {"_type": "histogram", "values": [1, 0, 0, 0, 0, 0, 0, 0, 0, 0, 0, 0, 0, 0, 0, 0, 0, 0, 0, 0, 0, 0, 0, 0, 0, 0, 0, 0, 0, 0, 0, 0, 0, 0, 0, 0, 0, 0, 0, 0, 0, 0, 0, 0, 0, 0, 0, 0, 0, 0, 0, 0, 0, 0, 0, 0, 0, 0, 0, 0, 0, 0, 0, 1], "bins": [0.8363085985183716, 0.8389648199081421, 0.8416210412979126, 0.8442772626876831, 0.8469334840774536, 0.8495897054672241, 0.8522459268569946, 0.8549021482467651, 0.8575583696365356, 0.8602145910263062, 0.8628708124160767, 0.8655270338058472, 0.8681832551956177, 0.8708394765853882, 0.8734956979751587, 0.8761519193649292, 0.8788081407546997, 0.8814643621444702, 0.884120523929596, 0.8867767453193665, 0.889432966709137, 0.8920891880989075, 0.894745409488678, 0.8974016308784485, 0.900057852268219, 0.9027140736579895, 0.90537029504776, 0.9080265164375305, 0.910682737827301, 0.9133389592170715, 0.915995180606842, 0.9186514019966125, 0.9213076233863831, 0.9239638447761536, 0.9266200661659241, 0.9292762875556946, 0.9319325089454651, 0.9345887303352356, 0.9372449517250061, 0.9399011731147766, 0.9425573945045471, 0.9452136158943176, 0.9478698372840881, 0.9505260586738586, 0.9531822800636292, 0.9558385014533997, 0.9584946632385254, 0.9611508846282959, 0.9638071060180664, 0.9664633274078369, 0.9691195487976074, 0.9717757701873779, 0.9744319915771484, 0.977088212966919, 0.9797444343566895, 0.98240065574646, 0.9850568771362305, 0.987713098526001, 0.9903693199157715, 0.993025541305542, 0.9956817626953125, 0.998337984085083, 1.0009942054748535, 1.003650426864624, 1.0063066482543945]}, "params/['params']['last']['kernel']": {"_type": "histogram", "values": [3, 0, 1, 1, 0, 0, 0, 0, 0, 0, 0, 0, 0, 0, 1, 0, 0, 0, 0, 0, 0, 0, 1, 0, 1, 0, 0, 3, 2, 8, 1, 0, 0, 0, 0, 0, 0, 0, 0, 0, 0, 0, 1, 0, 0, 1, 0, 0, 0, 1, 0, 0, 0, 0, 0, 1, 1, 1, 1, 0, 0, 0, 0, 1], "bins": [-0.2631022036075592, -0.2538703382015228, -0.24463850259780884, -0.23540665209293365, -0.22617480158805847, -0.2169429361820221, -0.2077110856771469, -0.19847923517227173, -0.18924738466739655, -0.18001553416252136, -0.17078368365764618, -0.161551833152771, -0.15231996774673462, -0.14308813214302063, -0.13385626673698425, -0.12462441623210907, -0.11539256572723389, -0.1061607152223587, -0.09692886471748352, -0.08769701421260834, -0.07846516370773315, -0.06923329830169678, -0.060001447796821594, -0.05076959729194641, -0.04153774678707123, -0.032305896282196045, -0.023074045777320862, -0.013842195272445679, -0.004610329866409302, 0.0046215057373046875, 0.013853371143341064, 0.023085206747055054, 0.03231707215309143, 0.04154893755912781, 0.0507807731628418, 0.060012638568878174, 0.06924447417259216, 0.07847633957862854, 0.08770817518234253, 0.0969400405883789, 0.1061718761920929, 0.11540374159812927, 0.12463560700416565, 0.13386744260787964, 0.14309930801391602, 0.15233114361763, 0.16156300902366638, 0.17079484462738037, 0.18002671003341675, 0.18925857543945312, 0.19849041104316711, 0.2077222764492035, 0.21695411205291748, 0.22618597745895386, 0.23541781306266785, 0.24464967846870422, 0.2538815438747406, 0.263113409280777, 0.2723452150821686, 0.28157708048820496, 0.29080894589424133, 0.3000408113002777, 0.3092726171016693, 0.3185044825077057, 0.32773634791374207]}, "params/['params']['layers_0']['linear_layer']['bias']": {"_type": "histogram", "values": [2, 1, 1, 0, 2, 2, 2, 0, 0, 0, 0, 0, 1, 0, 0, 0, 0, 0, 0, 0, 1, 0, 0, 0, 0, 0, 0, 0, 0, 0, 0, 0, 0, 0, 0, 0, 0, 0, 0, 0, 0, 0, 0, 0, 0, 0, 0, 0, 0, 0, 0, 0, 0, 0, 0, 0, 0, 0, 0, 0, 0, 0, 3, 3], "bins": [-0.29570525884628296, -0.2868778705596924, -0.2780504822731018, -0.26922309398651123, -0.26039567589759827, -0.2515682876110077, -0.24274089932441711, -0.23391351103782654, -0.22508612275123596, -0.2162587195634842, -0.20743133127689362, -0.19860392808914185, -0.18977653980255127, -0.1809491515159607, -0.17212176322937012, -0.16329436004161835, -0.15446697175502777, -0.1456395834684372, -0.13681218028068542, -0.12798479199409485, -0.11915740370750427, -0.1103300005197525, -0.10150261223316193, -0.09267522394657135, -0.08384782075881958, -0.075020432472229, -0.06619304418563843, -0.05736565589904785, -0.04853825271129608, -0.03971084952354431, -0.030883461236953735, -0.02205607295036316, -0.013228684663772583, -0.004401296377182007, 0.004426091909408569, 0.013253480195999146, 0.02208089828491211, 0.030908286571502686, 0.03973567485809326, 0.04856306314468384, 0.057390451431274414, 0.06621783971786499, 0.07504525780677795, 0.08387264609336853, 0.0927000343799591, 0.10152742266654968, 0.11035481095314026, 0.11918219923973083, 0.1280096173286438, 0.13683700561523438, 0.14566439390182495, 0.15449178218841553, 0.1633191704750061, 0.17214655876159668, 0.18097394704818726, 0.18980136513710022, 0.1986287534236908, 0.20745611190795898, 0.21628355979919434, 0.2251109480857849, 0.2339383363723755, 0.24276572465896606, 0.25159311294555664, 0.2604205012321472, 0.2692478895187378]}, "params/['params']['layers_0']['linear_layer']['kernel']": {"_type": "histogram", "values": [1, 0, 0, 2, 0, 1, 0, 1, 0, 0, 1, 1, 3, 0, 0, 1, 0, 0, 1, 1, 0, 2, 1, 1, 1, 0, 1, 4, 0, 1, 2, 0, 0, 1, 3, 1, 9, 5, 1, 0, 0, 0, 3, 1, 1, 2, 0, 0, 0, 1, 1, 0, 1, 1, 4, 3, 0, 0, 0, 2, 0, 1, 3, 2], "bins": [-1.1485933065414429, -1.1168205738067627, -1.085047721862793, -1.0532749891281128, -1.0215022563934326, -0.9897295236587524, -0.9579567313194275, -0.9261839389801025, -0.8944112062454224, -0.8626384735107422, -0.8308656811714172, -0.7990928888320923, -0.7673201560974121, -0.7355474233627319, -0.703774631023407, -0.672001838684082, -0.6402291059494019, -0.6084563732147217, -0.5766835808753967, -0.5449107885360718, -0.5131380558013916, -0.4813653230667114, -0.4495925307273865, -0.4178197383880615, -0.38604700565338135, -0.35427427291870117, -0.3225014805793762, -0.29072868824005127, -0.2589559555053711, -0.22718322277069092, -0.19541043043136597, -0.16363763809204102, -0.13186490535736084, -0.10009217262268066, -0.06831943988800049, -0.03654658794403076, -0.004773855209350586, 0.02699887752532959, 0.058771729469299316, 0.09054446220397949, 0.12231719493865967, 0.15408992767333984, 0.18586266040802002, 0.21763551235198975, 0.24940824508666992, 0.2811809778213501, 0.3129538297653198, 0.3447265625, 0.3764992952346802, 0.40827202796936035, 0.4400447607040405, 0.47181761264801025, 0.5035903453826904, 0.5353630781173706, 0.5671359300613403, 0.5989086627960205, 0.6306813955307007, 0.6624541282653809, 0.694226861000061, 0.7259997129440308, 0.7577724456787109, 0.7895451784133911, 0.8213180303573608, 0.8530906438827515, 0.8848634362220764]}, "_wandb": {"runtime": 18}}