{"loss": 1.1150617599487305, "_timestamp": 1739300352.7011113, "_runtime": 11.11456823348999, "_step": 25, "params/['params']['last']['bias']": {"_type": "histogram", "values": [1, 0, 0, 0, 0, 0, 0, 0, 0, 0, 0, 0, 0, 0, 0, 0, 0, 0, 0, 0, 0, 0, 0, 0, 0, 0, 0, 0, 0, 0, 0, 0, 0, 0, 0, 0, 0, 0, 0, 0, 0, 0, 0, 0, 0, 0, 0, 0, 0, 0, 0, 0, 0, 0, 0, 0, 0, 0, 0, 0, 0, 0, 0, 1], "bins": [0.8938178420066833, 0.8955007791519165, 0.8971836566925049, 0.898866593837738, 0.9005494713783264, 0.9022324085235596, 0.903915286064148, 0.9055982232093811, 0.9072811007499695, 0.9089640378952026, 0.910646915435791, 0.9123298525810242, 0.9140127897262573, 0.9156956672668457, 0.9173786044120789, 0.9190614819526672, 0.9207444190979004, 0.9224272966384888, 0.9241102337837219, 0.9257931113243103, 0.9274760484695435, 0.9291589260101318, 0.930841863155365, 0.9325248003005981, 0.9342076778411865, 0.9358906149864197, 0.9375734925270081, 0.9392564296722412, 0.9409393072128296, 0.9426222443580627, 0.9443051218986511, 0.9459880590438843, 0.9476709365844727, 0.9493538737297058, 0.951036810874939, 0.9527196884155273, 0.9544026255607605, 0.9560855031013489, 0.957768440246582, 0.9594513177871704, 0.9611342549324036, 0.9628171324729919, 0.9645000696182251, 0.9661829471588135, 0.9678658843040466, 0.9695488214492798, 0.9712316989898682, 0.9729146361351013, 0.9745975136756897, 0.9762804508209229, 0.9779633283615112, 0.9796462655067444, 0.9813292026519775, 0.9830120801925659, 0.9846949577331543, 0.9863778948783875, 0.9880608320236206, 0.989743709564209, 0.9914266467094421, 0.9931095242500305, 0.9947924613952637, 0.996475338935852, 0.9981582760810852, 0.9998412132263184, 1.0015240907669067]}, "params/['params']['last']['kernel']": {"_type": "histogram", "values": [0, 0, 0, 0, 0, 0, 0, 0, 0, 0, 0, 0, 0, 0, 0, 0, 0, 0, 0, 0, 0, 0, 0, 0, 0, 0, 0, 0, 0, 0, 0, 0, 30, 0, 0, 0, 0, 0, 0, 0, 0, 0, 0, 0, 0, 0, 0, 0, 0, 0, 0, 0, 0, 0, 0, 0, 0, 0, 0, 0, 0, 0, 0, 0], "bins": [-0.5, -0.484375, -0.46875, -0.453125, -0.4375, -0.421875, -0.40625, -0.390625, -0.375, -0.359375, -0.34375, -0.328125, -0.3125, -0.296875, -0.28125, -0.265625, -0.25, -0.234375, -0.21875, -0.203125, -0.1875, -0.171875, -0.15625, -0.140625, -0.125, -0.109375, -0.09375, -0.078125, -0.0625, -0.046875, -0.03125, -0.015625, 0.0, 0.015625, 0.03125, 0.046875, 0.0625, 0.078125, 0.09375, 0.109375, 0.125, 0.140625, 0.15625, 0.171875, 0.1875, 0.203125, 0.21875, 0.234375, 0.25, 0.265625, 0.28125, 0.296875, 0.3125, 0.328125, 0.34375, 0.359375, 0.375, 0.390625, 0.40625, 0.421875, 0.4375, 0.453125, 0.46875, 0.484375, 0.5]}, "params/['params']['layers_0']['linear_layer']['bias']": {"_type": "histogram", "values": [0, 0, 0, 0, 0, 0, 0, 0, 0, 0, 0, 0, 0, 0, 0, 0, 0, 0, 0, 0, 0, 0, 0, 0, 0, 0, 0, 0, 0, 0, 0, 0, 18, 0, 0, 0, 0, 0, 0, 0, 0, 0, 0, 0, 0, 0, 0, 0, 0, 0, 0, 0, 0, 0, 0, 0, 0, 0, 0, 0, 0, 0, 0, 0], "bins": [-0.5, -0.484375, -0.46875, -0.453125, -0.4375, -0.421875, -0.40625, -0.390625, -0.375, -0.359375, -0.34375, -0.328125, -0.3125, -0.296875, -0.28125, -0.265625, -0.25, -0.234375, -0.21875, -0.203125, -0.1875, -0.171875, -0.15625, -0.140625, -0.125, -0.109375, -0.09375, -0.078125, -0.0625, -0.046875, -0.03125, -0.015625, 0.0, 0.015625, 0.03125, 0.046875, 0.0625, 0.078125, 0.09375, 0.109375, 0.125, 0.140625, 0.15625, 0.171875, 0.1875, 0.203125, 0.21875, 0.234375, 0.25, 0.265625, 0.28125, 0.296875, 0.3125, 0.328125, 0.34375, 0.359375, 0.375, 0.390625, 0.40625, 0.421875, 0.4375, 0.453125, 0.46875, 0.484375, 0.5]}, "params/['params']['layers_0']['linear_layer']['kernel']": {"_type": "histogram", "values": [1, 0, 1, 1, 0, 0, 1, 0, 0, 0, 1, 2, 0, 0, 0, 0, 1, 0, 0, 1, 0, 1, 1, 0, 1, 0, 0, 0, 0, 1, 2, 0, 1, 1, 4, 2, 0, 0, 1, 0, 1, 1, 0, 0, 1, 3, 1, 0, 0, 0, 0, 1, 0, 1, 0, 0, 1, 0, 0, 0, 1, 0, 0, 1], "bins": [-0.9985660910606384, -0.9620059728622437, -0.9254457950592041, -0.8888856768608093, -0.8523255586624146, -0.815765380859375, -0.7792052626609802, -0.7426451444625854, -0.7060849666595459, -0.6695248484611511, -0.6329647302627563, -0.5964045524597168, -0.559844434261322, -0.5232843160629272, -0.48672419786453247, -0.4501640200614929, -0.41360390186309814, -0.37704378366470337, -0.3404836058616638, -0.30392348766326904, -0.26736336946487427, -0.23080319166183472, -0.19424307346343994, -0.15768295526504517, -0.12112277746200562, -0.08456265926361084, -0.048002541065216064, -0.011442422866821289, 0.025117695331573486, 0.06167787313461304, 0.09823805093765259, 0.1347981095314026, 0.17135828733444214, 0.2079184651374817, 0.2444785237312317, 0.28103870153427124, 0.3175988793373108, 0.3541589379310608, 0.39071911573410034, 0.4272792935371399, 0.4638393521308899, 0.5003995299339294, 0.536959707736969, 0.573519766330719, 0.6100799441337585, 0.6466401219367981, 0.6832001805305481, 0.7197603583335876, 0.7563205361366272, 0.7928805947303772, 0.8294407725334167, 0.8660008311271667, 0.9025610089302063, 0.9391211867332458, 0.9756812453269958, 1.0122413635253906, 1.0488014221191406, 1.0853617191314697, 1.1219217777252197, 1.1584818363189697, 1.1950421333312988, 1.2316021919250488, 1.2681622505187988, 1.304722547531128, 1.341282606124878]}, "_wandb": {"runtime": 10}}