{"loss": 1.6559861251153052e-05, "_timestamp": 1739546480.854028, "_runtime": 167.64209008216858, "_step": 405, "validation_loss": 1.6238880562013946e-05, "params/['params']['last']['bias']": {"_type": "histogram", "values": [1, 0, 0, 0, 0, 0, 0, 0, 0, 0, 0, 0, 0, 0, 0, 0, 0, 0, 0, 0, 0, 0, 0, 0, 0, 0, 0, 0, 0, 0, 0, 0, 0, 0, 0, 0, 0, 0, 0, 0, 0, 0, 0, 0, 0, 0, 0, 0, 0, 0, 0, 0, 0, 0, 0, 0, 0, 0, 0, 0, 0, 0, 0, 1], "bins": [0.0, 0.008260080590844154, 0.01652016118168831, 0.024780241772532463, 0.03304032236337662, 0.04130040109157562, 0.049560483545064926, 0.05782056599855423, 0.06608064472675323, 0.07434072345495224, 0.08260080218315125, 0.09086088836193085, 0.09912096709012985, 0.10738104581832886, 0.11564113199710846, 0.12390121072530746, 0.13216128945350647, 0.14042137563228607, 0.14868144690990448, 0.15694153308868408, 0.1652016043663025, 0.1734616905450821, 0.1817217767238617, 0.1899818480014801, 0.1982419341802597, 0.2065020203590393, 0.21476209163665771, 0.22302217781543732, 0.23128226399421692, 0.23954233527183533, 0.24780242145061493, 0.25606250762939453, 0.26432257890701294, 0.27258265018463135, 0.28084275126457214, 0.28910282254219055, 0.29736289381980896, 0.30562299489974976, 0.31388306617736816, 0.3221431374549866, 0.330403208732605, 0.3386633098125458, 0.3469233810901642, 0.3551834523677826, 0.3634435534477234, 0.3717036247253418, 0.3799636960029602, 0.388223797082901, 0.3964838683605194, 0.4047439396381378, 0.4130040407180786, 0.421264111995697, 0.42952418327331543, 0.4377842843532562, 0.44604435563087463, 0.45430442690849304, 0.46256452798843384, 0.47082459926605225, 0.47908467054367065, 0.48734474182128906, 0.49560484290122986, 0.5038649439811707, 0.5121250152587891, 0.5203850865364075, 0.5286451578140259]}, "params/['params']['last']['kernel']": {"_type": "histogram", "values": [2, 0, 0, 1, 0, 0, 0, 0, 0, 0, 0, 0, 0, 0, 0, 0, 0, 0, 0, 0, 0, 0, 0, 0, 0, 0, 0, 0, 0, 0, 0, 0, 0, 0, 0, 0, 0, 0, 0, 0, 0, 0, 0, 0, 0, 0, 0, 0, 0, 0, 0, 0, 0, 0, 0, 0, 0, 0, 0, 0, 0, 2, 0, 37], "bins": [-0.2746228277683258, -0.27033185958862305, -0.2660408616065979, -0.26174989342689514, -0.25745889544487, -0.25316792726516724, -0.2488769292831421, -0.24458596110343933, -0.24029497802257538, -0.23600399494171143, -0.23171301186084747, -0.22742202877998352, -0.22313104569911957, -0.21884006261825562, -0.21454907953739166, -0.2102580964565277, -0.20596712827682495, -0.2016761302947998, -0.19738516211509705, -0.1930941790342331, -0.18880319595336914, -0.1845122128725052, -0.18022122979164124, -0.17593024671077728, -0.17163926362991333, -0.16734829545021057, -0.16305729746818542, -0.15876632928848267, -0.15447533130645752, -0.15018436312675476, -0.1458933800458908, -0.14160239696502686, -0.1373114138841629, -0.13302043080329895, -0.128729447722435, -0.12443846464157104, -0.12014748156070709, -0.11585649847984314, -0.11156553030014038, -0.10727454721927643, -0.10298356413841248, -0.09869258105754852, -0.09440159797668457, -0.09011061489582062, -0.08581963181495667, -0.08152864873409271, -0.07723766565322876, -0.07294668257236481, -0.06865569949150085, -0.0643647313117981, -0.06007374823093414, -0.05578276515007019, -0.05149178206920624, -0.047200798988342285, -0.04290981590747833, -0.03861883282661438, -0.03432784974575043, -0.030036866664886475, -0.025745883584022522, -0.02145490050315857, -0.01716393232345581, -0.012872934341430664, -0.008581966161727905, -0.004290968179702759, 0.0]}, "params/['params']['layers_0']['linear_layer']['bias']": {"_type": "histogram", "values": [0, 0, 0, 0, 0, 0, 0, 0, 0, 0, 0, 0, 0, 0, 0, 0, 0, 0, 0, 0, 0, 0, 0, 0, 0, 0, 0, 0, 0, 0, 0, 0, 24, 0, 0, 0, 0, 0, 0, 0, 0, 0, 0, 0, 0, 0, 0, 0, 0, 0, 0, 0, 0, 0, 0, 0, 0, 0, 0, 0, 0, 0, 0, 0], "bins": [-0.5, -0.484375, -0.46875, -0.453125, -0.4375, -0.421875, -0.40625, -0.390625, -0.375, -0.359375, -0.34375, -0.328125, -0.3125, -0.296875, -0.28125, -0.265625, -0.25, -0.234375, -0.21875, -0.203125, -0.1875, -0.171875, -0.15625, -0.140625, -0.125, -0.109375, -0.09375, -0.078125, -0.0625, -0.046875, -0.03125, -0.015625, 0.0, 0.015625, 0.03125, 0.046875, 0.0625, 0.078125, 0.09375, 0.109375, 0.125, 0.140625, 0.15625, 0.171875, 0.1875, 0.203125, 0.21875, 0.234375, 0.25, 0.265625, 0.28125, 0.296875, 0.3125, 0.328125, 0.34375, 0.359375, 0.375, 0.390625, 0.40625, 0.421875, 0.4375, 0.453125, 0.46875, 0.484375, 0.5]}, "params/['params']['layers_0']['linear_layer']['kernel']": {"_type": "histogram", "values": [2, 0, 0, 0, 0, 0, 0, 0, 1, 0, 0, 0, 0, 0, 0, 0, 90, 1, 0, 0, 0, 0, 0, 0, 0, 0, 0, 0, 0, 0, 0, 0, 0, 1, 0, 0, 0, 0, 0, 0, 0, 0, 0, 0, 0, 0, 0, 0, 0, 0, 0, 0, 0, 0, 0, 0, 0, 0, 0, 0, 0, 0, 0, 1], "bins": [-0.5910261273384094, -0.5559608340263367, -0.5208955407142639, -0.48583024740219116, -0.4507649540901184, -0.41569966077804565, -0.3806343674659729, -0.34556907415390015, -0.3105037808418274, -0.27543848752975464, -0.24037319421768188, -0.20530790090560913, -0.17024260759353638, -0.13517731428146362, -0.10011202096939087, -0.06504672765731812, -0.02998143434524536, 0.005083858966827393, 0.040149152278900146, 0.0752144455909729, 0.11027973890304565, 0.1453450322151184, 0.18041032552719116, 0.21547561883926392, 0.25054091215133667, 0.2856062054634094, 0.3206714987754822, 0.35573679208755493, 0.3908020853996277, 0.42586737871170044, 0.4609326720237732, 0.49599796533584595, 0.5310632586479187, 0.5661285519599915, 0.6011938452720642, 0.636259138584137, 0.6713244318962097, 0.7063897252082825, 0.7414550185203552, 0.776520311832428, 0.8115856051445007, 0.8466508984565735, 0.8817161917686462, 0.916781485080719, 0.9518467783927917, 0.9869120717048645, 1.021977424621582, 1.0570425987243652, 1.0921080112457275, 1.1271731853485107, 1.162238597869873, 1.1973037719726562, 1.2323691844940186, 1.2674343585968018, 1.302499771118164, 1.3375649452209473, 1.3726303577423096, 1.4076955318450928, 1.442760944366455, 1.4778263568878174, 1.5128915309906006, 1.5479567050933838, 1.583022117614746, 1.6180875301361084, 1.653152585029602]}, "params/['params']['layers_1']['linear_layer']['bias']": {"_type": "histogram", "values": [0, 0, 0, 0, 0, 0, 0, 0, 0, 0, 0, 0, 0, 0, 0, 0, 0, 0, 0, 0, 0, 0, 0, 0, 0, 0, 0, 0, 0, 0, 0, 0, 24, 0, 0, 0, 0, 0, 0, 0, 0, 0, 0, 0, 0, 0, 0, 0, 0, 0, 0, 0, 0, 0, 0, 0, 0, 0, 0, 0, 0, 0, 0, 0], "bins": [-0.5, -0.484375, -0.46875, -0.453125, -0.4375, -0.421875, -0.40625, -0.390625, -0.375, -0.359375, -0.34375, -0.328125, -0.3125, -0.296875, -0.28125, -0.265625, -0.25, -0.234375, -0.21875, -0.203125, -0.1875, -0.171875, -0.15625, -0.140625, -0.125, -0.109375, -0.09375, -0.078125, -0.0625, -0.046875, -0.03125, -0.015625, 0.0, 0.015625, 0.03125, 0.046875, 0.0625, 0.078125, 0.09375, 0.109375, 0.125, 0.140625, 0.15625, 0.171875, 0.1875, 0.203125, 0.21875, 0.234375, 0.25, 0.265625, 0.28125, 0.296875, 0.3125, 0.328125, 0.34375, 0.359375, 0.375, 0.390625, 0.40625, 0.421875, 0.4375, 0.453125, 0.46875, 0.484375, 0.5]}, "params/['params']['layers_1']['linear_layer']['kernel']": {"_type": "histogram", "values": [3, 0, 0, 0, 0, 0, 0, 0, 0, 0, 0, 0, 0, 0, 1, 1, 0, 0, 0, 1, 0, 0, 0, 0, 1, 1, 1, 1, 0, 1, 1, 0, 4, 485, 0, 0, 0, 0, 0, 0, 0, 0, 0, 0, 0, 0, 1, 0, 0, 0, 0, 0, 0, 1, 0, 0, 0, 0, 0, 0, 0, 0, 0, 1],