{"loss": 0.8890367746353149, "_timestamp": 1739305219.081736, "_runtime": 17.15735411643982, "_step": 27, "params/['params']['last']['bias']": {"_type": "histogram", "values": [1, 0, 0, 0, 0, 0, 0, 0, 0, 0, 0, 0, 0, 0, 0, 0, 0, 0, 0, 0, 0, 0, 0, 0, 0, 0, 0, 0, 0, 0, 0, 0, 0, 0, 0, 0, 0, 0, 0, 0, 0, 0, 0, 0, 0, 0, 0, 0, 0, 0, 0, 0, 0, 0, 0, 0, 0, 0, 0, 0, 0, 0, 0, 1], "bins": [0.8937967419624329, 0.8954801559448242, 0.8971635103225708, 0.8988469243049622, 0.9005302786827087, 0.9022136926651001, 0.9038970470428467, 0.905580461025238, 0.9072638154029846, 0.908947229385376, 0.9106305837631226, 0.9123139977455139, 0.9139973521232605, 0.9156807661056519, 0.9173641204833984, 0.9190475344657898, 0.9207308888435364, 0.9224143028259277, 0.9240976572036743, 0.9257810711860657, 0.9274644255638123, 0.9291478395462036, 0.9308311939239502, 0.9325146079063416, 0.9341979622840881, 0.9358813762664795, 0.9375647306442261, 0.9392481446266174, 0.940931499004364, 0.9426149129867554, 0.944298267364502, 0.9459816813468933, 0.9476650953292847, 0.9493484497070312, 0.9510318040847778, 0.9527152180671692, 0.9543986320495605, 0.9560819864273071, 0.9577654004096985, 0.9594487547874451, 0.9611321687698364, 0.962815523147583, 0.9644989371299744, 0.966182291507721, 0.9678657054901123, 0.9695490598678589, 0.9712324738502502, 0.9729158282279968, 0.9745992422103882, 0.9762825965881348, 0.9779660105705261, 0.9796493649482727, 0.9813327789306641, 0.9830161333084106, 0.984699547290802, 0.9863829016685486, 0.9880663156509399, 0.9897496700286865, 0.9914330840110779, 0.9931164383888245, 0.9947998523712158, 0.9964832067489624, 0.9981666207313538, 0.9998500347137451, 1.0015333890914917]}, "params/['params']['last']['kernel']": {"_type": "histogram", "values": [0, 0, 0, 0, 0, 0, 0, 0, 0, 0, 0, 0, 0, 0, 0, 0, 0, 0, 0, 0, 0, 0, 0, 0, 0, 0, 0, 0, 0, 0, 0, 0, 30, 0, 0, 0, 0, 0, 0, 0, 0, 0, 0, 0, 0, 0, 0, 0, 0, 0, 0, 0, 0, 0, 0, 0, 0, 0, 0, 0, 0, 0, 0, 0], "bins": [-0.5, -0.484375, -0.46875, -0.453125, -0.4375, -0.421875, -0.40625, -0.390625, -0.375, -0.359375, -0.34375, -0.328125, -0.3125, -0.296875, -0.28125, -0.265625, -0.25, -0.234375, -0.21875, -0.203125, -0.1875, -0.171875, -0.15625, -0.140625, -0.125, -0.109375, -0.09375, -0.078125, -0.0625, -0.046875, -0.03125, -0.015625, 0.0, 0.015625, 0.03125, 0.046875, 0.0625, 0.078125, 0.09375, 0.109375, 0.125, 0.140625, 0.15625, 0.171875, 0.1875, 0.203125, 0.21875, 0.234375, 0.25, 0.265625, 0.28125, 0.296875, 0.3125, 0.328125, 0.34375, 0.359375, 0.375, 0.390625, 0.40625, 0.421875, 0.4375, 0.453125, 0.46875, 0.484375, 0.5]}, "params/['params']['layers_0']['linear_layer']['bias']": {"_type": "histogram", "values": [0, 0, 0, 0, 0, 0, 0, 0, 0, 0, 0, 0, 0, 0, 0, 0, 0, 0, 0, 0, 0, 0, 0, 0, 0, 0, 0, 0, 0, 0, 0, 0, 18, 0, 0, 0, 0, 0, 0, 0, 0, 0, 0, 0, 0, 0, 0, 0, 0, 0, 0, 0, 0, 0, 0, 0, 0, 0, 0, 0, 0, 0, 0, 0], "bins": [-0.5, -0.484375, -0.46875, -0.453125, -0.4375, -0.421875, -0.40625, -0.390625, -0.375, -0.359375, -0.34375, -0.328125, -0.3125, -0.296875, -0.28125, -0.265625, -0.25, -0.234375, -0.21875, -0.203125, -0.1875, -0.171875, -0.15625, -0.140625, -0.125, -0.109375, -0.09375, -0.078125, -0.0625, -0.046875, -0.03125, -0.015625, 0.0, 0.015625, 0.03125, 0.046875, 0.0625, 0.078125, 0.09375, 0.109375, 0.125, 0.140625, 0.15625, 0.171875, 0.1875, 0.203125, 0.21875, 0.234375, 0.25, 0.265625, 0.28125, 0.296875, 0.3125, 0.328125, 0.34375, 0.359375, 0.375, 0.390625, 0.40625, 0.421875, 0.4375, 0.453125, 0.46875, 0.484375, 0.5]}, "params/['params']['layers_0']['linear_layer']['kernel']": {"_type": "histogram", "values": [2, 1, 1, 0, 2, 2, 0, 0, 1, 1, 0, 1, 0, 1, 1, 0, 1, 0, 1, 2, 0, 2, 0, 1, 0, 1, 0, 2, 4, 3, 1, 7, 2, 1, 3, 1, 6, 1, 1, 1, 2, 0, 0, 1, 2, 1, 1, 3, 0, 1, 2, 0, 1, 0, 0, 1, 1, 0, 0, 1, 0, 0, 0, 1], "bins": [-0.9972676038742065, -0.9657903909683228, -0.934313178062439, -0.9028359651565552, -0.8713587522506714, -0.8398815393447876, -0.808404266834259, -0.7769270539283752, -0.7454498410224915, -0.7139726281166077, -0.6824954152107239, -0.6510181427001953, -0.6195409297943115, -0.5880637168884277, -0.556586503982544, -0.5251092910766602, -0.49363207817077637, -0.4621548652648926, -0.4306776523590088, -0.399200439453125, -0.3677232265472412, -0.33624595403671265, -0.30476874113082886, -0.27329152822494507, -0.24181431531906128, -0.2103371024131775, -0.1788598895072937, -0.1473826766014099, -0.11590540409088135, -0.08442819118499756, -0.05295097827911377, -0.02147376537322998, 0.010003447532653809, 0.0414806604385376, 0.07295787334442139, 0.10443508625030518, 0.13591229915618896, 0.16738951206207275, 0.19886672496795654, 0.23034393787384033, 0.2618211507797241, 0.29329848289489746, 0.32477569580078125, 0.35625290870666504, 0.38773012161254883, 0.4192073345184326, 0.4506845474243164, 0.4821617603302002, 0.513638973236084, 0.5451161861419678, 0.5765933990478516, 0.6080706119537354, 0.6395478248596191, 0.6710250377655029, 0.7025022506713867, 0.7339794635772705, 0.7654567956924438, 0.7969340085983276, 0.8284112215042114, 0.8598884344100952, 0.891365647315979, 0.9228428602218628, 0.9543200731277466, 0.9857972860336304, 1.0172744989395142]}, "params/['params']['layers_1']['linear_layer']['bias']": {"_type": "histogram", "values": [0, 0, 0, 0, 0, 0, 0, 0, 0, 0, 0, 0, 0, 0, 0, 0, 0, 0, 0, 0, 0, 0, 0, 0, 0, 0, 0, 0, 0, 0, 0, 0, 18, 0, 0, 0, 0, 0, 0, 0, 0, 0, 0, 0, 0, 0, 0, 0, 0, 0, 0, 0, 0, 0, 0, 0, 0, 0, 0, 0, 0, 0, 0, 0], "bins": [-0.5, -0.484375, -0.46875, -0.453125, -0.4375, -0.421875, -0.40625, -0.390625, -0.375, -0.359375, -0.34375, -0.328125, -0.3125, -0.296875, -0.28125, -0.265625, -0.25, -0.234375, -0.21875, -0.203125, -0.1875, -0.171875, -0.15625, -0.140625, -0.125, -0.109375, -0.09375, -0.078125, -0.0625, -0.046875, -0.03125, -0.015625, 0.0, 0.015625, 0.03125, 0.046875, 0.0625, 0.078125, 0.09375, 0.109375, 0.125, 0.140625, 0.15625, 0.171875, 0.1875, 0.203125, 0.21875, 0.234375, 0.25, 0.265625, 0.28125, 0.296875, 0.3125, 0.328125, 0.34375, 0.359375, 0.375, 0.390625, 0.40625, 0.421875, 0.4375, 0.453125, 0.46875, 0.484375, 0.5]}, "params/['params']['layers_1']['linear_layer']['kernel']": {"_type": "histogram", "values": [1, 2, 1, 4, 2, 2, 0, 1, 2, 3, 3, 4, 4, 3, 2, 2, 8, 4, 6, 2, 7, 4, 5, 8, 3, 8, 7, 11, 10, 4, 5, 4, 8, 8, 5, 4, 4, 12, 5, 6, 5, 9, 4, 3, 5, 2, 5, 9, 4, 3, 5, 2, 2, 3, 7, 7, 2, 0, 0, 2, 3, 3, 0, 1], "bins": [-0.5805273056030273, -0.5623682737350464, -0.5442091822624207, -0.5260500907897949, -0.507891058921814, -0.4897319972515106, -0.4715729355812073, -0.45341387391090393, -0.4352548122406006, -0.41709575057029724, -0.3989366888999939, -0.38077762722969055, -0.3626185655593872, -0.34445950388908386, -0.3263004422187805, -0.3081413805484772, -0.28998231887817383, -0.2718232572078705, -0.25366419553756714, -0.2355051338672638, -0.21734607219696045, -0.1991870105266571, -0.18102794885635376, -0.16286888718605042, -0.14470982551574707, -0.12655076384544373, -0.10839170217514038, -0.09023264050483704, -0.07207357883453369, -0.053914546966552734, -0.035755455493927, -0.01759636402130127, 0.0005626678466796875, 0.018721699714660645, 0.03688079118728638, 0.05503988265991211, 0.07319891452789307, 0.09135794639587402, 0.10951703786849976, 0.1276761293411255, 0.14583516120910645, 0.1639941930770874, 0.18215328454971313, 0.20031237602233887, 0.21847140789031982, 0.23663043975830078, 0.2547895312309265, 0.27294862270355225, 0.2911076545715332, 0.30926668643951416, 0.3274257779121399, 0.3455848693847656, 0.3637439012527466, 0.38190293312072754, 0.40006202459335327, 0.418221116065979, 0.43638014793395996, 0.4545391798019409, 0.4726982116699219, 0.4908573627471924, 0.5090163946151733, 0.5271754264831543, 0.5453345775604248, 0.5634936094284058, 0.5816526412963867]}, "_wandb": {"runtime": 16}}