{"loss": 0.0597100704908371, "_timestamp": 1740599007.8279626, "_runtime": 67.21398258209229, "_step": 149}