{"loss": 0.004279798828065395, "_timestamp": 1739968359.6165533, "_runtime": 188.61519742012024, "_step": 2793, "params/['params']['last']['bias']": {"_type": "histogram", "values": [0, 0, 0, 0, 0, 0, 0, 0, 0, 0, 0, 0, 0, 0, 0, 0, 0, 0, 0, 0, 0, 0, 0, 0, 0, 0, 0, 0, 0, 0, 0, 0, 2, 0, 0, 0, 0, 0, 0, 0, 0, 0, 0, 0, 0, 0, 0, 0, 0, 0, 0, 0, 0, 0, 0, 0, 0, 0, 0, 0, 0, 0, 0, 0], "bins": [-0.5, -0.484375, -0.46875, -0.453125, -0.4375, -0.421875, -0.40625, -0.390625, -0.375, -0.359375, -0.34375, -0.328125, -0.3125, -0.296875, -0.28125, -0.265625, -0.25, -0.234375, -0.21875, -0.203125, -0.1875, -0.171875, -0.15625, -0.140625, -0.125, -0.109375, -0.09375, -0.078125, -0.0625, -0.046875, -0.03125, -0.015625, 0.0, 0.015625, 0.03125, 0.046875, 0.0625, 0.078125, 0.09375, 0.109375, 0.125, 0.140625, 0.15625, 0.171875, 0.1875, 0.203125, 0.21875, 0.234375, 0.25, 0.265625, 0.28125, 0.296875, 0.3125, 0.328125, 0.34375, 0.359375, 0.375, 0.390625, 0.40625, 0.421875, 0.4375, 0.453125, 0.46875, 0.484375, 0.5]}, "params/['params']['last']['kernel']": {"_type": "histogram", "values": [1, 0, 0, 0, 0, 0, 0, 0, 0, 0, 0, 0, 0, 0, 0, 0, 0, 0, 0, 0, 0, 0, 0, 0, 0, 0, 0, 0, 0, 0, 0, 0, 0, 0, 0, 0, 0, 0, 0, 0, 0, 0, 0, 0, 0, 0, 0, 0, 0, 0, 0, 0, 0, 0, 0, 0, 0, 0, 0, 0, 0, 31, 0, 4], "bins": [-0.11513521522283554, -0.11325418949127197, -0.111373171210289, -0.10949214547872543, -0.10761112719774246, -0.1057301014661789, -0.10384908318519592, -0.10196805745363235, -0.10008703917264938, -0.09820601344108582, -0.09632499516010284, -0.09444396942853928, -0.09256294369697571, -0.09068192541599274, -0.08880090713500977, -0.0869198814034462, -0.08503885567188263, -0.08315783739089966, -0.08127681910991669, -0.07939579337835312, -0.07751476764678955, -0.07563374936580658, -0.07375273108482361, -0.07187170535326004, -0.06999067962169647, -0.0681096613407135, -0.06622863560914993, -0.06434760987758636, -0.062466591596603394, -0.060585569590330124, -0.058704547584056854, -0.056823525577783585, -0.054942503571510315, -0.053061481565237045, -0.051180459558963776, -0.04929943382740021, -0.047418415546417236, -0.04553738981485367, -0.0436563715338707, -0.04177534580230713, -0.03989432752132416, -0.03801330178976059, -0.03613228350877762, -0.03425125777721405, -0.03237023949623108, -0.03048921376466751, -0.02860819548368454, -0.02672716975212097, -0.024846144020557404, -0.022965125739574432, -0.021084100008010864, -0.019203081727027893, -0.017322055995464325, -0.015441037714481354, -0.013560011982917786, -0.011678993701934814, -0.009797967970371246, -0.007916949689388275, -0.006035923957824707, -0.004154905676841736, -0.0022738799452781677, -0.00039286166429519653, 0.0014881640672683716, 0.0033691823482513428, 0.005250207614153624]}, "params/['params']['layers_0']['linear_layer']['bias']": {"_type": "histogram", "values": [0, 0, 0, 0, 0, 0, 0, 0, 0, 0, 0, 0, 0, 0, 0, 0, 0, 0, 0, 0, 0, 0, 0, 0, 0, 0, 0, 0, 0, 0, 0, 0, 22, 0, 0, 0, 0, 0, 0, 0, 0, 0, 0, 0, 0, 0, 0, 0, 0, 0, 0, 0, 0, 0, 0, 0, 0, 0, 0, 0, 0, 0, 0, 0], "bins": [-0.5, -0.484375, -0.46875, -0.453125, -0.4375, -0.421875, -0.40625, -0.390625, -0.375, -0.359375, -0.34375, -0.328125, -0.3125, -0.296875, -0.28125, -0.265625, -0.25, -0.234375, -0.21875, -0.203125, -0.1875, -0.171875, -0.15625, -0.140625, -0.125, -0.109375, -0.09375, -0.078125, -0.0625, -0.046875, -0.03125, -0.015625, 0.0, 0.015625, 0.03125, 0.046875, 0.0625, 0.078125, 0.09375, 0.109375, 0.125, 0.140625, 0.15625, 0.171875, 0.1875, 0.203125, 0.21875, 0.234375, 0.25, 0.265625, 0.28125, 0.296875, 0.3125, 0.328125, 0.34375, 0.359375, 0.375, 0.390625, 0.40625, 0.421875, 0.4375, 0.453125, 0.46875, 0.484375, 0.5]}, "params/['params']['layers_0']['linear_layer']['kernel']": {"_type": "histogram", "values": [1, 0, 0, 0, 0, 0, 0, 0, 0, 0, 0, 0, 0, 0, 0, 0, 0, 0, 0, 0, 0, 0, 0, 0, 0, 0, 0, 0, 0, 0, 0, 0, 0, 0, 0, 0, 0, 0, 0, 0, 0, 0, 0, 0, 0, 0, 0, 0, 0, 0, 0, 0, 0, 0, 2, 0, 0, 0, 0, 1, 0, 0, 0, 84], "bins": [-1.616210699081421, -1.590930700302124, -1.5656508207321167, -1.5403708219528198, -1.515090823173523, -1.4898109436035156, -1.4645309448242188, -1.4392509460449219, -1.413970947265625, -1.3886910676956177, -1.3634110689163208, -1.3381311893463135, -1.3128511905670166, -1.2875711917877197, -1.2622911930084229, -1.2370113134384155, -1.2117313146591187, -1.1864513158798218, -1.1611714363098145, -1.1358914375305176, -1.1106114387512207, -1.0853314399719238, -1.0600515604019165, -1.0347715616226196, -1.0094916820526123, -0.9842116832733154, -0.9589316844940186, -0.9336517453193665, -0.9083718061447144, -0.8830918073654175, -0.8578118681907654, -0.8325318694114685, -0.8072519302368164, -0.7819719910621643, -0.7566919922828674, -0.7314120531082153, -0.7061320543289185, -0.6808521151542664, -0.6555721759796143, -0.6302921772003174, -0.6050121784210205, -0.5797322988510132, -0.5544523000717163, -0.5291723012924194, -0.5038924217224121, -0.47861242294311523, -0.45333242416381836, -0.42805254459381104, -0.40277254581451416, -0.3774925470352173, -0.35221266746520996, -0.3269326686859131, -0.3016526699066162, -0.2763727903366089, -0.251092791557312, -0.22581279277801514, -0.2005329132080078, -0.17525291442871094, -0.14997291564941406, -0.12469291687011719, -0.09941303730010986, -0.07413303852081299, -0.04885303974151611, -0.02357316017150879, 0.0017068604938685894]}, "params/['params']['layers_1']['linear_layer']['bias']": {"_type": "histogram", "values": [0, 0, 0, 0, 0, 0, 0, 0, 0, 0, 0, 0, 0, 0, 0, 0, 0, 0, 0, 0, 0, 0, 0, 0, 0, 0, 0, 0, 0, 0, 0, 0, 22, 0, 0, 0, 0, 0, 0, 0, 0, 0, 0, 0, 0, 0, 0, 0, 0, 0, 0, 0, 0, 0, 0, 0, 0, 0, 0, 0, 0, 0, 0, 0], "bins": [-0.5, -0.484375, -0.46875, -0.453125, -0.4375, -0.421875, -0.40625, -0.390625, -0.375, -0.359375, -0.34375, -0.328125, -0.3125, -0.296875, -0.28125, -0.265625, -0.25, -0.234375, -0.21875, -0.203125, -0.1875, -0.171875, -0.15625, -0.140625, -0.125, -0.109375, -0.09375, -0.078125, -0.0625, -0.046875, -0.03125, -0.015625, 0.0, 0.015625, 0.03125, 0.046875, 0.0625, 0.078125, 0.09375, 0.109375, 0.125, 0.140625, 0.15625, 0.171875, 0.1875, 0.203125, 0.21875, 0.234375, 0.25, 0.265625, 0.28125, 0.296875, 0.3125, 0.328125, 0.34375, 0.359375, 0.375, 0.390625, 0.40625, 0.421875, 0.4375, 0.453125, 0.46875, 0.484375, 0.5]}, "params/['params']['layers_1']['linear_layer']['kernel']": {"_type": "histogram", "values": [1, 0, 0, 0, 0, 0, 0, 0, 0, 0, 0, 0, 0, 0, 0, 0, 0, 0, 0, 0, 0, 0, 0, 0, 0, 0, 0, 0, 0, 1, 0, 0, 0, 0, 0, 0, 0, 0, 0, 0, 0, 0, 393, 0, 0, 0, 0, 0, 0, 0, 0, 0, 0, 0, 0, 0, 0, 0, 0, 0, 0, 0, 0, 1], "bins": [-2.376911163330078, -2.320331573486328, -2.2637522220611572, -2.2071728706359863, -2.1505932807922363, -2.0940136909484863, -2.0374343395233154, -1.980854868888855, -1.9242753982543945, -1.867695927619934, -1.8111164569854736, -1.7545369863510132, -1.6979575157165527, -1.6413780450820923, -1.5847985744476318, -1.5282191038131714, -1.471639633178711, -1.4150601625442505, -1.35848069190979, -1.3019012212753296, -1.2453217506408691, -1.1887422800064087, -1.1321628093719482, -1.0755833387374878, -1.0190038681030273, -0.9624243974685669, -0.9058449268341064, -0.849265456199646, -0.7926859855651855, -0.7361065149307251, -0.6795270442962646, -0.6229475736618042, -0.5663681030273438, -0.5097886323928833, -0.45320916175842285, -0.3966296911239624, -0.34005022048950195, -0.28347063064575195, -0.22689127922058105, -0.17031192779541016, -0.11373233795166016, -0.057152748107910156, -0.0005733966827392578, 0.05600595474243164, 0.11258554458618164, 0.16916513442993164, 0.22574448585510254, 0.28232383728027344, 0.33890342712402344, 0.39548301696777344, 0.45206236839294434, 0.5086417198181152, 0.5652213096618652, 0.6218008995056152, 0.6783802509307861, 0.734959602355957, 0.791539192199707, 0.848118782043457, 0.9046981334686279, 0.9612774848937988, 1.0178570747375488, 1.0744366645812988, 1.1310160160064697, 1.1875953674316406, 1.2441750764846802]}, "validation_loss": 0.004249238409101963, "_wandb": {"runtime": 190}}