{"loss": 1785.728515625, "_timestamp": 1739535667.4686425, "_runtime": 212.87934947013855, "_step": 405, "validation_loss": 367.31732177734375, "params/['params']['last']['bias']": {"_type": "histogram", "values": [1, 0, 0, 0, 0, 0, 0, 0, 0, 0, 0, 0, 0, 0, 0, 0, 0, 0, 0, 0, 0, 0, 0, 0, 0, 0, 0, 0, 0, 0, 0, 0, 0, 0, 0, 0, 0, 0, 0, 0, 0, 0, 0, 0, 0, 0, 0, 0, 0, 0, 0, 0, 0, 0, 0, 0, 0, 0, 0, 0, 0, 0, 0, 1], "bins": [0.9611225128173828, 0.9632877707481384, 0.965453028678894, 0.9676183462142944, 0.96978360414505, 0.9719488620758057, 0.9741141200065613, 0.9762793779373169, 0.9784446954727173, 0.9806099534034729, 0.9827752113342285, 0.9849404692649841, 0.9871057271957397, 0.9892709851264954, 0.9914363026618958, 0.9936015605926514, 0.995766818523407, 0.9979320764541626, 1.000097393989563, 1.0022625923156738, 1.0044279098510742, 1.006593108177185, 1.0087584257125854, 1.0109237432479858, 1.0130889415740967, 1.015254259109497, 1.017419457435608, 1.0195847749710083, 1.0217500925064087, 1.0239152908325195, 1.02608060836792, 1.0282458066940308, 1.0304111242294312, 1.0325764417648315, 1.0347416400909424, 1.0369069576263428, 1.0390721559524536, 1.041237473487854, 1.0434027910232544, 1.0455679893493652, 1.0477333068847656, 1.0498985052108765, 1.0520638227462769, 1.0542290210723877, 1.056394338607788, 1.0585596561431885, 1.0607248544692993, 1.0628901720046997, 1.0650553703308105, 1.067220687866211, 1.0693860054016113, 1.0715512037277222, 1.0737165212631226, 1.0758817195892334, 1.0780470371246338, 1.0802123546600342, 1.082377552986145, 1.0845428705215454, 1.0867080688476562, 1.0888733863830566, 1.091038703918457, 1.0932039022445679, 1.0953692197799683, 1.097534418106079, 1.0996997356414795]}, "params/['params']['last']['kernel']": {"_type": "histogram", "values": [1, 0, 0, 0, 0, 0, 0, 0, 0, 0, 0, 0, 0, 0, 1, 2, 0, 0, 0, 0, 2, 0, 0, 0, 0, 0, 0, 2, 0, 2, 1, 1, 1, 1, 0, 1, 1, 1, 1, 0, 2, 1, 1, 3, 2, 1, 0, 0, 0, 0, 0, 1, 0, 0, 2, 0, 0, 0, 0, 1, 1, 2, 0, 1], "bins": [-0.603493332862854, -0.5876510143280029, -0.5718086361885071, -0.5559662580490112, -0.5401239395141602, -0.5242816209793091, -0.5084392428398132, -0.49259689450263977, -0.4767545461654663, -0.46091219782829285, -0.4450698494911194, -0.4292275011539459, -0.41338515281677246, -0.397542804479599, -0.38170045614242554, -0.3658581078052521, -0.3500157594680786, -0.33417341113090515, -0.3183310627937317, -0.3024887144565582, -0.28664636611938477, -0.2708040177822113, -0.25496166944503784, -0.23911932110786438, -0.22327697277069092, -0.20743462443351746, -0.191592276096344, -0.17574992775917053, -0.15990757942199707, -0.1440652310848236, -0.12822288274765015, -0.11238053441047668, -0.09653818607330322, -0.08069586753845215, -0.0648534893989563, -0.04901111125946045, -0.033168792724609375, -0.0173264741897583, -0.0014840960502624512, 0.014358282089233398, 0.030200600624084473, 0.04604291915893555, 0.061885297298431396, 0.07772767543792725, 0.09356999397277832, 0.1094123125076294, 0.12525469064712524, 0.1410970687866211, 0.15693938732147217, 0.17278170585632324, 0.1886240839958191, 0.20446646213531494, 0.22030878067016602, 0.2361510992050171, 0.25199347734451294, 0.2678358554840088, 0.28367817401885986, 0.29952049255371094, 0.3153628706932068, 0.33120524883270264, 0.3470475673675537, 0.3628898859024048, 0.37873226404190063, 0.3945746421813965, 0.41041699051856995]}, "params/['params']['layers_0']['linear_layer']['bias']": {"_type": "histogram", "values": [1, 1, 1, 0, 0, 0, 0, 0, 0, 0, 0, 0, 0, 0, 0, 0, 1, 0, 0, 0, 1, 1, 0, 0, 0, 1, 1, 0, 0, 0, 0, 0, 1, 0, 0, 0, 0, 1, 1, 0, 0, 0, 0, 1, 1, 0, 2, 1, 0, 0, 1, 0, 0, 2, 1, 1, 0, 0, 0, 0, 0, 0, 0, 1], "bins": [-0.3209087550640106, -0.31234440207481384, -0.30378004908561707, -0.2952157258987427, -0.2866513729095459, -0.2780870199203491, -0.26952266693115234, -0.26095831394195557, -0.2523939609527588, -0.2438296377658844, -0.23526528477668762, -0.22670093178749084, -0.21813657879829407, -0.20957224071025848, -0.2010078877210617, -0.19244354963302612, -0.18387919664382935, -0.17531484365463257, -0.16675050556659698, -0.1581861525774002, -0.14962181448936462, -0.14105746150016785, -0.13249310851097107, -0.12392877042293549, -0.11536441743373871, -0.10680006444454193, -0.09823572635650635, -0.08967137336730957, -0.08110702037811279, -0.07254268229007721, -0.06397834420204163, -0.05541399121284485, -0.04684963822364807, -0.038285285234451294, -0.029720932245254517, -0.021156609058380127, -0.01259225606918335, -0.004027903079986572, 0.004536449909210205, 0.013100802898406982, 0.021665126085281372, 0.03022947907447815, 0.03879383206367493, 0.047358185052871704, 0.05592253804206848, 0.06448689103126526, 0.07305121421813965, 0.08161556720733643, 0.0901799201965332, 0.09874427318572998, 0.10730862617492676, 0.11587294936180115, 0.12443730235099792, 0.1330016553401947, 0.14156600832939148, 0.15013036131858826, 0.15869471430778503, 0.16725903749465942, 0.1758233904838562, 0.1843877136707306, 0.19295206665992737, 0.20151641964912415, 0.21008077263832092, 0.2186451256275177, 0.22720949351787567]}, "params/['params']['layers_0']['linear_layer']['kernel']": {"_type": "histogram", "values": [1, 0, 0, 0, 1, 0, 0, 2, 0, 1, 3, 0, 0, 0, 0, 0, 2, 0, 2, 0, 5, 1, 0, 1, 1, 2, 2, 4, 1, 1, 0, 3, 0, 1, 0, 5, 0, 0, 2, 1, 2, 1, 0, 6, 0, 2, 1, 1, 0, 1, 1, 3, 0, 0, 1, 1, 0, 1, 0, 0, 0, 1, 1, 1], "bins": [-1.3210783004760742, -1.2834217548370361, -1.245765209197998, -1.20810866355896, -1.1704521179199219, -1.1327955722808838, -1.0951390266418457, -1.0574824810028076, -1.0198259353637695, -0.9821693897247314, -0.9445128440856934, -0.9068562984466553, -0.8691997528076172, -0.8315432071685791, -0.793886661529541, -0.7562301158905029, -0.7185735702514648, -0.6809170246124268, -0.6432604789733887, -0.6056039333343506, -0.5679473876953125, -0.5302908420562744, -0.49263429641723633, -0.45497775077819824, -0.41732120513916016, -0.37966465950012207, -0.342008113861084, -0.3043515682220459, -0.2666950225830078, -0.22903847694396973, -0.19138193130493164, -0.15372538566589355, -0.11606884002685547, -0.07841229438781738, -0.0407557487487793, -0.003099203109741211, 0.034557342529296875, 0.07221388816833496, 0.10987043380737305, 0.14752697944641113, 0.18518352508544922, 0.2228400707244873, 0.2604966163635254, 0.2981531620025635, 0.33580970764160156, 0.37346625328063965, 0.41112279891967773, 0.4487793445587158, 0.4864358901977539, 0.524092435836792, 0.5617489814758301, 0.5994055271148682, 0.6370620727539062, 0.6747186183929443, 0.7123751640319824, 0.7500317096710205, 0.7876882553100586, 0.8253448009490967, 0.8630013465881348, 0.9006578922271729, 0.9383144378662109, 0.975970983505249, 1.013627529144287, 1.0512840747833252, 1.0889405012130737]}, "params/['params']['layers_1']['linear_layer']['bias']": {"_type": "histogram", "values": [2, 0, 0, 0, 0, 0, 0, 0, 0, 0, 0, 0, 0, 0, 0, 0, 0, 0, 0, 0, 1, 0, 0, 0, 0, 0, 0, 2, 1, 1, 2, 2, 0, 0, 1, 0, 1, 1, 0, 1, 0, 0, 0, 0, 0, 0, 1, 1, 0, 0, 1, 0, 0, 1, 0, 2, 0, 0, 0, 0, 0, 0, 0, 1],