{"loss": 0.0008483049459755421, "_timestamp": 1739990654.281806, "_runtime": 172.79543709754944, "_step": 2793, "params/['params']['last']['bias']": {"_type": "histogram", "values": [1, 0, 0, 0, 0, 0, 0, 0, 0, 0, 0, 0, 0, 0, 0, 0, 0, 0, 0, 0, 0, 0, 0, 0, 0, 0, 0, 0, 0, 0, 0, 0, 0, 0, 0, 0, 0, 0, 0, 0, 0, 0, 0, 0, 0, 0, 0, 0, 0, 0, 0, 0, 0, 0, 0, 0, 0, 0, 0, 0, 0, 0, 0, 1], "bins": [0.0967734307050705, 0.10855548828840256, 0.12033754587173462, 0.13211961090564728, 0.14390167593955994, 0.1556837260723114, 0.16746579110622406, 0.17924785614013672, 0.19102990627288818, 0.20281195640563965, 0.2145940214395523, 0.22637608647346497, 0.23815815150737762, 0.2499402016401291, 0.26172226667404175, 0.2735043168067932, 0.2852863669395447, 0.29706844687461853, 0.30885049700737, 0.32063257694244385, 0.3324146270751953, 0.3441966772079468, 0.35597872734069824, 0.3677607774734497, 0.37954288721084595, 0.3913249373435974, 0.4031069874763489, 0.41488903760910034, 0.4266710877418518, 0.43845313787460327, 0.45023518800735474, 0.462017297744751, 0.47379934787750244, 0.4855813980102539, 0.49736344814300537, 0.5091454982757568, 0.5209275484085083, 0.5327096581459045, 0.544491708278656, 0.5562737584114075, 0.5680558085441589, 0.5798378586769104, 0.5916199088096619, 0.6034020185470581, 0.6151840686798096, 0.626966118812561, 0.6387481689453125, 0.650530219078064, 0.6623123288154602, 0.6740943789482117, 0.6858764290809631, 0.6976584792137146, 0.7094405293464661, 0.7212225794792175, 0.733004629611969, 0.7447867393493652, 0.7565687894821167, 0.7683508396148682, 0.7801328897476196, 0.7919149398803711, 0.8036969900131226, 0.8154790997505188, 0.8272611498832703, 0.8390432000160217, 0.8508252501487732]}, "params/['params']['last']['kernel']": {"_type": "histogram", "values": [1, 0, 0, 0, 1, 0, 0, 0, 1, 1, 0, 0, 1, 0, 16, 4, 2, 0, 0, 2, 2, 1, 1, 0, 0, 0, 0, 0, 0, 0, 0, 0, 0, 0, 0, 0, 0, 0, 0, 0, 0, 1, 0, 0, 0, 0, 0, 0, 0, 0, 1, 0, 0, 0, 0, 0, 0, 0, 0, 0, 0, 0, 0, 1], "bins": [-0.06333700567483902, -0.0590873658657074, -0.054837729781866074, -0.05058809369802475, -0.04633845388889313, -0.042088814079761505, -0.03783917799592018, -0.03358954191207886, -0.029339902102947235, -0.025090262293815613, -0.02084062620997429, -0.016590990126132965, -0.012341350317001343, -0.00809171050786972, -0.0038420744240283966, 0.00040756165981292725, 0.0046572014689445496, 0.008906841278076172, 0.013156481087207794, 0.01740611344575882, 0.021655753254890442, 0.025905393064022064, 0.03015502542257309, 0.03440466523170471, 0.038654305040836334, 0.04290394484996796, 0.04715358465909958, 0.051403217017650604, 0.05565285682678223, 0.05990249663591385, 0.06415212899446487, 0.0684017762541771, 0.07265140861272812, 0.07690104097127914, 0.08115068823099136, 0.08540032058954239, 0.08964996784925461, 0.09389960020780563, 0.09814923256635666, 0.10239887982606888, 0.1066485121846199, 0.11089814454317093, 0.11514779180288315, 0.11939742416143417, 0.1236470565199852, 0.12789669632911682, 0.13214632868766785, 0.13639599084854126, 0.14064562320709229, 0.1448952555656433, 0.14914488792419434, 0.15339452028274536, 0.15764418244361877, 0.1618938148021698, 0.16614344716072083, 0.17039307951927185, 0.17464271187782288, 0.1788923442363739, 0.18314200639724731, 0.18739163875579834, 0.19164127111434937, 0.1958909034729004, 0.2001405656337738, 0.20439019799232483, 0.20863983035087585]}, "params/['params']['layers_0']['linear_layer']['bias']": {"_type": "histogram", "values": [0, 0, 0, 0, 0, 0, 0, 0, 0, 0, 0, 0, 0, 0, 0, 0, 0, 0, 0, 0, 0, 0, 0, 0, 0, 0, 0, 0, 0, 0, 0, 0, 22, 0, 0, 0, 0, 0, 0, 0, 0, 0, 0, 0, 0, 0, 0, 0, 0, 0, 0, 0, 0, 0, 0, 0, 0, 0, 0, 0, 0, 0, 0, 0], "bins": [-0.5, -0.484375, -0.46875, -0.453125, -0.4375, -0.421875, -0.40625, -0.390625, -0.375, -0.359375, -0.34375, -0.328125, -0.3125, -0.296875, -0.28125, -0.265625, -0.25, -0.234375, -0.21875, -0.203125, -0.1875, -0.171875, -0.15625, -0.140625, -0.125, -0.109375, -0.09375, -0.078125, -0.0625, -0.046875, -0.03125, -0.015625, 0.0, 0.015625, 0.03125, 0.046875, 0.0625, 0.078125, 0.09375, 0.109375, 0.125, 0.140625, 0.15625, 0.171875, 0.1875, 0.203125, 0.21875, 0.234375, 0.25, 0.265625, 0.28125, 0.296875, 0.3125, 0.328125, 0.34375, 0.359375, 0.375, 0.390625, 0.40625, 0.421875, 0.4375, 0.453125, 0.46875, 0.484375, 0.5]}, "params/['params']['layers_0']['linear_layer']['kernel']": {"_type": "histogram", "values": [1, 1, 1, 1, 1, 0, 0, 1, 1, 0, 0, 0, 0, 0, 0, 0, 0, 0, 2, 0, 0, 0, 2, 1, 47, 0, 1, 3, 0, 0, 0, 1, 0, 0, 0, 0, 0, 0, 0, 0, 0, 0, 0, 0, 0, 0, 0, 0, 0, 0, 0, 1, 0, 0, 0, 0, 0, 0, 0, 0, 0, 0, 0, 1], "bins": [-0.763480544090271, -0.7321998476982117, -0.7009191513061523, -0.6696383953094482, -0.6383576989173889, -0.6070770025253296, -0.5757962465286255, -0.5445155501365662, -0.5132348537445068, -0.4819541573524475, -0.4506734311580658, -0.4193927049636841, -0.38811200857162476, -0.35683131217956543, -0.3255505859851837, -0.294269859790802, -0.2629891633987427, -0.23170846700668335, -0.20042777061462402, -0.16914701461791992, -0.1378663182258606, -0.10658562183380127, -0.07530486583709717, -0.04402416944503784, -0.012743473052978516, 0.01853722333908081, 0.04981791973114014, 0.08109867572784424, 0.11237937211990356, 0.1436600685119629, 0.174940824508667, 0.20622152090072632, 0.23750221729278564, 0.26878297328948975, 0.3000636100769043, 0.3313443660736084, 0.36262500286102295, 0.39390575885772705, 0.42518651485443115, 0.4564671516418457, 0.4877479076385498, 0.5190286636352539, 0.5503093004226685, 0.5815900564193726, 0.6128708124160767, 0.6441514492034912, 0.6754322052001953, 0.7067128419876099, 0.737993597984314, 0.7692743539810181, 0.8005549907684326, 0.8318357467651367, 0.8631163835525513, 0.8943971395492554, 0.9256778955459595, 0.956958532333374, 0.9882392883300781, 1.0195200443267822, 1.0508006811141968, 1.0820814371109009, 1.113362193107605, 1.1446428298950195, 1.1759235858917236, 1.2072042226791382, 1.2384848594665527]}, "params/['params']['layers_1']['linear_layer']['bias']": {"_type": "histogram", "values": [1, 0, 0, 0, 0, 0, 0, 0, 0, 0, 0, 0, 0, 0, 0, 0, 0, 0, 0, 0, 0, 0, 0, 0, 0, 0, 0, 0, 0, 0, 0, 20, 0, 0, 0, 0, 0, 0, 0, 0, 0, 0, 0, 0, 0, 0, 0, 0, 0, 0, 0, 0, 0, 0, 0, 0, 0, 0, 0, 0, 0, 0, 0, 1], "bins": [-0.0022679301910102367, -0.002196765271946788, -0.002125600352883339, -0.00205443543381989, -0.001983270514756441, -0.0019121055956929922, -0.0018409405602142215, -0.0017697756411507726, -0.0016986107220873237, -0.0016274458030238748, -0.0015562808839604259, -0.0014851158484816551, -0.0014139509294182062, -0.0013427860103547573, -0.0012716210912913084, -0.0012004561722278595, -0.0011292912531644106, -0.0010581263341009617, -0.0009869614150375128, -0.0009157964959740639, -0.000844631576910615, -0.0007734665414318442, -0.0007023016223683953, -0.0006311367033049464, -0.0005599717842414975, -0.0004888068651780486, -0.0004176419461145997, -0.0003464770270511508, -0.00027531199157238007, -0.00020414707250893116, -0.00013298215344548225, -6.181723438203335e-05, 9.347684681415558e-06, 8.051260374486446e-05, 0.00015167752280831337, 0.00022284244187176228, 0.0002940073609352112, 0.0003651722799986601, 0.000436337199062109, 0.0005075021181255579, 0.0005786670371890068, 0.0006498321890830994, 0.0007209971081465483, 0.0007921620272099972, 0.0008633269462734461, 0.000934491865336895, 0.001005656784400344, 0.0010768217034637928, 0.0011479866225272417, 0.0012191515415906906, 0.0012903164606541395, 0.0013614813797175884, 0.0014326462987810373, 0.0015038112178444862, 0.0015749761369079351, 0.001646141055971384, 0.0017173062078654766, 0.0017884708940982819, 0.0018596360459923744, 0.0019308007322251797, 0.0020019658841192722, 0.0020731305703520775, 0.00214429572224617, 0.0022154604084789753, 0.002286625560373068]}, "params/['params']['layers_1']['linear_layer']['kernel']": {"_type": "histogram",