{"loss": 0.0011254043783992529, "_timestamp": 1739968999.392828, "_runtime": 189.15812802314758, "_step": 2793, "params/['params']['last']['bias']": {"_type": "histogram", "values": [0, 0, 0, 0, 0, 0, 0, 0, 0, 0, 0, 0, 0, 0, 0, 0, 0, 0, 0, 0, 0, 0, 0, 0, 0, 0, 0, 0, 0, 0, 0, 0, 2, 0, 0, 0, 0, 0, 0, 0, 0, 0, 0, 0, 0, 0, 0, 0, 0, 0, 0, 0, 0, 0, 0, 0, 0, 0, 0, 0, 0, 0, 0, 0], "bins": [-0.5, -0.484375, -0.46875, -0.453125, -0.4375, -0.421875, -0.40625, -0.390625, -0.375, -0.359375, -0.34375, -0.328125, -0.3125, -0.296875, -0.28125, -0.265625, -0.25, -0.234375, -0.21875, -0.203125, -0.1875, -0.171875, -0.15625, -0.140625, -0.125, -0.109375, -0.09375, -0.078125, -0.0625, -0.046875, -0.03125, -0.015625, 0.0, 0.015625, 0.03125, 0.046875, 0.0625, 0.078125, 0.09375, 0.109375, 0.125, 0.140625, 0.15625, 0.171875, 0.1875, 0.203125, 0.21875, 0.234375, 0.25, 0.265625, 0.28125, 0.296875, 0.3125, 0.328125, 0.34375, 0.359375, 0.375, 0.390625, 0.40625, 0.421875, 0.4375, 0.453125, 0.46875, 0.484375, 0.5]}, "params/['params']['last']['kernel']": {"_type": "histogram", "values": [1, 0, 0, 0, 0, 0, 0, 0, 0, 0, 0, 0, 0, 0, 0, 0, 0, 0, 0, 0, 0, 0, 0, 0, 0, 0, 0, 0, 0, 0, 0, 0, 0, 0, 0, 0, 0, 0, 0, 0, 0, 29, 0, 4, 0, 0, 0, 0, 0, 1, 0, 0, 0, 0, 0, 0, 0, 0, 0, 0, 0, 0, 0, 1], "bins": [-0.1295451819896698, -0.1264456957578659, -0.12334621697664261, -0.12024673819541931, -0.11714725196361542, -0.11404776573181152, -0.11094828695058823, -0.10784880816936493, -0.10474932193756104, -0.10164983570575714, -0.09855035692453384, -0.09545087814331055, -0.09235139191150665, -0.08925190567970276, -0.08615242689847946, -0.08305294811725616, -0.07995346188545227, -0.07685397565364838, -0.07375449687242508, -0.07065501809120178, -0.06755553185939789, -0.064456045627594, -0.0613565668463707, -0.0582570880651474, -0.055157601833343506, -0.05205811560153961, -0.048958636820316315, -0.04585915803909302, -0.042759671807289124, -0.03966018557548523, -0.03656070679426193, -0.033461228013038635, -0.03036174178123474, -0.027262255549430847, -0.02416277676820755, -0.021063297986984253, -0.01796381175518036, -0.014864325523376465, -0.011764846742153168, -0.00866536796092987, -0.0055658817291259766, -0.0024663954973220825, 0.0006330907344818115, 0.0037325620651245117, 0.006832048296928406, 0.0099315345287323, 0.013031005859375, 0.016130492091178894, 0.019229978322982788, 0.022329464554786682, 0.025428950786590576, 0.028528422117233276, 0.03162790834903717, 0.034727394580841064, 0.037826865911483765, 0.04092635214328766, 0.04402583837509155, 0.04712532460689545, 0.05022481083869934, 0.05332428216934204, 0.056423768401145935, 0.05952325463294983, 0.06262272596359253, 0.06572221219539642, 0.06882169097661972]}, "params/['params']['layers_0']['linear_layer']['bias']": {"_type": "histogram", "values": [0, 0, 0, 0, 0, 0, 0, 0, 0, 0, 0, 0, 0, 0, 0, 0, 0, 0, 0, 0, 0, 0, 0, 0, 0, 0, 0, 0, 0, 0, 0, 0, 22, 0, 0, 0, 0, 0, 0, 0, 0, 0, 0, 0, 0, 0, 0, 0, 0, 0, 0, 0, 0, 0, 0, 0, 0, 0, 0, 0, 0, 0, 0, 0], "bins": [-0.5, -0.484375, -0.46875, -0.453125, -0.4375, -0.421875, -0.40625, -0.390625, -0.375, -0.359375, -0.34375, -0.328125, -0.3125, -0.296875, -0.28125, -0.265625, -0.25, -0.234375, -0.21875, -0.203125, -0.1875, -0.171875, -0.15625, -0.140625, -0.125, -0.109375, -0.09375, -0.078125, -0.0625, -0.046875, -0.03125, -0.015625, 0.0, 0.015625, 0.03125, 0.046875, 0.0625, 0.078125, 0.09375, 0.109375, 0.125, 0.140625, 0.15625, 0.171875, 0.1875, 0.203125, 0.21875, 0.234375, 0.25, 0.265625, 0.28125, 0.296875, 0.3125, 0.328125, 0.34375, 0.359375, 0.375, 0.390625, 0.40625, 0.421875, 0.4375, 0.453125, 0.46875, 0.484375, 0.5]}, "params/['params']['layers_0']['linear_layer']['kernel']": {"_type": "histogram", "values": [1, 0, 0, 0, 0, 0, 0, 0, 0, 0, 0, 0, 0, 0, 0, 0, 0, 0, 0, 0, 82, 0, 0, 0, 0, 0, 0, 0, 0, 0, 0, 0, 0, 0, 0, 0, 0, 0, 0, 0, 2, 0, 0, 0, 0, 0, 0, 0, 0, 0, 0, 0, 0, 0, 2, 0, 0, 0, 0, 0, 0, 0, 0, 1], "bins": [-0.3093508183956146, -0.29403752088546753, -0.27872422337532043, -0.26341092586517334, -0.24809762835502625, -0.23278433084487915, -0.21747103333473206, -0.20215773582458496, -0.18684443831443787, -0.17153114080429077, -0.15621784329414368, -0.14090454578399658, -0.1255912482738495, -0.11027795076370239, -0.0949646532535553, -0.0796513557434082, -0.06433805823326111, -0.049024760723114014, -0.03371146321296692, -0.018398165702819824, -0.0030848681926727295, 0.012228429317474365, 0.02754172682762146, 0.042855024337768555, 0.05816832184791565, 0.07348161935806274, 0.08879491686820984, 0.10410821437835693, 0.11942151188850403, 0.13473480939865112, 0.15004810690879822, 0.1653614044189453, 0.1806747019290924, 0.19598796963691711, 0.2113012969493866, 0.22661462426185608, 0.2419278919696808, 0.2572411596775055, 0.272554486989975, 0.28786781430244446, 0.30318108201026917, 0.31849434971809387, 0.33380767703056335, 0.34912100434303284, 0.36443427205085754, 0.37974753975868225, 0.39506086707115173, 0.4103741943836212, 0.4256874620914459, 0.44100072979927063, 0.4563140571117401, 0.4716273844242096, 0.4869406521320343, 0.5022538900375366, 0.5175672769546509, 0.5328805446624756, 0.5481938123703003, 0.563507080078125, 0.5788204669952393, 0.594133734703064, 0.6094470024108887, 0.6247602701187134, 0.6400736570358276, 0.6553869247436523, 0.670700192451477]}, "params/['params']['layers_1']['linear_layer']['bias']": {"_type": "histogram", "values": [0, 0, 0, 0, 0, 0, 0, 0, 0, 0, 0, 0, 0, 0, 0, 0, 0, 0, 0, 0, 0, 0, 0, 0, 0, 0, 0, 0, 0, 0, 0, 0, 22, 0, 0, 0, 0, 0, 0, 0, 0, 0, 0, 0, 0, 0, 0, 0, 0, 0, 0, 0, 0, 0, 0, 0, 0, 0, 0, 0, 0, 0, 0, 0], "bins": [-0.5, -0.484375, -0.46875, -0.453125, -0.4375, -0.421875, -0.40625, -0.390625, -0.375, -0.359375, -0.34375, -0.328125, -0.3125, -0.296875, -0.28125, -0.265625, -0.25, -0.234375, -0.21875, -0.203125, -0.1875, -0.171875, -0.15625, -0.140625, -0.125, -0.109375, -0.09375, -0.078125, -0.0625, -0.046875, -0.03125, -0.015625, 0.0, 0.015625, 0.03125, 0.046875, 0.0625, 0.078125, 0.09375, 0.109375, 0.125, 0.140625, 0.15625, 0.171875, 0.1875, 0.203125, 0.21875, 0.234375, 0.25, 0.265625, 0.28125, 0.296875, 0.3125, 0.328125, 0.34375, 0.359375, 0.375, 0.390625, 0.40625, 0.421875, 0.4375, 0.453125, 0.46875, 0.484375, 0.5]}, "params/['params']['layers_1']['linear_layer']['kernel']": {"_type": "histogram", "values": [1, 1, 0, 1, 0, 1, 0, 0, 387, 0, 0, 0, 0, 0, 0, 0, 0, 0, 0, 0, 1, 0, 0, 0, 0, 0, 0, 0, 0, 0, 0, 0, 0, 0, 0, 0, 2, 0, 0, 0, 0, 0, 0, 0, 0, 0, 0, 0, 0, 0, 0, 0, 1, 0, 0, 0, 0, 0, 0, 0, 0, 0, 0, 1], "bins": [-0.40498119592666626, -0.3567853569984436, -0.30858948826789856, -0.2603936195373535, -0.21219778060913086, -0.164001926779747, -0.11580607295036316, -0.06761020421981812, -0.01941436529159546, 0.028781473636627197, 0.07697734236717224, 0.12517321109771729, 0.17336905002593994, 0.2215648889541626, 0.26976078748703003, 0.3179566264152527, 0.36615246534347534, 0.414348304271698, 0.46254414319992065, 0.5107400417327881, 0.5589358806610107, 0.6071317791938782, 0.6553276181221008, 0.7035234570503235, 0.7517192959785461, 0.7999151349067688, 0.8481109738349915, 0.8963068127632141, 0.9445027709007263, 0.992698609828949, 1.0408945083618164, 1.089090347290039, 1.1372861862182617, 1.1854820251464844, 1.233677864074707, 1.2818737030029297, 1.3300695419311523, 1.378265380859375, 1.4264612197875977, 1.4746570587158203, 1.522852897644043, 1.5710487365722656, 1.6192448139190674, 1.66744065284729, 1.7156364917755127, 1.7638323307037354, 1.812028169631958, 1.8602240085601807, 1.9084198474884033, 1.956615686416626, 2.0048115253448486, 2.0530073642730713, 2.101203203201294, 2.1493990421295166, 2.1975948810577393, 2.245790719985962, 2.2939867973327637, 2.3421826362609863, 2.390378475189209, 2.4385743141174316, 2.4867701530456543, 2.534965991973877, 2.5831618309020996, 2.6313576698303223, 2.679553508758545]}, "validation_loss": 0.0011234753765165806, "_wandb": {"runtime": 191}}