{"loss": 0.005072399042546749, "_timestamp": 1739968586.9389694, "_runtime": 208.00230836868286, "_step": 2793, "params/['params']['last']['bias']": {"_type": "histogram", "values": [0, 0, 0, 0, 0, 0, 0, 0, 0, 0, 0, 0, 0, 0, 0, 0, 0, 0, 0, 0, 0, 0, 0, 0, 0, 0, 0, 0, 0, 0, 0, 0, 2, 0, 0, 0, 0, 0, 0, 0, 0, 0, 0, 0, 0, 0, 0, 0, 0, 0, 0, 0, 0, 0, 0, 0, 0, 0, 0, 0, 0, 0, 0, 0], "bins": [-0.5, -0.484375, -0.46875, -0.453125, -0.4375, -0.421875, -0.40625, -0.390625, -0.375, -0.359375, -0.34375, -0.328125, -0.3125, -0.296875, -0.28125, -0.265625, -0.25, -0.234375, -0.21875, -0.203125, -0.1875, -0.171875, -0.15625, -0.140625, -0.125, -0.109375, -0.09375, -0.078125, -0.0625, -0.046875, -0.03125, -0.015625, 0.0, 0.015625, 0.03125, 0.046875, 0.0625, 0.078125, 0.09375, 0.109375, 0.125, 0.140625, 0.15625, 0.171875, 0.1875, 0.203125, 0.21875, 0.234375, 0.25, 0.265625, 0.28125, 0.296875, 0.3125, 0.328125, 0.34375, 0.359375, 0.375, 0.390625, 0.40625, 0.421875, 0.4375, 0.453125, 0.46875, 0.484375, 0.5]}, "params/['params']['last']['kernel']": {"_type": "histogram", "values": [37, 0, 0, 0, 0, 0, 0, 1, 1, 1, 0, 0, 0, 0, 0, 0, 0, 0, 0, 0, 0, 0, 0, 0, 1, 0, 0, 0, 0, 0, 0, 0, 0, 0, 0, 0, 0, 0, 0, 0, 0, 0, 0, 0, 0, 0, 0, 0, 0, 0, 0, 0, 0, 0, 0, 0, 0, 0, 0, 0, 0, 0, 0, 1], "bins": [0.0, 0.0009625408565625548, 0.0019250817131251097, 0.0028876224532723427, 0.0038501634262502193, 0.004812704399228096, 0.005775244906544685, 0.006737785879522562, 0.007700326852500439, 0.008662867359817028, 0.009625408798456192, 0.010587949305772781, 0.01155048981308937, 0.012513031251728535, 0.013475571759045124, 0.014438113197684288, 0.015400653705000877, 0.016363194212317467, 0.017325734719634056, 0.018288277089595795, 0.019250817596912384, 0.020213358104228973, 0.021175898611545563, 0.022138439118862152, 0.02310097962617874, 0.02406352199614048, 0.02502606250345707, 0.02598860301077366, 0.026951143518090248, 0.027913684025406837, 0.028876226395368576, 0.029838766902685165, 0.030801307410001755, 0.031763847917318344, 0.032726388424634933, 0.03368892893195152, 0.03465146943926811, 0.0356140099465847, 0.03657655417919159, 0.03753909468650818, 0.03850163519382477, 0.03946417570114136, 0.04042671620845795, 0.041389256715774536, 0.042351797223091125, 0.043314337730407715, 0.044276878237724304, 0.045239418745040894, 0.04620195925235748, 0.04716450348496437, 0.04812704399228096, 0.04908958449959755, 0.05005212500691414, 0.05101466551423073, 0.05197720602154732, 0.05293974652886391, 0.053902287036180496, 0.054864827543497086, 0.055827368050813675, 0.05678991228342056, 0.05775245279073715, 0.05871499329805374, 0.05967753380537033, 0.06064007431268692, 0.06160261482000351]}, "params/['params']['layers_0']['linear_layer']['bias']": {"_type": "histogram", "values": [0, 0, 0, 0, 0, 0, 0, 0, 0, 0, 0, 0, 0, 0, 0, 0, 0, 0, 0, 0, 0, 0, 0, 0, 0, 0, 0, 0, 0, 0, 0, 0, 24, 0, 0, 0, 0, 0, 0, 0, 0, 0, 0, 0, 0, 0, 0, 0, 0, 0, 0, 0, 0, 0, 0, 0, 0, 0, 0, 0, 0, 0, 0, 0], "bins": [-0.5, -0.484375, -0.46875, -0.453125, -0.4375, -0.421875, -0.40625, -0.390625, -0.375, -0.359375, -0.34375, -0.328125, -0.3125, -0.296875, -0.28125, -0.265625, -0.25, -0.234375, -0.21875, -0.203125, -0.1875, -0.171875, -0.15625, -0.140625, -0.125, -0.109375, -0.09375, -0.078125, -0.0625, -0.046875, -0.03125, -0.015625, 0.0, 0.015625, 0.03125, 0.046875, 0.0625, 0.078125, 0.09375, 0.109375, 0.125, 0.140625, 0.15625, 0.171875, 0.1875, 0.203125, 0.21875, 0.234375, 0.25, 0.265625, 0.28125, 0.296875, 0.3125, 0.328125, 0.34375, 0.359375, 0.375, 0.390625, 0.40625, 0.421875, 0.4375, 0.453125, 0.46875, 0.484375, 0.5]}, "params/['params']['layers_0']['linear_layer']['kernel']": {"_type": "histogram", "values": [1, 0, 0, 0, 0, 0, 0, 0, 0, 0, 0, 0, 2, 0, 0, 0, 0, 0, 0, 0, 0, 0, 0, 0, 0, 0, 0, 0, 0, 0, 0, 0, 0, 0, 0, 0, 0, 0, 0, 0, 0, 0, 0, 0, 0, 0, 0, 0, 0, 0, 0, 0, 0, 0, 0, 0, 0, 0, 0, 0, 0, 0, 0, 93], "bins": [-0.6468188166618347, -0.6366549134254456, -0.6264910101890564, -0.6163271069526672, -0.6061632037162781, -0.5959992408752441, -0.585835337638855, -0.5756714344024658, -0.5655075311660767, -0.5553436279296875, -0.5451797246932983, -0.5350158214569092, -0.52485191822052, -0.5146880149841309, -0.5045241117477417, -0.49436014890670776, -0.4841962456703186, -0.47403234243392944, -0.4638684391975403, -0.4537045359611511, -0.44354063272476196, -0.4333767294883728, -0.42321279644966125, -0.4130488932132721, -0.40288498997688293, -0.3927210867404938, -0.3825571537017822, -0.37239325046539307, -0.3622293472290039, -0.35206544399261475, -0.3419015109539032, -0.33173760771751404, -0.3215737044811249, -0.3114098012447357, -0.30124589800834656, -0.291081964969635, -0.28091806173324585, -0.2707541584968567, -0.26059025526046753, -0.250426322221756, -0.24026241898536682, -0.23009851574897766, -0.2199346125125885, -0.20977070927619934, -0.1996067762374878, -0.18944287300109863, -0.17927896976470947, -0.1691150665283203, -0.15895116329193115, -0.1487872302532196, -0.13862335681915283, -0.1284593939781189, -0.11829549074172974, -0.10813158750534058, -0.09796768426895142, -0.08780378103256226, -0.0776398777961731, -0.06747597455978394, -0.057312071323394775, -0.047148168087005615, -0.03698420524597168, -0.02682030200958252, -0.01665639877319336, -0.006492495536804199, 0.003671394195407629]}, "params/['params']['layers_1']['linear_layer']['bias']": {"_type": "histogram", "values": [0, 0, 0, 0, 0, 0, 0, 0, 0, 0, 0, 0, 0, 0, 0, 0, 0, 0, 0, 0, 0, 0, 0, 0, 0, 0, 0, 0, 0, 0, 0, 0, 24, 0, 0, 0, 0, 0, 0, 0, 0, 0, 0, 0, 0, 0, 0, 0, 0, 0, 0, 0, 0, 0, 0, 0, 0, 0, 0, 0, 0, 0, 0, 0], "bins": [-0.5, -0.484375, -0.46875, -0.453125, -0.4375, -0.421875, -0.40625, -0.390625, -0.375, -0.359375, -0.34375, -0.328125, -0.3125, -0.296875, -0.28125, -0.265625, -0.25, -0.234375, -0.21875, -0.203125, -0.1875, -0.171875, -0.15625, -0.140625, -0.125, -0.109375, -0.09375, -0.078125, -0.0625, -0.046875, -0.03125, -0.015625, 0.0, 0.015625, 0.03125, 0.046875, 0.0625, 0.078125, 0.09375, 0.109375, 0.125, 0.140625, 0.15625, 0.171875, 0.1875, 0.203125, 0.21875, 0.234375, 0.25, 0.265625, 0.28125, 0.296875, 0.3125, 0.328125, 0.34375, 0.359375, 0.375, 0.390625, 0.40625, 0.421875, 0.4375, 0.453125, 0.46875, 0.484375, 0.5]}, "params/['params']['layers_1']['linear_layer']['kernel']": {"_type": "histogram", "values": [1, 0, 0, 0, 0, 0, 0, 0, 0, 0, 0, 0, 0, 0, 0, 0, 0, 0, 0, 0, 0, 0, 0, 0, 0, 0, 0, 0, 0, 0, 0, 0, 0, 0, 0, 497, 1, 0, 0, 0, 2, 1, 0, 1, 0, 0, 0, 0, 0, 0, 0, 0, 0, 0, 0, 0, 0, 0, 0, 0, 0, 0, 0, 1], "bins": [-2.941162109375, -2.8594167232513428, -2.7776715755462646, -2.6959261894226074, -2.61418080329895, -2.532435417175293, -2.450690269470215, -2.3689448833465576, -2.2871994972229004, -2.2054543495178223, -2.123708963394165, -2.041963577270508, -1.9602183103561401, -1.878472924232483, -1.7967276573181152, -1.714982271194458, -1.6332370042800903, -1.5514917373657227, -1.4697463512420654, -1.3880010843276978, -1.3062556982040405, -1.2245104312896729, -1.1427650451660156, -1.061019778251648, -0.9792745113372803, -0.897529125213623, -0.8157837390899658, -0.7340385913848877, -0.6522932052612305, -0.5705478191375732, -0.488802433013916, -0.4070572853088379, -0.32531189918518066, -0.24356651306152344, -0.1618213653564453, -0.08007597923278809, 0.0016694068908691406, 0.08341479301452637, 0.1651599407196045, 0.24690532684326172, 0.32865071296691895, 0.41039586067199707, 0.4921412467956543, 0.5738866329193115, 0.6556320190429688, 0.7373771667480469, 0.8191225528717041, 0.9008679389953613, 0.9826130867004395, 1.0643587112426758, 1.146103858947754, 1.227849006652832, 1.3095946311950684, 1.3913397789001465, 1.4730849266052246, 1.554830551147461, 1.636575698852539, 1.7183208465576172, 1.8000664710998535, 1.8818116188049316, 1.963557243347168, 2.045302391052246, 2.127047538757324, 2.2087931632995605, 2.2905383110046387]}, "validation_loss": 0.0052674151957035065, "_wandb": {"runtime": 210}}