{"loss": 0.35607582330703735, "_timestamp": 1739302563.6931508, "_runtime": 206.48122882843018, "_step": 27, "params/['params']['last']['bias']": {"_type": "histogram", "values": [1, 0, 0, 0, 0, 0, 0, 0, 0, 0, 0, 0, 0, 0, 0, 0, 0, 0, 0, 0, 0, 0, 0, 0, 0, 0, 0, 0, 0, 0, 0, 0, 0, 0, 0, 0, 0, 0, 0, 0, 0, 0, 0, 0, 0, 0, 0, 0, 0, 0, 0, 0, 0, 0, 0, 0, 0, 0, 0, 0, 0, 0, 0, 1], "bins": [1.000105381011963, 1.0017238855361938, 1.0033423900604248, 1.0049607753753662, 1.0065792798995972, 1.0081977844238281, 1.0098161697387695, 1.0114346742630005, 1.0130531787872314, 1.0146716833114624, 1.0162901878356934, 1.0179085731506348, 1.0195270776748657, 1.0211455821990967, 1.022763967514038, 1.024382472038269, 1.0260009765625, 1.027619481086731, 1.029237985610962, 1.0308563709259033, 1.0324748754501343, 1.0340933799743652, 1.0357117652893066, 1.0373302698135376, 1.0389487743377686, 1.0405672788619995, 1.0421857833862305, 1.0438041687011719, 1.0454226732254028, 1.0470411777496338, 1.0486595630645752, 1.0502780675888062, 1.051896572113037, 1.053515076637268, 1.055133581161499, 1.0567519664764404, 1.0583704710006714, 1.0599889755249023, 1.0616073608398438, 1.0632258653640747, 1.0648443698883057, 1.0664628744125366, 1.0680813789367676, 1.069699764251709, 1.07131826877594, 1.072936773300171, 1.0745551586151123, 1.0761736631393433, 1.0777921676635742, 1.0794106721878052, 1.0810291767120361, 1.0826475620269775, 1.0842660665512085, 1.0858845710754395, 1.0875029563903809, 1.0891214609146118, 1.0907399654388428, 1.0923584699630737, 1.0939769744873047, 1.095595359802246, 1.097213864326477, 1.098832368850708, 1.1004507541656494, 1.1020692586898804, 1.1036877632141113]}, "params/['params']['last']['kernel']": {"_type": "histogram", "values": [0, 0, 0, 0, 0, 0, 0, 0, 0, 0, 0, 0, 0, 0, 0, 0, 0, 0, 0, 0, 0, 0, 0, 0, 0, 0, 0, 0, 0, 0, 0, 0, 42, 0, 0, 0, 0, 0, 0, 0, 0, 0, 0, 0, 0, 0, 0, 0, 0, 0, 0, 0, 0, 0, 0, 0, 0, 0, 0, 0, 0, 0, 0, 0], "bins": [-0.5, -0.484375, -0.46875, -0.453125, -0.4375, -0.421875, -0.40625, -0.390625, -0.375, -0.359375, -0.34375, -0.328125, -0.3125, -0.296875, -0.28125, -0.265625, -0.25, -0.234375, -0.21875, -0.203125, -0.1875, -0.171875, -0.15625, -0.140625, -0.125, -0.109375, -0.09375, -0.078125, -0.0625, -0.046875, -0.03125, -0.015625, 0.0, 0.015625, 0.03125, 0.046875, 0.0625, 0.078125, 0.09375, 0.109375, 0.125, 0.140625, 0.15625, 0.171875, 0.1875, 0.203125, 0.21875, 0.234375, 0.25, 0.265625, 0.28125, 0.296875, 0.3125, 0.328125, 0.34375, 0.359375, 0.375, 0.390625, 0.40625, 0.421875, 0.4375, 0.453125, 0.46875, 0.484375, 0.5]}, "params/['params']['layers_0']['linear_layer']['bias']": {"_type": "histogram", "values": [0, 0, 0, 0, 0, 0, 0, 0, 0, 0, 0, 0, 0, 0, 0, 0, 0, 0, 0, 0, 0, 0, 0, 0, 0, 0, 0, 0, 0, 0, 0, 0, 24, 0, 0, 0, 0, 0, 0, 0, 0, 0, 0, 0, 0, 0, 0, 0, 0, 0, 0, 0, 0, 0, 0, 0, 0, 0, 0, 0, 0, 0, 0, 0], "bins": [-0.5, -0.484375, -0.46875, -0.453125, -0.4375, -0.421875, -0.40625, -0.390625, -0.375, -0.359375, -0.34375, -0.328125, -0.3125, -0.296875, -0.28125, -0.265625, -0.25, -0.234375, -0.21875, -0.203125, -0.1875, -0.171875, -0.15625, -0.140625, -0.125, -0.109375, -0.09375, -0.078125, -0.0625, -0.046875, -0.03125, -0.015625, 0.0, 0.015625, 0.03125, 0.046875, 0.0625, 0.078125, 0.09375, 0.109375, 0.125, 0.140625, 0.15625, 0.171875, 0.1875, 0.203125, 0.21875, 0.234375, 0.25, 0.265625, 0.28125, 0.296875, 0.3125, 0.328125, 0.34375, 0.359375, 0.375, 0.390625, 0.40625, 0.421875, 0.4375, 0.453125, 0.46875, 0.484375, 0.5]}, "params/['params']['layers_0']['linear_layer']['kernel']": {"_type": "histogram", "values": [1, 0, 0, 0, 0, 1, 0, 0, 1, 0, 0, 0, 1, 0, 1, 0, 1, 0, 0, 0, 1, 0, 0, 1, 0, 0, 1, 0, 0, 1, 0, 1, 0, 0, 0, 2, 3, 2, 0, 0, 0, 0, 1, 0, 0, 0, 0, 0, 0, 2, 0, 0, 0, 0, 1, 0, 0, 0, 0, 0, 0, 0, 0, 2], "bins": [-1.990107774734497, -1.9259413480758667, -1.8617748022079468, -1.7976083755493164, -1.733441948890686, -1.6692755222320557, -1.6051089763641357, -1.5409425497055054, -1.476776123046875, -1.412609577178955, -1.3484431505203247, -1.2842767238616943, -1.2201101779937744, -1.155943751335144, -1.0917773246765137, -1.0276107788085938, -0.9634443521499634, -0.899277925491333, -0.8351113796234131, -0.7709449529647827, -0.7067785263061523, -0.6426119804382324, -0.578445553779602, -0.5142791271209717, -0.45011258125305176, -0.3859461545944214, -0.321779727935791, -0.25761330127716064, -0.19344675540924072, -0.12928032875061035, -0.06511390209197998, -0.0009473562240600586, 0.06321907043457031, 0.12738561630249023, 0.19155192375183105, 0.255718469619751, 0.3198850154876709, 0.3840513229370117, 0.44821786880493164, 0.5123844146728516, 0.5765507221221924, 0.6407172679901123, 0.7048838138580322, 0.769050121307373, 0.833216667175293, 0.8973832130432129, 0.9615495204925537, 1.0257160663604736, 1.0898826122283936, 1.1540489196777344, 1.2182154655456543, 1.2823817729949951, 1.346548318862915, 1.410714864730835, 1.4748811721801758, 1.5390477180480957, 1.6032142639160156, 1.6673805713653564, 1.7315471172332764, 1.7957136631011963, 1.859879970550537, 1.924046516418457, 1.988213062286377, 2.0523793697357178, 2.1165459156036377]}, "params/['params']['layers_1']['linear_layer']['bias']": {"_type": "histogram", "values": [0, 0, 0, 0, 0, 0, 0, 0, 0, 0, 0, 0, 0, 0, 0, 0, 0, 0, 0, 0, 0, 0, 0, 0, 0, 0, 0, 0, 0, 0, 0, 0, 24, 0, 0, 0, 0, 0, 0, 0, 0, 0, 0, 0, 0, 0, 0, 0, 0, 0, 0, 0, 0, 0, 0, 0, 0, 0, 0, 0, 0, 0, 0, 0], "bins": [-0.5, -0.484375, -0.46875, -0.453125, -0.4375, -0.421875, -0.40625, -0.390625, -0.375, -0.359375, -0.34375, -0.328125, -0.3125, -0.296875, -0.28125, -0.265625, -0.25, -0.234375, -0.21875, -0.203125, -0.1875, -0.171875, -0.15625, -0.140625, -0.125, -0.109375, -0.09375, -0.078125, -0.0625, -0.046875, -0.03125, -0.015625, 0.0, 0.015625, 0.03125, 0.046875, 0.0625, 0.078125, 0.09375, 0.109375, 0.125, 0.140625, 0.15625, 0.171875, 0.1875, 0.203125, 0.21875, 0.234375, 0.25, 0.265625, 0.28125, 0.296875, 0.3125, 0.328125, 0.34375, 0.359375, 0.375, 0.390625, 0.40625, 0.421875, 0.4375, 0.453125, 0.46875, 0.484375, 0.5]}, "params/['params']['layers_1']['linear_layer']['kernel']": {"_type": "histogram", "values": [3, 2, 1, 2, 3, 7, 1, 5, 3, 6, 6, 6, 6, 7, 10, 8, 13, 6, 12, 12, 11, 14, 9, 7, 13, 8, 12, 10, 13, 13, 18, 15, 17, 16, 14, 11, 10, 11, 6, 10, 15, 14, 9, 10, 8, 7, 7, 7, 9, 7, 5, 9, 7, 5, 4, 5, 3, 2, 2, 1, 3, 2, 4, 2], "bins": [-0.4894673228263855, -0.47412341833114624, -0.458779513835907, -0.4434356391429901, -0.42809173464775085, -0.4127478301525116, -0.3974039554595947, -0.38206005096435547, -0.3667161464691162, -0.35137224197387695, -0.3360283374786377, -0.3206844627857208, -0.30534055829048157, -0.2899966537952423, -0.27465277910232544, -0.2593088746070862, -0.24396497011184692, -0.22862106561660767, -0.2132771611213684, -0.19793328642845154, -0.18258938193321228, -0.16724547743797302, -0.15190160274505615, -0.1365576982498169, -0.12121379375457764, -0.10586988925933838, -0.09052598476409912, -0.07518211007118225, -0.05983820557594299, -0.044494301080703735, -0.029150426387786865, -0.013806521892547607, 0.0015373826026916504, 0.016881287097930908, 0.032225191593170166, 0.047569096088409424, 0.06291300058364868, 0.07825684547424316, 0.09360074996948242, 0.10894465446472168, 0.12428855895996094, 0.1396324634552002, 0.15497636795043945, 0.1703202724456787, 0.1856641173362732, 0.20100802183151245, 0.2163519263267517, 0.23169583082199097, 0.24703973531723022, 0.2623836398124695, 0.27772754430770874, 0.293071448802948, 0.30841535329818726, 0.32375919818878174, 0.339103102684021, 0.35444700717926025, 0.3697909116744995, 0.38513481616973877, 0.400478720664978, 0.4158226251602173, 0.43116647005081177, 0.446510374546051, 0.4618542790412903, 0.47719818353652954, 0.4925421178340912]}, "_wandb": {"runtime": 205}}