{"loss": 0.00029190070927143097, "_timestamp": 1739987840.465954, "_runtime": 172.27637696266174, "_step": 2793, "params/['params']['last']['bias']": {"_type": "histogram", "values": [0, 0, 0, 0, 0, 0, 0, 0, 0, 0, 0, 0, 0, 0, 0, 0, 0, 0, 0, 0, 0, 0, 0, 0, 0, 0, 0, 0, 0, 0, 0, 0, 2, 0, 0, 0, 0, 0, 0, 0, 0, 0, 0, 0, 0, 0, 0, 0, 0, 0, 0, 0, 0, 0, 0, 0, 0, 0, 0, 0, 0, 0, 0, 0], "bins": [-0.5, -0.484375, -0.46875, -0.453125, -0.4375, -0.421875, -0.40625, -0.390625, -0.375, -0.359375, -0.34375, -0.328125, -0.3125, -0.296875, -0.28125, -0.265625, -0.25, -0.234375, -0.21875, -0.203125, -0.1875, -0.171875, -0.15625, -0.140625, -0.125, -0.109375, -0.09375, -0.078125, -0.0625, -0.046875, -0.03125, -0.015625, 0.0, 0.015625, 0.03125, 0.046875, 0.0625, 0.078125, 0.09375, 0.109375, 0.125, 0.140625, 0.15625, 0.171875, 0.1875, 0.203125, 0.21875, 0.234375, 0.25, 0.265625, 0.28125, 0.296875, 0.3125, 0.328125, 0.34375, 0.359375, 0.375, 0.390625, 0.40625, 0.421875, 0.4375, 0.453125, 0.46875, 0.484375, 0.5]}, "params/['params']['last']['kernel']": {"_type": "histogram", "values": [2, 0, 0, 0, 0, 0, 0, 0, 0, 0, 0, 0, 0, 0, 0, 0, 0, 0, 0, 0, 0, 0, 0, 0, 0, 0, 0, 0, 0, 0, 0, 0, 0, 0, 0, 0, 0, 0, 0, 0, 30, 0, 0, 0, 0, 0, 0, 0, 0, 0, 0, 0, 0, 0, 0, 0, 0, 0, 1, 0, 0, 1, 0, 2], "bins": [-0.015688491985201836, -0.015303547494113445, -0.014918603003025055, -0.014533658511936665, -0.014148714020848274, -0.013763769529759884, -0.013378825038671494, -0.012993880547583103, -0.012608936056494713, -0.012223991565406322, -0.011839047074317932, -0.011454101651906967, -0.011069158092141151, -0.010684212669730186, -0.01029926910996437, -0.009914323687553406, -0.00952938012778759, -0.009144434705376625, -0.00875949114561081, -0.008374545723199844, -0.007989602163434029, -0.007604656741023064, -0.007219712249934673, -0.006834767758846283, -0.006449823267757893, -0.006064878776669502, -0.005679934285581112, -0.0052949897944927216, -0.004910045303404331, -0.004525100812315941, -0.0041401563212275505, -0.00375521183013916, -0.00337026733905077, -0.0029853228479623795, -0.002600378356873989, -0.0022154338657855988, -0.0018304893746972084, -0.001445544883608818, -0.0010606003925204277, -0.0006756559014320374, -0.000290711410343647, 9.423308074474335e-05, 0.0004791785031557083, 0.000864122062921524, 0.001249067485332489, 0.0016340110450983047, 0.0020189564675092697, 0.0024039000272750854, 0.0027888454496860504, 0.003173789009451866, 0.003558734431862831, 0.003943677991628647, 0.004328623414039612, 0.0047135669738054276, 0.0050985123962163925, 0.005483455955982208, 0.005868401378393173, 0.006253344938158989, 0.006638290360569954, 0.00702323392033577, 0.007408179342746735, 0.00779312290251255, 0.008178068324923515, 0.008563011884689331, 0.008947957307100296]}, "params/['params']['layers_0']['linear_layer']['bias']": {"_type": "histogram", "values": [0, 0, 0, 0, 0, 0, 0, 0, 0, 0, 0, 0, 0, 0, 0, 0, 0, 0, 0, 0, 0, 0, 0, 0, 0, 0, 0, 0, 0, 0, 0, 0, 22, 0, 0, 0, 0, 0, 0, 0, 0, 0, 0, 0, 0, 0, 0, 0, 0, 0, 0, 0, 0, 0, 0, 0, 0, 0, 0, 0, 0, 0, 0, 0], "bins": [-0.5, -0.484375, -0.46875, -0.453125, -0.4375, -0.421875, -0.40625, -0.390625, -0.375, -0.359375, -0.34375, -0.328125, -0.3125, -0.296875, -0.28125, -0.265625, -0.25, -0.234375, -0.21875, -0.203125, -0.1875, -0.171875, -0.15625, -0.140625, -0.125, -0.109375, -0.09375, -0.078125, -0.0625, -0.046875, -0.03125, -0.015625, 0.0, 0.015625, 0.03125, 0.046875, 0.0625, 0.078125, 0.09375, 0.109375, 0.125, 0.140625, 0.15625, 0.171875, 0.1875, 0.203125, 0.21875, 0.234375, 0.25, 0.265625, 0.28125, 0.296875, 0.3125, 0.328125, 0.34375, 0.359375, 0.375, 0.390625, 0.40625, 0.421875, 0.4375, 0.453125, 0.46875, 0.484375, 0.5]}, "params/['params']['layers_0']['linear_layer']['kernel']": {"_type": "histogram", "values": [1, 0, 0, 0, 0, 0, 0, 0, 0, 0, 0, 0, 0, 0, 0, 0, 0, 0, 0, 0, 0, 0, 0, 0, 0, 0, 1, 0, 0, 0, 0, 0, 0, 0, 0, 0, 0, 0, 0, 0, 0, 0, 0, 0, 0, 0, 0, 0, 0, 0, 0, 0, 0, 0, 0, 0, 0, 0, 0, 0, 0, 0, 0, 42], "bins": [-0.8357886672019958, -0.8227294683456421, -0.8096702694892883, -0.7966110706329346, -0.7835518717765808, -0.770492672920227, -0.7574334740638733, -0.7443742752075195, -0.7313150763511658, -0.718255877494812, -0.7051966786384583, -0.6921374797821045, -0.6790782809257507, -0.666019082069397, -0.6529598832130432, -0.6399006843566895, -0.6268414855003357, -0.6137822866439819, -0.6007230877876282, -0.5876638889312744, -0.5746047496795654, -0.5615454912185669, -0.5484863519668579, -0.5354270935058594, -0.5223679542541504, -0.5093086957931519, -0.4962495267391205, -0.4831903278827667, -0.47013112902641296, -0.4570719301700592, -0.44401273131370544, -0.4309535324573517, -0.4178943336009979, -0.40483513474464417, -0.3917759358882904, -0.37871673703193665, -0.3656575381755829, -0.3525983393192291, -0.33953914046287537, -0.326479971408844, -0.31342077255249023, -0.3003615736961365, -0.2873023748397827, -0.27424317598342896, -0.2611839771270752, -0.24812477827072144, -0.23506557941436768, -0.22200638055801392, -0.20894718170166016, -0.1958879828453064, -0.18282878398895264, -0.16976958513259888, -0.15671038627624512, -0.14365118741989136, -0.1305919885635376, -0.11753278970718384, -0.10447359085083008, -0.09141439199447632, -0.07835519313812256, -0.0652959942817688, -0.05223679542541504, -0.03917759656906128, -0.02611839771270752, -0.01305919885635376, 0.0]}, "params/['params']['layers_1']['linear_layer']['bias']": {"_type": "histogram", "values": [0, 0, 0, 0, 0, 0, 0, 0, 0, 0, 0, 0, 0, 0, 0, 0, 0, 0, 0, 0, 0, 0, 0, 0, 0, 0, 0, 0, 0, 0, 0, 0, 22, 0, 0, 0, 0, 0, 0, 0, 0, 0, 0, 0, 0, 0, 0, 0, 0, 0, 0, 0, 0, 0, 0, 0, 0, 0, 0, 0, 0, 0, 0, 0], "bins": [-0.5, -0.484375, -0.46875, -0.453125, -0.4375, -0.421875, -0.40625, -0.390625, -0.375, -0.359375, -0.34375, -0.328125, -0.3125, -0.296875, -0.28125, -0.265625, -0.25, -0.234375, -0.21875, -0.203125, -0.1875, -0.171875, -0.15625, -0.140625, -0.125, -0.109375, -0.09375, -0.078125, -0.0625, -0.046875, -0.03125, -0.015625, 0.0, 0.015625, 0.03125, 0.046875, 0.0625, 0.078125, 0.09375, 0.109375, 0.125, 0.140625, 0.15625, 0.171875, 0.1875, 0.203125, 0.21875, 0.234375, 0.25, 0.265625, 0.28125, 0.296875, 0.3125, 0.328125, 0.34375, 0.359375, 0.375, 0.390625, 0.40625, 0.421875, 0.4375, 0.453125, 0.46875, 0.484375, 0.5]}, "params/['params']['layers_1']['linear_layer']['kernel']": {"_type": "histogram", "values": [1, 0, 0, 0, 0, 0, 0, 0, 0, 0, 0, 0, 0, 0, 0, 0, 0, 0, 0, 0, 0, 0, 0, 392, 0, 0, 0, 0, 0, 0, 0, 0, 0, 0, 0, 0, 0, 0, 0, 0, 0, 0, 0, 0, 0, 0, 0, 1, 0, 0, 0, 0, 0, 0, 0, 0, 0, 0, 0, 0, 0, 0, 0, 2], "bins": [-2.2093584537506104, -2.116110324859619, -2.022861957550049, -1.929613709449768, -1.8363654613494873, -1.7431172132492065, -1.6498689651489258, -1.556620717048645, -1.4633724689483643, -1.3701242208480835, -1.2768759727478027, -1.183627724647522, -1.0903794765472412, -0.9971312284469604, -0.9038829803466797, -0.8106347322463989, -0.7173864841461182, -0.6241382360458374, -0.5308899879455566, -0.4376417398452759, -0.3443934917449951, -0.25114524364471436, -0.1578969955444336, -0.06464886665344238, 0.02859950065612793, 0.12184786796569824, 0.21509599685668945, 0.30834412574768066, 0.401592493057251, 0.4948408603668213, 0.5880889892578125, 0.6813371181488037, 0.774585485458374, 0.8678338527679443, 0.9610819816589355, 1.0543301105499268, 1.147578477859497, 1.2408268451690674, 1.3340749740600586, 1.4273231029510498, 1.5205714702606201, 1.6138198375701904, 1.7070679664611816, 1.8003160953521729, 1.8935644626617432, 1.9868128299713135, 2.0800607204437256, 2.173309087753296, 2.266557455062866, 2.3598058223724365, 2.453054189682007, 2.546302080154419, 2.6395504474639893, 2.7327988147735596, 2.8260467052459717, 2.919295072555542, 3.0125434398651123, 3.1057918071746826, 3.199040174484253, 3.292288064956665, 3.3855364322662354, 3.4787847995758057, 3.5720326900482178, 3.665281057357788, 3.7585291862487793]}, "validation_loss": 0.00028640415985137224, "_wandb": {"runtime": 174}}