{"loss": 0.00029190070927143097, "_timestamp": 1739533973.1186004, "_runtime": 175.958758354187, "_step": 405, "validation_loss": 0.00028640415985137224, "params/['params']['last']['bias']": {"_type": "histogram", "values": [0, 0, 0, 0, 0, 0, 0, 0, 0, 0, 0, 0, 0, 0, 0, 0, 0, 0, 0, 0, 0, 0, 0, 0, 0, 0, 0, 0, 0, 0, 0, 0, 2, 0, 0, 0, 0, 0, 0, 0, 0, 0, 0, 0, 0, 0, 0, 0, 0, 0, 0, 0, 0, 0, 0, 0, 0, 0, 0, 0, 0, 0, 0, 0], "bins": [-0.5, -0.484375, -0.46875, -0.453125, -0.4375, -0.421875, -0.40625, -0.390625, -0.375, -0.359375, -0.34375, -0.328125, -0.3125, -0.296875, -0.28125, -0.265625, -0.25, -0.234375, -0.21875, -0.203125, -0.1875, -0.171875, -0.15625, -0.140625, -0.125, -0.109375, -0.09375, -0.078125, -0.0625, -0.046875, -0.03125, -0.015625, 0.0, 0.015625, 0.03125, 0.046875, 0.0625, 0.078125, 0.09375, 0.109375, 0.125, 0.140625, 0.15625, 0.171875, 0.1875, 0.203125, 0.21875, 0.234375, 0.25, 0.265625, 0.28125, 0.296875, 0.3125, 0.328125, 0.34375, 0.359375, 0.375, 0.390625, 0.40625, 0.421875, 0.4375, 0.453125, 0.46875, 0.484375, 0.5]}, "params/['params']['last']['kernel']": {"_type": "histogram", "values": [2, 0, 0, 0, 0, 0, 0, 0, 0, 0, 0, 0, 0, 0, 0, 0, 0, 0, 0, 0, 0, 0, 0, 0, 0, 0, 0, 0, 0, 0, 0, 0, 0, 0, 0, 0, 0, 0, 0, 0, 30, 0, 0, 0, 0, 0, 0, 0, 0, 0, 0, 0, 0, 0, 0, 0, 0, 0, 1, 0, 0, 1, 0, 2], "bins": [-0.015688598155975342, -0.015303652733564377, -0.014918708242475986, -0.014533762820065022, -0.014148818328976631, -0.013763872906565666, -0.013378927484154701, -0.012993982993066311, -0.01260903850197792, -0.012224093079566956, -0.01183914765715599, -0.0114542031660676, -0.011069257743656635, -0.010684313252568245, -0.01029936783015728, -0.009914422407746315, -0.009529477916657925, -0.009144533425569534, -0.00875958800315857, -0.008374642580747604, -0.007989698089659214, -0.007604752667248249, -0.007219808176159859, -0.006834862753748894, -0.006449917331337929, -0.006064972840249538, -0.0056800274178385735, -0.005295082926750183, -0.004910137504339218, -0.004525193013250828, -0.004140247590839863, -0.0037553030997514725, -0.0033703576773405075, -0.0029854122549295425, -0.002600467763841152, -0.0022155223414301872, -0.0018305778503417969, -0.001445632427930832, -0.0010606879368424416, -0.0006757425144314766, -0.00029079802334308624, 9.414739906787872e-05, 0.0004790928214788437, 0.0008640382438898087, 0.0012489818036556244, 0.0016339272260665894, 0.0020188726484775543, 0.0024038180708885193, 0.0027887634932994843, 0.0031737070530653, 0.003558652475476265, 0.00394359789788723, 0.004328543320298195, 0.004713486880064011, 0.005098432302474976, 0.0054833777248859406, 0.0058683231472969055, 0.0062532685697078705, 0.006638212129473686, 0.007023157551884651, 0.007408102974295616, 0.007793048396706581, 0.008177991956472397, 0.008562937378883362, 0.008947881869971752]}, "params/['params']['layers_0']['linear_layer']['bias']": {"_type": "histogram", "values": [0, 0, 0, 0, 0, 0, 0, 0, 0, 0, 0, 0, 0, 0, 0, 0, 0, 0, 0, 0, 0, 0, 0, 0, 0, 0, 0, 0, 0, 0, 0, 0, 22, 0, 0, 0, 0, 0, 0, 0, 0, 0, 0, 0, 0, 0, 0, 0, 0, 0, 0, 0, 0, 0, 0, 0, 0, 0, 0, 0, 0, 0, 0, 0], "bins": [-0.5, -0.484375, -0.46875, -0.453125, -0.4375, -0.421875, -0.40625, -0.390625, -0.375, -0.359375, -0.34375, -0.328125, -0.3125, -0.296875, -0.28125, -0.265625, -0.25, -0.234375, -0.21875, -0.203125, -0.1875, -0.171875, -0.15625, -0.140625, -0.125, -0.109375, -0.09375, -0.078125, -0.0625, -0.046875, -0.03125, -0.015625, 0.0, 0.015625, 0.03125, 0.046875, 0.0625, 0.078125, 0.09375, 0.109375, 0.125, 0.140625, 0.15625, 0.171875, 0.1875, 0.203125, 0.21875, 0.234375, 0.25, 0.265625, 0.28125, 0.296875, 0.3125, 0.328125, 0.34375, 0.359375, 0.375, 0.390625, 0.40625, 0.421875, 0.4375, 0.453125, 0.46875, 0.484375, 0.5]}, "params/['params']['layers_0']['linear_layer']['kernel']": {"_type": "histogram", "values": [1, 0, 0, 0, 0, 0, 0, 0, 0, 0, 0, 0, 0, 0, 0, 0, 0, 0, 0, 0, 0, 0, 0, 0, 0, 0, 1, 0, 0, 0, 0, 0, 0, 0, 0, 0, 0, 0, 0, 0, 0, 0, 0, 0, 0, 0, 0, 0, 0, 0, 0, 0, 0, 0, 0, 0, 0, 0, 0, 0, 0, 0, 0, 42], "bins": [-0.8357886075973511, -0.8227294087409973, -0.8096702098846436, -0.7966110110282898, -0.783551812171936, -0.7704926133155823, -0.7574334144592285, -0.7443742156028748, -0.731315016746521, -0.7182558178901672, -0.7051966190338135, -0.6921374201774597, -0.679078221321106, -0.666019082069397, -0.6529598236083984, -0.6399006843566895, -0.6268414258956909, -0.6137822866439819, -0.6007230281829834, -0.5876638889312744, -0.5746046304702759, -0.5615454912185669, -0.5484862327575684, -0.5354270935058594, -0.5223678946495056, -0.5093086957931519, -0.4962494969367981, -0.48319029808044434, -0.4701310992240906, -0.4570719003677368, -0.44401270151138306, -0.4309535026550293, -0.41789430379867554, -0.4048351049423218, -0.391775906085968, -0.37871670722961426, -0.3656575083732605, -0.35259830951690674, -0.339539110660553, -0.3264799118041992, -0.31342071294784546, -0.3003615140914917, -0.28730231523513794, -0.2742431163787842, -0.2611839175224304, -0.24812471866607666, -0.2350655198097229, -0.22200632095336914, -0.20894718170166016, -0.1958879828453064, -0.18282878398895264, -0.16976958513259888, -0.15671038627624512, -0.14365118741989136, -0.1305919885635376, -0.11753278970718384, -0.10447359085083008, -0.09141439199447632, -0.07835519313812256, -0.0652959942817688, -0.05223679542541504, -0.03917759656906128, -0.02611839771270752, -0.01305919885635376, 0.0]}, "params/['params']['layers_1']['linear_layer']['bias']": {"_type": "histogram", "values": [0, 0, 0, 0, 0, 0, 0, 0, 0, 0, 0, 0, 0, 0, 0, 0, 0, 0, 0, 0, 0, 0, 0, 0, 0, 0, 0, 0, 0, 0, 0, 0, 22, 0, 0, 0, 0, 0, 0, 0, 0, 0, 0, 0, 0, 0, 0, 0, 0, 0, 0, 0, 0, 0, 0, 0, 0, 0, 0, 0, 0, 0, 0, 0], "bins": [-0.5, -0.484375, -0.46875, -0.453125, -0.4375, -0.421875, -0.40625, -0.390625, -0.375, -0.359375, -0.34375, -0.328125, -0.3125, -0.296875, -0.28125, -0.265625, -0.25, -0.234375, -0.21875, -0.203125, -0.1875, -0.171875, -0.15625, -0.140625, -0.125, -0.109375, -0.09375, -0.078125, -0.0625, -0.046875, -0.03125, -0.015625, 0.0, 0.015625, 0.03125, 0.046875, 0.0625, 0.078125, 0.09375, 0.109375, 0.125, 0.140625, 0.15625, 0.171875, 0.1875, 0.203125, 0.21875, 0.234375, 0.25, 0.265625, 0.28125, 0.296875, 0.3125, 0.328125, 0.34375, 0.359375, 0.375, 0.390625, 0.40625, 0.421875, 0.4375, 0.453125, 0.46875, 0.484375, 0.5]}, "params/['params']['layers_1']['linear_layer']['kernel']": {"_type": "histogram", "values": [1, 0, 0, 0, 0, 0, 0, 0, 0, 0, 0, 0, 0, 0, 0, 0, 0, 0, 0, 0, 0, 0, 0, 392, 0, 0, 0, 0, 0, 0, 0, 0, 0, 0, 0, 0, 0, 0, 0, 0, 0, 0, 0, 0, 0, 0, 0, 1, 0, 0, 0, 0, 0, 0, 0, 0, 0, 0, 0, 0, 0, 0, 0, 2], "bins": [-2.209352493286133, -2.1161043643951416, -2.0228562355041504, -1.9296081066131592, -1.836359977722168, -1.7431118488311768, -1.649863600730896, -1.5566154718399048, -1.4633673429489136, -1.3701192140579224, -1.2768710851669312, -1.18362295627594, -1.0903747081756592, -0.997126579284668, -0.9038784503936768, -0.8106303215026855, -0.7173821926116943, -0.6241340637207031, -0.5308859348297119, -0.4376378059387207, -0.3443896770477295, -0.25114142894744873, -0.15789341926574707, -0.06464529037475586, 0.028603076934814453, 0.12185120582580566, 0.21509933471679688, 0.3083474636077881, 0.4015955924987793, 0.4948437213897705, 0.5880918502807617, 0.6813399791717529, 0.7745881080627441, 0.8678362369537354, 0.9610843658447266, 1.0543324947357178, 1.147580623626709, 1.2408287525177002, 1.3340768814086914, 1.4273250102996826, 1.5205731391906738, 1.6138215065002441, 1.7070696353912354, 1.8003177642822266, 1.8935656547546387, 1.986814022064209, 2.080061912536621, 2.1733102798461914, 2.2665586471557617, 2.359806537628174, 2.453054904937744, 2.5463027954101562, 2.6395511627197266, 2.7327990531921387, 2.826047420501709, 2.919295310974121, 3.0125436782836914, 3.1057915687561035, 3.199039936065674, 3.292287826538086, 3.3855361938476562, 3.4787840843200684, 3.5720324516296387, 3.665280342102051, 3.7585289478302]}, "_wandb": {"runtime": 175}}