{"loss": 4.90032014965891e-08, "_timestamp": 1739552352.910895, "_runtime": 210.3028061389923, "_step": 405, "validation_loss": 4.916341111993461e-08, "params/['params']['last']['bias']": {"_type": "histogram", "values": [1, 0, 0, 0, 0, 0, 0, 0, 0, 0, 0, 0, 0, 0, 0, 0, 0, 0, 0, 0, 0, 0, 0, 0, 0, 0, 0, 0, 0, 0, 0, 0, 0, 0, 0, 0, 0, 0, 0, 0, 0, 0, 0, 0, 0, 0, 0, 0, 0, 0, 0, 0, 0, 0, 0, 0, 0, 0, 0, 0, 0, 0, 0, 1], "bins": [0.0, 0.010834394954144955, 0.02166878990828991, 0.03250318393111229, 0.04333757981657982, 0.05417197570204735, 0.06500636786222458, 0.07584076374769211, 0.08667515963315964, 0.09750955551862717, 0.1083439514040947, 0.11917834728956223, 0.13001273572444916, 0.1408471316099167, 0.15168152749538422, 0.16251592338085175, 0.17335031926631927, 0.1841847151517868, 0.19501911103725433, 0.20585350692272186, 0.2166879028081894, 0.22752229869365692, 0.23835669457912445, 0.24919109046459198, 0.2600254714488983, 0.27085986733436584, 0.2816942632198334, 0.2925286591053009, 0.30336305499076843, 0.31419745087623596, 0.3250318467617035, 0.335866242647171, 0.34670063853263855, 0.3575350344181061, 0.3683694303035736, 0.37920382618904114, 0.39003822207450867, 0.4008726179599762, 0.4117070138454437, 0.42254140973091125, 0.4333758056163788, 0.4442102015018463, 0.45504459738731384, 0.46587899327278137, 0.4767133891582489, 0.48754778504371643, 0.49838218092918396, 0.5092165470123291, 0.5200509428977966, 0.5308853387832642, 0.5417197346687317, 0.5525541305541992, 0.5633885264396667, 0.5742229223251343, 0.5850573182106018, 0.5958917140960693, 0.6067261099815369, 0.6175605058670044, 0.6283949017524719, 0.6392292976379395, 0.650063693523407, 0.6608980894088745, 0.671732485294342, 0.6825668811798096, 0.6934012770652771]}, "params/['params']['last']['kernel']": {"_type": "histogram", "values": [3, 0, 36, 1, 0, 0, 0, 0, 0, 0, 0, 0, 1, 0, 0, 0, 0, 0, 0, 0, 0, 0, 0, 0, 0, 0, 0, 0, 0, 0, 0, 0, 0, 0, 0, 0, 0, 0, 0, 0, 0, 0, 0, 0, 0, 0, 0, 0, 0, 0, 0, 0, 0, 0, 0, 0, 0, 0, 0, 0, 0, 0, 0, 1], "bins": [-0.011641835793852806, -0.007333151996135712, -0.0030244681984186172, 0.0012842155992984772, 0.005592899397015572, 0.009901583194732666, 0.01421026699244976, 0.018518950790166855, 0.02282763458788395, 0.027136320248246193, 0.03144500404596329, 0.035753682255744934, 0.04006236791610718, 0.04437105357646942, 0.048679739236831665, 0.05298841744661331, 0.057297103106975555, 0.0616057887673378, 0.06591447442770004, 0.07022315263748169, 0.07453183829784393, 0.07884052395820618, 0.08314920216798782, 0.08745788782835007, 0.09176657348871231, 0.09607525914907455, 0.1003839448094368, 0.10469262301921844, 0.10900130867958069, 0.11330999433994293, 0.11761867254972458, 0.12192735821008682, 0.12623605132102966, 0.1305447369813919, 0.13485342264175415, 0.1391621083021164, 0.14347079396247864, 0.1477794647216797, 0.15208815038204193, 0.15639683604240417, 0.16070552170276642, 0.16501420736312866, 0.1693228930234909, 0.17363157868385315, 0.1779402494430542, 0.18224893510341644, 0.1865576207637787, 0.19086630642414093, 0.19517499208450317, 0.19948367774486542, 0.20379236340522766, 0.2081010490655899, 0.21240973472595215, 0.2167184054851532, 0.22102709114551544, 0.22533577680587769, 0.22964446246623993, 0.23395314812660217, 0.23826183378696442, 0.24257051944732666, 0.2468791902065277, 0.25118789076805115, 0.2554965615272522, 0.25980526208877563, 0.2641139328479767]}, "params/['params']['layers_0']['linear_layer']['bias']": {"_type": "histogram", "values": [0, 0, 0, 0, 0, 0, 0, 0, 0, 0, 0, 0, 0, 0, 0, 0, 0, 0, 0, 0, 0, 0, 0, 0, 0, 0, 0, 0, 0, 0, 0, 0, 24, 0, 0, 0, 0, 0, 0, 0, 0, 0, 0, 0, 0, 0, 0, 0, 0, 0, 0, 0, 0, 0, 0, 0, 0, 0, 0, 0, 0, 0, 0, 0], "bins": [-0.5, -0.484375, -0.46875, -0.453125, -0.4375, -0.421875, -0.40625, -0.390625, -0.375, -0.359375, -0.34375, -0.328125, -0.3125, -0.296875, -0.28125, -0.265625, -0.25, -0.234375, -0.21875, -0.203125, -0.1875, -0.171875, -0.15625, -0.140625, -0.125, -0.109375, -0.09375, -0.078125, -0.0625, -0.046875, -0.03125, -0.015625, 0.0, 0.015625, 0.03125, 0.046875, 0.0625, 0.078125, 0.09375, 0.109375, 0.125, 0.140625, 0.15625, 0.171875, 0.1875, 0.203125, 0.21875, 0.234375, 0.25, 0.265625, 0.28125, 0.296875, 0.3125, 0.328125, 0.34375, 0.359375, 0.375, 0.390625, 0.40625, 0.421875, 0.4375, 0.453125, 0.46875, 0.484375, 0.5]}, "params/['params']['layers_0']['linear_layer']['kernel']": {"_type": "histogram", "values": [1, 0, 0, 0, 0, 0, 0, 0, 0, 0, 0, 0, 0, 0, 0, 0, 0, 1, 0, 0, 0, 0, 0, 0, 0, 0, 0, 0, 0, 0, 0, 0, 0, 0, 0, 0, 0, 0, 0, 0, 0, 0, 0, 1, 0, 0, 1, 1, 0, 1, 59, 1, 0, 1, 1, 2, 1, 0, 0, 0, 0, 0, 0, 1], "bins": [-1.838011622428894, -1.801576852798462, -1.7651420831680298, -1.7287073135375977, -1.6922725439071655, -1.6558377742767334, -1.6194030046463013, -1.5829682350158691, -1.5465335845947266, -1.5100986957550049, -1.4736640453338623, -1.4372292757034302, -1.400794506072998, -1.364359736442566, -1.3279249668121338, -1.2914901971817017, -1.2550554275512695, -1.2186206579208374, -1.1821858882904053, -1.1457511186599731, -1.109316349029541, -1.0728816986083984, -1.0364468097686768, -1.0000121593475342, -0.9635773301124573, -0.9271425604820251, -0.890707790851593, -0.8542730212211609, -0.8178383111953735, -0.7814035415649414, -0.7449687719345093, -0.7085340023040771, -0.672099232673645, -0.6356644630432129, -0.5992296934127808, -0.5627949237823486, -0.5263601541519165, -0.4899253845214844, -0.45349061489105225, -0.4170558452606201, -0.380621075630188, -0.3441864252090454, -0.3077516555786133, -0.27131688594818115, -0.23488211631774902, -0.1984473466873169, -0.16201257705688477, -0.12557780742645264, -0.08914303779602051, -0.05270826816558838, -0.01627349853515625, 0.02016127109527588, 0.05659604072570801, 0.09303081035614014, 0.12946557998657227, 0.1659003496170044, 0.20233500003814697, 0.23876988887786865, 0.27520453929901123, 0.3116394281387329, 0.3480740785598755, 0.38450896739959717, 0.42094361782073975, 0.4573785066604614, 0.49381327629089355]}, "params/['params']['layers_1']['linear_layer']['bias']": {"_type": "histogram", "values": [23, 0, 0, 0, 0, 0, 0, 0, 0, 0, 0, 0, 0, 0, 0, 0, 0, 0, 0, 0, 0, 0, 0, 0, 0, 0, 0, 0, 0, 0, 0, 0, 0, 0, 0, 0, 0, 0, 0, 0, 0, 0, 0, 0, 0, 0, 0, 0, 0, 0, 0, 0, 0, 0, 0, 0, 0, 0, 0, 0, 0, 0, 0, 1], "bins": [0.0, 1.9238999811932445e-05, 3.847799962386489e-05, 5.7716999435797334e-05, 7.695599924772978e-05, 9.619499905966222e-05, 0.00011543399887159467, 0.0001346729986835271, 0.00015391199849545956, 0.000173150998307392, 0.00019238999811932445, 0.0002116289979312569, 0.00023086799774318933, 0.0002501069975551218, 0.0002693459973670542, 0.00028858499717898667, 0.0003078239969909191, 0.00032706299680285156, 0.000346301996614784, 0.00036554099642671645, 0.0003847799962386489, 0.00040401899605058134, 0.0004232579958625138, 0.0004424969956744462, 0.00046173599548637867, 0.0004809749952983111, 0.0005002139951102436, 0.0005194529658183455, 0.0005386919947341084, 0.0005579310236498713, 0.0005771699943579733, 0.0005964089650660753, 0.0006156479939818382, 0.0006348870228976011, 0.0006541259936057031, 0.0006733649643138051, 0.000692603993229568, 0.0007118430221453309, 0.0007310819928534329, 0.0007503209635615349, 0.0007695599924772978, 0.0007887990213930607, 0.0008080379921011627, 0.0008272769628092647, 0.0008465159917250276, 0.0008657550206407905, 0.0008849939913488925, 0.0009042329620569944, 0.0009234719909727573, 0.0009427110198885202, 0.0009619499905966222, 0.0009811889613047242, 0.0010004279902204871, 0.00101966701913625, 0.001038905931636691, 0.001058144960552454, 0.001077383989468217, 0.0010966230183839798, 0.0011158620472997427, 0.0011351009598001838, 0.0011543399887159467, 0.0011735790176317096, 0.0011928179301321507, 0.0012120569590479136, 0.0012312959879636765]}, "params/['params']['layers_1']['linear_layer']['kernel']": {"_type": "histogram",