{"loss": 0.0002844076952897012, "_timestamp": 1739548802.25386, "_runtime": 208.7069330215454, "_step": 405, "validation_loss": 0.00028603256214410067, "params/['params']['last']['bias']": {"_type": "histogram", "values": [1, 0, 0, 0, 0, 0, 0, 0, 0, 0, 0, 0, 0, 0, 0, 0, 0, 0, 0, 0, 0, 0, 0, 0, 0, 0, 0, 0, 0, 0, 0, 0, 0, 0, 0, 0, 0, 0, 0, 0, 0, 0, 0, 0, 0, 0, 0, 0, 0, 0, 0, 0, 0, 0, 0, 0, 0, 0, 0, 0, 0, 0, 0, 1], "bins": [0.0, 0.008889926597476006, 0.01777985319495201, 0.026669779792428017, 0.03555970638990402, 0.04444963485002518, 0.05333955958485603, 0.06222948431968689, 0.07111941277980804, 0.0800093412399292, 0.08889926970005035, 0.09778919070959091, 0.10667911916971207, 0.11556904762983322, 0.12445896863937378, 0.13334889709949493, 0.1422388255596161, 0.15112875401973724, 0.1600186824798584, 0.16890861093997955, 0.1777985394001007, 0.18668845295906067, 0.19557838141918182, 0.20446830987930298, 0.21335823833942413, 0.2222481667995453, 0.23113809525966644, 0.2400280237197876, 0.24891793727874756, 0.2578078806400299, 0.26669779419898987, 0.2755877375602722, 0.2844776511192322, 0.29336756467819214, 0.3022575080394745, 0.31114742159843445, 0.3200373649597168, 0.32892727851867676, 0.3378172218799591, 0.34670713543891907, 0.3555970788002014, 0.3644869923591614, 0.37337690591812134, 0.3822668492794037, 0.39115676283836365, 0.400046706199646, 0.40893661975860596, 0.4178265631198883, 0.42671647667884827, 0.4356063902378082, 0.4444963335990906, 0.45338624715805054, 0.4622761905193329, 0.47116610407829285, 0.4800560474395752, 0.48894596099853516, 0.4978358745574951, 0.5067257881164551, 0.5156157612800598, 0.5245056748390198, 0.5333955883979797, 0.5422855019569397, 0.5511754751205444, 0.5600653886795044, 0.5689553022384644]}, "params/['params']['last']['kernel']": {"_type": "histogram", "values": [2, 0, 37, 2, 0, 0, 0, 0, 0, 0, 0, 0, 0, 0, 0, 0, 0, 0, 0, 0, 0, 0, 0, 0, 0, 0, 0, 0, 0, 0, 0, 0, 0, 0, 0, 0, 0, 0, 0, 0, 0, 0, 0, 0, 0, 0, 0, 0, 0, 0, 0, 0, 0, 0, 0, 0, 0, 0, 0, 0, 0, 0, 0, 1], "bins": [-0.007154728285968304, -0.004605000838637352, -0.002055272925645113, 0.000494454987347126, 0.0030441824346780777, 0.005593909882009029, 0.008143638260662556, 0.010693364776670933, 0.013243093155324459, 0.01579282060265541, 0.018342547118663788, 0.020892277359962463, 0.02344200387597084, 0.025991730391979218, 0.028541456907987595, 0.03109118714928627, 0.03364091366529465, 0.036190640181303024, 0.0387403704226017, 0.04129009693861008, 0.043839823454618454, 0.04638955369591713, 0.04893928021192551, 0.051489006727933884, 0.05403873696923256, 0.05658845975995064, 0.05913819000124931, 0.06168792024254799, 0.06423764675855637, 0.06678737699985504, 0.06933710724115372, 0.0718868300318718, 0.07443656027317047, 0.07698629051446915, 0.07953601330518723, 0.0820857435464859, 0.08463547378778458, 0.08718519657850266, 0.08973492681980133, 0.0922846570611, 0.09483437985181808, 0.09738411009311676, 0.09993384033441544, 0.10248356312513351, 0.10503329336643219, 0.10758302360773087, 0.11013274639844894, 0.11268247663974762, 0.1152322068810463, 0.11778192967176437, 0.12033165246248245, 0.12288139015436172, 0.1254311054944992, 0.12798082828521729, 0.13053056597709656, 0.13308028876781464, 0.13563001155853271, 0.138179749250412, 0.14072947204113007, 0.14327919483184814, 0.14582893252372742, 0.1483786553144455, 0.15092837810516357, 0.15347811579704285, 0.15602783858776093]}, "params/['params']['layers_0']['linear_layer']['bias']": {"_type": "histogram", "values": [0, 0, 0, 0, 0, 0, 0, 0, 0, 0, 0, 0, 0, 0, 0, 0, 0, 0, 0, 0, 0, 0, 0, 0, 0, 0, 0, 0, 0, 0, 0, 0, 24, 0, 0, 0, 0, 0, 0, 0, 0, 0, 0, 0, 0, 0, 0, 0, 0, 0, 0, 0, 0, 0, 0, 0, 0, 0, 0, 0, 0, 0, 0, 0], "bins": [-0.5, -0.484375, -0.46875, -0.453125, -0.4375, -0.421875, -0.40625, -0.390625, -0.375, -0.359375, -0.34375, -0.328125, -0.3125, -0.296875, -0.28125, -0.265625, -0.25, -0.234375, -0.21875, -0.203125, -0.1875, -0.171875, -0.15625, -0.140625, -0.125, -0.109375, -0.09375, -0.078125, -0.0625, -0.046875, -0.03125, -0.015625, 0.0, 0.015625, 0.03125, 0.046875, 0.0625, 0.078125, 0.09375, 0.109375, 0.125, 0.140625, 0.15625, 0.171875, 0.1875, 0.203125, 0.21875, 0.234375, 0.25, 0.265625, 0.28125, 0.296875, 0.3125, 0.328125, 0.34375, 0.359375, 0.375, 0.390625, 0.40625, 0.421875, 0.4375, 0.453125, 0.46875, 0.484375, 0.5]}, "params/['params']['layers_0']['linear_layer']['kernel']": {"_type": "histogram", "values": [1, 0, 0, 0, 0, 0, 0, 0, 0, 0, 0, 0, 0, 0, 0, 0, 0, 0, 0, 0, 0, 0, 0, 0, 0, 0, 0, 0, 0, 0, 0, 0, 0, 0, 0, 0, 0, 0, 0, 0, 42, 1, 1, 0, 0, 0, 0, 0, 0, 0, 1, 0, 0, 1, 0, 0, 0, 0, 0, 0, 0, 0, 0, 1], "bins": [-1.4169858694076538, -1.3823977708816528, -1.3478096723556519, -1.3132214546203613, -1.2786333560943604, -1.2440452575683594, -1.2094571590423584, -1.1748690605163574, -1.1402809619903564, -1.105692744255066, -1.071104645729065, -1.036516547203064, -1.001928448677063, -0.9673402905464172, -0.9327521920204163, -0.8981640338897705, -0.8635759353637695, -0.8289878368377686, -0.7943996787071228, -0.7598115801811218, -0.7252234220504761, -0.6906353235244751, -0.6560472249984741, -0.6214590668678284, -0.5868709683418274, -0.5522828698158264, -0.5176947116851807, -0.4831066131591797, -0.4485185146331787, -0.41393041610717773, -0.3793421983718872, -0.34475409984588623, -0.31016600131988525, -0.2755779027938843, -0.2409898042678833, -0.20640158653259277, -0.1718134880065918, -0.13722538948059082, -0.10263729095458984, -0.06804919242858887, -0.03346097469329834, 0.0011271238327026367, 0.03571522235870361, 0.07030332088470459, 0.10489141941070557, 0.13947951793670654, 0.17406773567199707, 0.20865583419799805, 0.24324393272399902, 0.27783203125, 0.312420129776001, 0.3470083475112915, 0.3815964460372925, 0.41618454456329346, 0.45077264308929443, 0.4853607416152954, 0.5199488401412964, 0.5545370578765869, 0.5891250371932983, 0.6237133741378784, 0.6583014726638794, 0.6928895711898804, 0.7274776697158813, 0.7620657682418823, 0.7966538071632385]}, "params/['params']['layers_1']['linear_layer']['bias']": {"_type": "histogram", "values": [0, 0, 0, 0, 0, 0, 0, 0, 0, 0, 0, 0, 0, 0, 0, 0, 0, 0, 0, 0, 0, 0, 0, 0, 0, 0, 0, 0, 0, 0, 0, 0, 24, 0, 0, 0, 0, 0, 0, 0, 0, 0, 0, 0, 0, 0, 0, 0, 0, 0, 0, 0, 0, 0, 0, 0, 0, 0, 0, 0, 0, 0, 0, 0], "bins": [-0.5, -0.484375, -0.46875, -0.453125, -0.4375, -0.421875, -0.40625, -0.390625, -0.375, -0.359375, -0.34375, -0.328125, -0.3125, -0.296875, -0.28125, -0.265625, -0.25, -0.234375, -0.21875, -0.203125, -0.1875, -0.171875, -0.15625, -0.140625, -0.125, -0.109375, -0.09375, -0.078125, -0.0625, -0.046875, -0.03125, -0.015625, 0.0, 0.015625, 0.03125, 0.046875, 0.0625, 0.078125, 0.09375, 0.109375, 0.125, 0.140625, 0.15625, 0.171875, 0.1875, 0.203125, 0.21875, 0.234375, 0.25, 0.265625, 0.28125, 0.296875, 0.3125, 0.328125, 0.34375, 0.359375, 0.375, 0.390625, 0.40625, 0.421875, 0.4375, 0.453125, 0.46875, 0.484375, 0.5]}, "params/['params']['layers_1']['linear_layer']['kernel']": {"_type": "histogram", "values": [1, 1, 0, 1, 1, 0, 0, 0, 2, 0, 0, 0, 0, 0, 1, 2, 0, 0, 0, 1, 0, 0, 1, 1, 1, 0, 0, 0, 0, 0, 480, 0, 0, 0, 1, 1, 0, 2, 0, 1, 0, 0, 0, 1, 0, 0, 0, 1, 1, 0, 0, 0, 0, 0, 0, 0, 0, 0, 1, 1, 0, 0, 0, 1],