{"loss": 1.0410404309435517e-11, "_timestamp": 1739550240.0307558, "_runtime": 231.89065384864807, "_step": 405, "validation_loss": 5.015364513383247e-05, "params/['params']['last']['bias']": {"_type": "histogram", "values": [0, 0, 0, 0, 0, 0, 0, 0, 0, 0, 0, 0, 0, 0, 0, 0, 0, 0, 0, 0, 0, 0, 0, 0, 0, 0, 0, 0, 0, 0, 0, 0, 2, 0, 0, 0, 0, 0, 0, 0, 0, 0, 0, 0, 0, 0, 0, 0, 0, 0, 0, 0, 0, 0, 0, 0, 0, 0, 0, 0, 0, 0, 0, 0], "bins": [-0.5, -0.484375, -0.46875, -0.453125, -0.4375, -0.421875, -0.40625, -0.390625, -0.375, -0.359375, -0.34375, -0.328125, -0.3125, -0.296875, -0.28125, -0.265625, -0.25, -0.234375, -0.21875, -0.203125, -0.1875, -0.171875, -0.15625, -0.140625, -0.125, -0.109375, -0.09375, -0.078125, -0.0625, -0.046875, -0.03125, -0.015625, 0.0, 0.015625, 0.03125, 0.046875, 0.0625, 0.078125, 0.09375, 0.109375, 0.125, 0.140625, 0.15625, 0.171875, 0.1875, 0.203125, 0.21875, 0.234375, 0.25, 0.265625, 0.28125, 0.296875, 0.3125, 0.328125, 0.34375, 0.359375, 0.375, 0.390625, 0.40625, 0.421875, 0.4375, 0.453125, 0.46875, 0.484375, 0.5]}, "params/['params']['last']['kernel']": {"_type": "histogram", "values": [1, 0, 0, 0, 0, 0, 0, 0, 37, 0, 0, 0, 0, 0, 0, 1, 2, 0, 0, 0, 0, 0, 0, 0, 0, 0, 0, 0, 0, 0, 0, 0, 0, 0, 0, 0, 0, 0, 0, 0, 0, 0, 0, 0, 0, 0, 0, 0, 0, 0, 0, 0, 0, 0, 0, 0, 0, 0, 0, 0, 0, 0, 0, 1], "bins": [-0.0091028343886137, -0.007966187782585621, -0.0068295421078801155, -0.0056928955018520355, -0.004556249361485243, -0.00341960322111845, -0.00228295661509037, -0.0011463109403848648, -9.66433435678482e-06, 0.0011269822716712952, 0.0022636279463768005, 0.0034002745524048805, 0.0045369211584329605, 0.005673566833138466, 0.006810212507843971, 0.007946860045194626, 0.009083505719900131, 0.010220151394605637, 0.011356798931956291, 0.012493444606661797, 0.013630090281367302, 0.014766737818717957, 0.015903383493423462, 0.017040029168128967, 0.018176676705479622, 0.019313322380185127, 0.020449968054890633, 0.021586613729596138, 0.022723259404301643, 0.023859908804297447, 0.024996554479002953, 0.026133200153708458, 0.027269845828413963, 0.02840649150311947, 0.029543137177824974, 0.03067978285253048, 0.031816430389881134, 0.03295307606458664, 0.034089721739292145, 0.03522636741399765, 0.036363013088703156, 0.03749965876340866, 0.03863631188869476, 0.03977295756340027, 0.040909603238105774, 0.04204624891281128, 0.043182894587516785, 0.04431954026222229, 0.045456185936927795, 0.0465928316116333, 0.047729477286338806, 0.04886612296104431, 0.05000276863574982, 0.05113941431045532, 0.05227605998516083, 0.05341270565986633, 0.05454935133457184, 0.055685997009277344, 0.056822650134563446, 0.05795929580926895, 0.05909594148397446, 0.06023258715867996, 0.06136923283338547, 0.06250587850809097, 0.06364252418279648]}, "params/['params']['layers_0']['linear_layer']['bias']": {"_type": "histogram", "values": [0, 0, 0, 0, 0, 0, 0, 0, 0, 0, 0, 0, 0, 0, 0, 0, 0, 0, 0, 0, 0, 0, 0, 0, 0, 0, 0, 0, 0, 0, 0, 0, 24, 0, 0, 0, 0, 0, 0, 0, 0, 0, 0, 0, 0, 0, 0, 0, 0, 0, 0, 0, 0, 0, 0, 0, 0, 0, 0, 0, 0, 0, 0, 0], "bins": [-0.5, -0.484375, -0.46875, -0.453125, -0.4375, -0.421875, -0.40625, -0.390625, -0.375, -0.359375, -0.34375, -0.328125, -0.3125, -0.296875, -0.28125, -0.265625, -0.25, -0.234375, -0.21875, -0.203125, -0.1875, -0.171875, -0.15625, -0.140625, -0.125, -0.109375, -0.09375, -0.078125, -0.0625, -0.046875, -0.03125, -0.015625, 0.0, 0.015625, 0.03125, 0.046875, 0.0625, 0.078125, 0.09375, 0.109375, 0.125, 0.140625, 0.15625, 0.171875, 0.1875, 0.203125, 0.21875, 0.234375, 0.25, 0.265625, 0.28125, 0.296875, 0.3125, 0.328125, 0.34375, 0.359375, 0.375, 0.390625, 0.40625, 0.421875, 0.4375, 0.453125, 0.46875, 0.484375, 0.5]}, "params/['params']['layers_0']['linear_layer']['kernel']": {"_type": "histogram", "values": [1, 0, 0, 0, 0, 0, 0, 0, 0, 0, 0, 0, 0, 0, 0, 0, 0, 0, 0, 0, 0, 0, 0, 0, 0, 0, 0, 0, 0, 1, 0, 0, 0, 69, 0, 0, 0, 0, 0, 0, 0, 0, 0, 0, 0, 0, 0, 0, 0, 0, 0, 0, 0, 0, 0, 0, 0, 0, 0, 0, 0, 0, 0, 1], "bins": [-1.0410667657852173, -1.009965181350708, -0.9788634777069092, -0.9477618932723999, -0.9166602492332458, -0.8855586051940918, -0.8544570207595825, -0.8233553767204285, -0.7922537326812744, -0.7611520886421204, -0.7300504446029663, -0.698948860168457, -0.667847216129303, -0.6367455720901489, -0.6056439876556396, -0.5745423436164856, -0.5434406995773315, -0.5123390555381775, -0.48123741149902344, -0.45013582706451416, -0.4190341830253601, -0.38793253898620605, -0.3568309545516968, -0.3257293105125427, -0.29462766647338867, -0.2635260224342346, -0.23242437839508057, -0.2013227939605713, -0.17022114992141724, -0.13911950588226318, -0.1080179214477539, -0.07691627740859985, -0.0458146333694458, -0.014713048934936523, 0.016388654708862305, 0.04749023914337158, 0.07859194278717041, 0.10969352722167969, 0.14079511165618896, 0.1718968152999878, 0.20299839973449707, 0.23409998416900635, 0.2652016878128052, 0.29630327224731445, 0.32740485668182373, 0.35850656032562256, 0.38960814476013184, 0.42070984840393066, 0.45181143283843994, 0.4829130172729492, 0.514014720916748, 0.5451163053512573, 0.5762180089950562, 0.6073195934295654, 0.6384211778640747, 0.6695228815078735, 0.7006244659423828, 0.7317260503768921, 0.7628277540206909, 0.7939293384552002, 0.8250309228897095, 0.8561326265335083, 0.8872342109680176, 0.9183359146118164, 0.9494374990463257]}, "params/['params']['layers_1']['linear_layer']['bias']": {"_type": "histogram", "values": [0, 0, 0, 0, 0, 0, 0, 0, 0, 0, 0, 0, 0, 0, 0, 0, 0, 0, 0, 0, 0, 0, 0, 0, 0, 0, 0, 0, 0, 0, 0, 0, 24, 0, 0, 0, 0, 0, 0, 0, 0, 0, 0, 0, 0, 0, 0, 0, 0, 0, 0, 0, 0, 0, 0, 0, 0, 0, 0, 0, 0, 0, 0, 0], "bins": [-0.5, -0.484375, -0.46875, -0.453125, -0.4375, -0.421875, -0.40625, -0.390625, -0.375, -0.359375, -0.34375, -0.328125, -0.3125, -0.296875, -0.28125, -0.265625, -0.25, -0.234375, -0.21875, -0.203125, -0.1875, -0.171875, -0.15625, -0.140625, -0.125, -0.109375, -0.09375, -0.078125, -0.0625, -0.046875, -0.03125, -0.015625, 0.0, 0.015625, 0.03125, 0.046875, 0.0625, 0.078125, 0.09375, 0.109375, 0.125, 0.140625, 0.15625, 0.171875, 0.1875, 0.203125, 0.21875, 0.234375, 0.25, 0.265625, 0.28125, 0.296875, 0.3125, 0.328125, 0.34375, 0.359375, 0.375, 0.390625, 0.40625, 0.421875, 0.4375, 0.453125, 0.46875, 0.484375, 0.5]}, "params/['params']['layers_1']['linear_layer']['kernel']": {"_type": "histogram", "values": [1, 0, 0, 0, 0, 0, 0, 0, 0, 0, 0, 0, 0, 0, 0, 0, 0, 0, 0, 0, 0, 0, 0, 0, 1, 0, 0, 0, 2, 0, 0, 0, 495, 0, 0, 0, 0, 0, 0, 0, 0, 0, 0, 0, 0, 0, 1, 1, 0, 0, 0, 0, 0, 0, 0, 0, 0, 0, 0, 0, 0, 2, 0, 1], "bins": [-3.308809757232666, -3.205409526824951, -3.1020095348358154, -2.9986093044281006, -2.8952090740203857, -2.79180908203125, -2.688408851623535, -2.5850086212158203, -2.4816083908081055, -2.3782083988189697, -2.274808168411255, -2.171408176422119, -2.0680079460144043, -1.9646077156066895, -1.8612076044082642, -1.7578073740005493, -1.654407262802124, -1.5510071516036987, -1.4476069211959839, -1.3442068099975586, -1.2408065795898438, -1.137406587600708, -1.0340063571929932, -0.9306061267852783, -0.8272061347961426, -0.7238059043884277, -0.6204056739807129, -0.517005443572998, -0.4136054515838623, -0.31020522117614746, -0.20680499076843262, -0.10340499877929688, -4.76837158203125e-06, 0.10339546203613281, 0.20679545402526855, 0.3101956844329834, 0.41359591484069824, 0.516995906829834, 0.6203961372375488, 0.7237963676452637, 0.8271965980529785, 0.9305968284606934, 1.03399658203125, 1.1373968124389648, 1.2407970428466797, 1.3441972732543945, 1.4475975036621094, 1.5509977340698242, 1.6543974876403809, 1.7577977180480957, 1.8611979484558105, 1.9645981788635254, 2.0679984092712402, 2.171398639678955, 2.27479887008667, 2.3781986236572266, 2.4815988540649414, 2.5849990844726562, 2.688399314880371, 2.791799545288086, 2.895199775695801, 2.9985995292663574, 3.1019997596740723, 3.205399990081787, 3.308800458908081]}, "_wandb": {"runtime": 231}}