{"_timestamp":1.737512572780122e+09,"_runtime":18.5527582,"_step":46,"_wandb":{"runtime":19},"loss":8.545005130145e-07}