{"loss": 0.004282791167497635, "_timestamp": 1739546124.8395445, "_runtime": 142.63972163200378, "_step": 405, "validation_loss": 0.004119631368666887, "params/['params']['last']['bias']": {"_type": "histogram", "values": [1, 0, 0, 0, 0, 0, 0, 0, 0, 0, 0, 0, 0, 0, 0, 0, 0, 0, 0, 0, 0, 0, 0, 0, 0, 0, 0, 0, 0, 0, 0, 0, 0, 0, 0, 0, 0, 0, 0, 0, 0, 0, 0, 0, 0, 0, 0, 0, 0, 0, 0, 0, 0, 0, 0, 0, 0, 0, 0, 0, 0, 0, 0, 1], "bins": [0.0, 0.00827321968972683, 0.01654643937945366, 0.02481965906918049, 0.03309287875890732, 0.0413661003112793, 0.04963931813836098, 0.05791253596544266, 0.06618575751781464, 0.07445897907018661, 0.0827322006225586, 0.09100541472434998, 0.09927863627672195, 0.10755185782909393, 0.11582507193088531, 0.1240982934832573, 0.13237151503562927, 0.14064472913742065, 0.14891795814037323, 0.1571911722421646, 0.1654644012451172, 0.17373761534690857, 0.18201082944869995, 0.19028405845165253, 0.1985572725534439, 0.2068304866552353, 0.21510371565818787, 0.22337692975997925, 0.23165014386177063, 0.2399233728647232, 0.2481965869665146, 0.25646981596946716, 0.26474303007125854, 0.2730162441730499, 0.2812894582748413, 0.2895627021789551, 0.29783591628074646, 0.30610913038253784, 0.3143823444843292, 0.3226555585861206, 0.3309288024902344, 0.33920201659202576, 0.34747523069381714, 0.3557484447956085, 0.3640216588973999, 0.3722948729991913, 0.38056811690330505, 0.38884133100509644, 0.3971145451068878, 0.4053877592086792, 0.4136609733104706, 0.42193421721458435, 0.43020743131637573, 0.4384806454181671, 0.4467538595199585, 0.4550270736217499, 0.46330028772354126, 0.47157353162765503, 0.4798467457294464, 0.4881199598312378, 0.4963931739330292, 0.5046663880348206, 0.5129396319389343, 0.5212128162384033, 0.5294860601425171]}, "params/['params']['last']['kernel']": {"_type": "histogram", "values": [1, 0, 0, 0, 0, 0, 0, 0, 0, 0, 0, 0, 0, 0, 0, 0, 0, 0, 0, 0, 0, 0, 0, 0, 0, 0, 0, 0, 0, 0, 0, 0, 0, 0, 0, 0, 0, 0, 0, 28, 0, 0, 0, 0, 0, 0, 0, 0, 0, 0, 0, 0, 0, 0, 0, 0, 0, 0, 0, 0, 0, 0, 0, 1], "bins": [-0.22649051249027252, -0.22070041298866272, -0.21491031348705292, -0.20912021398544312, -0.2033301293849945, -0.1975400298833847, -0.1917499303817749, -0.1859598308801651, -0.1801697313785553, -0.1743796318769455, -0.1685895323753357, -0.16279944777488708, -0.1570093333721161, -0.15121924877166748, -0.14542914927005768, -0.13963904976844788, -0.13384895026683807, -0.12805885076522827, -0.12226875126361847, -0.11647865921258926, -0.11068855971097946, -0.10489846020936966, -0.09910836815834045, -0.09331826865673065, -0.08752816915512085, -0.08173806965351105, -0.07594797015190125, -0.07015787065029144, -0.06436778604984283, -0.05857768654823303, -0.05278758704662323, -0.04699748754501343, -0.041207388043403625, -0.03541728854179382, -0.02962718904018402, -0.02383708953857422, -0.018046990036964417, -0.012256905436515808, -0.006466805934906006, -0.0006767064332962036, 0.005113393068313599, 0.010903492569923401, 0.016693592071533203, 0.022483691573143005, 0.028273776173591614, 0.03406389057636261, 0.03985397517681122, 0.045644089579582214, 0.05143417418003082, 0.05722425878047943, 0.06301437318325043, 0.06880445778369904, 0.07459457218647003, 0.08038465678691864, 0.08617477118968964, 0.09196485579013824, 0.09775494039058685, 0.10354505479335785, 0.10933513939380646, 0.11512525379657745, 0.12091533839702606, 0.12670545279979706, 0.13249553740024567, 0.13828565180301666, 0.14407573640346527]}, "params/['params']['layers_0']['linear_layer']['bias']": {"_type": "histogram", "values": [0, 0, 0, 0, 0, 0, 0, 0, 0, 0, 0, 0, 0, 0, 0, 0, 0, 0, 0, 0, 0, 0, 0, 0, 0, 0, 0, 0, 0, 0, 0, 0, 18, 0, 0, 0, 0, 0, 0, 0, 0, 0, 0, 0, 0, 0, 0, 0, 0, 0, 0, 0, 0, 0, 0, 0, 0, 0, 0, 0, 0, 0, 0, 0], "bins": [-0.5, -0.484375, -0.46875, -0.453125, -0.4375, -0.421875, -0.40625, -0.390625, -0.375, -0.359375, -0.34375, -0.328125, -0.3125, -0.296875, -0.28125, -0.265625, -0.25, -0.234375, -0.21875, -0.203125, -0.1875, -0.171875, -0.15625, -0.140625, -0.125, -0.109375, -0.09375, -0.078125, -0.0625, -0.046875, -0.03125, -0.015625, 0.0, 0.015625, 0.03125, 0.046875, 0.0625, 0.078125, 0.09375, 0.109375, 0.125, 0.140625, 0.15625, 0.171875, 0.1875, 0.203125, 0.21875, 0.234375, 0.25, 0.265625, 0.28125, 0.296875, 0.3125, 0.328125, 0.34375, 0.359375, 0.375, 0.390625, 0.40625, 0.421875, 0.4375, 0.453125, 0.46875, 0.484375, 0.5]}, "params/['params']['layers_0']['linear_layer']['kernel']": {"_type": "histogram", "values": [1, 0, 0, 1, 0, 0, 0, 65, 0, 0, 0, 0, 0, 0, 0, 1, 0, 0, 0, 0, 0, 0, 1, 0, 0, 0, 0, 0, 0, 0, 0, 0, 0, 0, 0, 0, 0, 0, 0, 1, 0, 0, 0, 1, 0, 0, 0, 0, 0, 0, 0, 0, 0, 0, 0, 0, 0, 0, 0, 0, 0, 0, 0, 1], "bins": [-0.2393147498369217, -0.20735493302345276, -0.17539510130882263, -0.1434352695941925, -0.11147545278072357, -0.07951562106609344, -0.04755580425262451, -0.015595987439155579, 0.01636384427547455, 0.048323675990104675, 0.0802835077047348, 0.11224330961704254, 0.14420314133167267, 0.1761629730463028, 0.20812277495861053, 0.24008260667324066, 0.272042453289032, 0.3040022850036621, 0.33596211671829224, 0.36792194843292236, 0.3998817801475525, 0.43184155225753784, 0.46380138397216797, 0.4957612156867981, 0.5277210474014282, 0.5596808791160583, 0.5916407108306885, 0.6236005425453186, 0.655560314655304, 0.6875201463699341, 0.7194799780845642, 0.7514398097991943, 0.7833996415138245, 0.8153594136238098, 0.8473193049430847, 0.8792790770530701, 0.911238968372345, 0.9431987404823303, 0.9751586318016052, 1.0071183443069458, 1.0390782356262207, 1.071038007736206, 1.1029977798461914, 1.1349576711654663, 1.1669174432754517, 1.1988773345947266, 1.230837106704712, 1.2627969980239868, 1.2947567701339722, 1.3267165422439575, 1.3586764335632324, 1.3906362056732178, 1.4225960969924927, 1.454555869102478, 1.486515760421753, 1.5184755325317383, 1.5504353046417236, 1.5823951959609985, 1.6143549680709839, 1.6463148593902588, 1.6782746315002441, 1.710234522819519, 1.7421942949295044, 1.7741541862487793, 1.8061139583587646]}, "params/['params']['layers_1']['linear_layer']['bias']": {"_type": "histogram", "values": [0, 0, 0, 0, 0, 0, 0, 0, 0, 0, 0, 0, 0, 0, 0, 0, 0, 0, 0, 0, 0, 0, 0, 0, 0, 0, 0, 0, 0, 0, 0, 0, 18, 0, 0, 0, 0, 0, 0, 0, 0, 0, 0, 0, 0, 0, 0, 0, 0, 0, 0, 0, 0, 0, 0, 0, 0, 0, 0, 0, 0, 0, 0, 0], "bins": [-0.5, -0.484375, -0.46875, -0.453125, -0.4375, -0.421875, -0.40625, -0.390625, -0.375, -0.359375, -0.34375, -0.328125, -0.3125, -0.296875, -0.28125, -0.265625, -0.25, -0.234375, -0.21875, -0.203125, -0.1875, -0.171875, -0.15625, -0.140625, -0.125, -0.109375, -0.09375, -0.078125, -0.0625, -0.046875, -0.03125, -0.015625, 0.0, 0.015625, 0.03125, 0.046875, 0.0625, 0.078125, 0.09375, 0.109375, 0.125, 0.140625, 0.15625, 0.171875, 0.1875, 0.203125, 0.21875, 0.234375, 0.25, 0.265625, 0.28125, 0.296875, 0.3125, 0.328125, 0.34375, 0.359375, 0.375, 0.390625, 0.40625, 0.421875, 0.4375, 0.453125, 0.46875, 0.484375, 0.5]}, "params/['params']['layers_1']['linear_layer']['kernel']": {"_type": "histogram", "values": [1, 0, 0, 0, 0, 0, 0, 0, 0, 0, 0, 0, 0, 0, 0, 0, 0, 0, 1, 0, 0, 0, 0, 0, 0, 0, 0, 0, 0, 0, 0, 0, 0, 0, 0, 0, 0, 1, 0, 0, 1, 0, 1, 0, 0, 256, 0, 2, 0, 0, 0, 0, 0, 0, 0, 2, 0, 2, 0, 1, 1, 0, 0, 1],