{"loss": 6.388771726051345e-05, "_timestamp": 1739546300.4045951, "_runtime": 158.01020407676697, "_step": 405, "validation_loss": 6.535300053656101e-05, "params/['params']['last']['bias']": {"_type": "histogram", "values": [1, 0, 0, 0, 0, 0, 0, 0, 0, 0, 0, 0, 0, 0, 0, 0, 0, 0, 0, 0, 0, 0, 0, 0, 0, 0, 0, 0, 0, 0, 0, 0, 0, 0, 0, 0, 0, 0, 0, 0, 0, 0, 0, 0, 0, 0, 0, 0, 0, 0, 0, 0, 0, 0, 0, 0, 0, 0, 0, 0, 0, 0, 0, 1], "bins": [0.0, 0.008209888823330402, 0.016419777646660805, 0.024629667401313782, 0.03283955529332161, 0.04104944318532944, 0.049259334802627563, 0.05746922269463539, 0.06567911058664322, 0.07388900220394135, 0.08209888637065887, 0.090308777987957, 0.09851866960525513, 0.10672855377197266, 0.11493844538927078, 0.12314832955598831, 0.13135822117328644, 0.13956810534000397, 0.1477780044078827, 0.15598788857460022, 0.16419777274131775, 0.17240767180919647, 0.180617555975914, 0.18882744014263153, 0.19703733921051025, 0.20524722337722778, 0.2134571075439453, 0.22166699171066284, 0.22987689077854156, 0.2380867749452591, 0.24629665911197662, 0.25450655817985535, 0.2627164423465729, 0.2709263265132904, 0.27913621068000793, 0.28734609484672546, 0.2955560088157654, 0.3037658929824829, 0.31197577714920044, 0.32018566131591797, 0.3283955454826355, 0.336605429649353, 0.34481534361839294, 0.3530252277851105, 0.361235111951828, 0.36944499611854553, 0.37765488028526306, 0.3858647644519806, 0.3940746784210205, 0.40228456258773804, 0.41049444675445557, 0.4187043309211731, 0.4269142150878906, 0.43512409925460815, 0.4433339834213257, 0.4515438973903656, 0.45975378155708313, 0.46796366572380066, 0.4761735498905182, 0.4843834340572357, 0.49259331822395325, 0.5008032321929932, 0.5090131163597107, 0.5172230005264282, 0.5254328846931458]}, "params/['params']['last']['kernel']": {"_type": "histogram", "values": [2, 0, 0, 0, 0, 0, 0, 0, 0, 0, 0, 0, 0, 0, 0, 0, 0, 0, 0, 0, 0, 0, 0, 0, 0, 0, 1, 2, 1, 0, 0, 29, 0, 0, 0, 0, 0, 0, 0, 0, 0, 0, 0, 0, 0, 0, 0, 0, 0, 0, 0, 0, 0, 0, 0, 0, 0, 0, 0, 0, 0, 0, 0, 1], "bins": [-0.23665080964565277, -0.22920048236846924, -0.2217501699924469, -0.21429984271526337, -0.20684953033924103, -0.1993992030620575, -0.19194889068603516, -0.18449856340885162, -0.1770482361316681, -0.16959792375564575, -0.1621476113796234, -0.15469728410243988, -0.14724695682525635, -0.139796644449234, -0.13234631717205048, -0.12489599734544754, -0.1174456775188446, -0.10999535024166107, -0.10254503786563873, -0.0950947105884552, -0.08764439821243286, -0.08019407093524933, -0.07274375855922699, -0.06529343128204346, -0.057843104004859924, -0.050392791628837585, -0.04294246435165405, -0.035492151975631714, -0.02804182469844818, -0.020591512322425842, -0.01314118504524231, -0.005690872669219971, 0.001759454607963562, 0.009209781885147095, 0.016660109162330627, 0.024110421538352966, 0.031560733914375305, 0.039011046290397644, 0.04646138846874237, 0.05391170084476471, 0.06136201322078705, 0.06881235539913177, 0.07626266777515411, 0.08371298015117645, 0.09116329252719879, 0.09861363470554352, 0.10606394708156586, 0.1135142594575882, 0.12096460163593292, 0.12841491401195526, 0.1358652263879776, 0.14331553876399994, 0.15076588094234467, 0.158216193318367, 0.16566650569438934, 0.17311681807041168, 0.1805671602487564, 0.18801747262477875, 0.1954677850008011, 0.2029181271791458, 0.21036843955516815, 0.2178187519311905, 0.22526906430721283, 0.23271940648555756, 0.2401697039604187]}, "params/['params']['layers_0']['linear_layer']['bias']": {"_type": "histogram", "values": [0, 0, 0, 0, 0, 0, 0, 0, 0, 0, 0, 0, 0, 0, 0, 0, 0, 0, 0, 0, 0, 0, 0, 0, 0, 0, 0, 0, 0, 0, 0, 0, 22, 0, 0, 0, 0, 0, 0, 0, 0, 0, 0, 0, 0, 0, 0, 0, 0, 0, 0, 0, 0, 0, 0, 0, 0, 0, 0, 0, 0, 0, 0, 0], "bins": [-0.5, -0.484375, -0.46875, -0.453125, -0.4375, -0.421875, -0.40625, -0.390625, -0.375, -0.359375, -0.34375, -0.328125, -0.3125, -0.296875, -0.28125, -0.265625, -0.25, -0.234375, -0.21875, -0.203125, -0.1875, -0.171875, -0.15625, -0.140625, -0.125, -0.109375, -0.09375, -0.078125, -0.0625, -0.046875, -0.03125, -0.015625, 0.0, 0.015625, 0.03125, 0.046875, 0.0625, 0.078125, 0.09375, 0.109375, 0.125, 0.140625, 0.15625, 0.171875, 0.1875, 0.203125, 0.21875, 0.234375, 0.25, 0.265625, 0.28125, 0.296875, 0.3125, 0.328125, 0.34375, 0.359375, 0.375, 0.390625, 0.40625, 0.421875, 0.4375, 0.453125, 0.46875, 0.484375, 0.5]}, "params/['params']['layers_0']['linear_layer']['kernel']": {"_type": "histogram", "values": [1, 0, 0, 0, 0, 0, 0, 0, 0, 0, 0, 0, 0, 0, 0, 0, 0, 0, 0, 0, 0, 0, 81, 0, 0, 0, 0, 0, 0, 0, 0, 0, 0, 0, 1, 0, 0, 0, 0, 0, 0, 0, 0, 0, 2, 0, 0, 0, 0, 0, 0, 0, 2, 0, 0, 0, 0, 0, 0, 0, 0, 0, 0, 1], "bins": [-0.5650433301925659, -0.5397864580154419, -0.5145295858383179, -0.4892726540565491, -0.46401578187942505, -0.438758909702301, -0.4135020077228546, -0.3882451057434082, -0.3629882335662842, -0.33773136138916016, -0.31247445940971375, -0.28721755743026733, -0.2619606852531433, -0.2367038130760193, -0.21144691109657288, -0.18619000911712646, -0.16093313694000244, -0.13567626476287842, -0.110419362783432, -0.0851624608039856, -0.05990558862686157, -0.03464871644973755, -0.00939178466796875, 0.015865087509155273, 0.0411219596862793, 0.06637883186340332, 0.09163570404052734, 0.11689263582229614, 0.14214950799942017, 0.1674063801765442, 0.192663311958313, 0.217920184135437, 0.24317705631256104, 0.26843392848968506, 0.2936908006668091, 0.3189477324485779, 0.3442046046257019, 0.3694614768028259, 0.3947184085845947, 0.41997528076171875, 0.4452321529388428, 0.4704890251159668, 0.4957458972930908, 0.5210027694702148, 0.5462597608566284, 0.5715166330337524, 0.5967735052108765, 0.6220303773880005, 0.6472872495651245, 0.6725441217422485, 0.6978009939193726, 0.7230578660964966, 0.7483147382736206, 0.7735717296600342, 0.7988286018371582, 0.8240854740142822, 0.8493423461914062, 0.8745992183685303, 0.8998560905456543, 0.9251129627227783, 0.9503699541091919, 0.9756268262863159, 1.00088369846344, 1.026140570640564, 1.051397442817688]}, "params/['params']['layers_1']['linear_layer']['bias']": {"_type": "histogram", "values": [0, 0, 0, 0, 0, 0, 0, 0, 0, 0, 0, 0, 0, 0, 0, 0, 0, 0, 0, 0, 0, 0, 0, 0, 0, 0, 0, 0, 0, 0, 0, 0, 22, 0, 0, 0, 0, 0, 0, 0, 0, 0, 0, 0, 0, 0, 0, 0, 0, 0, 0, 0, 0, 0, 0, 0, 0, 0, 0, 0, 0, 0, 0, 0], "bins": [-0.5, -0.484375, -0.46875, -0.453125, -0.4375, -0.421875, -0.40625, -0.390625, -0.375, -0.359375, -0.34375, -0.328125, -0.3125, -0.296875, -0.28125, -0.265625, -0.25, -0.234375, -0.21875, -0.203125, -0.1875, -0.171875, -0.15625, -0.140625, -0.125, -0.109375, -0.09375, -0.078125, -0.0625, -0.046875, -0.03125, -0.015625, 0.0, 0.015625, 0.03125, 0.046875, 0.0625, 0.078125, 0.09375, 0.109375, 0.125, 0.140625, 0.15625, 0.171875, 0.1875, 0.203125, 0.21875, 0.234375, 0.25, 0.265625, 0.28125, 0.296875, 0.3125, 0.328125, 0.34375, 0.359375, 0.375, 0.390625, 0.40625, 0.421875, 0.4375, 0.453125, 0.46875, 0.484375, 0.5]}, "params/['params']['layers_1']['linear_layer']['kernel']": {"_type": "histogram", "values": [1, 0, 0, 0, 0, 0, 0, 0, 0, 0, 0, 0, 0, 0, 0, 0, 0, 0, 0, 0, 0, 1, 0, 0, 0, 1, 0, 1, 0, 386, 0, 0, 0, 0, 0, 0, 0, 0, 0, 0, 0, 0, 1, 0, 0, 0, 0, 0, 0, 0, 0, 0, 0, 1, 1, 0, 0, 0, 0, 1, 0, 1, 0, 1],