{"loss": 0.8890355229377747, "_timestamp": 1739300738.4207685, "_runtime": 9.947118520736694, "_step": 25, "params/['params']['last']['bias']": {"_type": "histogram", "values": [1, 0, 0, 0, 0, 0, 0, 0, 0, 0, 0, 0, 0, 0, 0, 0, 0, 0, 0, 0, 0, 0, 0, 0, 0, 0, 0, 0, 0, 0, 0, 0, 0, 0, 0, 0, 0, 0, 0, 0, 0, 0, 0, 0, 0, 0, 0, 0, 0, 0, 0, 0, 0, 0, 0, 0, 0, 0, 0, 0, 0, 0, 0, 1], "bins": [0.8937960267066956, 0.8954794406890869, 0.8971627950668335, 0.8988462090492249, 0.9005296230316162, 0.9022130370140076, 0.9038963913917542, 0.9055798053741455, 0.9072632193565369, 0.9089465737342834, 0.9106299877166748, 0.9123134016990662, 0.9139967560768127, 0.9156801700592041, 0.9173635840415955, 0.9190469980239868, 0.9207303524017334, 0.9224137663841248, 0.9240971803665161, 0.9257805347442627, 0.927463948726654, 0.9291473627090454, 0.930830717086792, 0.9325141310691833, 0.9341975450515747, 0.9358809590339661, 0.9375643134117126, 0.939247727394104, 0.9409311413764954, 0.9426144957542419, 0.9442979097366333, 0.9459813237190247, 0.947664737701416, 0.9493480920791626, 0.951031506061554, 0.9527149200439453, 0.9543982744216919, 0.9560816884040833, 0.9577651023864746, 0.9594484567642212, 0.9611318707466125, 0.9628152847290039, 0.9644986391067505, 0.9661820530891418, 0.9678654670715332, 0.9695488810539246, 0.9712322354316711, 0.9729156494140625, 0.9745990633964539, 0.9762824773788452, 0.9779658317565918, 0.9796492457389832, 0.9813326597213745, 0.9830160140991211, 0.9846994280815125, 0.9863828420639038, 0.9880661964416504, 0.9897496104240417, 0.9914330244064331, 0.9931163787841797, 0.994799792766571, 0.9964832067489624, 0.9981666207313538, 0.9998499751091003, 1.0015333890914917]}, "params/['params']['last']['kernel']": {"_type": "histogram", "values": [0, 0, 0, 0, 0, 0, 0, 0, 0, 0, 0, 0, 0, 0, 0, 0, 0, 0, 0, 0, 0, 0, 0, 0, 0, 0, 0, 0, 0, 0, 0, 0, 12, 0, 0, 0, 0, 0, 0, 0, 0, 0, 0, 0, 0, 0, 0, 0, 0, 0, 0, 0, 0, 0, 0, 0, 0, 0, 0, 0, 0, 0, 0, 0], "bins": [-0.5, -0.484375, -0.46875, -0.453125, -0.4375, -0.421875, -0.40625, -0.390625, -0.375, -0.359375, -0.34375, -0.328125, -0.3125, -0.296875, -0.28125, -0.265625, -0.25, -0.234375, -0.21875, -0.203125, -0.1875, -0.171875, -0.15625, -0.140625, -0.125, -0.109375, -0.09375, -0.078125, -0.0625, -0.046875, -0.03125, -0.015625, 0.0, 0.015625, 0.03125, 0.046875, 0.0625, 0.078125, 0.09375, 0.109375, 0.125, 0.140625, 0.15625, 0.171875, 0.1875, 0.203125, 0.21875, 0.234375, 0.25, 0.265625, 0.28125, 0.296875, 0.3125, 0.328125, 0.34375, 0.359375, 0.375, 0.390625, 0.40625, 0.421875, 0.4375, 0.453125, 0.46875, 0.484375, 0.5]}, "params/['params']['layers_0']['linear_layer']['bias']": {"_type": "histogram", "values": [0, 0, 0, 0, 0, 0, 0, 0, 0, 0, 0, 0, 0, 0, 0, 0, 0, 0, 0, 0, 0, 0, 0, 0, 0, 0, 0, 0, 0, 0, 0, 0, 8, 0, 0, 0, 0, 0, 0, 0, 0, 0, 0, 0, 0, 0, 0, 0, 0, 0, 0, 0, 0, 0, 0, 0, 0, 0, 0, 0, 0, 0, 0, 0], "bins": [-0.5, -0.484375, -0.46875, -0.453125, -0.4375, -0.421875, -0.40625, -0.390625, -0.375, -0.359375, -0.34375, -0.328125, -0.3125, -0.296875, -0.28125, -0.265625, -0.25, -0.234375, -0.21875, -0.203125, -0.1875, -0.171875, -0.15625, -0.140625, -0.125, -0.109375, -0.09375, -0.078125, -0.0625, -0.046875, -0.03125, -0.015625, 0.0, 0.015625, 0.03125, 0.046875, 0.0625, 0.078125, 0.09375, 0.109375, 0.125, 0.140625, 0.15625, 0.171875, 0.1875, 0.203125, 0.21875, 0.234375, 0.25, 0.265625, 0.28125, 0.296875, 0.3125, 0.328125, 0.34375, 0.359375, 0.375, 0.390625, 0.40625, 0.421875, 0.4375, 0.453125, 0.46875, 0.484375, 0.5]}, "params/['params']['layers_0']['linear_layer']['kernel']": {"_type": "histogram", "values": [1, 0, 0, 0, 0, 1, 0, 0, 0, 0, 0, 1, 0, 1, 1, 1, 1, 2, 0, 1, 0, 1, 0, 0, 2, 0, 2, 2, 0, 0, 1, 1, 0, 0, 2, 0, 1, 0, 0, 1, 0, 0, 3, 1, 0, 0, 0, 0, 1, 0, 1, 1, 0, 0, 0, 0, 0, 0, 0, 0, 0, 0, 1, 1], "bins": [-1.0853266716003418, -1.0534559488296509, -1.02158522605896, -0.9897145628929138, -0.9578438997268677, -0.9259731769561768, -0.8941024541854858, -0.8622317910194397, -0.8303611278533936, -0.7984904050827026, -0.7666196823120117, -0.7347490191459656, -0.7028782963752747, -0.6710076332092285, -0.6391369104385376, -0.6072661876678467, -0.5753955245018005, -0.5435248017311096, -0.5116541385650635, -0.47978341579437256, -0.4479127526283264, -0.4160420298576355, -0.38417136669158936, -0.35230064392089844, -0.3204299211502075, -0.2885592579841614, -0.25668853521347046, -0.22481787204742432, -0.1929471492767334, -0.16107648611068726, -0.12920576333999634, -0.0973351001739502, -0.06546437740325928, -0.03359365463256836, -0.0017229318618774414, 0.030147671699523926, 0.062018394470214844, 0.09388911724090576, 0.12575984001159668, 0.15763044357299805, 0.18950116634368896, 0.22137188911437988, 0.2532426118850708, 0.2851133346557617, 0.3169839382171631, 0.348854660987854, 0.3807253837585449, 0.41259610652923584, 0.44446682929992676, 0.4763374328613281, 0.508208155632019, 0.54007887840271, 0.5719496011734009, 0.6038202047348022, 0.6356909275054932, 0.6675616502761841, 0.699432373046875, 0.7313030958175659, 0.7631736993789673, 0.7950444221496582, 0.8269151449203491, 0.85878586769104, 0.8906564712524414, 0.9225273132324219, 0.9543978571891785]}, "_wandb": {"runtime": 9}}