{"loss": 0.00019882488413713872, "_timestamp": 1739524365.0912743, "_runtime": 173.81526136398315, "_step": 404, "params/['params']['last']['bias']": {"_type": "histogram", "values": [0, 0, 0, 0, 0, 0, 0, 0, 0, 0, 0, 0, 0, 0, 0, 0, 0, 0, 0, 0, 0, 0, 0, 0, 0, 0, 0, 0, 0, 0, 0, 0, 2, 0, 0, 0, 0, 0, 0, 0, 0, 0, 0, 0, 0, 0, 0, 0, 0, 0, 0, 0, 0, 0, 0, 0, 0, 0, 0, 0, 0, 0, 0, 0], "bins": [-0.5, -0.484375, -0.46875, -0.453125, -0.4375, -0.421875, -0.40625, -0.390625, -0.375, -0.359375, -0.34375, -0.328125, -0.3125, -0.296875, -0.28125, -0.265625, -0.25, -0.234375, -0.21875, -0.203125, -0.1875, -0.171875, -0.15625, -0.140625, -0.125, -0.109375, -0.09375, -0.078125, -0.0625, -0.046875, -0.03125, -0.015625, 0.0, 0.015625, 0.03125, 0.046875, 0.0625, 0.078125, 0.09375, 0.109375, 0.125, 0.140625, 0.15625, 0.171875, 0.1875, 0.203125, 0.21875, 0.234375, 0.25, 0.265625, 0.28125, 0.296875, 0.3125, 0.328125, 0.34375, 0.359375, 0.375, 0.390625, 0.40625, 0.421875, 0.4375, 0.453125, 0.46875, 0.484375, 0.5]}, "params/['params']['last']['kernel']": {"_type": "histogram", "values": [2, 0, 0, 0, 0, 0, 0, 0, 0, 0, 0, 0, 0, 0, 0, 0, 0, 0, 0, 0, 0, 0, 0, 0, 0, 0, 0, 0, 0, 0, 0, 0, 0, 0, 0, 0, 0, 0, 0, 0, 0, 30, 0, 0, 0, 0, 0, 0, 0, 0, 0, 0, 0, 0, 0, 0, 0, 0, 0, 0, 0, 0, 2, 2], "bins": [-0.016631033271551132, -0.016233284026384354, -0.015835534781217575, -0.015437785536050797, -0.015040036290884018, -0.01464228704571724, -0.014244538731873035, -0.013846789486706257, -0.013449040241539478, -0.0130512909963727, -0.012653541751205921, -0.012255793437361717, -0.011858044192194939, -0.01146029494702816, -0.011062545701861382, -0.010664796456694603, -0.010267047211527824, -0.009869297966361046, -0.009471548721194267, -0.009073799476027489, -0.00867605023086071, -0.008278301917016506, -0.007880552671849728, -0.007482803426682949, -0.0070850541815161705, -0.006687304936349392, -0.006289555691182613, -0.005891806446015835, -0.005494058132171631, -0.005096308887004852, -0.004698559641838074, -0.004300810396671295, -0.0039030611515045166, -0.003505311906337738, -0.0031075626611709595, -0.002709813416004181, -0.0023120641708374023, -0.0019143158569931984, -0.0015165666118264198, -0.0011188173666596413, -0.0007210671901702881, -0.00032331980764865875, 7.442943751811981e-05, 0.0004721786826848984, 0.0008699279278516769, 0.0012676771730184555, 0.001665426418185234, 0.0020631756633520126, 0.002460924908518791, 0.0028586741536855698, 0.0032564233988523483, 0.003654172644019127, 0.0040519218891859055, 0.004449671134352684, 0.004847420379519463, 0.005245169624686241, 0.0056429170072078705, 0.006040666252374649, 0.006438415497541428, 0.006836164742708206, 0.007233913987874985, 0.007631663233041763, 0.008029412478208542, 0.00842716172337532, 0.008824910037219524]}, "params/['params']['layers_0']['linear_layer']['bias']": {"_type": "histogram", "values": [0, 0, 0, 0, 0, 0, 0, 0, 0, 0, 0, 0, 0, 0, 0, 0, 0, 0, 0, 0, 0, 0, 0, 0, 0, 0, 0, 0, 0, 0, 0, 0, 22, 0, 0, 0, 0, 0, 0, 0, 0, 0, 0, 0, 0, 0, 0, 0, 0, 0, 0, 0, 0, 0, 0, 0, 0, 0, 0, 0, 0, 0, 0, 0], "bins": [-0.5, -0.484375, -0.46875, -0.453125, -0.4375, -0.421875, -0.40625, -0.390625, -0.375, -0.359375, -0.34375, -0.328125, -0.3125, -0.296875, -0.28125, -0.265625, -0.25, -0.234375, -0.21875, -0.203125, -0.1875, -0.171875, -0.15625, -0.140625, -0.125, -0.109375, -0.09375, -0.078125, -0.0625, -0.046875, -0.03125, -0.015625, 0.0, 0.015625, 0.03125, 0.046875, 0.0625, 0.078125, 0.09375, 0.109375, 0.125, 0.140625, 0.15625, 0.171875, 0.1875, 0.203125, 0.21875, 0.234375, 0.25, 0.265625, 0.28125, 0.296875, 0.3125, 0.328125, 0.34375, 0.359375, 0.375, 0.390625, 0.40625, 0.421875, 0.4375, 0.453125, 0.46875, 0.484375, 0.5]}, "params/['params']['layers_0']['linear_layer']['kernel']": {"_type": "histogram", "values": [1, 0, 0, 0, 0, 0, 0, 0, 0, 0, 0, 0, 0, 0, 0, 0, 0, 0, 0, 0, 0, 0, 0, 0, 0, 0, 0, 0, 0, 0, 0, 0, 0, 0, 0, 0, 0, 0, 42, 0, 0, 0, 0, 0, 0, 0, 0, 0, 0, 0, 0, 0, 0, 0, 0, 0, 0, 0, 0, 0, 0, 0, 0, 1], "bins": [-0.8358054757118225, -0.8143344521522522, -0.7928634881973267, -0.7713924646377563, -0.749921441078186, -0.7284504175186157, -0.7069794535636902, -0.6855084300041199, -0.6640374660491943, -0.642566442489624, -0.6210954189300537, -0.5996243953704834, -0.5781534314155579, -0.5566824078559875, -0.535211443901062, -0.5137404203414917, -0.4922693967819214, -0.47079840302467346, -0.44932737946510315, -0.4278563857078552, -0.4063853621482849, -0.384914368391037, -0.36344337463378906, -0.34197235107421875, -0.3205013871192932, -0.2990303635597229, -0.2775593400001526, -0.2560883164405823, -0.23461735248565674, -0.21314632892608643, -0.1916753053665161, -0.17020434141159058, -0.14873331785202026, -0.12726229429244995, -0.10579133033752441, -0.0843203067779541, -0.06284928321838379, -0.04137831926345825, -0.01990729570388794, 0.001563727855682373, 0.023034751415252686, 0.04450571537017822, 0.06597673892974854, 0.08744776248931885, 0.10891872644424438, 0.1303897500038147, 0.151860773563385, 0.17333179712295532, 0.19480270147323608, 0.2162737250328064, 0.2377447485923767, 0.259215772151947, 0.28068679571151733, 0.30215781927108765, 0.32362884283065796, 0.3450997471809387, 0.36657077074050903, 0.38804179430007935, 0.40951281785964966, 0.43098384141921997, 0.4524548649787903, 0.47392576932907104, 0.49539679288864136, 0.5168678164482117, 0.5383388996124268]}, "params/['params']['layers_1']['linear_layer']['bias']": {"_type": "histogram", "values": [0, 0, 0, 0, 0, 0, 0, 0, 0, 0, 0, 0, 0, 0, 0, 0, 0, 0, 0, 0, 0, 0, 0, 0, 0, 0, 0, 0, 0, 0, 0, 0, 22, 0, 0, 0, 0, 0, 0, 0, 0, 0, 0, 0, 0, 0, 0, 0, 0, 0, 0, 0, 0, 0, 0, 0, 0, 0, 0, 0, 0, 0, 0, 0], "bins": [-0.5, -0.484375, -0.46875, -0.453125, -0.4375, -0.421875, -0.40625, -0.390625, -0.375, -0.359375, -0.34375, -0.328125, -0.3125, -0.296875, -0.28125, -0.265625, -0.25, -0.234375, -0.21875, -0.203125, -0.1875, -0.171875, -0.15625, -0.140625, -0.125, -0.109375, -0.09375, -0.078125, -0.0625, -0.046875, -0.03125, -0.015625, 0.0, 0.015625, 0.03125, 0.046875, 0.0625, 0.078125, 0.09375, 0.109375, 0.125, 0.140625, 0.15625, 0.171875, 0.1875, 0.203125, 0.21875, 0.234375, 0.25, 0.265625, 0.28125, 0.296875, 0.3125, 0.328125, 0.34375, 0.359375, 0.375, 0.390625, 0.40625, 0.421875, 0.4375, 0.453125, 0.46875, 0.484375, 0.5]}, "params/['params']['layers_1']['linear_layer']['kernel']": {"_type": "histogram", "values": [1, 0, 0, 0, 0, 0, 0, 0, 0, 0, 0, 0, 0, 0, 0, 0, 0, 0, 0, 0, 0, 0, 0, 392, 0, 0, 0, 0, 0, 0, 0, 0, 0, 0, 0, 0, 0, 0, 0, 0, 0, 0, 0, 0, 0, 0, 1, 0, 0, 0, 0, 0, 0, 0, 0, 0, 0, 0, 0, 0, 0, 0, 0, 2], "bins": [-2.1134448051452637, -2.021683931350708, -1.9299232959747314, -1.8381624221801758, -1.7464017868041992, -1.6546409130096436, -1.5628801584243774, -1.4711194038391113, -1.3793586492538452, -1.287597894668579, -1.195837140083313, -1.1040763854980469, -1.0123155117034912, -0.9205547571182251, -0.828794002532959, -0.7370332479476929, -0.6452724933624268, -0.5535117387771606, -0.46175098419189453, -0.3699902296066284, -0.2782294750213623, -0.18646860122680664, -0.09470796585083008, -0.002947092056274414, 0.08881378173828125, 0.1805744171142578, 0.2723352909088135, 0.36409592628479004, 0.4558568000793457, 0.5476174354553223, 0.6393783092498779, 0.7311389446258545, 0.8228998184204102, 0.9146606922149658, 1.0064213275909424, 1.098182201385498, 1.1899428367614746, 1.2817037105560303, 1.3734643459320068, 1.4652252197265625, 1.556985855102539, 1.6487467288970947, 1.7405076026916504, 1.832268238067627, 1.9240288734436035, 2.0157899856567383, 2.107550621032715, 2.1993112564086914, 2.291072368621826, 2.3828330039978027, 2.4745936393737793, 2.566354274749756, 2.6581153869628906, 2.749876022338867, 2.8416366577148438, 2.9333972930908203, 3.025158405303955, 3.1169190406799316, 3.208679676055908, 3.300440788269043, 3.3922014236450195, 3.483962059020996, 3.5757226943969727, 3.6674838066101074, 3.759244441986084]}, "_wandb": {"runtime": 173}}