{"loss": 5.677880380972056e-06, "_timestamp": 1739992526.314623, "_runtime": 158.86614322662354, "_step": 2793, "params/['params']['last']['bias']": {"_type": "histogram", "values": [0, 0, 0, 0, 0, 0, 0, 0, 0, 0, 0, 0, 0, 0, 0, 0, 0, 0, 0, 0, 0, 0, 0, 0, 0, 0, 0, 0, 0, 0, 0, 0, 2, 0, 0, 0, 0, 0, 0, 0, 0, 0, 0, 0, 0, 0, 0, 0, 0, 0, 0, 0, 0, 0, 0, 0, 0, 0, 0, 0, 0, 0, 0, 0], "bins": [-0.5, -0.484375, -0.46875, -0.453125, -0.4375, -0.421875, -0.40625, -0.390625, -0.375, -0.359375, -0.34375, -0.328125, -0.3125, -0.296875, -0.28125, -0.265625, -0.25, -0.234375, -0.21875, -0.203125, -0.1875, -0.171875, -0.15625, -0.140625, -0.125, -0.109375, -0.09375, -0.078125, -0.0625, -0.046875, -0.03125, -0.015625, 0.0, 0.015625, 0.03125, 0.046875, 0.0625, 0.078125, 0.09375, 0.109375, 0.125, 0.140625, 0.15625, 0.171875, 0.1875, 0.203125, 0.21875, 0.234375, 0.25, 0.265625, 0.28125, 0.296875, 0.3125, 0.328125, 0.34375, 0.359375, 0.375, 0.390625, 0.40625, 0.421875, 0.4375, 0.453125, 0.46875, 0.484375, 0.5]}, "params/['params']['last']['kernel']": {"_type": "histogram", "values": [1, 0, 0, 0, 0, 0, 0, 0, 0, 0, 0, 0, 0, 0, 0, 0, 0, 0, 0, 0, 0, 0, 0, 0, 0, 0, 0, 0, 0, 0, 0, 0, 0, 0, 0, 0, 0, 2, 0, 0, 0, 0, 0, 0, 0, 0, 0, 0, 0, 0, 0, 0, 0, 0, 0, 0, 0, 0, 0, 37, 0, 0, 0, 2], "bins": [-0.12971433997154236, -0.1275463104248047, -0.12537826597690582, -0.12321022897958755, -0.12104219198226929, -0.11887416243553162, -0.11670612543821335, -0.11453808844089508, -0.11237005144357681, -0.11020201444625854, -0.10803397744894028, -0.10586594045162201, -0.10369791090488434, -0.10152986645698547, -0.0993618369102478, -0.09719379991292953, -0.09502576291561127, -0.092857725918293, -0.09068968892097473, -0.08852165937423706, -0.0863536149263382, -0.08418558537960052, -0.08201754838228226, -0.07984951138496399, -0.07768147438764572, -0.07551343739032745, -0.07334540039300919, -0.07117736339569092, -0.06900933384895325, -0.06684129685163498, -0.06467325985431671, -0.06250522285699844, -0.060337185859680176, -0.05816914886236191, -0.05600111186504364, -0.05383307486772537, -0.051665037870407104, -0.049497008323669434, -0.047328971326351166, -0.0451609343290329, -0.04299289733171463, -0.04082486033439636, -0.038656823337078094, -0.03648878633975983, -0.034320756793022156, -0.03215271979570389, -0.02998468279838562, -0.027816645801067352, -0.025648608803749084, -0.023480571806430817, -0.02131253480911255, -0.01914449781179428, -0.016976460814476013, -0.014808431267738342, -0.012640394270420074, -0.010472357273101807, -0.008304320275783539, -0.006136283278465271, -0.0039682537317276, -0.0018002092838287354, 0.00036782026290893555, 0.0025358647108078003, 0.004703894257545471, 0.006871938705444336, 0.009039975702762604]}, "params/['params']['layers_0']['linear_layer']['bias']": {"_type": "histogram", "values": [0, 0, 0, 0, 0, 0, 0, 0, 0, 0, 0, 0, 0, 0, 0, 0, 0, 0, 0, 0, 0, 0, 0, 0, 0, 0, 0, 0, 0, 0, 0, 0, 24, 0, 0, 0, 0, 0, 0, 0, 0, 0, 0, 0, 0, 0, 0, 0, 0, 0, 0, 0, 0, 0, 0, 0, 0, 0, 0, 0, 0, 0, 0, 0], "bins": [-0.5, -0.484375, -0.46875, -0.453125, -0.4375, -0.421875, -0.40625, -0.390625, -0.375, -0.359375, -0.34375, -0.328125, -0.3125, -0.296875, -0.28125, -0.265625, -0.25, -0.234375, -0.21875, -0.203125, -0.1875, -0.171875, -0.15625, -0.140625, -0.125, -0.109375, -0.09375, -0.078125, -0.0625, -0.046875, -0.03125, -0.015625, 0.0, 0.015625, 0.03125, 0.046875, 0.0625, 0.078125, 0.09375, 0.109375, 0.125, 0.140625, 0.15625, 0.171875, 0.1875, 0.203125, 0.21875, 0.234375, 0.25, 0.265625, 0.28125, 0.296875, 0.3125, 0.328125, 0.34375, 0.359375, 0.375, 0.390625, 0.40625, 0.421875, 0.4375, 0.453125, 0.46875, 0.484375, 0.5]}, "params/['params']['layers_0']['linear_layer']['kernel']": {"_type": "histogram", "values": [1, 0, 0, 0, 0, 1, 0, 0, 0, 0, 0, 0, 0, 91, 0, 0, 0, 0, 0, 0, 0, 0, 0, 0, 0, 0, 2, 0, 0, 0, 0, 0, 0, 0, 0, 0, 0, 0, 0, 0, 0, 0, 0, 0, 0, 0, 0, 0, 0, 0, 0, 0, 0, 0, 0, 0, 0, 0, 0, 0, 0, 0, 0, 1], "bins": [-0.2847539186477661, -0.26318663358688354, -0.24161934852600098, -0.2200520634651184, -0.19848477840423584, -0.17691749334335327, -0.1553502082824707, -0.13378292322158813, -0.11221563816070557, -0.090648353099823, -0.06908106803894043, -0.04751378297805786, -0.025946497917175293, -0.004379212856292725, 0.017188072204589844, 0.03875535726547241, 0.06032264232635498, 0.08188992738723755, 0.10345721244812012, 0.12502449750900269, 0.14659178256988525, 0.16815906763076782, 0.1897263526916504, 0.21129363775253296, 0.23286092281341553, 0.2544282078742981, 0.27599549293518066, 0.29756277799606323, 0.3191300630569458, 0.34069734811782837, 0.36226463317871094, 0.3838319182395935, 0.4053992033004761, 0.42696648836135864, 0.4485337734222412, 0.4701010584831238, 0.49166834354400635, 0.5132356286048889, 0.5348029136657715, 0.556370198726654, 0.5779374837875366, 0.5995047688484192, 0.6210720539093018, 0.6426393389701843, 0.6642066240310669, 0.6857739090919495, 0.707341194152832, 0.7289084196090698, 0.7504757642745972, 0.7720431089401245, 0.7936103343963623, 0.8151775598526001, 0.8367449045181274, 0.8583122491836548, 0.8798794746398926, 0.9014467000961304, 0.9230140447616577, 0.9445813894271851, 0.9661486148834229, 0.9877158403396606, 1.009283185005188, 1.0308505296707153, 1.0524177551269531, 1.073984980583191, 1.0955523252487183]}, "params/['params']['layers_1']['linear_layer']['bias']": {"_type": "histogram", "values": [0, 0, 0, 0, 0, 0, 0, 0, 0, 0, 0, 0, 0, 0, 0, 0, 0, 0, 0, 0, 0, 0, 0, 0, 0, 0, 0, 0, 0, 0, 0, 0, 24, 0, 0, 0, 0, 0, 0, 0, 0, 0, 0, 0, 0, 0, 0, 0, 0, 0, 0, 0, 0, 0, 0, 0, 0, 0, 0, 0, 0, 0, 0, 0], "bins": [-0.5, -0.484375, -0.46875, -0.453125, -0.4375, -0.421875, -0.40625, -0.390625, -0.375, -0.359375, -0.34375, -0.328125, -0.3125, -0.296875, -0.28125, -0.265625, -0.25, -0.234375, -0.21875, -0.203125, -0.1875, -0.171875, -0.15625, -0.140625, -0.125, -0.109375, -0.09375, -0.078125, -0.0625, -0.046875, -0.03125, -0.015625, 0.0, 0.015625, 0.03125, 0.046875, 0.0625, 0.078125, 0.09375, 0.109375, 0.125, 0.140625, 0.15625, 0.171875, 0.1875, 0.203125, 0.21875, 0.234375, 0.25, 0.265625, 0.28125, 0.296875, 0.3125, 0.328125, 0.34375, 0.359375, 0.375, 0.390625, 0.40625, 0.421875, 0.4375, 0.453125, 0.46875, 0.484375, 0.5]}, "params/['params']['layers_1']['linear_layer']['kernel']": {"_type": "histogram", "values": [2, 0, 0, 0, 0, 0, 0, 0, 0, 0, 0, 0, 0, 0, 0, 0, 0, 0, 0, 0, 0, 0, 0, 0, 0, 0, 0, 2, 0, 0, 0, 0, 0, 0, 0, 0, 0, 0, 0, 0, 0, 0, 0, 1, 2, 0, 0, 0, 0, 0, 1, 0, 0, 495, 0, 0, 0, 0, 0, 0, 0, 0, 0, 1], "bins": [-2.867741346359253, -2.8140599727630615, -2.76037859916687, -2.706697463989258, -2.6530160903930664, -2.599334716796875, -2.5456533432006836, -2.491971969604492, -2.43829083442688, -2.3846094608306885, -2.330928087234497, -2.2772469520568848, -2.2235655784606934, -2.169884204864502, -2.1162028312683105, -2.062521457672119, -2.0088400840759277, -1.9551589488983154, -1.901477575302124, -1.8477962017059326, -1.7941149473190308, -1.7404335737228394, -1.6867523193359375, -1.633070945739746, -1.5793895721435547, -1.5257083177566528, -1.4720269441604614, -1.4183456897735596, -1.3646643161773682, -1.3109830617904663, -1.257301688194275, -1.203620433807373, -1.1499390602111816, -1.0962576866149902, -1.0425764322280884, -0.988895058631897, -0.9352138042449951, -0.8815324306488037, -0.8278510570526123, -0.774169921875, -0.7204885482788086, -0.6668071746826172, -0.6131258010864258, -0.5594444274902344, -0.5057632923126221, -0.45208191871643066, -0.39840054512023926, -0.34471917152404785, -0.29103779792785645, -0.23735666275024414, -0.18367528915405273, -0.12999391555786133, -0.07631254196166992, -0.022631406784057617, 0.03104996681213379, 0.0847313404083252, 0.1384127140045166, 0.192094087600708, 0.2457752227783203, 0.2994565963745117, 0.3531379699707031, 0.40681934356689453, 0.46050047874450684, 0.5141818523406982, 0.5678631663322449]}, "validation_loss": 5.838682227476966e-06, "_wandb": {"runtime": 160}}