{"loss": 0.8792758584022522, "_timestamp": 1739300869.5148096, "_runtime": 11.36594557762146, "_step": 25, "params/['params']['last']['bias']": {"_type": "histogram", "values": [1, 0, 0, 0, 0, 0, 0, 0, 0, 0, 0, 0, 0, 0, 0, 0, 0, 0, 0, 0, 0, 0, 0, 0, 0, 0, 0, 0, 0, 0, 0, 0, 0, 0, 0, 0, 0, 0, 0, 0, 0, 0, 0, 0, 0, 0, 0, 0, 0, 0, 0, 0, 0, 0, 0, 0, 0, 0, 0, 0, 0, 0, 0, 1], "bins": [0.8938082456588745, 0.895491361618042, 0.8971744775772095, 0.898857593536377, 0.9005407094955444, 0.9022238254547119, 0.9039069414138794, 0.9055900573730469, 0.9072731733322144, 0.9089562892913818, 0.9106394052505493, 0.9123225212097168, 0.9140056371688843, 0.9156887531280518, 0.9173718690872192, 0.9190549850463867, 0.9207381010055542, 0.9224212765693665, 0.9241043925285339, 0.9257875084877014, 0.9274706244468689, 0.9291537404060364, 0.9308368563652039, 0.9325199723243713, 0.9342030882835388, 0.9358862042427063, 0.9375693202018738, 0.9392524361610413, 0.9409355521202087, 0.9426186680793762, 0.9443017840385437, 0.9459848999977112, 0.9476680159568787, 0.9493511319160461, 0.9510342478752136, 0.9527173638343811, 0.9544004797935486, 0.9560835957527161, 0.9577667117118835, 0.959449827671051, 0.9611329436302185, 0.962816059589386, 0.9644991755485535, 0.966182291507721, 0.9678654074668884, 0.9695485234260559, 0.9712316989898682, 0.9729148149490356, 0.9745979309082031, 0.9762810468673706, 0.9779641628265381, 0.9796472787857056, 0.981330394744873, 0.9830135107040405, 0.984696626663208, 0.9863797426223755, 0.988062858581543, 0.9897459745407104, 0.9914290904998779, 0.9931122064590454, 0.9947953224182129, 0.9964784383773804, 0.9981615543365479, 0.9998446702957153, 1.0015277862548828]}, "params/['params']['last']['kernel']": {"_type": "histogram", "values": [0, 0, 0, 0, 0, 0, 0, 0, 0, 0, 0, 0, 0, 0, 0, 0, 0, 0, 0, 0, 0, 0, 0, 0, 0, 0, 0, 0, 0, 0, 0, 0, 42, 0, 0, 0, 0, 0, 0, 0, 0, 0, 0, 0, 0, 0, 0, 0, 0, 0, 0, 0, 0, 0, 0, 0, 0, 0, 0, 0, 0, 0, 0, 0], "bins": [-0.5, -0.484375, -0.46875, -0.453125, -0.4375, -0.421875, -0.40625, -0.390625, -0.375, -0.359375, -0.34375, -0.328125, -0.3125, -0.296875, -0.28125, -0.265625, -0.25, -0.234375, -0.21875, -0.203125, -0.1875, -0.171875, -0.15625, -0.140625, -0.125, -0.109375, -0.09375, -0.078125, -0.0625, -0.046875, -0.03125, -0.015625, 0.0, 0.015625, 0.03125, 0.046875, 0.0625, 0.078125, 0.09375, 0.109375, 0.125, 0.140625, 0.15625, 0.171875, 0.1875, 0.203125, 0.21875, 0.234375, 0.25, 0.265625, 0.28125, 0.296875, 0.3125, 0.328125, 0.34375, 0.359375, 0.375, 0.390625, 0.40625, 0.421875, 0.4375, 0.453125, 0.46875, 0.484375, 0.5]}, "params/['params']['layers_0']['linear_layer']['bias']": {"_type": "histogram", "values": [0, 0, 0, 0, 0, 0, 0, 0, 0, 0, 0, 0, 0, 0, 0, 0, 0, 0, 0, 0, 0, 0, 0, 0, 0, 0, 0, 0, 0, 0, 0, 0, 24, 0, 0, 0, 0, 0, 0, 0, 0, 0, 0, 0, 0, 0, 0, 0, 0, 0, 0, 0, 0, 0, 0, 0, 0, 0, 0, 0, 0, 0, 0, 0], "bins": [-0.5, -0.484375, -0.46875, -0.453125, -0.4375, -0.421875, -0.40625, -0.390625, -0.375, -0.359375, -0.34375, -0.328125, -0.3125, -0.296875, -0.28125, -0.265625, -0.25, -0.234375, -0.21875, -0.203125, -0.1875, -0.171875, -0.15625, -0.140625, -0.125, -0.109375, -0.09375, -0.078125, -0.0625, -0.046875, -0.03125, -0.015625, 0.0, 0.015625, 0.03125, 0.046875, 0.0625, 0.078125, 0.09375, 0.109375, 0.125, 0.140625, 0.15625, 0.171875, 0.1875, 0.203125, 0.21875, 0.234375, 0.25, 0.265625, 0.28125, 0.296875, 0.3125, 0.328125, 0.34375, 0.359375, 0.375, 0.390625, 0.40625, 0.421875, 0.4375, 0.453125, 0.46875, 0.484375, 0.5]}, "params/['params']['layers_0']['linear_layer']['kernel']": {"_type": "histogram", "values": [1, 0, 0, 0, 0, 1, 1, 2, 0, 2, 2, 2, 1, 2, 3, 1, 2, 2, 1, 3, 2, 0, 0, 0, 1, 2, 3, 3, 2, 4, 2, 3, 4, 2, 3, 2, 0, 2, 1, 2, 1, 1, 3, 3, 0, 3, 2, 1, 4, 1, 3, 1, 1, 2, 2, 0, 0, 0, 2, 0, 1, 0, 0, 1], "bins": [-0.9315592646598816, -0.9009642601013184, -0.8703692555427551, -0.8397742509841919, -0.8091793060302734, -0.7785843014717102, -0.747989296913147, -0.7173942923545837, -0.6867992877960205, -0.656204342842102, -0.6256093382835388, -0.5950143337249756, -0.5644193291664124, -0.5338243246078491, -0.5032293796539307, -0.47263437509536743, -0.4420393705368042, -0.41144436597824097, -0.38084936141967773, -0.3502544164657593, -0.31965941190719604, -0.2890644073486328, -0.2584694027900696, -0.22787439823150635, -0.19727939367294312, -0.16668444871902466, -0.13608944416046143, -0.1054944396018982, -0.07489943504333496, -0.04430443048477173, -0.013709485530853271, 0.01688551902770996, 0.04748052358627319, 0.07807546854019165, 0.10867053270339966, 0.13926547765731812, 0.16986054182052612, 0.20045548677444458, 0.23105043172836304, 0.26164549589157104, 0.2922404408454895, 0.3228355050086975, 0.35343044996261597, 0.3840253949165344, 0.41462045907974243, 0.4452154040336609, 0.4758104681968689, 0.5064054131507874, 0.5370004773139954, 0.5675954222679138, 0.5981903672218323, 0.6287854313850403, 0.6593803763389587, 0.6899754405021667, 0.7205703854560852, 0.7511653304100037, 0.7817603945732117, 0.8123553395271301, 0.8429504036903381, 0.8735453486442566, 0.904140293598175, 0.9347353577613831, 0.9653303027153015, 0.9959253668785095, 1.0265202522277832]}, "_wandb": {"runtime": 10}}