{"loss": 0.1909363567829132, "_timestamp": 1739301569.2017996, "_runtime": 171.90009951591492, "_step": 25, "params/['params']['last']['bias']": {"_type": "histogram", "values": [1, 0, 0, 0, 0, 0, 0, 0, 0, 0, 0, 0, 0, 0, 0, 0, 0, 0, 0, 0, 0, 0, 0, 0, 0, 0, 0, 0, 0, 0, 0, 0, 0, 0, 0, 0, 0, 0, 0, 0, 0, 0, 0, 0, 0, 0, 0, 0, 0, 0, 0, 0, 0, 0, 0, 0, 0, 0, 0, 0, 0, 0, 0, 1], "bins": [1.0058953762054443, 1.0073292255401611, 1.0087631940841675, 1.0101970434188843, 1.0116310119628906, 1.0130648612976074, 1.0144987106323242, 1.0159326791763306, 1.0173665285110474, 1.0188004970550537, 1.0202343463897705, 1.0216681957244873, 1.0231021642684937, 1.0245360136032104, 1.0259699821472168, 1.0274038314819336, 1.0288376808166504, 1.0302716493606567, 1.0317054986953735, 1.0331394672393799, 1.0345733165740967, 1.036007285118103, 1.0374411344528198, 1.0388749837875366, 1.040308952331543, 1.0417428016662598, 1.0431767702102661, 1.044610619544983, 1.0460444688796997, 1.047478437423706, 1.0489122867584229, 1.0503462553024292, 1.051780104637146, 1.0532139539718628, 1.0546479225158691, 1.056081771850586, 1.0575157403945923, 1.058949589729309, 1.0603834390640259, 1.0618174076080322, 1.063251256942749, 1.0646852254867554, 1.0661190748214722, 1.067552924156189, 1.0689868927001953, 1.070420742034912, 1.0718547105789185, 1.0732885599136353, 1.0747225284576416, 1.0761563777923584, 1.0775902271270752, 1.0790241956710815, 1.0804580450057983, 1.0818920135498047, 1.0833258628845215, 1.0847597122192383, 1.0861936807632446, 1.0876275300979614, 1.0890614986419678, 1.0904953479766846, 1.0919291973114014, 1.0933631658554077, 1.0947970151901245, 1.0962309837341309, 1.0976648330688477]}, "params/['params']['last']['kernel']": {"_type": "histogram", "values": [3, 0, 0, 0, 0, 0, 0, 0, 0, 0, 0, 0, 0, 0, 0, 0, 0, 0, 0, 0, 0, 0, 0, 0, 0, 0, 0, 0, 2, 0, 0, 4, 0, 0, 0, 0, 0, 0, 0, 0, 0, 0, 0, 0, 0, 0, 0, 0, 0, 0, 0, 0, 1, 1, 0, 0, 0, 0, 0, 0, 0, 0, 0, 1], "bins": [-0.13158763945102692, -0.12722374498844147, -0.12285984307527542, -0.11849594116210938, -0.11413204669952393, -0.10976814478635788, -0.10540424287319183, -0.10104034841060638, -0.09667645394802094, -0.09231255203485489, -0.08794865012168884, -0.0835847556591034, -0.07922085374593735, -0.0748569518327713, -0.07049305737018585, -0.0661291629076004, -0.06176526099443436, -0.05740135908126831, -0.05303746461868286, -0.048673562705516815, -0.044309668242931366, -0.03994576632976532, -0.03558187186717987, -0.031217969954013824, -0.02685406804084778, -0.02249017357826233, -0.018126271665096283, -0.013762377202510834, -0.009398475289344788, -0.005034580826759338, -0.0006706863641738892, 0.003693222999572754, 0.008057117462158203, 0.012421011924743652, 0.016784921288490295, 0.021148815751075745, 0.025512710213661194, 0.029876604676246643, 0.034240514039993286, 0.038604408502578735, 0.042968302965164185, 0.04733221232891083, 0.05169610679149628, 0.056060001254081726, 0.060423895716667175, 0.06478780508041382, 0.06915169954299927, 0.07351559400558472, 0.07787950336933136, 0.08224339783191681, 0.08660729229450226, 0.09097118675708771, 0.09533509612083435, 0.0996989905834198, 0.10406288504600525, 0.1084267795085907, 0.11279068887233734, 0.11715458333492279, 0.12151847779750824, 0.1258823722600937, 0.13024626672267914, 0.13461019098758698, 0.13897408545017242, 0.14333797991275787, 0.14770187437534332]}, "params/['params']['layers_0']['linear_layer']['bias']": {"_type": "histogram", "values": [1, 0, 0, 0, 0, 0, 0, 0, 0, 0, 0, 0, 0, 0, 0, 0, 1, 2, 0, 0, 0, 0, 1, 0, 0, 0, 0, 0, 0, 0, 0, 0, 0, 0, 0, 0, 0, 0, 0, 0, 1, 0, 0, 0, 0, 0, 0, 0, 0, 0, 0, 0, 0, 1, 0, 0, 0, 0, 0, 0, 0, 0, 0, 1], "bins": [-0.14836950600147247, -0.14417174458503723, -0.1399739682674408, -0.13577620685100555, -0.1315784454345703, -0.12738068401813507, -0.12318291515111923, -0.1189851462841034, -0.11478738486766815, -0.11058962345123291, -0.10639185458421707, -0.10219408571720123, -0.09799632430076599, -0.09379856288433075, -0.08960079401731491, -0.08540302515029907, -0.08120526373386383, -0.07700750231742859, -0.07280973345041275, -0.06861196458339691, -0.06441420316696167, -0.06021644175052643, -0.05601867288351059, -0.05182090401649475, -0.04762314260005951, -0.04342538118362427, -0.03922761231660843, -0.03502984344959259, -0.03083208203315735, -0.026634320616722107, -0.02243654429912567, -0.01823878288269043, -0.014041021466255188, -0.009843260049819946, -0.005645498633384705, -0.001447722315788269, 0.0027500391006469727, 0.006947800517082214, 0.01114557683467865, 0.015343338251113892, 0.019541099667549133, 0.023738861083984375, 0.027936622500419617, 0.03213439881801605, 0.036332160234451294, 0.040529921650886536, 0.04472769796848297, 0.04892545938491821, 0.053123220801353455, 0.057320982217788696, 0.06151874363422394, 0.06571651995182037, 0.06991428136825562, 0.07411204278469086, 0.07830981910228729, 0.08250758051872253, 0.08670534193515778, 0.09090310335159302, 0.09510086476802826, 0.0992986410856247, 0.10349641740322113, 0.10769416391849518, 0.11189194023609161, 0.11608968675136566, 0.1202874705195427]}, "params/['params']['layers_0']['linear_layer']['kernel']": {"_type": "histogram", "values": [1, 0, 0, 0, 0, 0, 0, 0, 0, 0, 0, 0, 0, 1, 0, 0, 1, 0, 0, 0, 0, 0, 0, 0, 0, 0, 0, 0, 0, 0, 0, 0, 0, 0, 1, 0, 0, 0, 0, 0, 1, 1, 0, 0, 0, 0, 0, 0, 0, 1, 0, 0, 0, 0, 0, 0, 0, 0, 0, 0, 0, 0, 0, 1], "bins": [-0.974330484867096, -0.9325235486030579, -0.8907166123390198, -0.8489096760749817, -0.8071027398109436, -0.7652958035469055, -0.7234889268875122, -0.6816819906234741, -0.639875054359436, -0.598068118095398, -0.5562611818313599, -0.5144542455673218, -0.4726473093032837, -0.4308403730392456, -0.3890334367752075, -0.34722650051116943, -0.30541956424713135, -0.26361262798309326, -0.22180569171905518, -0.1799987554550171, -0.138191819190979, -0.09638488292694092, -0.05457794666290283, -0.012771010398864746, 0.029035866260528564, 0.07084280252456665, 0.11264973878860474, 0.15445667505264282, 0.1962636113166809, 0.238070547580719, 0.2798774838447571, 0.32168442010879517, 0.36349135637283325, 0.40529829263687134, 0.4471052289009094, 0.4889121651649475, 0.5307191014289856, 0.5725260376930237, 0.6143329739570618, 0.6561399102210999, 0.6979468464851379, 0.739753782749176, 0.7815607190132141, 0.8233676552772522, 0.8651745915412903, 0.9069815278053284, 0.9487884640693665, 0.9905954003334045, 1.0324022769927979, 1.074209213256836, 1.116016149520874, 1.157823085784912, 1.1996300220489502, 1.2414369583129883, 1.2832438945770264, 1.3250508308410645, 1.3668577671051025, 1.4086647033691406, 1.4504716396331787, 1.4922785758972168, 1.5340855121612549, 1.575892448425293, 1.617699384689331, 1.6595063209533691, 1.7013132572174072]}, "params/['params']['layers_1']['linear_layer']['bias']": {"_type": "histogram", "values": [1, 1, 1, 0, 0, 2, 1, 0, 0, 0, 0, 0, 0, 0, 0, 0, 0, 0, 0, 0, 0, 0, 0, 0, 0, 0, 0, 0, 0, 0, 0, 0, 0, 0, 0, 0, 0, 0, 0, 0, 0, 0, 0, 0, 0, 0, 0, 0, 0, 0, 0, 0, 0, 0, 0, 0, 0, 0, 1, 0, 0, 0, 0, 1],