{"loss": 0.00017258331354241818, "_timestamp": 1739989156.7833762, "_runtime": 175.82500314712524, "_step": 2793, "params/['params']['last']['bias']": {"_type": "histogram", "values": [1, 0, 0, 0, 0, 0, 0, 0, 0, 0, 0, 0, 0, 0, 0, 0, 0, 0, 0, 0, 0, 0, 0, 0, 0, 0, 0, 0, 0, 0, 0, 0, 0, 0, 0, 0, 0, 0, 0, 0, 0, 0, 0, 0, 0, 0, 0, 0, 0, 0, 0, 0, 0, 0, 0, 0, 0, 0, 0, 0, 0, 0, 0, 1], "bins": [0.0, 0.008273852989077568, 0.016547705978155136, 0.024821558967232704, 0.03309541195631027, 0.04136926680803299, 0.04964311793446541, 0.05791696906089783, 0.06619082391262054, 0.07446467876434326, 0.08273853361606598, 0.0910123810172081, 0.09928623586893082, 0.10756009072065353, 0.11583393812179565, 0.12410779297351837, 0.1323816478252411, 0.1406555026769638, 0.14892935752868652, 0.15720321238040924, 0.16547706723213196, 0.17375090718269348, 0.1820247620344162, 0.19029861688613892, 0.19857247173786163, 0.20684632658958435, 0.21512018144130707, 0.22339403629302979, 0.2316678762435913, 0.23994173109531403, 0.24821558594703674, 0.25648945569992065, 0.2647632956504822, 0.2730371356010437, 0.2813110053539276, 0.28958484530448914, 0.29785871505737305, 0.30613255500793457, 0.3144064247608185, 0.32268026471138, 0.3309541344642639, 0.33922797441482544, 0.34750181436538696, 0.3557756841182709, 0.3640495240688324, 0.3723233938217163, 0.38059723377227783, 0.38887110352516174, 0.39714494347572327, 0.4054187834262848, 0.4136926531791687, 0.4219664931297302, 0.43024036288261414, 0.43851420283317566, 0.44678807258605957, 0.4550619125366211, 0.4633357524871826, 0.47160962224006653, 0.47988346219062805, 0.48815733194351196, 0.4964311718940735, 0.504705011844635, 0.5129789113998413, 0.5212527513504028, 0.5295265913009644]}, "params/['params']['last']['kernel']": {"_type": "histogram", "values": [1, 1, 0, 0, 0, 0, 0, 0, 0, 0, 0, 0, 0, 0, 0, 0, 0, 0, 0, 0, 0, 0, 0, 0, 0, 0, 0, 0, 0, 0, 0, 0, 0, 0, 0, 0, 0, 0, 0, 0, 0, 0, 0, 0, 0, 0, 0, 0, 0, 0, 0, 0, 0, 0, 0, 0, 0, 0, 0, 0, 0, 0, 0, 40], "bins": [-0.26274916529655457, -0.2586437165737152, -0.25453826785087585, -0.2504327893257141, -0.24632734060287476, -0.2422218918800354, -0.23811642825603485, -0.2340109795331955, -0.22990551590919495, -0.2258000671863556, -0.22169460356235504, -0.21758915483951569, -0.21348369121551514, -0.20937824249267578, -0.20527279376983643, -0.20116733014583588, -0.19706186652183533, -0.19295641779899597, -0.18885096907615662, -0.18474550545215607, -0.18064004182815552, -0.17653459310531616, -0.1724291443824768, -0.16832368075847626, -0.1642182320356369, -0.16011276841163635, -0.156007319688797, -0.15190187096595764, -0.1477964073419571, -0.14369094371795654, -0.1395854949951172, -0.13548003137111664, -0.13137458264827728, -0.12726913392543793, -0.12316367030143738, -0.11905822157859802, -0.11495275795459747, -0.11084730923175812, -0.10674184560775757, -0.10263639688491821, -0.09853093326091766, -0.09442548453807831, -0.09032002091407776, -0.0862145721912384, -0.08210910856723785, -0.0780036598443985, -0.07389819622039795, -0.0697927474975586, -0.06568729877471924, -0.06158183515071869, -0.057476386427879333, -0.053370922803878784, -0.04926547408103943, -0.04516001045703888, -0.041054561734199524, -0.036949098110198975, -0.03284364938735962, -0.02873818576335907, -0.024632737040519714, -0.020527273416519165, -0.01642182469367981, -0.012316375970840454, -0.008210897445678711, -0.0041054487228393555, 0.0]}, "params/['params']['layers_0']['linear_layer']['bias']": {"_type": "histogram", "values": [0, 0, 0, 0, 0, 0, 0, 0, 0, 0, 0, 0, 0, 0, 0, 0, 0, 0, 0, 0, 0, 0, 0, 0, 0, 0, 0, 0, 0, 0, 0, 0, 24, 0, 0, 0, 0, 0, 0, 0, 0, 0, 0, 0, 0, 0, 0, 0, 0, 0, 0, 0, 0, 0, 0, 0, 0, 0, 0, 0, 0, 0, 0, 0], "bins": [-0.5, -0.484375, -0.46875, -0.453125, -0.4375, -0.421875, -0.40625, -0.390625, -0.375, -0.359375, -0.34375, -0.328125, -0.3125, -0.296875, -0.28125, -0.265625, -0.25, -0.234375, -0.21875, -0.203125, -0.1875, -0.171875, -0.15625, -0.140625, -0.125, -0.109375, -0.09375, -0.078125, -0.0625, -0.046875, -0.03125, -0.015625, 0.0, 0.015625, 0.03125, 0.046875, 0.0625, 0.078125, 0.09375, 0.109375, 0.125, 0.140625, 0.15625, 0.171875, 0.1875, 0.203125, 0.21875, 0.234375, 0.25, 0.265625, 0.28125, 0.296875, 0.3125, 0.328125, 0.34375, 0.359375, 0.375, 0.390625, 0.40625, 0.421875, 0.4375, 0.453125, 0.46875, 0.484375, 0.5]}, "params/['params']['layers_0']['linear_layer']['kernel']": {"_type": "histogram", "values": [1, 1, 0, 0, 0, 0, 0, 0, 0, 0, 0, 0, 0, 0, 0, 0, 0, 0, 0, 0, 0, 0, 0, 0, 0, 0, 0, 43, 0, 1, 0, 0, 1, 0, 0, 0, 0, 0, 0, 0, 0, 0, 0, 0, 0, 0, 0, 0, 0, 0, 0, 0, 0, 0, 0, 0, 0, 0, 0, 0, 0, 0, 0, 1], "bins": [-0.8345410823822021, -0.8040830492973328, -0.7736250162124634, -0.743166983127594, -0.7127089500427246, -0.6822509169578552, -0.6517928838729858, -0.6213347911834717, -0.5908768177032471, -0.5604187250137329, -0.5299607515335083, -0.49950268864631653, -0.46904462575912476, -0.43858659267425537, -0.408128559589386, -0.3776705265045166, -0.3472124934196472, -0.31675446033477783, -0.28629642724990845, -0.25583839416503906, -0.22538036108016968, -0.1949223279953003, -0.1644642949104309, -0.13400626182556152, -0.10354816913604736, -0.07309013605117798, -0.042632102966308594, -0.012174069881439209, 0.018283963203430176, 0.04874199628829956, 0.07920002937316895, 0.10965806245803833, 0.14011609554290771, 0.17057418823242188, 0.20103216171264648, 0.23149025440216064, 0.26194822788238525, 0.2924063205718994, 0.322864294052124, 0.3533223867416382, 0.3837803602218628, 0.41423845291137695, 0.44469642639160156, 0.4751545190811157, 0.5056124925613403, 0.5360705852508545, 0.5665285587310791, 0.5969866514205933, 0.6274447441101074, 0.657902717590332, 0.6883608102798462, 0.7188187837600708, 0.749276876449585, 0.7797348499298096, 0.8101929426193237, 0.8406509160995483, 0.8711090087890625, 0.9015669822692871, 0.9320250749588013, 0.9624830484390259, 0.99294114112854, 1.0233991146087646, 1.0538572072982788, 1.0843151807785034, 1.1147732734680176]}, "params/['params']['layers_1']['linear_layer']['bias']": {"_type": "histogram", "values": [0, 0, 0, 0, 0, 0, 0, 0, 0, 0, 0, 0, 0, 0, 0, 0, 0, 0, 0, 0, 0, 0, 0, 0, 0, 0, 0, 0, 0, 0, 0, 0, 24, 0, 0, 0, 0, 0, 0, 0, 0, 0, 0, 0, 0, 0, 0, 0, 0, 0, 0, 0, 0, 0, 0, 0, 0, 0, 0, 0, 0, 0, 0, 0], "bins": [-0.5, -0.484375, -0.46875, -0.453125, -0.4375, -0.421875, -0.40625, -0.390625, -0.375, -0.359375, -0.34375, -0.328125, -0.3125, -0.296875, -0.28125, -0.265625, -0.25, -0.234375, -0.21875, -0.203125, -0.1875, -0.171875, -0.15625, -0.140625, -0.125, -0.109375, -0.09375, -0.078125, -0.0625, -0.046875, -0.03125, -0.015625, 0.0, 0.015625, 0.03125, 0.046875, 0.0625, 0.078125, 0.09375, 0.109375, 0.125, 0.140625, 0.15625, 0.171875, 0.1875, 0.203125, 0.21875, 0.234375, 0.25, 0.265625, 0.28125, 0.296875, 0.3125, 0.328125, 0.34375, 0.359375, 0.375, 0.390625, 0.40625, 0.421875, 0.4375, 0.453125, 0.46875, 0.484375, 0.5]}, "params/['params']['layers_1']['linear_layer']['kernel']": {"_type": "histogram", "values": [1, 0, 0, 0, 0, 0, 0, 0, 1, 1, 1, 0, 1, 1, 0, 0, 1, 0, 0, 0, 2, 1, 0, 0, 0, 3, 0, 1, 1, 3, 474, 3, 0, 0, 0, 0, 0, 0, 1, 0, 0, 0, 1, 0, 0, 0, 0, 1, 0, 0, 2, 0, 0, 0, 0, 2, 0, 1, 0, 0, 0, 0, 0, 1],