{"loss": 0.3560754656791687, "_timestamp": 1739299502.118972, "_runtime": 187.41835117340088, "_step": 25, "params/['params']['last']['bias']": {"_type": "histogram", "values": [1, 0, 0, 0, 0, 0, 0, 0, 0, 0, 0, 0, 0, 0, 0, 0, 0, 0, 0, 0, 0, 0, 0, 0, 0, 0, 0, 0, 0, 0, 0, 0, 0, 0, 0, 0, 0, 0, 0, 0, 0, 0, 0, 0, 0, 0, 0, 0, 0, 0, 0, 0, 0, 0, 0, 0, 0, 0, 0, 0, 0, 0, 0, 1], "bins": [1.000105381011963, 1.0017238855361938, 1.0033423900604248, 1.0049607753753662, 1.0065792798995972, 1.0081977844238281, 1.009816288948059, 1.01143479347229, 1.0130531787872314, 1.0146716833114624, 1.0162901878356934, 1.0179086923599243, 1.0195271968841553, 1.0211457014083862, 1.0227640867233276, 1.0243825912475586, 1.0260010957717896, 1.0276196002960205, 1.0292381048202515, 1.0308564901351929, 1.0324749946594238, 1.0340934991836548, 1.0357120037078857, 1.0373305082321167, 1.0389490127563477, 1.040567398071289, 1.04218590259552, 1.043804407119751, 1.045422911643982, 1.047041416168213, 1.0486598014831543, 1.0502783060073853, 1.0518968105316162, 1.0535153150558472, 1.0551338195800781, 1.0567522048950195, 1.0583707094192505, 1.0599892139434814, 1.0616077184677124, 1.0632262229919434, 1.0648446083068848, 1.0664631128311157, 1.0680816173553467, 1.0697001218795776, 1.0713186264038086, 1.0729371309280396, 1.074555516242981, 1.076174020767212, 1.0777925252914429, 1.0794110298156738, 1.0810295343399048, 1.0826479196548462, 1.0842664241790771, 1.085884928703308, 1.087503433227539, 1.08912193775177, 1.090740442276001, 1.0923588275909424, 1.0939773321151733, 1.0955958366394043, 1.0972143411636353, 1.0988328456878662, 1.1004512310028076, 1.1020697355270386, 1.1036882400512695]}, "params/['params']['last']['kernel']": {"_type": "histogram", "values": [0, 0, 0, 0, 0, 0, 0, 0, 0, 0, 0, 0, 0, 0, 0, 0, 0, 0, 0, 0, 0, 0, 0, 0, 0, 0, 0, 0, 0, 0, 0, 0, 42, 0, 0, 0, 0, 0, 0, 0, 0, 0, 0, 0, 0, 0, 0, 0, 0, 0, 0, 0, 0, 0, 0, 0, 0, 0, 0, 0, 0, 0, 0, 0], "bins": [-0.5, -0.484375, -0.46875, -0.453125, -0.4375, -0.421875, -0.40625, -0.390625, -0.375, -0.359375, -0.34375, -0.328125, -0.3125, -0.296875, -0.28125, -0.265625, -0.25, -0.234375, -0.21875, -0.203125, -0.1875, -0.171875, -0.15625, -0.140625, -0.125, -0.109375, -0.09375, -0.078125, -0.0625, -0.046875, -0.03125, -0.015625, 0.0, 0.015625, 0.03125, 0.046875, 0.0625, 0.078125, 0.09375, 0.109375, 0.125, 0.140625, 0.15625, 0.171875, 0.1875, 0.203125, 0.21875, 0.234375, 0.25, 0.265625, 0.28125, 0.296875, 0.3125, 0.328125, 0.34375, 0.359375, 0.375, 0.390625, 0.40625, 0.421875, 0.4375, 0.453125, 0.46875, 0.484375, 0.5]}, "params/['params']['layers_0']['linear_layer']['bias']": {"_type": "histogram", "values": [0, 0, 0, 0, 0, 0, 0, 0, 0, 0, 0, 0, 0, 0, 0, 0, 0, 0, 0, 0, 0, 0, 0, 0, 0, 0, 0, 0, 0, 0, 0, 0, 24, 0, 0, 0, 0, 0, 0, 0, 0, 0, 0, 0, 0, 0, 0, 0, 0, 0, 0, 0, 0, 0, 0, 0, 0, 0, 0, 0, 0, 0, 0, 0], "bins": [-0.5, -0.484375, -0.46875, -0.453125, -0.4375, -0.421875, -0.40625, -0.390625, -0.375, -0.359375, -0.34375, -0.328125, -0.3125, -0.296875, -0.28125, -0.265625, -0.25, -0.234375, -0.21875, -0.203125, -0.1875, -0.171875, -0.15625, -0.140625, -0.125, -0.109375, -0.09375, -0.078125, -0.0625, -0.046875, -0.03125, -0.015625, 0.0, 0.015625, 0.03125, 0.046875, 0.0625, 0.078125, 0.09375, 0.109375, 0.125, 0.140625, 0.15625, 0.171875, 0.1875, 0.203125, 0.21875, 0.234375, 0.25, 0.265625, 0.28125, 0.296875, 0.3125, 0.328125, 0.34375, 0.359375, 0.375, 0.390625, 0.40625, 0.421875, 0.4375, 0.453125, 0.46875, 0.484375, 0.5]}, "params/['params']['layers_0']['linear_layer']['kernel']": {"_type": "histogram", "values": [1, 0, 0, 0, 0, 1, 0, 0, 1, 0, 0, 0, 1, 0, 1, 0, 1, 0, 0, 0, 1, 0, 0, 1, 0, 0, 1, 0, 0, 1, 0, 1, 0, 0, 0, 2, 3, 2, 0, 0, 0, 0, 1, 0, 0, 0, 0, 0, 0, 2, 0, 0, 0, 0, 1, 0, 0, 0, 0, 0, 0, 0, 0, 2], "bins": [-1.990107774734497, -1.9259413480758667, -1.8617748022079468, -1.7976083755493164, -1.733441948890686, -1.6692755222320557, -1.6051089763641357, -1.5409425497055054, -1.476776123046875, -1.412609577178955, -1.3484431505203247, -1.2842767238616943, -1.2201101779937744, -1.155943751335144, -1.0917773246765137, -1.0276107788085938, -0.9634443521499634, -0.899277925491333, -0.8351113796234131, -0.7709449529647827, -0.7067785263061523, -0.6426119804382324, -0.578445553779602, -0.5142791271209717, -0.45011258125305176, -0.3859461545944214, -0.321779727935791, -0.25761330127716064, -0.19344675540924072, -0.12928032875061035, -0.06511390209197998, -0.0009473562240600586, 0.06321907043457031, 0.12738561630249023, 0.19155192375183105, 0.255718469619751, 0.3198850154876709, 0.3840513229370117, 0.44821786880493164, 0.5123844146728516, 0.5765507221221924, 0.6407172679901123, 0.7048838138580322, 0.769050121307373, 0.833216667175293, 0.8973832130432129, 0.9615495204925537, 1.0257160663604736, 1.0898826122283936, 1.1540489196777344, 1.2182154655456543, 1.2823817729949951, 1.346548318862915, 1.410714864730835, 1.4748811721801758, 1.5390477180480957, 1.6032142639160156, 1.6673805713653564, 1.7315471172332764, 1.7957136631011963, 1.859879970550537, 1.924046516418457, 1.988213062286377, 2.0523793697357178, 2.1165459156036377]}, "_wandb": {"runtime": 186}}