{"loss": 0.10870718955993652, "_timestamp": 1739300240.6866693, "_runtime": 13.778516292572021, "_step": 25, "params/['params']['last']['bias']": {"_type": "histogram", "values": [1, 0, 0, 0, 0, 0, 0, 0, 0, 0, 0, 0, 0, 0, 0, 0, 0, 0, 0, 0, 0, 0, 0, 0, 0, 0, 0, 0, 0, 0, 0, 0, 0, 0, 0, 0, 0, 0, 0, 0, 0, 0, 0, 0, 0, 0, 0, 0, 0, 0, 0, 0, 0, 0, 0, 0, 0, 0, 0, 0, 0, 0, 0, 1], "bins": [0.7768045663833618, 0.780389666557312, 0.7839747667312622, 0.7875598669052124, 0.7911449670791626, 0.794730007648468, 0.7983151078224182, 0.8019002079963684, 0.8054853081703186, 0.8090704083442688, 0.812655508518219, 0.8162406086921692, 0.8198256492614746, 0.8234107494354248, 0.826995849609375, 0.8305809497833252, 0.8341660499572754, 0.8377511501312256, 0.8413362503051758, 0.844921350479126, 0.8485064506530762, 0.8520914912223816, 0.8556765913963318, 0.859261691570282, 0.8628467917442322, 0.8664318919181824, 0.8700169920921326, 0.8736020922660828, 0.8771871328353882, 0.8807722330093384, 0.8843573331832886, 0.8879424333572388, 0.891527533531189, 0.8951126337051392, 0.8986977338790894, 0.9022828340530396, 0.9058679342269897, 0.9094530344009399, 0.9130380749702454, 0.9166231751441956, 0.9202082753181458, 0.923793375492096, 0.9273784756660461, 0.9309635162353516, 0.9345486164093018, 0.938133716583252, 0.9417188167572021, 0.9453039169311523, 0.9488890171051025, 0.9524741172790527, 0.9560592174530029, 0.9596443176269531, 0.9632294178009033, 0.9668145179748535, 0.9703995585441589, 0.9739846587181091, 0.9775697588920593, 0.9811548590660095, 0.9847399592399597, 0.9883249998092651, 0.9919100999832153, 0.9954952001571655, 0.9990803003311157, 1.002665400505066, 1.0062505006790161]}, "params/['params']['last']['kernel']": {"_type": "histogram", "values": [1, 0, 0, 0, 0, 0, 0, 0, 0, 0, 0, 0, 0, 0, 2, 0, 0, 0, 0, 0, 0, 0, 0, 0, 0, 0, 0, 0, 0, 0, 0, 0, 3, 2, 0, 0, 0, 0, 0, 0, 0, 0, 0, 0, 0, 1, 0, 1, 0, 0, 0, 0, 0, 0, 0, 0, 0, 0, 1, 0, 0, 0, 0, 1], "bins": [-0.3952188491821289, -0.38338714838027954, -0.37155547738075256, -0.3597237765789032, -0.34789207577705383, -0.33606040477752686, -0.3242287039756775, -0.3123970031738281, -0.30056530237197876, -0.2887336313724518, -0.2769019305706024, -0.26507025957107544, -0.2532385587692261, -0.2414068579673767, -0.22957517206668854, -0.21774347126483917, -0.205911785364151, -0.19408009946346283, -0.18224839866161346, -0.1704167127609253, -0.15858501195907593, -0.14675332605838776, -0.13492164015769958, -0.12308993935585022, -0.11125826835632324, -0.09942656755447388, -0.08759486675262451, -0.07576316595077515, -0.06393149495124817, -0.052099794149398804, -0.04026809334754944, -0.02843642234802246, -0.016604721546173096, -0.0047730207443237305, 0.007058650255203247, 0.018890351057052612, 0.030722051858901978, 0.042553722858428955, 0.05438542366027832, 0.06621712446212769, 0.07804882526397705, 0.08988049626350403, 0.1017121970653534, 0.11354386806488037, 0.12537556886672974, 0.1372072696685791, 0.14903897047042847, 0.16087067127227783, 0.17270231246948242, 0.1845340132713318, 0.19636571407318115, 0.20819741487503052, 0.22002911567687988, 0.23186081647872925, 0.2436925172805786, 0.2555241584777832, 0.26735585927963257, 0.27918756008148193, 0.2910192608833313, 0.30285096168518066, 0.31468266248703003, 0.3265143036842346, 0.338346004486084, 0.35017770528793335, 0.3620094060897827]}, "params/['params']['layers_0']['linear_layer']['bias']": {"_type": "histogram", "values": [1, 0, 0, 0, 0, 0, 0, 1, 0, 1, 0, 0, 0, 0, 0, 0, 0, 0, 0, 0, 0, 0, 0, 0, 0, 0, 0, 0, 0, 0, 0, 0, 0, 2, 0, 0, 0, 0, 0, 0, 0, 0, 0, 0, 0, 0, 0, 0, 0, 0, 1, 0, 0, 0, 0, 0, 0, 0, 0, 0, 0, 0, 1, 1], "bins": [-0.4261574149131775, -0.4134451746940613, -0.40073293447494507, -0.38802069425582886, -0.37530845403671265, -0.36259621381759644, -0.3498839735984802, -0.337171733379364, -0.3244594931602478, -0.3117472529411316, -0.2990350127220154, -0.28632277250289917, -0.27361056208610535, -0.26089832186698914, -0.24818608164787292, -0.2354738414287567, -0.2227616012096405, -0.2100493609905243, -0.19733712077140808, -0.18462488055229187, -0.17191264033317566, -0.15920040011405945, -0.14648815989494324, -0.13377591967582703, -0.1210637092590332, -0.10835146903991699, -0.09563922882080078, -0.08292698860168457, -0.07021474838256836, -0.05750250816345215, -0.04479026794433594, -0.03207802772521973, -0.019365787506103516, -0.006653547286987305, 0.006058692932128906, 0.018770933151245117, 0.03148317337036133, 0.04419541358947754, 0.05690765380859375, 0.06961989402770996, 0.08233213424682617, 0.09504437446594238, 0.1077566146850586, 0.1204688549041748, 0.13318109512329102, 0.14589333534240723, 0.15860557556152344, 0.17131781578063965, 0.18402999639511108, 0.1967422366142273, 0.2094544768333435, 0.22216671705245972, 0.23487895727157593, 0.24759119749069214, 0.26030343770980835, 0.27301567792892456, 0.28572791814804077, 0.298440158367157, 0.3111523985862732, 0.3238646388053894, 0.3365768790245056, 0.3492891192436218, 0.36200135946273804, 0.37471359968185425, 0.38742583990097046]}, "params/['params']['layers_0']['linear_layer']['kernel']": {"_type": "histogram", "values": [1, 0, 0, 0, 0, 0, 1, 0, 0, 0, 0, 1, 0, 0, 0, 0, 0, 0, 0, 0, 0, 0, 0, 0, 0, 0, 0, 1, 0, 1, 0, 1, 0, 0, 0, 0, 0, 2, 1, 0, 2, 0, 1, 0, 0, 1, 0, 0, 2, 0, 0, 0, 0, 0, 0, 0, 0, 0, 0, 0, 0, 0, 0, 1], "bins": [-1.843031883239746, -1.790204405784607, -1.7373769283294678, -1.6845494508743286, -1.6317219734191895, -1.5788944959640503, -1.5260670185089111, -1.4732396602630615, -1.4204120635986328, -1.3675847053527832, -1.3147571086883545, -1.2619297504425049, -1.2091022729873657, -1.1562747955322266, -1.1034473180770874, -1.0506198406219482, -0.9977923631668091, -0.9449648857116699, -0.8921374082565308, -0.8393099308013916, -0.7864824533462524, -0.7336549758911133, -0.6808274984359741, -0.628000020980835, -0.5751726627349854, -0.5223451852798462, -0.46951770782470703, -0.41669023036956787, -0.3638627529144287, -0.31103527545928955, -0.2582077980041504, -0.20538032054901123, -0.15255284309387207, -0.09972536563873291, -0.04689788818359375, 0.00592958927154541, 0.05875706672668457, 0.11158454418182373, 0.1644120216369629, 0.2172393798828125, 0.2700669765472412, 0.3228943347930908, 0.37572193145751953, 0.42854928970336914, 0.48137688636779785, 0.5342042446136475, 0.5870318412780762, 0.6398591995239258, 0.6926865577697754, 0.7455141544342041, 0.7983415126800537, 0.8511691093444824, 0.903996467590332, 0.9568240642547607, 1.0096514225006104, 1.062479019165039, 1.1153063774108887, 1.1681339740753174, 1.220961332321167, 1.2737889289855957, 1.3266162872314453, 1.379443883895874, 1.4322712421417236, 1.4850988388061523, 1.5379263162612915]}, "_wandb": {"runtime": 13}}