{"loss": 1.3924248378316406e-05, "_timestamp": 1739543362.095694, "_runtime": 152.76618599891663, "_step": 405, "validation_loss": 1.4291599654825404e-05, "params/['params']['last']['bias']": {"_type": "histogram", "values": [1, 0, 0, 0, 0, 0, 0, 0, 0, 0, 0, 0, 0, 0, 0, 0, 0, 0, 0, 0, 0, 0, 0, 0, 0, 0, 0, 0, 0, 0, 0, 0, 0, 0, 0, 0, 0, 0, 0, 0, 0, 0, 0, 0, 0, 0, 0, 0, 0, 0, 0, 0, 0, 0, 0, 0, 0, 0, 0, 0, 0, 0, 0, 1], "bins": [0.0, 0.008119498379528522, 0.016238996759057045, 0.024358496069908142, 0.03247799351811409, 0.04059749096632004, 0.048716992139816284, 0.05683648958802223, 0.06495598703622818, 0.07307548820972443, 0.08119498193264008, 0.08931448310613632, 0.09743398427963257, 0.10555347800254822, 0.11367297917604446, 0.12179247289896011, 0.12991197407245636, 0.138031467795372, 0.14615097641944885, 0.1542704701423645, 0.16238996386528015, 0.170509472489357, 0.17862896621227264, 0.1867484599351883, 0.19486796855926514, 0.2029874622821808, 0.21110695600509644, 0.21922644972801208, 0.22734595835208893, 0.23546545207500458, 0.24358494579792023, 0.25170445442199707, 0.2598239481449127, 0.26794344186782837, 0.276062935590744, 0.28418242931365967, 0.2923019528388977, 0.30042144656181335, 0.308540940284729, 0.31666043400764465, 0.3247799277305603, 0.33289942145347595, 0.341018944978714, 0.34913843870162964, 0.3572579324245453, 0.36537742614746094, 0.3734969198703766, 0.38161641359329224, 0.3897359371185303, 0.3978554308414459, 0.4059749245643616, 0.4140944182872772, 0.42221391201019287, 0.4303334057331085, 0.43845289945602417, 0.4465724229812622, 0.45469191670417786, 0.4628114104270935, 0.47093090415000916, 0.4790503978729248, 0.48716989159584045, 0.4952894151210785, 0.5034089088439941, 0.5115283727645874, 0.5196478962898254]}, "params/['params']['last']['kernel']": {"_type": "histogram", "values": [1, 0, 0, 0, 0, 0, 0, 0, 2, 0, 0, 0, 0, 0, 0, 0, 0, 0, 0, 0, 0, 0, 0, 0, 0, 0, 0, 0, 0, 0, 0, 0, 0, 0, 0, 0, 0, 0, 0, 0, 0, 0, 0, 0, 0, 0, 0, 0, 0, 0, 0, 1, 0, 0, 2, 0, 0, 0, 0, 0, 0, 0, 0, 24], "bins": [-0.23380455374717712, -0.23015135526657104, -0.22649815678596497, -0.2228449583053589, -0.219191774725914, -0.21553857624530792, -0.21188537776470184, -0.20823217928409576, -0.20457898080348969, -0.2009257972240448, -0.19727259874343872, -0.19361940026283264, -0.18996620178222656, -0.18631300330162048, -0.1826598048210144, -0.17900660634040833, -0.17535340785980225, -0.17170022428035736, -0.16804702579975128, -0.1643938273191452, -0.16074062883853912, -0.15708744525909424, -0.15343424677848816, -0.14978104829788208, -0.146127849817276, -0.14247465133666992, -0.13882145285606384, -0.13516825437545776, -0.13151505589485168, -0.1278618574142456, -0.12420866638422012, -0.12055547535419464, -0.11690227687358856, -0.11324907839298248, -0.109595887362957, -0.10594268143177032, -0.10228949785232544, -0.09863629937171936, -0.09498310089111328, -0.0913299024105072, -0.08767670392990112, -0.08402350544929504, -0.08037032186985016, -0.07671712338924408, -0.073063924908638, -0.06941072642803192, -0.06575752794742584, -0.06210432946681976, -0.05845114588737488, -0.0547979474067688, -0.05114474892616272, -0.04749155044555664, -0.04383835196495056, -0.04018515348434448, -0.0365319550037384, -0.03287877142429352, -0.02922557294368744, -0.02557237446308136, -0.02191917598247528, -0.0182659775018692, -0.014612779021263123, -0.010959595441818237, -0.007306396961212158, -0.003653198480606079, 0.0]}, "params/['params']['layers_0']['linear_layer']['bias']": {"_type": "histogram", "values": [0, 0, 0, 0, 0, 0, 0, 0, 0, 0, 0, 0, 0, 0, 0, 0, 0, 0, 0, 0, 0, 0, 0, 0, 0, 0, 0, 0, 0, 0, 0, 0, 18, 0, 0, 0, 0, 0, 0, 0, 0, 0, 0, 0, 0, 0, 0, 0, 0, 0, 0, 0, 0, 0, 0, 0, 0, 0, 0, 0, 0, 0, 0, 0], "bins": [-0.5, -0.484375, -0.46875, -0.453125, -0.4375, -0.421875, -0.40625, -0.390625, -0.375, -0.359375, -0.34375, -0.328125, -0.3125, -0.296875, -0.28125, -0.265625, -0.25, -0.234375, -0.21875, -0.203125, -0.1875, -0.171875, -0.15625, -0.140625, -0.125, -0.109375, -0.09375, -0.078125, -0.0625, -0.046875, -0.03125, -0.015625, 0.0, 0.015625, 0.03125, 0.046875, 0.0625, 0.078125, 0.09375, 0.109375, 0.125, 0.140625, 0.15625, 0.171875, 0.1875, 0.203125, 0.21875, 0.234375, 0.25, 0.265625, 0.28125, 0.296875, 0.3125, 0.328125, 0.34375, 0.359375, 0.375, 0.390625, 0.40625, 0.421875, 0.4375, 0.453125, 0.46875, 0.484375, 0.5]}, "params/['params']['layers_0']['linear_layer']['kernel']": {"_type": "histogram", "values": [2, 0, 1, 0, 0, 0, 0, 0, 0, 0, 0, 0, 47, 1, 0, 1, 0, 0, 0, 0, 0, 0, 0, 0, 0, 0, 0, 0, 0, 0, 0, 0, 0, 0, 0, 0, 0, 0, 0, 0, 0, 0, 0, 0, 0, 0, 0, 0, 0, 0, 0, 0, 0, 0, 0, 0, 0, 0, 0, 0, 0, 1, 0, 1], "bins": [-0.4214431047439575, -0.3876037299633026, -0.3537643551826477, -0.3199249804019928, -0.2860856056213379, -0.252246230840683, -0.21840685606002808, -0.18456748127937317, -0.15072810649871826, -0.11688873171806335, -0.08304935693740845, -0.04920998215675354, -0.015370607376098633, 0.018468767404556274, 0.05230814218521118, 0.08614754676818848, 0.119986891746521, 0.15382623672485352, 0.1876656413078308, 0.2215050458908081, 0.2553443908691406, 0.28918373584747314, 0.32302314043045044, 0.35686254501342773, 0.39070188999176025, 0.4245412349700928, 0.45838063955307007, 0.49222004413604736, 0.5260593891143799, 0.5598987340927124, 0.5937381982803345, 0.627577543258667, 0.6614168882369995, 0.695256233215332, 0.7290955781936646, 0.7629350423812866, 0.7967743873596191, 0.8306137323379517, 0.8644531965255737, 0.8982925415039062, 0.9321318864822388, 0.9659712314605713, 0.9998105764389038, 1.0336500406265259, 1.0674893856048584, 1.101328730583191, 1.135168194770813, 1.1690075397491455, 1.202846884727478, 1.2366862297058105, 1.270525574684143, 1.3043650388717651, 1.3382043838500977, 1.3720437288284302, 1.4058831930160522, 1.4397225379943848, 1.4735618829727173, 1.5074012279510498, 1.5412405729293823, 1.5750800371170044, 1.6089195013046265, 1.6427587270736694, 1.6765981912612915, 1.7104374170303345, 1.744277000427246]}, "params/['params']['layers_1']['linear_layer']['bias']": {"_type": "histogram", "values": [0, 0, 0, 0, 0, 0, 0, 0, 0, 0, 0, 0, 0, 0, 0, 0, 0, 0, 0, 0, 0, 0, 0, 0, 0, 0, 0, 0, 0, 0, 0, 0, 18, 0, 0, 0, 0, 0, 0, 0, 0, 0, 0, 0, 0, 0, 0, 0, 0, 0, 0, 0, 0, 0, 0, 0, 0, 0, 0, 0, 0, 0, 0, 0], "bins": [-0.5, -0.484375, -0.46875, -0.453125, -0.4375, -0.421875, -0.40625, -0.390625, -0.375, -0.359375, -0.34375, -0.328125, -0.3125, -0.296875, -0.28125, -0.265625, -0.25, -0.234375, -0.21875, -0.203125, -0.1875, -0.171875, -0.15625, -0.140625, -0.125, -0.109375, -0.09375, -0.078125, -0.0625, -0.046875, -0.03125, -0.015625, 0.0, 0.015625, 0.03125, 0.046875, 0.0625, 0.078125, 0.09375, 0.109375, 0.125, 0.140625, 0.15625, 0.171875, 0.1875, 0.203125, 0.21875, 0.234375, 0.25, 0.265625, 0.28125, 0.296875, 0.3125, 0.328125, 0.34375, 0.359375, 0.375, 0.390625, 0.40625, 0.421875, 0.4375, 0.453125, 0.46875, 0.484375, 0.5]}, "params/['params']['layers_1']['linear_layer']['kernel']": {"_type": "histogram", "values": [1, 0, 0, 0, 0, 0, 1, 0, 0, 1, 0, 0, 0, 0, 0, 0, 0, 0, 0, 0, 0, 0, 0, 0, 0, 1, 0, 2, 0, 0, 2, 248, 1, 1, 1, 0, 1, 2, 0, 1, 0, 1, 1, 0, 0, 0, 1, 0, 0, 0, 0, 0, 0, 0, 0, 0, 2, 0, 0, 0, 1, 0, 0, 1],