{"loss": 0.11796537786722183, "_timestamp": 1739300154.1635628, "_runtime": 11.03377366065979, "_step": 25, "params/['params']['last']['bias']": {"_type": "histogram", "values": [1, 0, 0, 0, 0, 0, 0, 0, 0, 0, 0, 0, 0, 0, 0, 0, 0, 0, 0, 0, 0, 0, 0, 0, 0, 0, 0, 0, 0, 0, 0, 0, 0, 0, 0, 0, 0, 0, 0, 0, 0, 0, 0, 0, 0, 0, 0, 0, 0, 0, 0, 0, 0, 0, 0, 0, 0, 0, 0, 0, 0, 0, 0, 1], "bins": [0.7863576412200928, 0.7897936105728149, 0.7932295799255371, 0.7966655492782593, 0.8001015186309814, 0.8035374879837036, 0.8069734573364258, 0.810409426689148, 0.8138453960418701, 0.8172813057899475, 0.8207172751426697, 0.8241532444953918, 0.827589213848114, 0.8310251832008362, 0.8344611525535583, 0.8378971219062805, 0.8413330912590027, 0.8447690606117249, 0.848205029964447, 0.8516409993171692, 0.8550769686698914, 0.8585129380226135, 0.8619489073753357, 0.8653848171234131, 0.8688207864761353, 0.8722567558288574, 0.8756927251815796, 0.8791286945343018, 0.8825646638870239, 0.8860006332397461, 0.8894366025924683, 0.8928725719451904, 0.8963085412979126, 0.8997445106506348, 0.9031804800033569, 0.9066164493560791, 0.9100524187088013, 0.9134883880615234, 0.9169243574142456, 0.9203603267669678, 0.9237962961196899, 0.9272322654724121, 0.9306682348251343, 0.9341041445732117, 0.9375401139259338, 0.940976083278656, 0.9444120526313782, 0.9478480219841003, 0.9512839913368225, 0.9547199606895447, 0.9581559300422668, 0.961591899394989, 0.9650278687477112, 0.9684638381004333, 0.9718997478485107, 0.9753357172012329, 0.9787716865539551, 0.9822076559066772, 0.9856436252593994, 0.9890795946121216, 0.9925155639648438, 0.9959515333175659, 0.9993875026702881, 1.0028234720230103, 1.0062594413757324]}, "params/['params']['last']['kernel']": {"_type": "histogram", "values": [1, 0, 0, 0, 0, 0, 0, 2, 1, 0, 0, 0, 1, 0, 0, 0, 0, 0, 0, 0, 0, 0, 0, 0, 0, 4, 1, 0, 0, 0, 0, 0, 0, 0, 0, 0, 0, 0, 0, 0, 0, 0, 0, 0, 0, 0, 0, 0, 0, 0, 0, 0, 0, 1, 0, 0, 0, 0, 0, 0, 0, 0, 0, 1], "bins": [-0.3271874189376831, -0.3142991364002228, -0.30141088366508484, -0.2885226011276245, -0.2756343185901642, -0.26274603605270386, -0.24985778331756592, -0.2369695007801056, -0.22408121824264526, -0.21119295060634613, -0.198304682970047, -0.18541640043258667, -0.17252813279628754, -0.1596398502588272, -0.14675158262252808, -0.13386330008506775, -0.12097503244876862, -0.10808676481246948, -0.09519848227500916, -0.08231021463871002, -0.06942194700241089, -0.05653366446495056, -0.043645381927490234, -0.030757099390029907, -0.017868846654891968, -0.004980564117431641, 0.007907718420028687, 0.020795971155166626, 0.03368425369262695, 0.04657253623008728, 0.05946081876754761, 0.07234907150268555, 0.08523735404014587, 0.0981256365776062, 0.11101388931274414, 0.12390217185020447, 0.1367904543876648, 0.14967873692512512, 0.16256698966026306, 0.1754552721977234, 0.18834352493286133, 0.20123183727264404, 0.21412009000778198, 0.22700834274291992, 0.23989665508270264, 0.2527849078178406, 0.2656732201576233, 0.27856147289276123, 0.29144972562789917, 0.3043380379676819, 0.3172262907028198, 0.33011454343795776, 0.3430028557777405, 0.3558911085128784, 0.36877936124801636, 0.3816676735877991, 0.394555926322937, 0.40744417905807495, 0.42033249139785767, 0.4332207441329956, 0.4461090564727783, 0.45899730920791626, 0.4718855619430542, 0.4847738742828369, 0.49766212701797485]}, "params/['params']['layers_0']['linear_layer']['bias']": {"_type": "histogram", "values": [1, 0, 0, 0, 0, 0, 0, 0, 0, 0, 1, 2, 0, 0, 1, 0, 0, 0, 0, 1, 0, 0, 0, 0, 0, 0, 0, 0, 0, 0, 0, 0, 0, 0, 0, 0, 0, 0, 0, 0, 0, 0, 0, 0, 0, 0, 0, 0, 0, 0, 0, 0, 0, 0, 0, 0, 0, 0, 0, 0, 0, 0, 0, 2], "bins": [-0.5844477415084839, -0.5684406161308289, -0.5524335503578186, -0.5364264249801636, -0.5204193592071533, -0.5044122338294983, -0.48840510845184326, -0.4723980128765106, -0.456390917301178, -0.44038382172584534, -0.4243767261505127, -0.40836960077285767, -0.392362505197525, -0.3763554096221924, -0.36034828424453735, -0.3443411886692047, -0.32833409309387207, -0.31232699751853943, -0.2963199019432068, -0.28031277656555176, -0.2643056809902191, -0.24829858541488647, -0.23229146003723145, -0.2162843644618988, -0.20027726888656616, -0.18427017331123352, -0.16826307773590088, -0.15225595235824585, -0.1362488567829132, -0.12024176120758057, -0.10423463582992554, -0.0882275402545929, -0.07222044467926025, -0.056213319301605225, -0.04020625352859497, -0.02419912815093994, -0.008192062377929688, 0.007815062999725342, 0.02382218837738037, 0.039829254150390625, 0.055836379528045654, 0.07184350490570068, 0.08785057067871094, 0.10385769605636597, 0.119864821434021, 0.13587188720703125, 0.15187901258468628, 0.16788607835769653, 0.18389320373535156, 0.1999003291130066, 0.21590739488601685, 0.23191452026367188, 0.24792158603668213, 0.26392871141433716, 0.2799358367919922, 0.29594290256500244, 0.31195002794265747, 0.3279571533203125, 0.34396421909332275, 0.3599713444709778, 0.3759784698486328, 0.39198553562164307, 0.4079926609992981, 0.4239997863769531, 0.440006822347641]}, "params/['params']['layers_0']['linear_layer']['kernel']": {"_type": "histogram", "values": [2, 0, 1, 0, 0, 1, 0, 0, 0, 0, 0, 0, 0, 0, 0, 0, 0, 0, 1, 0, 0, 0, 0, 1, 0, 0, 0, 0, 0, 0, 0, 0, 0, 0, 0, 0, 0, 2, 0, 0, 0, 0, 0, 0, 0, 0, 0, 0, 1, 0, 2, 0, 1, 1, 0, 0, 1, 0, 0, 1, 0, 0, 0, 1], "bins": [-0.828742504119873, -0.7948229908943176, -0.7609034776687622, -0.7269839644432068, -0.6930644512176514, -0.6591449975967407, -0.6252254843711853, -0.5913059711456299, -0.5573864579200745, -0.523466944694519, -0.4895474314689636, -0.4556279480457306, -0.42170843482017517, -0.38778892159461975, -0.3538694381713867, -0.3199499249458313, -0.2860304117202759, -0.25211089849472046, -0.21819138526916504, -0.18427187204360962, -0.1503523588180542, -0.11643290519714355, -0.08251339197158813, -0.048593878746032715, -0.014674365520477295, 0.019245147705078125, 0.053164660930633545, 0.08708417415618896, 0.12100362777709961, 0.15492314100265503, 0.18884265422821045, 0.22276222705841064, 0.2566816806793213, 0.29060113430023193, 0.32452070713043213, 0.3584401607513428, 0.39235973358154297, 0.4262791872024536, 0.4601987600326538, 0.49411821365356445, 0.5280377864837646, 0.5619572401046753, 0.5958766937255859, 0.6297962665557861, 0.6637157201766968, 0.697635293006897, 0.7315547466278076, 0.7654743194580078, 0.7993937730789185, 0.8333132266998291, 0.8672327995300293, 0.9011522531509399, 0.9350718259811401, 0.9689912796020508, 1.002910852432251, 1.0368303060531616, 1.0707497596740723, 1.1046693325042725, 1.138588786125183, 1.1725082397460938, 1.206427812576294, 1.2403473854064941, 1.2742669582366943, 1.3081862926483154, 1.342105746269226]}, "_wandb": {"runtime": 10}}