{"loss": 0.00019882488413713872, "_timestamp": 1739987297.4541376, "_runtime": 178.2503125667572, "_step": 2793, "params/['params']['last']['bias']": {"_type": "histogram", "values": [0, 0, 0, 0, 0, 0, 0, 0, 0, 0, 0, 0, 0, 0, 0, 0, 0, 0, 0, 0, 0, 0, 0, 0, 0, 0, 0, 0, 0, 0, 0, 0, 2, 0, 0, 0, 0, 0, 0, 0, 0, 0, 0, 0, 0, 0, 0, 0, 0, 0, 0, 0, 0, 0, 0, 0, 0, 0, 0, 0, 0, 0, 0, 0], "bins": [-0.5, -0.484375, -0.46875, -0.453125, -0.4375, -0.421875, -0.40625, -0.390625, -0.375, -0.359375, -0.34375, -0.328125, -0.3125, -0.296875, -0.28125, -0.265625, -0.25, -0.234375, -0.21875, -0.203125, -0.1875, -0.171875, -0.15625, -0.140625, -0.125, -0.109375, -0.09375, -0.078125, -0.0625, -0.046875, -0.03125, -0.015625, 0.0, 0.015625, 0.03125, 0.046875, 0.0625, 0.078125, 0.09375, 0.109375, 0.125, 0.140625, 0.15625, 0.171875, 0.1875, 0.203125, 0.21875, 0.234375, 0.25, 0.265625, 0.28125, 0.296875, 0.3125, 0.328125, 0.34375, 0.359375, 0.375, 0.390625, 0.40625, 0.421875, 0.4375, 0.453125, 0.46875, 0.484375, 0.5]}, "params/['params']['last']['kernel']": {"_type": "histogram", "values": [2, 0, 0, 0, 0, 0, 0, 0, 0, 0, 0, 0, 0, 0, 0, 0, 0, 0, 0, 0, 0, 0, 0, 0, 0, 0, 0, 0, 0, 0, 0, 0, 0, 0, 0, 0, 0, 0, 0, 0, 0, 30, 0, 0, 0, 0, 0, 0, 0, 0, 0, 0, 0, 0, 0, 0, 0, 0, 0, 0, 0, 0, 2, 2], "bins": [-0.016630182042717934, -0.01623244397342205, -0.015834705904126167, -0.015436967834830284, -0.015039229765534401, -0.014641491696238518, -0.014243753626942635, -0.013846015557646751, -0.013448277488350868, -0.013050539419054985, -0.012652801349759102, -0.012255063280463219, -0.011857325211167336, -0.011459587141871452, -0.01106184907257557, -0.010664111003279686, -0.010266372933983803, -0.00986863486468792, -0.009470896795392036, -0.009073158726096153, -0.00867542065680027, -0.008277682587504387, -0.007879944518208504, -0.0074822064489126205, -0.007084468379616737, -0.006686730310320854, -0.006288992241024971, -0.005891254171729088, -0.005493516102433205, -0.0050957780331373215, -0.004698039963841438, -0.004300301894545555, -0.003902563825249672, -0.0035048257559537888, -0.0031070876866579056, -0.0027093496173620224, -0.0023116115480661392, -0.001913873478770256, -0.0015161354094743729, -0.0011183973401784897, -0.0007206592708826065, -0.00032292120158672333, 7.481686770915985e-05, 0.00047255493700504303, 0.0008702930063009262, 0.0012680310755968094, 0.0016657691448926926, 0.0020635072141885757, 0.002461245283484459, 0.002858983352780342, 0.0032567214220762253, 0.0036544594913721085, 0.004052197560667992, 0.004449935629963875, 0.004847673699259758, 0.005245411768555641, 0.005643149837851524, 0.0060408879071474075, 0.006438625976443291, 0.006836364045739174, 0.007234102115035057, 0.00763184018433094, 0.008029578253626823, 0.008427316322922707, 0.008825053460896015]}, "params/['params']['layers_0']['linear_layer']['bias']": {"_type": "histogram", "values": [0, 0, 0, 0, 0, 0, 0, 0, 0, 0, 0, 0, 0, 0, 0, 0, 0, 0, 0, 0, 0, 0, 0, 0, 0, 0, 0, 0, 0, 0, 0, 0, 22, 0, 0, 0, 0, 0, 0, 0, 0, 0, 0, 0, 0, 0, 0, 0, 0, 0, 0, 0, 0, 0, 0, 0, 0, 0, 0, 0, 0, 0, 0, 0], "bins": [-0.5, -0.484375, -0.46875, -0.453125, -0.4375, -0.421875, -0.40625, -0.390625, -0.375, -0.359375, -0.34375, -0.328125, -0.3125, -0.296875, -0.28125, -0.265625, -0.25, -0.234375, -0.21875, -0.203125, -0.1875, -0.171875, -0.15625, -0.140625, -0.125, -0.109375, -0.09375, -0.078125, -0.0625, -0.046875, -0.03125, -0.015625, 0.0, 0.015625, 0.03125, 0.046875, 0.0625, 0.078125, 0.09375, 0.109375, 0.125, 0.140625, 0.15625, 0.171875, 0.1875, 0.203125, 0.21875, 0.234375, 0.25, 0.265625, 0.28125, 0.296875, 0.3125, 0.328125, 0.34375, 0.359375, 0.375, 0.390625, 0.40625, 0.421875, 0.4375, 0.453125, 0.46875, 0.484375, 0.5]}, "params/['params']['layers_0']['linear_layer']['kernel']": {"_type": "histogram", "values": [1, 0, 0, 0, 0, 0, 0, 0, 0, 0, 0, 0, 0, 0, 0, 0, 0, 0, 0, 0, 0, 0, 0, 0, 0, 0, 0, 0, 0, 0, 0, 0, 0, 0, 0, 0, 0, 0, 42, 0, 0, 0, 0, 0, 0, 0, 0, 0, 0, 0, 0, 0, 0, 0, 0, 0, 0, 0, 0, 0, 0, 0, 0, 1], "bins": [-0.8358054757118225, -0.8143534660339355, -0.7929015159606934, -0.7714495062828064, -0.7499974966049194, -0.7285455465316772, -0.7070935368537903, -0.6856415271759033, -0.6641895771026611, -0.642737627029419, -0.621285617351532, -0.599833607673645, -0.5783816576004028, -0.5569296479225159, -0.5354776382446289, -0.5140256881713867, -0.49257367849349976, -0.4711216986179352, -0.4496697187423706, -0.42821770906448364, -0.40676572918891907, -0.3853137493133545, -0.36386173963546753, -0.34240975975990295, -0.3209577798843384, -0.2995057702064514, -0.27805382013320923, -0.25660181045532227, -0.2351498007774353, -0.21369785070419312, -0.19224584102630615, -0.17079389095306396, -0.149341881275177, -0.12788987159729004, -0.10643792152404785, -0.08498591184616089, -0.0635339617729187, -0.04208195209503174, -0.020629942417144775, 0.0008220076560974121, 0.022274017333984375, 0.04372602701187134, 0.06517797708511353, 0.08662998676300049, 0.10808199644088745, 0.12953394651412964, 0.1509859561920166, 0.17243796586990356, 0.19388991594314575, 0.21534186601638794, 0.23679393529891968, 0.25824588537216187, 0.27969783544540405, 0.3011499047279358, 0.322601854801178, 0.34405380487442017, 0.3655058741569519, 0.3869578242301941, 0.4084097743034363, 0.42986172437667847, 0.4513137936592102, 0.4727657437324524, 0.4942176938056946, 0.5156697630882263, 0.5371217727661133]}, "params/['params']['layers_1']['linear_layer']['bias']": {"_type": "histogram", "values": [0, 0, 0, 0, 0, 0, 0, 0, 0, 0, 0, 0, 0, 0, 0, 0, 0, 0, 0, 0, 0, 0, 0, 0, 0, 0, 0, 0, 0, 0, 0, 0, 22, 0, 0, 0, 0, 0, 0, 0, 0, 0, 0, 0, 0, 0, 0, 0, 0, 0, 0, 0, 0, 0, 0, 0, 0, 0, 0, 0, 0, 0, 0, 0], "bins": [-0.5, -0.484375, -0.46875, -0.453125, -0.4375, -0.421875, -0.40625, -0.390625, -0.375, -0.359375, -0.34375, -0.328125, -0.3125, -0.296875, -0.28125, -0.265625, -0.25, -0.234375, -0.21875, -0.203125, -0.1875, -0.171875, -0.15625, -0.140625, -0.125, -0.109375, -0.09375, -0.078125, -0.0625, -0.046875, -0.03125, -0.015625, 0.0, 0.015625, 0.03125, 0.046875, 0.0625, 0.078125, 0.09375, 0.109375, 0.125, 0.140625, 0.15625, 0.171875, 0.1875, 0.203125, 0.21875, 0.234375, 0.25, 0.265625, 0.28125, 0.296875, 0.3125, 0.328125, 0.34375, 0.359375, 0.375, 0.390625, 0.40625, 0.421875, 0.4375, 0.453125, 0.46875, 0.484375, 0.5]}, "params/['params']['layers_1']['linear_layer']['kernel']": {"_type": "histogram", "values": [1, 0, 0, 0, 0, 0, 0, 0, 0, 0, 0, 0, 0, 0, 0, 0, 0, 0, 0, 0, 0, 0, 0, 392, 0, 0, 0, 0, 0, 0, 0, 0, 0, 0, 0, 0, 0, 0, 0, 0, 0, 0, 0, 0, 0, 0, 1, 0, 0, 0, 0, 0, 0, 0, 0, 0, 0, 0, 0, 0, 0, 0, 0, 2], "bins": [-2.117964506149292, -2.0261330604553223, -1.934301733970642, -1.8424702882766724, -1.7506389617919922, -1.6588075160980225, -1.5669760704040527, -1.475144624710083, -1.3833132982254028, -1.2914819717407227, -1.199650526046753, -1.1078190803527832, -1.0159876346588135, -0.9241563081741333, -0.8323248624801636, -0.7404935359954834, -0.6486620903015137, -0.556830644607544, -0.46499931812286377, -0.37316787242889404, -0.28133654594421387, -0.18950510025024414, -0.09767365455627441, -0.0058422088623046875, 0.08598923683166504, 0.17782044410705566, 0.2696518898010254, 0.3614833354949951, 0.45331478118896484, 0.5451462268829346, 0.6369774341583252, 0.7288088798522949, 0.8206403255462646, 0.9124717712402344, 1.004303216934204, 1.0961344242095947, 1.1879658699035645, 1.2797973155975342, 1.371628761291504, 1.4634602069854736, 1.5552914142608643, 1.647122859954834, 1.7389543056488037, 1.8307857513427734, 1.9226171970367432, 2.014448404312134, 2.1062800884246826, 2.1981112957000732, 2.289942979812622, 2.3817741870880127, 2.4736053943634033, 2.565437078475952, 2.6572682857513428, 2.7490999698638916, 2.8409311771392822, 2.932762384414673, 3.0245940685272217, 3.1164252758026123, 3.208256959915161, 3.3000881671905518, 3.3919193744659424, 3.483751058578491, 3.575582265853882, 3.6674139499664307, 3.759244918823242]}, "validation_loss": 0.0002006394206546247, "_wandb": {"runtime": 180}}