{"loss": 1.6143612810992636e-05, "_timestamp": 1739551142.1237965, "_runtime": 179.23840856552124, "_step": 405, "validation_loss": 1.6543686797376722e-05, "params/['params']['last']['bias']": {"_type": "histogram", "values": [1, 0, 0, 0, 0, 0, 0, 0, 0, 0, 0, 0, 0, 0, 0, 0, 0, 0, 0, 0, 0, 0, 0, 0, 0, 0, 0, 0, 0, 0, 0, 0, 0, 0, 0, 0, 0, 0, 0, 0, 0, 0, 0, 0, 0, 0, 0, 0, 0, 0, 0, 0, 0, 0, 0, 0, 0, 0, 0, 0, 0, 0, 0, 1], "bins": [0.0, 0.008133435621857643, 0.016266871243715286, 0.02440030686557293, 0.03253374248743057, 0.040667176246643066, 0.04880061373114586, 0.05693405121564865, 0.06506748497486115, 0.07320091873407364, 0.08133435249328613, 0.08946779370307922, 0.09760122746229172, 0.10573466122150421, 0.1138681024312973, 0.1220015361905098, 0.1301349699497223, 0.13826841115951538, 0.14640183746814728, 0.15453527867794037, 0.16266870498657227, 0.17080214619636536, 0.17893558740615845, 0.18706901371479034, 0.19520245492458344, 0.20333589613437653, 0.21146932244300842, 0.2196027636528015, 0.2277362048625946, 0.2358696311712265, 0.2440030723810196, 0.2521364986896515, 0.2602699398994446, 0.26840338110923767, 0.27653682231903076, 0.28467023372650146, 0.29280367493629456, 0.30093711614608765, 0.30907055735588074, 0.31720399856567383, 0.32533740997314453, 0.3334708511829376, 0.3416042923927307, 0.3497377336025238, 0.3578711748123169, 0.36600461602211, 0.3741380274295807, 0.3822714686393738, 0.39040490984916687, 0.39853835105895996, 0.40667179226875305, 0.41480520367622375, 0.42293864488601685, 0.43107208609580994, 0.439205527305603, 0.4473389685153961, 0.4554724097251892, 0.4636058211326599, 0.471739262342453, 0.4798727035522461, 0.4880061447620392, 0.4961395859718323, 0.504272997379303, 0.5124064683914185, 0.5205398797988892]}, "params/['params']['last']['kernel']": {"_type": "histogram", "values": [1, 0, 0, 0, 0, 0, 0, 2, 0, 0, 0, 0, 0, 0, 0, 0, 0, 0, 0, 0, 0, 0, 0, 0, 0, 0, 0, 0, 0, 0, 0, 0, 0, 0, 0, 0, 0, 0, 0, 0, 0, 0, 0, 0, 0, 0, 0, 0, 0, 0, 0, 0, 0, 1, 0, 0, 2, 0, 0, 0, 0, 0, 0, 24], "bins": [-0.23854655027389526, -0.23481926321983337, -0.23109197616577148, -0.2273646742105484, -0.2236373871564865, -0.21991010010242462, -0.21618281304836273, -0.21245552599430084, -0.20872822403907776, -0.20500093698501587, -0.20127364993095398, -0.1975463628768921, -0.1938190758228302, -0.1900917887687683, -0.18636450171470642, -0.18263719975948334, -0.17890991270542145, -0.17518262565135956, -0.17145532369613647, -0.16772803664207458, -0.1640007495880127, -0.1602734625339508, -0.15654617547988892, -0.15281888842582703, -0.14909160137176514, -0.14536431431770325, -0.14163701236248016, -0.13790972530841827, -0.13418243825435638, -0.1304551362991333, -0.1267278492450714, -0.12300056219100952, -0.11927327513694763, -0.11554598808288574, -0.11181870102882385, -0.10809139907360077, -0.10436411201953888, -0.10063682496547699, -0.0969095379114151, -0.09318225085735321, -0.08945494890213013, -0.08572766184806824, -0.08200037479400635, -0.07827308773994446, -0.07454580068588257, -0.07081851363182068, -0.0670912116765976, -0.0633639246225357, -0.059636637568473816, -0.055909350514411926, -0.05218206346035004, -0.04845476150512695, -0.044727474451065063, -0.041000187397003174, -0.037272900342941284, -0.033545613288879395, -0.029818326234817505, -0.02609102427959442, -0.022363737225532532, -0.018636450171470642, -0.014909163117408752, -0.011181876063346863, -0.007454574108123779, -0.0037272870540618896, 0.0]}, "params/['params']['layers_0']['linear_layer']['bias']": {"_type": "histogram", "values": [0, 0, 0, 0, 0, 0, 0, 0, 0, 0, 0, 0, 0, 0, 0, 0, 0, 0, 0, 0, 0, 0, 0, 0, 0, 0, 0, 0, 0, 0, 0, 0, 18, 0, 0, 0, 0, 0, 0, 0, 0, 0, 0, 0, 0, 0, 0, 0, 0, 0, 0, 0, 0, 0, 0, 0, 0, 0, 0, 0, 0, 0, 0, 0], "bins": [-0.5, -0.484375, -0.46875, -0.453125, -0.4375, -0.421875, -0.40625, -0.390625, -0.375, -0.359375, -0.34375, -0.328125, -0.3125, -0.296875, -0.28125, -0.265625, -0.25, -0.234375, -0.21875, -0.203125, -0.1875, -0.171875, -0.15625, -0.140625, -0.125, -0.109375, -0.09375, -0.078125, -0.0625, -0.046875, -0.03125, -0.015625, 0.0, 0.015625, 0.03125, 0.046875, 0.0625, 0.078125, 0.09375, 0.109375, 0.125, 0.140625, 0.15625, 0.171875, 0.1875, 0.203125, 0.21875, 0.234375, 0.25, 0.265625, 0.28125, 0.296875, 0.3125, 0.328125, 0.34375, 0.359375, 0.375, 0.390625, 0.40625, 0.421875, 0.4375, 0.453125, 0.46875, 0.484375, 0.5]}, "params/['params']['layers_0']['linear_layer']['kernel']": {"_type": "histogram", "values": [2, 0, 0, 0, 1, 0, 0, 0, 0, 0, 0, 0, 0, 47, 1, 0, 0, 0, 0, 0, 0, 0, 0, 1, 0, 0, 0, 0, 0, 0, 0, 0, 0, 0, 0, 0, 0, 0, 0, 0, 0, 0, 0, 0, 0, 0, 0, 0, 0, 0, 0, 0, 0, 0, 0, 0, 0, 0, 0, 0, 0, 0, 1, 1], "bins": [-0.45747706294059753, -0.42417094111442566, -0.3908648192882538, -0.3575587272644043, -0.3242526054382324, -0.29094648361206055, -0.25764036178588867, -0.2243342399597168, -0.19102811813354492, -0.15772199630737305, -0.12441587448120117, -0.0911097526550293, -0.05780366063117981, -0.024497538805007935, 0.00880858302116394, 0.042114704847335815, 0.07542082667350769, 0.10872694849967957, 0.14203307032585144, 0.17533919215202332, 0.2086453139781952, 0.24195143580436707, 0.27525755763053894, 0.3085636794567108, 0.3418697416782379, 0.3751758635044098, 0.40848198533058167, 0.44178810715675354, 0.4750942289829254, 0.5084003210067749, 0.5417064428329468, 0.5750125646591187, 0.6083186864852905, 0.6416248083114624, 0.6749309301376343, 0.7082370519638062, 0.741543173789978, 0.7748492956161499, 0.8081554174423218, 0.8414615392684937, 0.8747676610946655, 0.9080737829208374, 0.9413799047470093, 0.9746860265731812, 1.007992148399353, 1.041298270225525, 1.0746043920516968, 1.1079105138778687, 1.141216516494751, 1.1745226383209229, 1.2078287601470947, 1.2411348819732666, 1.2744410037994385, 1.3077471256256104, 1.3410532474517822, 1.374359369277954, 1.407665491104126, 1.4409716129302979, 1.4742777347564697, 1.5075838565826416, 1.5408899784088135, 1.5741961002349854, 1.6075022220611572, 1.640808343887329, 1.674114465713501]}, "params/['params']['layers_1']['linear_layer']['bias']": {"_type": "histogram", "values": [0, 0, 0, 0, 0, 0, 0, 0, 0, 0, 0, 0, 0, 0, 0, 0, 0, 0, 0, 0, 0, 0, 0, 0, 0, 0, 0, 0, 0, 0, 0, 0, 18, 0, 0, 0, 0, 0, 0, 0, 0, 0, 0, 0, 0, 0, 0, 0, 0, 0, 0, 0, 0, 0, 0, 0, 0, 0, 0, 0, 0, 0, 0, 0], "bins": [-0.5, -0.484375, -0.46875, -0.453125, -0.4375, -0.421875, -0.40625, -0.390625, -0.375, -0.359375, -0.34375, -0.328125, -0.3125, -0.296875, -0.28125, -0.265625, -0.25, -0.234375, -0.21875, -0.203125, -0.1875, -0.171875, -0.15625, -0.140625, -0.125, -0.109375, -0.09375, -0.078125, -0.0625, -0.046875, -0.03125, -0.015625, 0.0, 0.015625, 0.03125, 0.046875, 0.0625, 0.078125, 0.09375, 0.109375, 0.125, 0.140625, 0.15625, 0.171875, 0.1875, 0.203125, 0.21875, 0.234375, 0.25, 0.265625, 0.28125, 0.296875, 0.3125, 0.328125, 0.34375, 0.359375, 0.375, 0.390625, 0.40625, 0.421875, 0.4375, 0.453125, 0.46875, 0.484375, 0.5]}, "params/['params']['layers_1']['linear_layer']['kernel']": {"_type": "histogram", "values": [1, 0, 0, 0, 0, 0, 1, 0, 0, 1, 0, 0, 0, 0, 0, 0, 0, 0, 0, 0, 0, 0, 1, 0, 0, 0, 0, 1, 1, 0, 249, 2, 2, 2, 0, 0, 0, 0, 0, 1, 0, 1, 1, 0, 0, 0, 1, 1, 0, 0, 0, 0, 0, 0, 1, 1, 0, 0, 0, 1, 0, 0, 0, 1],