{"loss": 0.0002839087974280119, "_timestamp": 1739541530.762549, "_runtime": 176.52051281929016, "_step": 405, "validation_loss": 0.0003062343457713723, "params/['params']['last']['bias']": {"_type": "histogram", "values": [1, 0, 0, 0, 0, 0, 0, 0, 0, 0, 0, 0, 0, 0, 0, 0, 0, 0, 0, 0, 0, 0, 0, 0, 0, 0, 0, 0, 0, 0, 0, 0, 0, 0, 0, 0, 0, 0, 0, 0, 0, 0, 0, 0, 0, 0, 0, 0, 0, 0, 0, 0, 0, 0, 0, 0, 0, 0, 0, 0, 0, 0, 0, 1], "bins": [0.0, 0.009653790853917599, 0.019307581707835197, 0.02896137163043022, 0.038615163415670395, 0.04826895520091057, 0.05792274326086044, 0.06757653504610062, 0.07723032683134079, 0.08688411861658096, 0.09653791040182114, 0.10619170218706131, 0.11584548652172089, 0.12549927830696106, 0.13515307009220123, 0.1448068618774414, 0.15446065366268158, 0.16411444544792175, 0.17376823723316193, 0.1834220290184021, 0.19307582080364227, 0.20272961258888245, 0.21238340437412262, 0.2220371961593628, 0.23169097304344177, 0.24134476482868195, 0.2509985566139221, 0.2606523633003235, 0.27030614018440247, 0.27995994687080383, 0.2896137237548828, 0.2992675304412842, 0.30892130732536316, 0.31857508420944214, 0.3282288908958435, 0.3378826677799225, 0.34753647446632385, 0.35719025135040283, 0.3668440580368042, 0.3764978349208832, 0.38615164160728455, 0.3958054184913635, 0.4054592251777649, 0.41511300206184387, 0.42476680874824524, 0.4344205856323242, 0.4440743923187256, 0.45372816920280457, 0.46338194608688354, 0.4730357527732849, 0.4826895296573639, 0.49234333634376526, 0.5019971132278442, 0.5116509199142456, 0.521304726600647, 0.5309584736824036, 0.5406122803688049, 0.5502660870552063, 0.5599198937416077, 0.5695736408233643, 0.5792274475097656, 0.588881254196167, 0.5985350608825684, 0.608188807964325, 0.6178426146507263]}, "params/['params']['last']['kernel']": {"_type": "histogram", "values": [2, 0, 39, 0, 0, 0, 0, 0, 0, 0, 0, 0, 0, 0, 0, 0, 0, 0, 0, 0, 0, 0, 0, 0, 0, 0, 0, 0, 0, 0, 0, 0, 0, 0, 0, 0, 0, 0, 0, 0, 0, 0, 0, 0, 0, 0, 0, 0, 0, 0, 0, 0, 0, 0, 0, 0, 0, 0, 0, 0, 0, 0, 0, 1], "bins": [-0.005669024307280779, -0.0030811515171080828, -0.0004932787269353867, 0.002094594296067953, 0.004682466853410006, 0.007270339410752058, 0.009858213365077972, 0.01244608499109745, 0.015033958479762077, 0.017621831968426704, 0.020209703594446182, 0.02279757708311081, 0.025385450571775436, 0.027973324060440063, 0.030561193823814392, 0.03314906731247902, 0.035736940801143646, 0.03832481428980827, 0.0409126877784729, 0.04350055754184723, 0.046088431030511856, 0.04867630451917648, 0.05126417800784111, 0.05385205149650574, 0.056439924985170364, 0.05902779474854469, 0.06161567196249962, 0.06420353800058365, 0.06679140776395798, 0.0693792849779129, 0.07196715474128723, 0.07455503195524216, 0.07714290171861649, 0.07973077148199081, 0.08231864869594574, 0.08490651845932007, 0.087494395673275, 0.09008226543664932, 0.09267013520002365, 0.09525801241397858, 0.0978458821773529, 0.10043375939130783, 0.10302162915468216, 0.10560949891805649, 0.10819737613201141, 0.11078524589538574, 0.11337312310934067, 0.115960992872715, 0.11854887008666992, 0.12113673985004425, 0.12372460961341858, 0.1263124793767929, 0.12890036404132843, 0.13148823380470276, 0.1340761035680771, 0.13666397333145142, 0.13925184309482574, 0.14183972775936127, 0.1444275975227356, 0.14701546728610992, 0.14960333704948425, 0.15219120681285858, 0.1547790914773941, 0.15736696124076843, 0.15995483100414276]}, "params/['params']['layers_0']['linear_layer']['bias']": {"_type": "histogram", "values": [0, 0, 0, 0, 0, 0, 0, 0, 0, 0, 0, 0, 0, 0, 0, 0, 0, 0, 0, 0, 0, 0, 0, 0, 0, 0, 0, 0, 0, 0, 0, 0, 24, 0, 0, 0, 0, 0, 0, 0, 0, 0, 0, 0, 0, 0, 0, 0, 0, 0, 0, 0, 0, 0, 0, 0, 0, 0, 0, 0, 0, 0, 0, 0], "bins": [-0.5, -0.484375, -0.46875, -0.453125, -0.4375, -0.421875, -0.40625, -0.390625, -0.375, -0.359375, -0.34375, -0.328125, -0.3125, -0.296875, -0.28125, -0.265625, -0.25, -0.234375, -0.21875, -0.203125, -0.1875, -0.171875, -0.15625, -0.140625, -0.125, -0.109375, -0.09375, -0.078125, -0.0625, -0.046875, -0.03125, -0.015625, 0.0, 0.015625, 0.03125, 0.046875, 0.0625, 0.078125, 0.09375, 0.109375, 0.125, 0.140625, 0.15625, 0.171875, 0.1875, 0.203125, 0.21875, 0.234375, 0.25, 0.265625, 0.28125, 0.296875, 0.3125, 0.328125, 0.34375, 0.359375, 0.375, 0.390625, 0.40625, 0.421875, 0.4375, 0.453125, 0.46875, 0.484375, 0.5]}, "params/['params']['layers_0']['linear_layer']['kernel']": {"_type": "histogram", "values": [1, 0, 0, 0, 0, 0, 0, 0, 0, 0, 0, 0, 0, 0, 0, 0, 0, 0, 0, 0, 0, 0, 0, 0, 0, 0, 0, 0, 0, 0, 0, 0, 0, 0, 0, 0, 0, 0, 0, 0, 0, 0, 0, 44, 1, 0, 0, 0, 0, 0, 0, 0, 0, 0, 1, 0, 0, 0, 0, 0, 0, 0, 0, 1], "bins": [-1.5911210775375366, -1.5546283721923828, -1.518135666847229, -1.4816429615020752, -1.4451502561569214, -1.4086575508117676, -1.3721648454666138, -1.33567214012146, -1.2991793155670166, -1.2626867294311523, -1.226193904876709, -1.1897011995315552, -1.1532084941864014, -1.1167157888412476, -1.0802230834960938, -1.04373037815094, -1.0072376728057861, -0.9707449674606323, -0.9342522621154785, -0.8977595567703247, -0.8612668514251709, -0.8247740864753723, -0.7882813811302185, -0.7517886757850647, -0.7152959704399109, -0.6788032650947571, -0.6423105597496033, -0.6058178544044495, -0.5693250894546509, -0.5328323841094971, -0.49633967876434326, -0.45984697341918945, -0.42335426807403564, -0.38686156272888184, -0.350368857383728, -0.3138761520385742, -0.2773834466934204, -0.2408907413482666, -0.2043980360031128, -0.16790533065795898, -0.13141262531280518, -0.09491980075836182, -0.05842709541320801, -0.0219343900680542, 0.01455831527709961, 0.05105102062225342, 0.08754372596740723, 0.12403643131256104, 0.16052913665771484, 0.19702184200286865, 0.23351454734802246, 0.27000725269317627, 0.3064999580383301, 0.3429926633834839, 0.3794853687286377, 0.4159780740737915, 0.45247089862823486, 0.4889634847640991, 0.5254563093185425, 0.5619488954544067, 0.5984417200088501, 0.6349343061447144, 0.6714271306991577, 0.707919716835022, 0.7444126605987549]}, "params/['params']['layers_1']['linear_layer']['bias']": {"_type": "histogram", "values": [0, 0, 0, 0, 0, 0, 0, 0, 0, 0, 0, 0, 0, 0, 0, 0, 0, 0, 0, 0, 0, 0, 0, 0, 0, 0, 0, 0, 0, 0, 0, 0, 24, 0, 0, 0, 0, 0, 0, 0, 0, 0, 0, 0, 0, 0, 0, 0, 0, 0, 0, 0, 0, 0, 0, 0, 0, 0, 0, 0, 0, 0, 0, 0], "bins": [-0.5, -0.484375, -0.46875, -0.453125, -0.4375, -0.421875, -0.40625, -0.390625, -0.375, -0.359375, -0.34375, -0.328125, -0.3125, -0.296875, -0.28125, -0.265625, -0.25, -0.234375, -0.21875, -0.203125, -0.1875, -0.171875, -0.15625, -0.140625, -0.125, -0.109375, -0.09375, -0.078125, -0.0625, -0.046875, -0.03125, -0.015625, 0.0, 0.015625, 0.03125, 0.046875, 0.0625, 0.078125, 0.09375, 0.109375, 0.125, 0.140625, 0.15625, 0.171875, 0.1875, 0.203125, 0.21875, 0.234375, 0.25, 0.265625, 0.28125, 0.296875, 0.3125, 0.328125, 0.34375, 0.359375, 0.375, 0.390625, 0.40625, 0.421875, 0.4375, 0.453125, 0.46875, 0.484375, 0.5]}, "params/['params']['layers_1']['linear_layer']['kernel']": {"_type": "histogram", "values": [1, 0, 0, 0, 1, 0, 0, 0, 1, 0, 1, 0, 0, 1, 0, 0, 3, 1, 0, 0, 0, 0, 0, 1, 0, 2, 1, 0, 0, 0, 0, 480, 0, 1, 0, 2, 2, 0, 0, 0, 1, 0, 0, 0, 0, 0, 0, 1, 1, 0, 0, 0, 0, 0, 0, 0, 0, 0, 0, 1, 1, 0, 0, 1],