{"loss": 1.1359680891036987, "_timestamp": 1739304470.0704112, "_runtime": 21.20354413986206, "_step": 27, "params/['params']['last']['bias']": {"_type": "histogram", "values": [1, 0, 0, 0, 0, 0, 0, 0, 0, 0, 0, 0, 0, 0, 0, 0, 0, 0, 0, 0, 0, 0, 0, 0, 0, 0, 0, 0, 0, 0, 0, 0, 0, 0, 0, 0, 0, 0, 0, 0, 0, 0, 0, 0, 0, 0, 0, 0, 0, 0, 0, 0, 0, 0, 0, 0, 0, 0, 0, 0, 0, 0, 0, 1], "bins": [0.8937944173812866, 0.895477831363678, 0.8971612453460693, 0.8988446593284607, 0.900528073310852, 0.9022114872932434, 0.9038949012756348, 0.9055783152580261, 0.9072617292404175, 0.9089451432228088, 0.9106285572052002, 0.9123119711875916, 0.9139953851699829, 0.9156787991523743, 0.9173622131347656, 0.919045627117157, 0.9207290410995483, 0.9224123954772949, 0.9240958094596863, 0.9257792234420776, 0.927462637424469, 0.9291460514068604, 0.9308294653892517, 0.9325128793716431, 0.9341962933540344, 0.9358797073364258, 0.9375631213188171, 0.9392465353012085, 0.9409299492835999, 0.9426133632659912, 0.9442967772483826, 0.9459801912307739, 0.9476636052131653, 0.9493470191955566, 0.951030433177948, 0.9527138471603394, 0.9543972611427307, 0.9560806751251221, 0.9577640891075134, 0.9594475030899048, 0.9611309170722961, 0.9628143310546875, 0.9644977450370789, 0.9661811590194702, 0.9678645730018616, 0.9695479869842529, 0.9712313413619995, 0.9729148149490356, 0.9745981693267822, 0.9762816429138184, 0.9779649972915649, 0.9796484112739563, 0.9813318252563477, 0.983015239238739, 0.9846986532211304, 0.9863820672035217, 0.9880654811859131, 0.9897488951683044, 0.9914323091506958, 0.9931157231330872, 0.9947991371154785, 0.9964825510978699, 0.9981659650802612, 0.9998493790626526, 1.001532793045044]}, "params/['params']['last']['kernel']": {"_type": "histogram", "values": [0, 0, 0, 0, 0, 0, 0, 0, 0, 0, 0, 0, 0, 0, 0, 0, 0, 0, 0, 0, 0, 0, 0, 0, 0, 0, 0, 0, 0, 0, 0, 0, 42, 0, 0, 0, 0, 0, 0, 0, 0, 0, 0, 0, 0, 0, 0, 0, 0, 0, 0, 0, 0, 0, 0, 0, 0, 0, 0, 0, 0, 0, 0, 0], "bins": [-0.5, -0.484375, -0.46875, -0.453125, -0.4375, -0.421875, -0.40625, -0.390625, -0.375, -0.359375, -0.34375, -0.328125, -0.3125, -0.296875, -0.28125, -0.265625, -0.25, -0.234375, -0.21875, -0.203125, -0.1875, -0.171875, -0.15625, -0.140625, -0.125, -0.109375, -0.09375, -0.078125, -0.0625, -0.046875, -0.03125, -0.015625, 0.0, 0.015625, 0.03125, 0.046875, 0.0625, 0.078125, 0.09375, 0.109375, 0.125, 0.140625, 0.15625, 0.171875, 0.1875, 0.203125, 0.21875, 0.234375, 0.25, 0.265625, 0.28125, 0.296875, 0.3125, 0.328125, 0.34375, 0.359375, 0.375, 0.390625, 0.40625, 0.421875, 0.4375, 0.453125, 0.46875, 0.484375, 0.5]}, "params/['params']['layers_0']['linear_layer']['bias']": {"_type": "histogram", "values": [0, 0, 0, 0, 0, 0, 0, 0, 0, 0, 0, 0, 0, 0, 0, 0, 0, 0, 0, 0, 0, 0, 0, 0, 0, 0, 0, 0, 0, 0, 0, 0, 24, 0, 0, 0, 0, 0, 0, 0, 0, 0, 0, 0, 0, 0, 0, 0, 0, 0, 0, 0, 0, 0, 0, 0, 0, 0, 0, 0, 0, 0, 0, 0], "bins": [-0.5, -0.484375, -0.46875, -0.453125, -0.4375, -0.421875, -0.40625, -0.390625, -0.375, -0.359375, -0.34375, -0.328125, -0.3125, -0.296875, -0.28125, -0.265625, -0.25, -0.234375, -0.21875, -0.203125, -0.1875, -0.171875, -0.15625, -0.140625, -0.125, -0.109375, -0.09375, -0.078125, -0.0625, -0.046875, -0.03125, -0.015625, 0.0, 0.015625, 0.03125, 0.046875, 0.0625, 0.078125, 0.09375, 0.109375, 0.125, 0.140625, 0.15625, 0.171875, 0.1875, 0.203125, 0.21875, 0.234375, 0.25, 0.265625, 0.28125, 0.296875, 0.3125, 0.328125, 0.34375, 0.359375, 0.375, 0.390625, 0.40625, 0.421875, 0.4375, 0.453125, 0.46875, 0.484375, 0.5]}, "params/['params']['layers_0']['linear_layer']['kernel']": {"_type": "histogram", "values": [1, 0, 0, 0, 0, 1, 1, 0, 2, 1, 0, 0, 0, 0, 0, 2, 2, 1, 0, 0, 1, 0, 1, 0, 1, 0, 2, 1, 1, 0, 2, 1, 1, 0, 0, 1, 4, 1, 4, 1, 0, 1, 0, 1, 0, 0, 0, 0, 0, 0, 1, 2, 0, 1, 0, 2, 0, 0, 2, 2, 1, 1, 0, 1], "bins": [-1.509218692779541, -1.4665807485580444, -1.4239429235458374, -1.3813049793243408, -1.3386670351028442, -1.2960290908813477, -1.2533912658691406, -1.210753321647644, -1.1681153774261475, -1.1254775524139404, -1.0828396081924438, -1.0402016639709473, -0.9975638389587402, -0.9549258947372437, -0.9122880101203918, -0.8696500658988953, -0.8270121812820435, -0.7843742966651917, -0.7417363524436951, -0.6990984678268433, -0.6564605236053467, -0.6138226389884949, -0.5711847543716431, -0.5285468101501465, -0.48590898513793945, -0.44327104091644287, -0.4006330966949463, -0.3579951524734497, -0.3153573274612427, -0.2727193832397461, -0.2300814390182495, -0.18744361400604248, -0.1448056697845459, -0.10216772556304932, -0.059529900550842285, -0.016891956329345703, 0.02574598789215088, 0.06838381290435791, 0.11102175712585449, 0.15365970134735107, 0.19629764556884766, 0.2389354705810547, 0.28157341480255127, 0.32421135902404785, 0.3668491840362549, 0.40948712825775146, 0.45212507247924805, 0.4947628974914551, 0.5374007225036621, 0.5800387859344482, 0.6226766109466553, 0.6653146743774414, 0.7079524993896484, 0.7505903244018555, 0.7932283878326416, 0.8358662128448486, 0.8785040378570557, 0.9211421012878418, 0.9637799263000488, 1.0064177513122559, 1.049055814743042, 1.091693639755249, 1.134331464767456, 1.1769695281982422, 1.2196072340011597]}, "params/['params']['layers_1']['linear_layer']['bias']": {"_type": "histogram", "values": [0, 0, 0, 0, 0, 0, 0, 0, 0, 0, 0, 0, 0, 0, 0, 0, 0, 0, 0, 0, 0, 0, 0, 0, 0, 0, 0, 0, 0, 0, 0, 0, 24, 0, 0, 0, 0, 0, 0, 0, 0, 0, 0, 0, 0, 0, 0, 0, 0, 0, 0, 0, 0, 0, 0, 0, 0, 0, 0, 0, 0, 0, 0, 0], "bins": [-0.5, -0.484375, -0.46875, -0.453125, -0.4375, -0.421875, -0.40625, -0.390625, -0.375, -0.359375, -0.34375, -0.328125, -0.3125, -0.296875, -0.28125, -0.265625, -0.25, -0.234375, -0.21875, -0.203125, -0.1875, -0.171875, -0.15625, -0.140625, -0.125, -0.109375, -0.09375, -0.078125, -0.0625, -0.046875, -0.03125, -0.015625, 0.0, 0.015625, 0.03125, 0.046875, 0.0625, 0.078125, 0.09375, 0.109375, 0.125, 0.140625, 0.15625, 0.171875, 0.1875, 0.203125, 0.21875, 0.234375, 0.25, 0.265625, 0.28125, 0.296875, 0.3125, 0.328125, 0.34375, 0.359375, 0.375, 0.390625, 0.40625, 0.421875, 0.4375, 0.453125, 0.46875, 0.484375, 0.5]}, "params/['params']['layers_1']['linear_layer']['kernel']": {"_type": "histogram", "values": [5, 1, 3, 4, 2, 1, 8, 8, 3, 4, 4, 5, 7, 6, 11, 14, 9, 8, 7, 13, 8, 10, 15, 17, 13, 13, 10, 19, 19, 4, 13, 11, 10, 12, 5, 14, 11, 10, 15, 10, 7, 12, 8, 8, 13, 11, 8, 6, 10, 6, 8, 5, 3, 7, 3, 6, 1, 5, 3, 3, 3, 2, 2, 2], "bins": [-0.49270209670066833, -0.47729364037513733, -0.46188515424728394, -0.44647669792175293, -0.4310682415962219, -0.4156597852706909, -0.4002513289451599, -0.3848428428173065, -0.3694343864917755, -0.3540259301662445, -0.3386174440383911, -0.3232089877128601, -0.3078005313873291, -0.2923920750617981, -0.2769836187362671, -0.2615751326084137, -0.2461666762828827, -0.23075821995735168, -0.21534976363182068, -0.19994127750396729, -0.18453282117843628, -0.16912436485290527, -0.15371587872505188, -0.13830742239952087, -0.12289896607398987, -0.10749050974845886, -0.09208205342292786, -0.07667356729507446, -0.06126511096954346, -0.04585665464401245, -0.030448168516159058, -0.015039712190628052, 0.0003687441349029541, 0.01577720046043396, 0.031185656785964966, 0.04659411311149597, 0.06200256943702698, 0.07741108536720276, 0.09281954169273376, 0.10822799801826477, 0.12363645434379578, 0.13904491066932678, 0.1544533669948578, 0.1698618233203888, 0.18527033925056458, 0.20067879557609558, 0.2160872519016266, 0.2314957082271576, 0.2469041645526886, 0.2623126208782196, 0.2777210772037506, 0.2931295335292816, 0.3085379898548126, 0.3239465057849884, 0.3393549621105194, 0.3547634184360504, 0.3701718747615814, 0.3855803310871124, 0.40098878741264343, 0.41639724373817444, 0.4318057596683502, 0.4472142159938812, 0.46262267231941223, 0.47803112864494324, 0.49343958497047424]}, "_wandb": {"runtime": 20}}