{"division_threshold":0.007088633719831705,"_timestamp":1.73750625570231e+09,"_runtime":188.055656,"_step":388,"_wandb":{"runtime":206},"loss":4.627359885489568e-05}