{"loss": 0.00030639124452136457, "_timestamp": 1739372042.8707004, "_runtime": 209.82626724243164, "_step": 404, "params/['params']['last']['bias']": {"_type": "histogram", "values": [0, 0, 0, 0, 0, 0, 0, 0, 0, 0, 0, 0, 0, 0, 0, 0, 0, 0, 0, 0, 0, 0, 0, 0, 0, 0, 0, 0, 0, 0, 0, 0, 2, 0, 0, 0, 0, 0, 0, 0, 0, 0, 0, 0, 0, 0, 0, 0, 0, 0, 0, 0, 0, 0, 0, 0, 0, 0, 0, 0, 0, 0, 0, 0], "bins": [-0.5, -0.484375, -0.46875, -0.453125, -0.4375, -0.421875, -0.40625, -0.390625, -0.375, -0.359375, -0.34375, -0.328125, -0.3125, -0.296875, -0.28125, -0.265625, -0.25, -0.234375, -0.21875, -0.203125, -0.1875, -0.171875, -0.15625, -0.140625, -0.125, -0.109375, -0.09375, -0.078125, -0.0625, -0.046875, -0.03125, -0.015625, 0.0, 0.015625, 0.03125, 0.046875, 0.0625, 0.078125, 0.09375, 0.109375, 0.125, 0.140625, 0.15625, 0.171875, 0.1875, 0.203125, 0.21875, 0.234375, 0.25, 0.265625, 0.28125, 0.296875, 0.3125, 0.328125, 0.34375, 0.359375, 0.375, 0.390625, 0.40625, 0.421875, 0.4375, 0.453125, 0.46875, 0.484375, 0.5]}, "params/['params']['last']['kernel']": {"_type": "histogram", "values": [2, 0, 0, 0, 0, 0, 0, 0, 0, 0, 0, 0, 0, 0, 0, 0, 0, 0, 0, 0, 39, 0, 0, 0, 0, 0, 0, 0, 0, 0, 0, 0, 0, 0, 0, 0, 0, 0, 0, 0, 0, 0, 0, 0, 0, 0, 0, 0, 0, 0, 0, 0, 0, 0, 0, 0, 0, 0, 0, 0, 0, 0, 0, 1], "bins": [-0.008745148777961731, -0.008327925577759743, -0.00791070144623518, -0.007493478246033192, -0.0070762550458312035, -0.006659031379967928, -0.006241807714104652, -0.005824584513902664, -0.005407360848039389, -0.004990137182176113, -0.004572913981974125, -0.004155690316110849, -0.003738466650247574, -0.0033212434500455856, -0.00290401978418231, -0.002486796583980322, -0.0020695729181170464, -0.0016523492522537708, -0.0012351260520517826, -0.0008179023861885071, -0.00040067918598651886, 1.6544945538043976e-05, 0.0004337681457400322, 0.0008509913459420204, 0.0012682154774665833, 0.0016854386776685715, 0.0021026618778705597, 0.002519885078072548, 0.0029371092095971107, 0.003354332409799099, 0.003771555610001087, 0.00418877974152565, 0.004606002941727638, 0.0050232261419296265, 0.005440450273454189, 0.0058576734736561775, 0.006274896673858166, 0.006692120805382729, 0.007109344005584717, 0.007526567205786705, 0.007943790405988693, 0.008361013606190681, 0.008778238669037819, 0.009195461869239807, 0.009612685069441795, 0.010029908269643784, 0.010447131469845772, 0.01086435467004776, 0.011281579732894897, 0.011698802933096886, 0.012116026133298874, 0.012533249333500862, 0.01295047253370285, 0.013367695733904839, 0.013784918934106827, 0.014202143996953964, 0.014619367197155952, 0.01503659039735794, 0.015453813597559929, 0.015871036797761917, 0.016288259997963905, 0.016705485060811043, 0.01712270826101303, 0.01753993146121502, 0.017957154661417007]}, "params/['params']['layers_0']['linear_layer']['bias']": {"_type": "histogram", "values": [0, 0, 0, 0, 0, 0, 0, 0, 0, 0, 0, 0, 0, 0, 0, 0, 0, 0, 0, 0, 0, 0, 0, 0, 0, 0, 0, 0, 0, 0, 0, 0, 24, 0, 0, 0, 0, 0, 0, 0, 0, 0, 0, 0, 0, 0, 0, 0, 0, 0, 0, 0, 0, 0, 0, 0, 0, 0, 0, 0, 0, 0, 0, 0], "bins": [-0.5, -0.484375, -0.46875, -0.453125, -0.4375, -0.421875, -0.40625, -0.390625, -0.375, -0.359375, -0.34375, -0.328125, -0.3125, -0.296875, -0.28125, -0.265625, -0.25, -0.234375, -0.21875, -0.203125, -0.1875, -0.171875, -0.15625, -0.140625, -0.125, -0.109375, -0.09375, -0.078125, -0.0625, -0.046875, -0.03125, -0.015625, 0.0, 0.015625, 0.03125, 0.046875, 0.0625, 0.078125, 0.09375, 0.109375, 0.125, 0.140625, 0.15625, 0.171875, 0.1875, 0.203125, 0.21875, 0.234375, 0.25, 0.265625, 0.28125, 0.296875, 0.3125, 0.328125, 0.34375, 0.359375, 0.375, 0.390625, 0.40625, 0.421875, 0.4375, 0.453125, 0.46875, 0.484375, 0.5]}, "params/['params']['layers_0']['linear_layer']['kernel']": {"_type": "histogram", "values": [1, 0, 0, 0, 0, 0, 0, 0, 0, 0, 0, 0, 0, 0, 0, 0, 0, 0, 0, 0, 0, 0, 0, 0, 46, 0, 0, 0, 0, 0, 0, 0, 0, 0, 0, 0, 0, 0, 0, 0, 0, 0, 0, 0, 0, 0, 0, 0, 0, 0, 0, 0, 0, 0, 0, 0, 0, 0, 0, 0, 0, 0, 0, 1], "bins": [-0.501004159450531, -0.48088812828063965, -0.4607720971107483, -0.44065606594085693, -0.4205400049686432, -0.40042397379875183, -0.3803079426288605, -0.36019188165664673, -0.34007585048675537, -0.319959819316864, -0.29984378814697266, -0.2797277569770813, -0.25961172580718994, -0.23949569463729858, -0.21937963366508484, -0.19926360249519348, -0.17914757132530212, -0.15903154015541077, -0.1389155089855194, -0.11879944801330566, -0.0986834168434143, -0.07856738567352295, -0.05845135450363159, -0.038335323333740234, -0.018219292163848877, 0.0018967390060424805, 0.022012770175933838, 0.04212886095046997, 0.06224489212036133, 0.08236092329025269, 0.10247695446014404, 0.1225929856300354, 0.14270901679992676, 0.16282504796981812, 0.18294107913970947, 0.20305711030960083, 0.2231731414794922, 0.24328917264938354, 0.2634052634239197, 0.28352129459381104, 0.3036373257637024, 0.32375335693359375, 0.3438693881034851, 0.36398541927337646, 0.3841014504432678, 0.4042174816131592, 0.42433351278305054, 0.4444495439529419, 0.46456557512283325, 0.4846816658973694, 0.504797637462616, 0.5249137282371521, 0.5450296998023987, 0.5651457905769348, 0.585261881351471, 0.6053778529167175, 0.6254939436912537, 0.6456099152565002, 0.6657260060310364, 0.685841977596283, 0.7059580683708191, 0.7260740399360657, 0.7461901307106018, 0.7663061022758484, 0.7864221930503845]}, "params/['params']['layers_1']['linear_layer']['bias']": {"_type": "histogram", "values": [0, 0, 0, 0, 0, 0, 0, 0, 0, 0, 0, 0, 0, 0, 0, 0, 0, 0, 0, 0, 0, 0, 0, 0, 0, 0, 0, 0, 0, 0, 0, 0, 24, 0, 0, 0, 0, 0, 0, 0, 0, 0, 0, 0, 0, 0, 0, 0, 0, 0, 0, 0, 0, 0, 0, 0, 0, 0, 0, 0, 0, 0, 0, 0], "bins": [-0.5, -0.484375, -0.46875, -0.453125, -0.4375, -0.421875, -0.40625, -0.390625, -0.375, -0.359375, -0.34375, -0.328125, -0.3125, -0.296875, -0.28125, -0.265625, -0.25, -0.234375, -0.21875, -0.203125, -0.1875, -0.171875, -0.15625, -0.140625, -0.125, -0.109375, -0.09375, -0.078125, -0.0625, -0.046875, -0.03125, -0.015625, 0.0, 0.015625, 0.03125, 0.046875, 0.0625, 0.078125, 0.09375, 0.109375, 0.125, 0.140625, 0.15625, 0.171875, 0.1875, 0.203125, 0.21875, 0.234375, 0.25, 0.265625, 0.28125, 0.296875, 0.3125, 0.328125, 0.34375, 0.359375, 0.375, 0.390625, 0.40625, 0.421875, 0.4375, 0.453125, 0.46875, 0.484375, 0.5]}, "params/['params']['layers_1']['linear_layer']['kernel']": {"_type": "histogram", "values": [1, 0, 0, 0, 0, 0, 0, 0, 0, 0, 0, 0, 0, 0, 0, 0, 0, 0, 0, 0, 0, 0, 0, 0, 0, 1, 0, 0, 1, 1, 0, 0, 494, 1, 0, 1, 0, 0, 0, 1, 0, 0, 0, 0, 0, 0, 0, 0, 0, 0, 2, 0, 0, 0, 0, 0, 0, 0, 0, 0, 0, 0, 0, 1], "bins": [-3.9944100379943848, -3.869584798812866, -3.7447597980499268, -3.619934558868408, -3.4951095581054688, -3.37028431892395, -3.2454590797424316, -3.120634078979492, -2.9958088397979736, -2.870983600616455, -2.7461585998535156, -2.621333360671997, -2.4965081214904785, -2.371683120727539, -2.2468578815460205, -2.122032642364502, -1.9972076416015625, -1.872382402420044, -1.7475574016571045, -1.622732162475586, -1.4979071617126465, -1.373081922531128, -1.2482566833496094, -1.12343168258667, -0.9986064434051514, -0.8737812042236328, -0.7489562034606934, -0.6241309642791748, -0.49930572509765625, -0.3744807243347168, -0.24965548515319824, -0.12483048439025879, -5.245208740234375e-06, 0.12481975555419922, 0.24964523315429688, 0.37447023391723633, 0.4992952346801758, 0.6241207122802734, 0.7489457130432129, 0.8737707138061523, 0.9985957145690918, 1.1234211921691895, 1.248246192932129, 1.3730711936950684, 1.497896671295166, 1.6227216720581055, 1.747546672821045, 1.8723721504211426, 1.997197151184082, 2.1220221519470215, 2.246847629547119, 2.3716726303100586, 2.496497631072998, 2.6213231086730957, 2.746148109436035, 2.8709731101989746, 2.9957985877990723, 3.1206235885620117, 3.245448589324951, 3.3702735900878906, 3.4950990676879883, 3.6199240684509277, 3.744749069213867, 3.869574546813965, 3.9943997859954834]}, "_wandb": {"runtime": 209}}