{"loss": 1.68785612656569e-14, "_timestamp": 1739549762.1605692, "_runtime": 181.15346217155457, "_step": 405, "validation_loss": 9.09928277609837e-15, "params/['params']['last']['bias']": {"_type": "histogram", "values": [0, 0, 0, 0, 0, 0, 0, 0, 0, 0, 0, 0, 0, 0, 0, 0, 0, 0, 0, 0, 0, 0, 0, 0, 0, 0, 0, 0, 0, 0, 0, 0, 2, 0, 0, 0, 0, 0, 0, 0, 0, 0, 0, 0, 0, 0, 0, 0, 0, 0, 0, 0, 0, 0, 0, 0, 0, 0, 0, 0, 0, 0, 0, 0], "bins": [-0.5, -0.484375, -0.46875, -0.453125, -0.4375, -0.421875, -0.40625, -0.390625, -0.375, -0.359375, -0.34375, -0.328125, -0.3125, -0.296875, -0.28125, -0.265625, -0.25, -0.234375, -0.21875, -0.203125, -0.1875, -0.171875, -0.15625, -0.140625, -0.125, -0.109375, -0.09375, -0.078125, -0.0625, -0.046875, -0.03125, -0.015625, 0.0, 0.015625, 0.03125, 0.046875, 0.0625, 0.078125, 0.09375, 0.109375, 0.125, 0.140625, 0.15625, 0.171875, 0.1875, 0.203125, 0.21875, 0.234375, 0.25, 0.265625, 0.28125, 0.296875, 0.3125, 0.328125, 0.34375, 0.359375, 0.375, 0.390625, 0.40625, 0.421875, 0.4375, 0.453125, 0.46875, 0.484375, 0.5]}, "params/['params']['last']['kernel']": {"_type": "histogram", "values": [1, 0, 0, 0, 0, 0, 0, 0, 0, 0, 0, 0, 0, 0, 0, 0, 0, 0, 0, 0, 0, 0, 0, 0, 0, 0, 0, 0, 0, 0, 0, 0, 0, 0, 0, 0, 0, 0, 0, 0, 0, 0, 0, 0, 0, 0, 0, 0, 0, 0, 0, 2, 0, 0, 0, 0, 0, 0, 24, 0, 0, 0, 1, 2], "bins": [-0.09111727029085159, -0.08956301957368851, -0.08800876885652542, -0.08645451813936234, -0.08490027487277985, -0.08334602415561676, -0.08179177343845367, -0.08023752272129059, -0.0786832720041275, -0.07712902128696442, -0.07557477056980133, -0.07402051985263824, -0.07246626913547516, -0.07091201841831207, -0.06935777515172958, -0.0678035244345665, -0.06624927371740341, -0.06469502300024033, -0.06314077228307724, -0.06158652529120445, -0.06003227457404137, -0.05847802385687828, -0.05692377686500549, -0.05536952614784241, -0.05381527543067932, -0.052261024713516235, -0.05070677399635315, -0.04915252700448036, -0.047598276287317276, -0.04604402557015419, -0.0444897785782814, -0.04293552786111832, -0.04138127714395523, -0.039827026426792145, -0.03827277570962906, -0.03671852871775627, -0.035164278000593185, -0.0336100272834301, -0.03205578029155731, -0.030501529574394226, -0.02894727885723114, -0.027393028140068054, -0.025838777422904968, -0.024284526705741882, -0.022730283439159393, -0.021176032721996307, -0.01962178200483322, -0.018067531287670135, -0.01651328057050705, -0.014959029853343964, -0.013404779136180878, -0.011850528419017792, -0.010296277701854706, -0.008742034435272217, -0.007187783718109131, -0.005633533000946045, -0.004079282283782959, -0.002525031566619873, -0.0009707808494567871, 0.0005834698677062988, 0.002137713134288788, 0.0036919638514518738, 0.00524621456861496, 0.006800465285778046, 0.008354716934263706]}, "params/['params']['layers_0']['linear_layer']['bias']": {"_type": "histogram", "values": [0, 0, 0, 0, 0, 0, 0, 0, 0, 0, 0, 0, 0, 0, 0, 0, 0, 0, 0, 0, 0, 0, 0, 0, 0, 0, 0, 0, 0, 0, 0, 0, 18, 0, 0, 0, 0, 0, 0, 0, 0, 0, 0, 0, 0, 0, 0, 0, 0, 0, 0, 0, 0, 0, 0, 0, 0, 0, 0, 0, 0, 0, 0, 0], "bins": [-0.5, -0.484375, -0.46875, -0.453125, -0.4375, -0.421875, -0.40625, -0.390625, -0.375, -0.359375, -0.34375, -0.328125, -0.3125, -0.296875, -0.28125, -0.265625, -0.25, -0.234375, -0.21875, -0.203125, -0.1875, -0.171875, -0.15625, -0.140625, -0.125, -0.109375, -0.09375, -0.078125, -0.0625, -0.046875, -0.03125, -0.015625, 0.0, 0.015625, 0.03125, 0.046875, 0.0625, 0.078125, 0.09375, 0.109375, 0.125, 0.140625, 0.15625, 0.171875, 0.1875, 0.203125, 0.21875, 0.234375, 0.25, 0.265625, 0.28125, 0.296875, 0.3125, 0.328125, 0.34375, 0.359375, 0.375, 0.390625, 0.40625, 0.421875, 0.4375, 0.453125, 0.46875, 0.484375, 0.5]}, "params/['params']['layers_0']['linear_layer']['kernel']": {"_type": "histogram", "values": [1, 0, 0, 0, 0, 0, 0, 51, 0, 0, 0, 0, 0, 0, 0, 0, 0, 0, 0, 0, 0, 0, 0, 0, 0, 0, 0, 0, 0, 0, 0, 0, 0, 0, 0, 0, 0, 0, 0, 0, 0, 0, 0, 0, 0, 0, 0, 0, 0, 0, 0, 0, 0, 0, 0, 0, 0, 0, 0, 1, 0, 0, 0, 1], "bins": [-0.16014829277992249, -0.13853032886981964, -0.1169123724102974, -0.09529441595077515, -0.0736764520406723, -0.05205848813056946, -0.030440539121627808, -0.008822575211524963, 0.01279538869857788, 0.034413352608680725, 0.05603131651878357, 0.07764926552772522, 0.09926721453666687, 0.12088519334793091, 0.14250314235687256, 0.1641211211681366, 0.18573907017707825, 0.2073570191860199, 0.22897499799728394, 0.2505929470062256, 0.2722109258174896, 0.2938288748264313, 0.3154468238353729, 0.33706480264663696, 0.3586827218532562, 0.38030073046684265, 0.4019186794757843, 0.42353662848472595, 0.4451545774936676, 0.46677252650260925, 0.4883905351161957, 0.5100084543228149, 0.5316264629364014, 0.5532443523406982, 0.5748623609542847, 0.5964803695678711, 0.618098258972168, 0.6397162675857544, 0.6613341569900513, 0.6829521656036377, 0.7045701742172241, 0.726188063621521, 0.7478060722351074, 0.7694239616394043, 0.7910419702529907, 0.8126598596572876, 0.834277868270874, 0.8558958768844604, 0.8775137662887573, 0.8991317749023438, 0.9207497835159302, 0.942367672920227, 0.9639856815338135, 0.9856035709381104, 1.0072215795516968, 1.0288395881652832, 1.05045747756958, 1.0720754861831665, 1.0936933755874634, 1.1153113842010498, 1.1369293928146362, 1.158547282218933, 1.1801652908325195, 1.2017831802368164, 1.2234011888504028]}, "params/['params']['layers_1']['linear_layer']['bias']": {"_type": "histogram", "values": [0, 0, 0, 0, 0, 0, 0, 0, 0, 0, 0, 0, 0, 0, 0, 0, 0, 0, 0, 0, 0, 0, 0, 0, 0, 0, 0, 0, 0, 0, 0, 0, 18, 0, 0, 0, 0, 0, 0, 0, 0, 0, 0, 0, 0, 0, 0, 0, 0, 0, 0, 0, 0, 0, 0, 0, 0, 0, 0, 0, 0, 0, 0, 0], "bins": [-0.5, -0.484375, -0.46875, -0.453125, -0.4375, -0.421875, -0.40625, -0.390625, -0.375, -0.359375, -0.34375, -0.328125, -0.3125, -0.296875, -0.28125, -0.265625, -0.25, -0.234375, -0.21875, -0.203125, -0.1875, -0.171875, -0.15625, -0.140625, -0.125, -0.109375, -0.09375, -0.078125, -0.0625, -0.046875, -0.03125, -0.015625, 0.0, 0.015625, 0.03125, 0.046875, 0.0625, 0.078125, 0.09375, 0.109375, 0.125, 0.140625, 0.15625, 0.171875, 0.1875, 0.203125, 0.21875, 0.234375, 0.25, 0.265625, 0.28125, 0.296875, 0.3125, 0.328125, 0.34375, 0.359375, 0.375, 0.390625, 0.40625, 0.421875, 0.4375, 0.453125, 0.46875, 0.484375, 0.5]}, "params/['params']['layers_1']['linear_layer']['kernel']": {"_type": "histogram", "values": [2, 0, 1, 0, 0, 0, 0, 0, 0, 0, 0, 0, 0, 0, 0, 0, 0, 0, 0, 0, 0, 0, 0, 0, 0, 0, 0, 0, 0, 0, 0, 0, 0, 264, 0, 0, 0, 0, 0, 0, 0, 0, 0, 0, 0, 0, 2, 0, 0, 0, 0, 0, 0, 0, 0, 0, 0, 0, 0, 0, 0, 0, 0, 1], "bins": [-2.801182746887207, -2.7172906398773193, -2.6333982944488525, -2.549506187438965, -2.465614080429077, -2.3817219734191895, -2.2978296279907227, -2.213937520980835, -2.1300454139709473, -2.0461530685424805, -1.9622609615325928, -1.8783687353134155, -1.7944765090942383, -1.7105844020843506, -1.6266921758651733, -1.5428000688552856, -1.4589078426361084, -1.3750156164169312, -1.2911235094070435, -1.2072312831878662, -1.1233391761779785, -1.0394469499588013, -0.955554723739624, -0.8716626167297363, -0.7877702713012695, -0.7038781642913818, -0.6199860572814941, -0.5360939502716064, -0.45220160484313965, -0.36830949783325195, -0.28441739082336426, -0.20052504539489746, -0.11663293838500977, -0.03274083137512207, 0.05115151405334473, 0.13504362106323242, 0.21893572807312012, 0.3028280735015869, 0.3867201805114746, 0.4706122875213623, 0.55450439453125, 0.6383967399597168, 0.7222888469696045, 0.8061809539794922, 0.890073299407959, 0.9739654064178467, 1.0578575134277344, 1.1417498588562012, 1.225642204284668, 1.3095340728759766, 1.3934264183044434, 1.477318286895752, 1.5612106323242188, 1.6451029777526855, 1.7289948463439941, 1.812887191772461, 1.8967795372009277, 1.9806714057922363, 2.064563751220703, 2.14845609664917, 2.2323479652404785, 2.3162403106689453, 2.400132656097412, 2.4840245246887207, 2.5679168701171875]}, "_wandb": {"runtime": 177}}