{"loss": 0.0003074637788813561, "_timestamp": 1739542809.1917677, "_runtime": 154.5930516719818, "_step": 405, "validation_loss": 0.0002982118458021432, "params/['params']['last']['bias']": {"_type": "histogram", "values": [1, 0, 0, 0, 0, 0, 0, 0, 0, 0, 0, 0, 0, 0, 0, 0, 0, 0, 0, 0, 0, 0, 0, 0, 0, 0, 0, 0, 0, 0, 0, 0, 0, 0, 0, 0, 0, 0, 0, 0, 0, 0, 0, 0, 0, 0, 0, 0, 0, 0, 0, 0, 0, 0, 0, 0, 0, 0, 0, 0, 0, 0, 0, 1], "bins": [0.0, 0.00048535180394537747, 0.0009707036078907549, 0.0014560554409399629, 0.0019414072157815099, 0.0024267591070383787, 0.0029121108818799257, 0.0033974626567214727, 0.0038828144315630198, 0.00436816643923521, 0.004853518214076757, 0.0053388699889183044, 0.0058242217637598515, 0.0063095735386013985, 0.0067949253134429455, 0.0072802770882844925, 0.0077656288631260395, 0.008250980637967587, 0.00873633287847042, 0.00922168418765068, 0.009707036428153515, 0.010192387737333775, 0.010677739977836609, 0.011163091287016869, 0.011648443527519703, 0.012133794836699963, 0.012619147077202797, 0.013104498386383057, 0.013589850626885891, 0.01407520193606615, 0.014560554176568985, 0.015045905485749245, 0.015531257726252079, 0.016016609966754913, 0.016501961275935173, 0.016987312585115433, 0.01747266575694084, 0.0179580170661211, 0.01844336837530136, 0.01892871968448162, 0.01941407285630703, 0.01989942416548729, 0.02038477547466755, 0.02087012678384781, 0.021355479955673218, 0.021840831264853477, 0.022326182574033737, 0.022811533883213997, 0.023296887055039406, 0.023782238364219666, 0.024267589673399925, 0.024752942845225334, 0.025238294154405594, 0.025723645463585854, 0.026208996772766113, 0.026694349944591522, 0.027179701253771782, 0.02766505256295204, 0.0281504038721323, 0.02863575704395771, 0.02912110835313797, 0.02960645966231823, 0.03009181097149849, 0.0305771641433239, 0.031062515452504158]}, "params/['params']['last']['kernel']": {"_type": "histogram", "values": [1, 0, 0, 0, 0, 0, 0, 0, 0, 0, 0, 0, 0, 1, 0, 0, 0, 0, 0, 0, 0, 0, 0, 0, 0, 0, 0, 0, 0, 0, 0, 0, 0, 1, 0, 0, 0, 1, 0, 0, 0, 0, 22, 0, 1, 0, 0, 0, 1, 1, 0, 0, 0, 0, 0, 0, 0, 0, 0, 0, 0, 0, 0, 1], "bins": [-0.2434537559747696, -0.23776647448539734, -0.23207919299602509, -0.22639191150665283, -0.22070464491844177, -0.21501736342906952, -0.20933008193969727, -0.203642800450325, -0.19795551896095276, -0.1922682523727417, -0.18658095598220825, -0.1808936893939972, -0.17520640790462494, -0.16951912641525269, -0.16383184492588043, -0.15814456343650818, -0.15245729684829712, -0.14677000045776367, -0.1410827338695526, -0.13539545238018036, -0.1297081708908081, -0.12402089685201645, -0.1183336079120636, -0.11264634132385254, -0.10695905983448029, -0.10127177834510803, -0.09558449685573578, -0.08989721536636353, -0.08420993387699127, -0.07852266728878021, -0.07283538579940796, -0.0671481043100357, -0.06146082282066345, -0.0557735413312912, -0.050086259841918945, -0.04439897835254669, -0.03871171176433563, -0.03302443027496338, -0.027337148785591125, -0.021649867296218872, -0.01596258580684662, -0.010275304317474365, -0.004588037729263306, 0.0010992437601089478, 0.006786540150642395, 0.012473806738853455, 0.018161073327064514, 0.02384836971759796, 0.02953563630580902, 0.03522293269634247, 0.04091019928455353, 0.046597495675086975, 0.052284762263298035, 0.057972028851509094, 0.06365932524204254, 0.0693465918302536, 0.07503388822078705, 0.08072115480899811, 0.08640842139720917, 0.09209571778774261, 0.09778298437595367, 0.10347028076648712, 0.10915754735469818, 0.11484484374523163, 0.12053211033344269]}, "params/['params']['layers_0']['linear_layer']['bias']": {"_type": "histogram", "values": [0, 0, 0, 0, 0, 0, 0, 0, 0, 0, 0, 0, 0, 0, 0, 0, 0, 0, 0, 0, 0, 0, 0, 0, 0, 0, 0, 0, 0, 0, 0, 0, 18, 0, 0, 0, 0, 0, 0, 0, 0, 0, 0, 0, 0, 0, 0, 0, 0, 0, 0, 0, 0, 0, 0, 0, 0, 0, 0, 0, 0, 0, 0, 0], "bins": [-0.5, -0.484375, -0.46875, -0.453125, -0.4375, -0.421875, -0.40625, -0.390625, -0.375, -0.359375, -0.34375, -0.328125, -0.3125, -0.296875, -0.28125, -0.265625, -0.25, -0.234375, -0.21875, -0.203125, -0.1875, -0.171875, -0.15625, -0.140625, -0.125, -0.109375, -0.09375, -0.078125, -0.0625, -0.046875, -0.03125, -0.015625, 0.0, 0.015625, 0.03125, 0.046875, 0.0625, 0.078125, 0.09375, 0.109375, 0.125, 0.140625, 0.15625, 0.171875, 0.1875, 0.203125, 0.21875, 0.234375, 0.25, 0.265625, 0.28125, 0.296875, 0.3125, 0.328125, 0.34375, 0.359375, 0.375, 0.390625, 0.40625, 0.421875, 0.4375, 0.453125, 0.46875, 0.484375, 0.5]}, "params/['params']['layers_0']['linear_layer']['kernel']": {"_type": "histogram", "values": [1, 0, 0, 0, 0, 0, 0, 1, 0, 0, 0, 0, 0, 0, 0, 0, 0, 0, 0, 0, 0, 0, 0, 0, 0, 0, 0, 0, 0, 0, 0, 0, 1, 0, 0, 0, 0, 0, 0, 0, 0, 1, 0, 1, 1, 1, 0, 1, 0, 43, 0, 0, 0, 1, 0, 0, 1, 0, 0, 0, 0, 0, 0, 1], "bins": [-2.220226287841797, -2.1751208305358887, -2.1300153732299805, -2.0849099159240723, -2.039804458618164, -1.9946991205215454, -1.9495936632156372, -1.9044883251190186, -1.8593828678131104, -1.8142774105072021, -1.769171953201294, -1.7240664958953857, -1.6789610385894775, -1.6338557004928589, -1.5887502431869507, -1.543644905090332, -1.4985394477844238, -1.4534339904785156, -1.4083285331726074, -1.3632230758666992, -1.318117618560791, -1.2730121612548828, -1.2279068231582642, -1.182801365852356, -1.1376959085464478, -1.0925904512405396, -1.047485113143921, -1.0023796558380127, -0.9572741985321045, -0.9121687412261963, -0.8670634031295776, -0.8219579458236694, -0.7768524885177612, -0.731747031211853, -0.6866415739059448, -0.6415362358093262, -0.596430778503418, -0.5513253211975098, -0.5062198638916016, -0.4611145257949829, -0.4160090684890747, -0.3709036111831665, -0.3257981538772583, -0.2806926965713501, -0.23558735847473145, -0.19048190116882324, -0.14537644386291504, -0.10027098655700684, -0.05516552925109863, -0.01006007194519043, 0.03504538536071777, 0.08015060424804688, 0.12525606155395508, 0.17036151885986328, 0.21546697616577148, 0.2605724334716797, 0.3056778907775879, 0.3507833480834961, 0.3958888053894043, 0.4409942626953125, 0.4860994815826416, 0.5312049388885498, 0.576310396194458, 0.6214158535003662, 0.6665213704109192]}, "params/['params']['layers_1']['linear_layer']['bias']": {"_type": "histogram", "values": [0, 0, 0, 0, 0, 0, 0, 0, 0, 0, 0, 0, 0, 0, 0, 0, 0, 0, 0, 0, 0, 0, 0, 0, 0, 0, 0, 0, 0, 0, 0, 0, 18, 0, 0, 0, 0, 0, 0, 0, 0, 0, 0, 0, 0, 0, 0, 0, 0, 0, 0, 0, 0, 0, 0, 0, 0, 0, 0, 0, 0, 0, 0, 0], "bins": [-0.5, -0.484375, -0.46875, -0.453125, -0.4375, -0.421875, -0.40625, -0.390625, -0.375, -0.359375, -0.34375, -0.328125, -0.3125, -0.296875, -0.28125, -0.265625, -0.25, -0.234375, -0.21875, -0.203125, -0.1875, -0.171875, -0.15625, -0.140625, -0.125, -0.109375, -0.09375, -0.078125, -0.0625, -0.046875, -0.03125, -0.015625, 0.0, 0.015625, 0.03125, 0.046875, 0.0625, 0.078125, 0.09375, 0.109375, 0.125, 0.140625, 0.15625, 0.171875, 0.1875, 0.203125, 0.21875, 0.234375, 0.25, 0.265625, 0.28125, 0.296875, 0.3125, 0.328125, 0.34375, 0.359375, 0.375, 0.390625, 0.40625, 0.421875, 0.4375, 0.453125, 0.46875, 0.484375, 0.5]}, "params/['params']['layers_1']['linear_layer']['kernel']": {"_type": "histogram", "values": [1, 0, 0, 0, 0, 0, 0, 0, 1, 0, 0, 0, 0, 0, 0, 0, 0, 0, 0, 1, 0, 0, 0, 0, 0, 0, 0, 0, 0, 0, 0, 0, 0, 0, 0, 0, 1, 1, 0, 0, 0, 0, 2, 10, 250, 0, 1, 0, 0, 0, 0, 0, 0, 0, 0, 0, 0, 0, 0, 0, 0, 0, 0, 2],