{"loss": 0.0009344161953777075, "_timestamp": 1739554601.906563, "_runtime": 198.25952696800232, "_step": 405, "validation_loss": 0.0009322896366938949, "params/['params']['last']['bias']": {"_type": "histogram", "values": [1, 0, 0, 0, 0, 0, 0, 0, 0, 0, 0, 0, 0, 0, 0, 0, 0, 0, 0, 0, 0, 0, 0, 0, 0, 0, 0, 0, 0, 0, 0, 0, 0, 0, 0, 0, 0, 0, 0, 0, 0, 0, 0, 0, 0, 0, 0, 0, 0, 0, 0, 0, 0, 0, 0, 0, 0, 0, 0, 0, 0, 0, 0, 1], "bins": [0.0, 0.008248573169112206, 0.01649714633822441, 0.024745719507336617, 0.03299429267644882, 0.04124286770820618, 0.04949143901467323, 0.05774001032114029, 0.06598858535289764, 0.074237160384655, 0.08248573541641235, 0.09073430299758911, 0.09898287802934647, 0.10723145306110382, 0.11548002064228058, 0.12372859567403793, 0.1319771707057953, 0.14022573828697205, 0.14847432076931, 0.15672288835048676, 0.1649714708328247, 0.17322003841400146, 0.18146860599517822, 0.18971718847751617, 0.19796575605869293, 0.2062143236398697, 0.21446290612220764, 0.2227114737033844, 0.23096004128456116, 0.2392086237668991, 0.24745719134807587, 0.2557057738304138, 0.2639543414115906, 0.27220290899276733, 0.2804514765739441, 0.28870007395744324, 0.29694864153862, 0.30519720911979675, 0.3134457767009735, 0.32169434428215027, 0.3299429416656494, 0.33819150924682617, 0.34644007682800293, 0.3546886444091797, 0.36293721199035645, 0.3711857795715332, 0.37943437695503235, 0.3876829445362091, 0.39593151211738586, 0.4041800796985626, 0.4124286472797394, 0.4206772446632385, 0.4289258122444153, 0.43717437982559204, 0.4454229474067688, 0.45367151498794556, 0.4619200825691223, 0.47016867995262146, 0.4784172475337982, 0.486665815114975, 0.49491438269615173, 0.5031629800796509, 0.5114115476608276, 0.5196601152420044, 0.5279086828231812]}, "params/['params']['last']['kernel']": {"_type": "histogram", "values": [1, 0, 0, 0, 0, 0, 0, 0, 0, 0, 0, 0, 0, 0, 0, 0, 0, 0, 0, 0, 0, 0, 0, 0, 0, 0, 0, 0, 0, 4, 0, 29, 0, 0, 0, 0, 0, 0, 0, 0, 0, 0, 0, 0, 0, 0, 0, 0, 0, 0, 0, 1, 0, 0, 0, 0, 0, 0, 0, 0, 0, 0, 0, 1], "bins": [-0.24926644563674927, -0.2412629872560501, -0.23325952887535095, -0.2252560704946518, -0.21725261211395264, -0.20924915373325348, -0.20124569535255432, -0.19324223697185516, -0.185238778591156, -0.17723532021045685, -0.1692318618297577, -0.16122840344905853, -0.15322494506835938, -0.14522148668766022, -0.13721802830696106, -0.1292145699262619, -0.12121111154556274, -0.11320765316486359, -0.10520419478416443, -0.09720073640346527, -0.08919727802276611, -0.08119381964206696, -0.0731903612613678, -0.06518690288066864, -0.05718344449996948, -0.049179986119270325, -0.04117652773857117, -0.03317306935787201, -0.02516961097717285, -0.017166152596473694, -0.009162694215774536, -0.0011592358350753784, 0.006844222545623779, 0.01484769582748413, 0.022851139307022095, 0.03085458278656006, 0.03885805606842041, 0.04686152935028076, 0.054864972829818726, 0.06286841630935669, 0.07087188959121704, 0.07887536287307739, 0.08687880635261536, 0.09488224983215332, 0.10288572311401367, 0.11088919639587402, 0.11889263987541199, 0.12689608335494995, 0.1348995566368103, 0.14290302991867065, 0.15090647339820862, 0.15890991687774658, 0.16691339015960693, 0.17491686344146729, 0.18292030692100525, 0.1909237504005432, 0.19892722368240356, 0.20693069696426392, 0.21493414044380188, 0.22293758392333984, 0.2309410572052002, 0.23894453048706055, 0.2469479739665985, 0.2549514174461365, 0.2629549205303192]}, "params/['params']['layers_0']['linear_layer']['bias']": {"_type": "histogram", "values": [0, 0, 0, 0, 0, 0, 0, 0, 0, 0, 0, 0, 0, 0, 0, 0, 0, 0, 0, 0, 0, 0, 0, 0, 0, 0, 0, 0, 0, 0, 0, 0, 22, 0, 0, 0, 0, 0, 0, 0, 0, 0, 0, 0, 0, 0, 0, 0, 0, 0, 0, 0, 0, 0, 0, 0, 0, 0, 0, 0, 0, 0, 0, 0], "bins": [-0.5, -0.484375, -0.46875, -0.453125, -0.4375, -0.421875, -0.40625, -0.390625, -0.375, -0.359375, -0.34375, -0.328125, -0.3125, -0.296875, -0.28125, -0.265625, -0.25, -0.234375, -0.21875, -0.203125, -0.1875, -0.171875, -0.15625, -0.140625, -0.125, -0.109375, -0.09375, -0.078125, -0.0625, -0.046875, -0.03125, -0.015625, 0.0, 0.015625, 0.03125, 0.046875, 0.0625, 0.078125, 0.09375, 0.109375, 0.125, 0.140625, 0.15625, 0.171875, 0.1875, 0.203125, 0.21875, 0.234375, 0.25, 0.265625, 0.28125, 0.296875, 0.3125, 0.328125, 0.34375, 0.359375, 0.375, 0.390625, 0.40625, 0.421875, 0.4375, 0.453125, 0.46875, 0.484375, 0.5]}, "params/['params']['layers_0']['linear_layer']['kernel']": {"_type": "histogram", "values": [1, 0, 0, 0, 0, 0, 0, 0, 0, 0, 0, 0, 0, 0, 0, 0, 0, 0, 0, 0, 0, 0, 0, 81, 0, 0, 0, 0, 0, 0, 0, 0, 0, 0, 0, 0, 1, 0, 0, 0, 0, 0, 0, 0, 0, 0, 0, 2, 0, 0, 0, 0, 0, 2, 0, 0, 0, 0, 0, 0, 0, 0, 0, 1], "bins": [-0.5964345335960388, -0.5711125135421753, -0.5457904934883118, -0.5204684734344482, -0.4951465129852295, -0.46982449293136597, -0.44450247287750244, -0.4191804528236389, -0.3938584625720978, -0.36853647232055664, -0.3432144522666931, -0.3178924322128296, -0.29257041215896606, -0.2672484219074249, -0.2419264018535614, -0.21660441160202026, -0.19128239154815674, -0.1659603714942932, -0.14063838124275208, -0.11531636118888855, -0.08999437093734741, -0.06467235088348389, -0.03935033082962036, -0.014028310775756836, 0.01129370927810669, 0.03661566972732544, 0.061937689781188965, 0.08725970983505249, 0.11258172988891602, 0.13790374994277954, 0.1632257103919983, 0.18854773044586182, 0.21386975049972534, 0.23919177055358887, 0.2645137906074524, 0.28983575105667114, 0.31515777111053467, 0.3404797911643982, 0.3658018112182617, 0.39112383127212524, 0.416445791721344, 0.4417678713798523, 0.46708983182907104, 0.4924117922782898, 0.5177338719367981, 0.5430558323860168, 0.5683779120445251, 0.5936998724937439, 0.6190219521522522, 0.644343912601471, 0.6696658730506897, 0.694987952709198, 0.7203099131584167, 0.745631992816925, 0.7709539532661438, 0.7962759137153625, 0.8215979933738708, 0.8469199538230896, 0.8722420334815979, 0.8975639939308167, 0.9228859543800354, 0.9482080340385437, 0.9735299944877625, 0.9988520741462708, 1.0241740942001343]}, "params/['params']['layers_1']['linear_layer']['bias']": {"_type": "histogram", "values": [0, 0, 0, 0, 0, 0, 0, 0, 0, 0, 0, 0, 0, 0, 0, 0, 0, 0, 0, 0, 0, 0, 0, 0, 0, 0, 0, 0, 0, 0, 0, 0, 22, 0, 0, 0, 0, 0, 0, 0, 0, 0, 0, 0, 0, 0, 0, 0, 0, 0, 0, 0, 0, 0, 0, 0, 0, 0, 0, 0, 0, 0, 0, 0], "bins": [-0.5, -0.484375, -0.46875, -0.453125, -0.4375, -0.421875, -0.40625, -0.390625, -0.375, -0.359375, -0.34375, -0.328125, -0.3125, -0.296875, -0.28125, -0.265625, -0.25, -0.234375, -0.21875, -0.203125, -0.1875, -0.171875, -0.15625, -0.140625, -0.125, -0.109375, -0.09375, -0.078125, -0.0625, -0.046875, -0.03125, -0.015625, 0.0, 0.015625, 0.03125, 0.046875, 0.0625, 0.078125, 0.09375, 0.109375, 0.125, 0.140625, 0.15625, 0.171875, 0.1875, 0.203125, 0.21875, 0.234375, 0.25, 0.265625, 0.28125, 0.296875, 0.3125, 0.328125, 0.34375, 0.359375, 0.375, 0.390625, 0.40625, 0.421875, 0.4375, 0.453125, 0.46875, 0.484375, 0.5]}, "params/['params']['layers_1']['linear_layer']['kernel']": {"_type": "histogram", "values": [1, 0, 0, 0, 0, 0, 0, 0, 0, 0, 0, 0, 1, 0, 2, 0, 0, 0, 1, 0, 0, 1, 0, 0, 0, 384, 0, 0, 0, 0, 0, 0, 0, 0, 0, 1, 0, 0, 0, 0, 0, 0, 0, 0, 0, 0, 0, 0, 0, 0, 0, 0, 0, 0, 1, 0, 0, 1, 1, 0, 1, 0, 0, 1],