{"loss": 0.19413547217845917, "_timestamp": 1739357245.8373976, "_runtime": 566.139449596405, "_step": 61}