{"loss": 1.1359729766845703, "_timestamp": 1739304394.3461618, "_runtime": 12.983544826507568, "_step": 27, "params/['params']['last']['bias']": {"_type": "histogram", "values": [1, 0, 0, 0, 0, 0, 0, 0, 0, 0, 0, 0, 0, 0, 0, 0, 0, 0, 0, 0, 0, 0, 0, 0, 0, 0, 0, 0, 0, 0, 0, 0, 0, 0, 0, 0, 0, 0, 0, 0, 0, 0, 0, 0, 0, 0, 0, 0, 0, 0, 0, 0, 0, 0, 0, 0, 0, 0, 0, 0, 0, 0, 0, 1], "bins": [0.8937970995903015, 0.8954804539680481, 0.8971638679504395, 0.898847222328186, 0.9005305767059326, 0.9022139310836792, 0.9038973450660706, 0.9055806994438171, 0.9072640538215637, 0.9089474081993103, 0.9106308221817017, 0.9123141765594482, 0.9139975309371948, 0.9156808853149414, 0.9173642992973328, 0.9190476536750793, 0.9207310080528259, 0.9224144220352173, 0.9240977764129639, 0.9257811307907104, 0.927464485168457, 0.9291478991508484, 0.930831253528595, 0.9325146079063416, 0.9341979622840881, 0.9358813762664795, 0.9375647306442261, 0.9392480850219727, 0.9409314393997192, 0.9426148533821106, 0.9442982077598572, 0.9459815621376038, 0.9476649761199951, 0.9493483304977417, 0.9510316848754883, 0.9527150392532349, 0.9543984532356262, 0.9560818076133728, 0.9577651619911194, 0.959448516368866, 0.9611319303512573, 0.9628152847290039, 0.9644986391067505, 0.9661819934844971, 0.9678654074668884, 0.969548761844635, 0.9712321162223816, 0.972915530204773, 0.9745988845825195, 0.9762822389602661, 0.9779655933380127, 0.9796489477157593, 0.9813323616981506, 0.9830157160758972, 0.9846990704536438, 0.9863824844360352, 0.9880658388137817, 0.9897491931915283, 0.9914325475692749, 0.9931159615516663, 0.9947993159294128, 0.9964826703071594, 0.9981660842895508, 0.9998494386672974, 1.001532793045044]}, "params/['params']['last']['kernel']": {"_type": "histogram", "values": [0, 0, 0, 0, 0, 0, 0, 0, 0, 0, 0, 0, 0, 0, 0, 0, 0, 0, 0, 0, 0, 0, 0, 0, 0, 0, 0, 0, 0, 0, 0, 0, 12, 0, 0, 0, 0, 0, 0, 0, 0, 0, 0, 0, 0, 0, 0, 0, 0, 0, 0, 0, 0, 0, 0, 0, 0, 0, 0, 0, 0, 0, 0, 0], "bins": [-0.5, -0.484375, -0.46875, -0.453125, -0.4375, -0.421875, -0.40625, -0.390625, -0.375, -0.359375, -0.34375, -0.328125, -0.3125, -0.296875, -0.28125, -0.265625, -0.25, -0.234375, -0.21875, -0.203125, -0.1875, -0.171875, -0.15625, -0.140625, -0.125, -0.109375, -0.09375, -0.078125, -0.0625, -0.046875, -0.03125, -0.015625, 0.0, 0.015625, 0.03125, 0.046875, 0.0625, 0.078125, 0.09375, 0.109375, 0.125, 0.140625, 0.15625, 0.171875, 0.1875, 0.203125, 0.21875, 0.234375, 0.25, 0.265625, 0.28125, 0.296875, 0.3125, 0.328125, 0.34375, 0.359375, 0.375, 0.390625, 0.40625, 0.421875, 0.4375, 0.453125, 0.46875, 0.484375, 0.5]}, "params/['params']['layers_0']['linear_layer']['bias']": {"_type": "histogram", "values": [0, 0, 0, 0, 0, 0, 0, 0, 0, 0, 0, 0, 0, 0, 0, 0, 0, 0, 0, 0, 0, 0, 0, 0, 0, 0, 0, 0, 0, 0, 0, 0, 8, 0, 0, 0, 0, 0, 0, 0, 0, 0, 0, 0, 0, 0, 0, 0, 0, 0, 0, 0, 0, 0, 0, 0, 0, 0, 0, 0, 0, 0, 0, 0], "bins": [-0.5, -0.484375, -0.46875, -0.453125, -0.4375, -0.421875, -0.40625, -0.390625, -0.375, -0.359375, -0.34375, -0.328125, -0.3125, -0.296875, -0.28125, -0.265625, -0.25, -0.234375, -0.21875, -0.203125, -0.1875, -0.171875, -0.15625, -0.140625, -0.125, -0.109375, -0.09375, -0.078125, -0.0625, -0.046875, -0.03125, -0.015625, 0.0, 0.015625, 0.03125, 0.046875, 0.0625, 0.078125, 0.09375, 0.109375, 0.125, 0.140625, 0.15625, 0.171875, 0.1875, 0.203125, 0.21875, 0.234375, 0.25, 0.265625, 0.28125, 0.296875, 0.3125, 0.328125, 0.34375, 0.359375, 0.375, 0.390625, 0.40625, 0.421875, 0.4375, 0.453125, 0.46875, 0.484375, 0.5]}, "params/['params']['layers_0']['linear_layer']['kernel']": {"_type": "histogram", "values": [1, 0, 0, 0, 0, 0, 0, 0, 1, 0, 1, 0, 0, 0, 0, 0, 0, 0, 0, 0, 1, 0, 1, 1, 0, 0, 0, 1, 0, 0, 1, 0, 0, 1, 0, 1, 1, 0, 0, 0, 1, 1, 0, 0, 0, 1, 0, 0, 0, 0, 0, 1, 0, 0, 0, 0, 0, 0, 0, 0, 0, 0, 0, 1], "bins": [-1.275216817855835, -1.2327286005020142, -1.190240502357483, -1.147752285003662, -1.1052641868591309, -1.06277596950531, -1.0202877521514893, -0.977799654006958, -0.935311496257782, -0.892823338508606, -0.8503351807594299, -0.8078470230102539, -0.7653588056564331, -0.7228706479072571, -0.680382490158081, -0.637894332408905, -0.595406174659729, -0.552918016910553, -0.510429859161377, -0.4679417014122009, -0.4254535436630249, -0.3829653263092041, -0.3404771685600281, -0.29798901081085205, -0.25550079345703125, -0.2130126953125, -0.1705244779586792, -0.12803637981414795, -0.08554816246032715, -0.0430600643157959, -0.0005718469619750977, 0.04191625118255615, 0.08440446853637695, 0.12689268589019775, 0.169380784034729, 0.2118690013885498, 0.25435709953308105, 0.29684531688690186, 0.3393334150314331, 0.3818216323852539, 0.42430973052978516, 0.46679794788360596, 0.5092861652374268, 0.551774263381958, 0.5942624807357788, 0.6367505788803101, 0.6792387962341309, 0.7217268943786621, 0.7642152309417725, 0.8067033290863037, 0.849191427230835, 0.8916795253753662, 0.9341678619384766, 0.9766559600830078, 1.019144058227539, 1.0616321563720703, 1.1041204929351807, 1.146608591079712, 1.1890966892242432, 1.2315850257873535, 1.2740731239318848, 1.316561222076416, 1.3590493202209473, 1.4015376567840576, 1.4440258741378784]}, "params/['params']['layers_1']['linear_layer']['bias']": {"_type": "histogram", "values": [0, 0, 0, 0, 0, 0, 0, 0, 0, 0, 0, 0, 0, 0, 0, 0, 0, 0, 0, 0, 0, 0, 0, 0, 0, 0, 0, 0, 0, 0, 0, 0, 8, 0, 0, 0, 0, 0, 0, 0, 0, 0, 0, 0, 0, 0, 0, 0, 0, 0, 0, 0, 0, 0, 0, 0, 0, 0, 0, 0, 0, 0, 0, 0], "bins": [-0.5, -0.484375, -0.46875, -0.453125, -0.4375, -0.421875, -0.40625, -0.390625, -0.375, -0.359375, -0.34375, -0.328125, -0.3125, -0.296875, -0.28125, -0.265625, -0.25, -0.234375, -0.21875, -0.203125, -0.1875, -0.171875, -0.15625, -0.140625, -0.125, -0.109375, -0.09375, -0.078125, -0.0625, -0.046875, -0.03125, -0.015625, 0.0, 0.015625, 0.03125, 0.046875, 0.0625, 0.078125, 0.09375, 0.109375, 0.125, 0.140625, 0.15625, 0.171875, 0.1875, 0.203125, 0.21875, 0.234375, 0.25, 0.265625, 0.28125, 0.296875, 0.3125, 0.328125, 0.34375, 0.359375, 0.375, 0.390625, 0.40625, 0.421875, 0.4375, 0.453125, 0.46875, 0.484375, 0.5]}, "params/['params']['layers_1']['linear_layer']['kernel']": {"_type": "histogram", "values": [1, 0, 0, 0, 3, 0, 0, 0, 1, 0, 0, 0, 0, 0, 1, 0, 0, 0, 0, 0, 3, 2, 2, 1, 0, 1, 1, 0, 1, 1, 0, 1, 1, 1, 1, 1, 1, 4, 1, 5, 0, 0, 0, 0, 0, 0, 3, 0, 1, 1, 0, 1, 1, 0, 0, 1, 2, 1, 1, 1, 0, 0, 0, 1], "bins": [-0.8742409348487854, -0.8480957746505737, -0.8219506144523621, -0.7958054542541504, -0.769660234451294, -0.743515133857727, -0.7173699140548706, -0.6912247538566589, -0.6650795936584473, -0.6389344334602356, -0.6127892732620239, -0.5866440534591675, -0.5604989528656006, -0.5343537330627441, -0.5082085728645325, -0.4820634126663208, -0.45591825246810913, -0.42977309226989746, -0.4036279320716858, -0.37748274207115173, -0.35133761167526245, -0.325192391872406, -0.29904723167419434, -0.27290207147598267, -0.246756911277771, -0.22061175107955933, -0.19446659088134766, -0.168321430683136, -0.14217621088027954, -0.11603105068206787, -0.0898858904838562, -0.06374073028564453, -0.03759557008743286, -0.011450409889221191, 0.014694750308990479, 0.04083991050720215, 0.06698507070541382, 0.09313029050827026, 0.11927545070648193, 0.1454206109046936, 0.1715657114982605, 0.19771093130111694, 0.2238561511039734, 0.2500012516975403, 0.27614647150039673, 0.3022915720939636, 0.32843679189682007, 0.35458189249038696, 0.3807271122932434, 0.40687233209609985, 0.43301743268966675, 0.4591626524925232, 0.4853077530860901, 0.5114529728889465, 0.5375980734825134, 0.5637432932853699, 0.5898885130882263, 0.6160336136817932, 0.6421788334846497, 0.6683239340782166, 0.694469153881073, 0.7206142544746399, 0.7467594742774963, 0.7729045748710632, 0.7990497350692749]}, "_wandb": {"runtime": 12}}