{"loss": 0.0013166057178750634, "_timestamp": 1739550456.7576678, "_runtime": 199.6607208251953, "_step": 405, "validation_loss": 0.0013669178588315845, "params/['params']['last']['bias']": {"_type": "histogram", "values": [1, 0, 0, 0, 0, 0, 0, 0, 0, 0, 0, 0, 0, 0, 0, 0, 0, 0, 0, 0, 0, 0, 0, 0, 0, 0, 0, 0, 0, 0, 0, 0, 0, 0, 0, 0, 0, 0, 0, 0, 0, 0, 0, 0, 0, 0, 0, 0, 0, 0, 0, 0, 0, 0, 0, 0, 0, 0, 0, 0, 0, 0, 0, 1], "bins": [0.0, 0.0004527562123257667, 0.0009055124246515334, 0.0013582686660811305, 0.0018110248493030667, 0.002263781148940325, 0.002716537332162261, 0.0031692935153841972, 0.0036220496986061335, 0.00407480588182807, 0.00452756229788065, 0.004980318248271942, 0.005433074664324522, 0.005885830614715815, 0.0063385870307683945, 0.006791342981159687, 0.007244099397212267, 0.007696855813264847, 0.00814961176365614, 0.008602367714047432, 0.0090551245957613, 0.009507880546152592, 0.009960636496543884, 0.010413392446935177, 0.010866149328649044, 0.011318905279040337, 0.01177166122943163, 0.012224418111145496, 0.012677174061536789, 0.013129930011928082, 0.013582685962319374, 0.014035442844033241, 0.014488198794424534, 0.014940954744815826, 0.015393711626529694, 0.01584646664559841, 0.01629922352731228, 0.016751980409026146, 0.017204735428094864, 0.01765749230980873, 0.0181102491915226, 0.018563004210591316, 0.019015761092305183, 0.01946851797401905, 0.01992127299308777, 0.020374029874801636, 0.020826784893870354, 0.02127954177558422, 0.021732298657298088, 0.022185053676366806, 0.022637810558080673, 0.02309056743979454, 0.02354332245886326, 0.023996079340577126, 0.024448836222290993, 0.02490159124135971, 0.025354348123073578, 0.025807105004787445, 0.026259860023856163, 0.02671261690557003, 0.027165371924638748, 0.027618128806352615, 0.028070885688066483, 0.0285236407071352, 0.028976397588849068]}, "params/['params']['last']['kernel']": {"_type": "histogram", "values": [1, 0, 0, 0, 0, 1, 0, 0, 0, 0, 0, 0, 0, 0, 0, 0, 0, 0, 0, 0, 0, 0, 0, 0, 0, 0, 0, 0, 0, 0, 0, 0, 0, 0, 0, 0, 0, 0, 0, 0, 0, 0, 0, 0, 0, 0, 1, 0, 0, 0, 0, 0, 0, 2, 0, 0, 23, 0, 0, 0, 0, 0, 1, 1], "bins": [-0.2720639407634735, -0.26721563935279846, -0.2623673677444458, -0.25751906633377075, -0.2526707649230957, -0.24782246351242065, -0.2429741770029068, -0.23812589049339294, -0.2332775890827179, -0.22842928767204285, -0.223581001162529, -0.21873271465301514, -0.2138844132423401, -0.20903611183166504, -0.20418782532215118, -0.19933953881263733, -0.19449123740196228, -0.18964293599128723, -0.18479464948177338, -0.17994636297225952, -0.17509806156158447, -0.17024976015090942, -0.16540147364139557, -0.1605531871318817, -0.15570488572120667, -0.15085658431053162, -0.14600829780101776, -0.1411600112915039, -0.13631170988082886, -0.1314634084701538, -0.12661512196063995, -0.1217668354511261, -0.11691853404045105, -0.112070232629776, -0.10722194612026215, -0.10237365961074829, -0.09752535820007324, -0.0926770567893982, -0.08782877027988434, -0.08298048377037048, -0.07813218235969543, -0.07328388094902039, -0.06843559443950653, -0.06358730792999268, -0.05873900651931763, -0.05389070510864258, -0.04904241859912872, -0.04419413208961487, -0.03934583067893982, -0.03449752926826477, -0.029649242758750916, -0.02480095624923706, -0.01995265483856201, -0.015104353427886963, -0.010256081819534302, -0.005407780408859253, -0.0005594789981842041, 0.004288822412490845, 0.009137123823165894, 0.013985395431518555, 0.018833696842193604, 0.023681998252868652, 0.028530269861221313, 0.03337857127189636, 0.03822688013315201]}, "params/['params']['layers_0']['linear_layer']['bias']": {"_type": "histogram", "values": [1, 0, 0, 0, 0, 0, 0, 0, 0, 0, 0, 0, 0, 0, 0, 0, 0, 0, 0, 0, 0, 0, 0, 0, 0, 0, 0, 0, 0, 0, 0, 0, 0, 0, 0, 0, 0, 0, 0, 0, 0, 0, 0, 0, 0, 0, 0, 0, 0, 0, 0, 0, 0, 0, 0, 0, 0, 0, 0, 0, 0, 0, 0, 17], "bins": [-0.01705862395465374, -0.01679208315908909, -0.016525542363524437, -0.016259001567959785, -0.015992460772395134, -0.015725918114185333, -0.015459378249943256, -0.01519283652305603, -0.014926295727491379, -0.014659754931926727, -0.014393214136362076, -0.014126673340797424, -0.013860132545232773, -0.013593590818345547, -0.013327050022780895, -0.013060508295893669, -0.012793967500329018, -0.012527426704764366, -0.012260885909199715, -0.011994345113635063, -0.011727804318070412, -0.01146126352250576, -0.011194721795618534, -0.010928181000053883, -0.010661640204489231, -0.010395098477602005, -0.010128557682037354, -0.009862016886472702, -0.00959547609090805, -0.009328935295343399, -0.009062393568456173, -0.008795852772891521, -0.00852931197732687, -0.008262771181762218, -0.007996230386197567, -0.007729688659310341, -0.007463147863745689, -0.007196607068181038, -0.006930066272616386, -0.00666352454572916, -0.006396983750164509, -0.006130442954599857, -0.005863902159035206, -0.005597361363470554, -0.005330819636583328, -0.005064278841018677, -0.004797738045454025, -0.004531197249889374, -0.004264656454324722, -0.003998114727437496, -0.0037315739318728447, -0.003465033136308193, -0.0031984923407435417, -0.0029319506138563156, -0.002665409818291664, -0.0023988690227270126, -0.002132328227162361, -0.0018657874315977097, -0.0015992457047104836, -0.0013327058404684067, -0.001066163182258606, -0.0007996223866939545, -0.000533081591129303, -0.0002665407955646515, 0.0]}, "params/['params']['layers_0']['linear_layer']['kernel']": {"_type": "histogram", "values": [1, 1, 0, 0, 0, 0, 0, 0, 0, 0, 0, 0, 0, 0, 0, 0, 0, 0, 0, 0, 0, 0, 0, 0, 0, 0, 0, 0, 0, 0, 0, 0, 1, 0, 0, 0, 1, 0, 0, 0, 2, 0, 1, 1, 0, 0, 0, 1, 42, 1, 0, 0, 0, 0, 0, 0, 0, 0, 0, 1, 0, 0, 0, 1], "bins": [-1.7039715051651, -1.668686866760254, -1.6334023475646973, -1.598117709159851, -1.5628330707550049, -1.5275485515594482, -1.492263913154602, -1.4569793939590454, -1.4216947555541992, -1.3864102363586426, -1.3511255979537964, -1.3158409595489502, -1.2805564403533936, -1.2452718019485474, -1.2099871635437012, -1.1747026443481445, -1.1394180059432983, -1.1041333675384521, -1.0688488483428955, -1.0335642099380493, -0.9982796311378479, -0.9629950523376465, -0.9277104139328003, -0.8924258351325989, -0.8571412563323975, -0.821856677532196, -0.7865720987319946, -0.7512874603271484, -0.716002881526947, -0.6807183027267456, -0.6454336643218994, -0.6101491451263428, -0.5748645067214966, -0.5395798683166504, -0.5042953491210938, -0.46901071071624756, -0.4337261915206909, -0.3984415531158447, -0.36315691471099854, -0.3278723955154419, -0.2925877571105957, -0.2573031187057495, -0.22201859951019287, -0.18673396110534668, -0.1514493227005005, -0.11616480350494385, -0.08088016510009766, -0.045595645904541016, -0.010311007499694824, 0.024973630905151367, 0.06025815010070801, 0.0955427885055542, 0.13082730770111084, 0.16611194610595703, 0.20139658451080322, 0.23668110370635986, 0.27196574211120605, 0.30725038051605225, 0.3425348997116089, 0.3778194189071655, 0.41310417652130127, 0.4483886957168579, 0.48367321491241455, 0.5189579725265503, 0.5542424917221069]}, "params/['params']['layers_1']['linear_layer']['bias']": {"_type": "histogram", "values": [1, 0, 0, 0, 0, 0, 0, 0, 0, 0, 0, 0, 0, 0, 0, 0, 0, 0, 0, 0, 0, 0, 0, 0, 0, 0, 0, 0, 0, 0, 0, 0, 0, 0, 0, 0, 0, 0, 0, 0, 0, 0, 0, 0, 0, 0, 0, 0, 0, 0, 0, 0, 0, 0, 0, 0, 0, 0, 0, 0, 0, 0, 0, 17],