{"loss": 0.00011626400373643264, "_timestamp": 1739545604.3014827, "_runtime": 142.02556562423706, "_step": 405, "validation_loss": 0.00012234257883392274, "params/['params']['last']['bias']": {"_type": "histogram", "values": [1, 0, 0, 0, 0, 0, 0, 0, 0, 0, 0, 0, 0, 0, 0, 0, 0, 0, 0, 0, 0, 0, 0, 0, 0, 0, 0, 0, 0, 0, 0, 0, 0, 0, 0, 0, 0, 0, 0, 0, 0, 0, 0, 0, 0, 0, 0, 0, 0, 0, 0, 0, 0, 0, 0, 0, 0, 0, 0, 0, 0, 0, 0, 1], "bins": [0.0, 0.008206324651837349, 0.016412649303674698, 0.024618973955512047, 0.032825298607349396, 0.041031621396541595, 0.049237947911024094, 0.05744427442550659, 0.06565059721469879, 0.07385692000389099, 0.08206324279308319, 0.09026957303285599, 0.09847589582204819, 0.10668221861124039, 0.11488854885101318, 0.12309487164020538, 0.13130119442939758, 0.13950751721858978, 0.14771384000778198, 0.15592016279697418, 0.16412648558616638, 0.17233282327651978, 0.18053914606571198, 0.18874546885490417, 0.19695179164409637, 0.20515811443328857, 0.21336443722248077, 0.22157076001167297, 0.22977709770202637, 0.23798342049121857, 0.24618974328041077, 0.2543960511684418, 0.26260238885879517, 0.27080872654914856, 0.27901503443717957, 0.28722137212753296, 0.29542768001556396, 0.30363401770591736, 0.31184032559394836, 0.32004666328430176, 0.32825297117233276, 0.33645930886268616, 0.34466564655303955, 0.35287195444107056, 0.36107829213142395, 0.36928460001945496, 0.37749093770980835, 0.38569724559783936, 0.39390358328819275, 0.40210992097854614, 0.41031622886657715, 0.41852256655693054, 0.42672887444496155, 0.43493521213531494, 0.44314152002334595, 0.45134785771369934, 0.45955419540405273, 0.46776050329208374, 0.47596684098243713, 0.48417314887046814, 0.49237948656082153, 0.5005857944488525, 0.5087921023368835, 0.5169984698295593, 0.5252047777175903]}, "params/['params']['last']['kernel']": {"_type": "histogram", "values": [1, 0, 0, 0, 0, 0, 0, 0, 0, 0, 0, 0, 0, 0, 0, 0, 0, 0, 0, 0, 0, 0, 0, 0, 0, 0, 0, 1, 2, 24, 0, 0, 0, 0, 0, 0, 0, 0, 0, 0, 0, 0, 0, 0, 0, 0, 0, 0, 0, 0, 1, 0, 0, 0, 0, 0, 0, 0, 0, 0, 0, 0, 0, 1], "bins": [-0.25380825996398926, -0.24530480802059174, -0.2368013560771942, -0.22829791903495789, -0.21979446709156036, -0.21129101514816284, -0.2027875781059265, -0.194284126162529, -0.18578067421913147, -0.17727722227573395, -0.16877377033233643, -0.1602703332901001, -0.15176688134670258, -0.14326342940330505, -0.13475999236106873, -0.1262565404176712, -0.11775308847427368, -0.10924963653087616, -0.10074618458747864, -0.09224274754524231, -0.08373929560184479, -0.07523584365844727, -0.06673240661621094, -0.058228954672813416, -0.049725502729415894, -0.04122205078601837, -0.03271859884262085, -0.02421516180038452, -0.015711709856987, -0.0072082579135894775, 0.0012951791286468506, 0.009798645973205566, 0.018302083015441895, 0.026805520057678223, 0.03530898690223694, 0.04381242394447327, 0.05231589078903198, 0.06081932783126831, 0.06932276487350464, 0.07782623171806335, 0.08632966876029968, 0.09483310580253601, 0.10333657264709473, 0.11184000968933105, 0.12034344673156738, 0.1288469135761261, 0.13735035061836243, 0.14585381746292114, 0.15435725450515747, 0.1628606915473938, 0.17136415839195251, 0.17986759543418884, 0.18837106227874756, 0.1968744993209839, 0.20537793636322021, 0.21388140320777893, 0.22238484025001526, 0.2308882772922516, 0.2393917441368103, 0.24789518117904663, 0.25639861822128296, 0.2649020552635193, 0.2734055519104004, 0.2819089889526367, 0.29041239619255066]}, "params/['params']['layers_0']['linear_layer']['bias']": {"_type": "histogram", "values": [0, 0, 0, 0, 0, 0, 0, 0, 0, 0, 0, 0, 0, 0, 0, 0, 0, 0, 0, 0, 0, 0, 0, 0, 0, 0, 0, 0, 0, 0, 0, 0, 18, 0, 0, 0, 0, 0, 0, 0, 0, 0, 0, 0, 0, 0, 0, 0, 0, 0, 0, 0, 0, 0, 0, 0, 0, 0, 0, 0, 0, 0, 0, 0], "bins": [-0.5, -0.484375, -0.46875, -0.453125, -0.4375, -0.421875, -0.40625, -0.390625, -0.375, -0.359375, -0.34375, -0.328125, -0.3125, -0.296875, -0.28125, -0.265625, -0.25, -0.234375, -0.21875, -0.203125, -0.1875, -0.171875, -0.15625, -0.140625, -0.125, -0.109375, -0.09375, -0.078125, -0.0625, -0.046875, -0.03125, -0.015625, 0.0, 0.015625, 0.03125, 0.046875, 0.0625, 0.078125, 0.09375, 0.109375, 0.125, 0.140625, 0.15625, 0.171875, 0.1875, 0.203125, 0.21875, 0.234375, 0.25, 0.265625, 0.28125, 0.296875, 0.3125, 0.328125, 0.34375, 0.359375, 0.375, 0.390625, 0.40625, 0.421875, 0.4375, 0.453125, 0.46875, 0.484375, 0.5]}, "params/['params']['layers_0']['linear_layer']['kernel']": {"_type": "histogram", "values": [2, 0, 0, 1, 0, 0, 0, 0, 1, 0, 0, 0, 0, 0, 0, 0, 0, 0, 0, 0, 0, 0, 0, 0, 0, 0, 66, 0, 0, 0, 0, 0, 0, 0, 0, 0, 0, 0, 0, 0, 0, 0, 0, 0, 1, 0, 0, 0, 0, 0, 0, 0, 0, 0, 0, 0, 0, 0, 0, 0, 0, 0, 0, 1], "bins": [-0.7908599972724915, -0.7607645392417908, -0.7306690216064453, -0.7005735635757446, -0.670478105545044, -0.6403826475143433, -0.6102871298789978, -0.5801916718482971, -0.5500961542129517, -0.520000696182251, -0.4899052381515503, -0.4598097503185272, -0.42971426248550415, -0.39961880445480347, -0.3695233166217804, -0.3394278585910797, -0.30933237075805664, -0.27923691272735596, -0.2491413950920105, -0.21904593706130981, -0.18895047903060913, -0.15885496139526367, -0.128759503364563, -0.0986640453338623, -0.06856852769851685, -0.03847306966781616, -0.008377611637115479, 0.021717846393585205, 0.051813364028930664, 0.08190882205963135, 0.11200428009033203, 0.1420997977256775, 0.17219525575637817, 0.20229071378707886, 0.23238617181777954, 0.2624816298484802, 0.29257720708847046, 0.32267266511917114, 0.3527681231498718, 0.3828635811805725, 0.4129590392112732, 0.4430544972419739, 0.4731500744819641, 0.5032455325126648, 0.5333409905433655, 0.5634364485740662, 0.5935319066047668, 0.6236273646354675, 0.6537229418754578, 0.6838183999061584, 0.7139138579368591, 0.7440093159675598, 0.7741047739982605, 0.8042002320289612, 0.8342956900596619, 0.8643912672996521, 0.8944867253303528, 0.9245821833610535, 0.9546776413917542, 0.9847730994224548, 1.0148684978485107, 1.044964075088501, 1.0750596523284912, 1.1051549911499023, 1.1352505683898926]}, "params/['params']['layers_1']['linear_layer']['bias']": {"_type": "histogram", "values": [0, 0, 0, 0, 0, 0, 0, 0, 0, 0, 0, 0, 0, 0, 0, 0, 0, 0, 0, 0, 0, 0, 0, 0, 0, 0, 0, 0, 0, 0, 0, 0, 18, 0, 0, 0, 0, 0, 0, 0, 0, 0, 0, 0, 0, 0, 0, 0, 0, 0, 0, 0, 0, 0, 0, 0, 0, 0, 0, 0, 0, 0, 0, 0], "bins": [-0.5, -0.484375, -0.46875, -0.453125, -0.4375, -0.421875, -0.40625, -0.390625, -0.375, -0.359375, -0.34375, -0.328125, -0.3125, -0.296875, -0.28125, -0.265625, -0.25, -0.234375, -0.21875, -0.203125, -0.1875, -0.171875, -0.15625, -0.140625, -0.125, -0.109375, -0.09375, -0.078125, -0.0625, -0.046875, -0.03125, -0.015625, 0.0, 0.015625, 0.03125, 0.046875, 0.0625, 0.078125, 0.09375, 0.109375, 0.125, 0.140625, 0.15625, 0.171875, 0.1875, 0.203125, 0.21875, 0.234375, 0.25, 0.265625, 0.28125, 0.296875, 0.3125, 0.328125, 0.34375, 0.359375, 0.375, 0.390625, 0.40625, 0.421875, 0.4375, 0.453125, 0.46875, 0.484375, 0.5]}, "params/['params']['layers_1']['linear_layer']['kernel']": {"_type": "histogram", "values": [1, 0, 0, 0, 0, 1, 0, 0, 0, 0, 0, 0, 0, 1, 1, 0, 1, 0, 0, 0, 0, 0, 0, 0, 0, 0, 0, 0, 1, 0, 1, 0, 0, 1, 0, 0, 0, 0, 0, 0, 0, 2, 253, 1, 3, 1, 0, 0, 0, 0, 0, 0, 0, 0, 1, 0, 0, 0, 0, 0, 0, 0, 0, 1],