{"_timestamp":1.737510996013884e+09,"_runtime":38.9272235,"_step":88,"_wandb":{"runtime":39},"loss":9.619785714676254e-07}