{"loss": 0.00019795223488472402, "_timestamp": 1739969214.1647766, "_runtime": 196.14703845977783, "_step": 2793, "params/['params']['last']['bias']": {"_type": "histogram", "values": [0, 0, 0, 0, 0, 0, 0, 0, 0, 0, 0, 0, 0, 0, 0, 0, 0, 0, 0, 0, 0, 0, 0, 0, 0, 0, 0, 0, 0, 0, 0, 0, 2, 0, 0, 0, 0, 0, 0, 0, 0, 0, 0, 0, 0, 0, 0, 0, 0, 0, 0, 0, 0, 0, 0, 0, 0, 0, 0, 0, 0, 0, 0, 0], "bins": [-0.5, -0.484375, -0.46875, -0.453125, -0.4375, -0.421875, -0.40625, -0.390625, -0.375, -0.359375, -0.34375, -0.328125, -0.3125, -0.296875, -0.28125, -0.265625, -0.25, -0.234375, -0.21875, -0.203125, -0.1875, -0.171875, -0.15625, -0.140625, -0.125, -0.109375, -0.09375, -0.078125, -0.0625, -0.046875, -0.03125, -0.015625, 0.0, 0.015625, 0.03125, 0.046875, 0.0625, 0.078125, 0.09375, 0.109375, 0.125, 0.140625, 0.15625, 0.171875, 0.1875, 0.203125, 0.21875, 0.234375, 0.25, 0.265625, 0.28125, 0.296875, 0.3125, 0.328125, 0.34375, 0.359375, 0.375, 0.390625, 0.40625, 0.421875, 0.4375, 0.453125, 0.46875, 0.484375, 0.5]}, "params/['params']['last']['kernel']": {"_type": "histogram", "values": [1, 0, 0, 0, 0, 0, 0, 0, 0, 0, 0, 0, 0, 0, 0, 0, 0, 0, 0, 0, 0, 0, 0, 0, 0, 0, 0, 0, 0, 0, 0, 0, 0, 0, 0, 0, 0, 0, 0, 0, 0, 0, 0, 0, 0, 2, 0, 0, 0, 0, 0, 0, 0, 0, 0, 0, 0, 0, 0, 0, 36, 0, 0, 3], "bins": [-0.12827910482883453, -0.12616875767707825, -0.12405841052532196, -0.12194805592298508, -0.11983770877122879, -0.1177273616194725, -0.11561701446771622, -0.11350666731595993, -0.11139631271362305, -0.10928596556186676, -0.10717561841011047, -0.10506527125835419, -0.1029549241065979, -0.10084457695484161, -0.09873422980308533, -0.09662387520074844, -0.09451352804899216, -0.09240318089723587, -0.09029282629489899, -0.0881824791431427, -0.08607213199138641, -0.08396178483963013, -0.08185143768787384, -0.07974109053611755, -0.07763074338436127, -0.07552039623260498, -0.0734100416302681, -0.07129969447851181, -0.06918934732675552, -0.06707899272441864, -0.06496864557266235, -0.06285829842090607, -0.06074795126914978, -0.058637604117393494, -0.05652725696563721, -0.054416902363300323, -0.05230655521154404, -0.05019620805978775, -0.048085860908031464, -0.04597551375627518, -0.04386515915393829, -0.04175481200218201, -0.03964446485042572, -0.037534117698669434, -0.03542377054691315, -0.03331342339515686, -0.031203068792819977, -0.02909272164106369, -0.026982374489307404, -0.024872027337551117, -0.02276168018579483, -0.020651325583457947, -0.01854097843170166, -0.016430631279945374, -0.014320284128189087, -0.0122099369764328, -0.010099589824676514, -0.00798923522233963, -0.0058788880705833435, -0.003768540918827057, -0.0016581863164901733, 0.0004521608352661133, 0.0025625079870224, 0.0046728551387786865, 0.0067831976339221]}, "params/['params']['layers_0']['linear_layer']['bias']": {"_type": "histogram", "values": [0, 0, 0, 0, 0, 0, 0, 0, 0, 0, 0, 0, 0, 0, 0, 0, 0, 0, 0, 0, 0, 0, 0, 0, 0, 0, 0, 0, 0, 0, 0, 0, 24, 0, 0, 0, 0, 0, 0, 0, 0, 0, 0, 0, 0, 0, 0, 0, 0, 0, 0, 0, 0, 0, 0, 0, 0, 0, 0, 0, 0, 0, 0, 0], "bins": [-0.5, -0.484375, -0.46875, -0.453125, -0.4375, -0.421875, -0.40625, -0.390625, -0.375, -0.359375, -0.34375, -0.328125, -0.3125, -0.296875, -0.28125, -0.265625, -0.25, -0.234375, -0.21875, -0.203125, -0.1875, -0.171875, -0.15625, -0.140625, -0.125, -0.109375, -0.09375, -0.078125, -0.0625, -0.046875, -0.03125, -0.015625, 0.0, 0.015625, 0.03125, 0.046875, 0.0625, 0.078125, 0.09375, 0.109375, 0.125, 0.140625, 0.15625, 0.171875, 0.1875, 0.203125, 0.21875, 0.234375, 0.25, 0.265625, 0.28125, 0.296875, 0.3125, 0.328125, 0.34375, 0.359375, 0.375, 0.390625, 0.40625, 0.421875, 0.4375, 0.453125, 0.46875, 0.484375, 0.5]}, "params/['params']['layers_0']['linear_layer']['kernel']": {"_type": "histogram", "values": [2, 0, 0, 0, 0, 0, 0, 0, 1, 0, 0, 0, 0, 0, 0, 0, 0, 0, 0, 0, 0, 0, 90, 0, 0, 0, 0, 0, 0, 0, 0, 0, 0, 0, 0, 0, 2, 0, 0, 0, 0, 0, 0, 0, 0, 0, 0, 0, 0, 0, 0, 0, 0, 0, 0, 0, 0, 0, 0, 0, 0, 0, 0, 1], "bins": [-0.46507692337036133, -0.4446171522140503, -0.42415738105773926, -0.4036976099014282, -0.3832378387451172, -0.36277806758880615, -0.3423183262348175, -0.32185855507850647, -0.30139878392219543, -0.2809390127658844, -0.26047924160957336, -0.24001948535442352, -0.2195597141981125, -0.19909995794296265, -0.1786401867866516, -0.15818041563034058, -0.13772064447402954, -0.1172608733177185, -0.09680110216140747, -0.07634133100509644, -0.0558815598487854, -0.03542181849479675, -0.014962047338485718, 0.005497723817825317, 0.025957494974136353, 0.046417236328125, 0.06687700748443604, 0.08733677864074707, 0.1077965497970581, 0.12825632095336914, 0.14871609210968018, 0.1691758632659912, 0.18963563442230225, 0.21009540557861328, 0.23055517673492432, 0.25101494789123535, 0.2714747190475464, 0.2919344902038574, 0.31239426136016846, 0.3328540325164795, 0.3533138036727905, 0.3737735152244568, 0.3942332863807678, 0.41469305753707886, 0.4351528286933899, 0.4556125998497009, 0.47607237100601196, 0.496532142162323, 0.516991913318634, 0.5374516248703003, 0.5579113960266113, 0.5783711671829224, 0.5988309383392334, 0.6192907094955444, 0.6397504806518555, 0.6602102518081665, 0.6806700229644775, 0.7011297941207886, 0.7215895652770996, 0.7420493364334106, 0.7625091075897217, 0.7829688787460327, 0.8034286499023438, 0.8238884210586548, 0.8443481922149658]}, "params/['params']['layers_1']['linear_layer']['bias']": {"_type": "histogram", "values": [0, 0, 0, 0, 0, 0, 0, 0, 0, 0, 0, 0, 0, 0, 0, 0, 0, 0, 0, 0, 0, 0, 0, 0, 0, 0, 0, 0, 0, 0, 0, 0, 24, 0, 0, 0, 0, 0, 0, 0, 0, 0, 0, 0, 0, 0, 0, 0, 0, 0, 0, 0, 0, 0, 0, 0, 0, 0, 0, 0, 0, 0, 0, 0], "bins": [-0.5, -0.484375, -0.46875, -0.453125, -0.4375, -0.421875, -0.40625, -0.390625, -0.375, -0.359375, -0.34375, -0.328125, -0.3125, -0.296875, -0.28125, -0.265625, -0.25, -0.234375, -0.21875, -0.203125, -0.1875, -0.171875, -0.15625, -0.140625, -0.125, -0.109375, -0.09375, -0.078125, -0.0625, -0.046875, -0.03125, -0.015625, 0.0, 0.015625, 0.03125, 0.046875, 0.0625, 0.078125, 0.09375, 0.109375, 0.125, 0.140625, 0.15625, 0.171875, 0.1875, 0.203125, 0.21875, 0.234375, 0.25, 0.265625, 0.28125, 0.296875, 0.3125, 0.328125, 0.34375, 0.359375, 0.375, 0.390625, 0.40625, 0.421875, 0.4375, 0.453125, 0.46875, 0.484375, 0.5]}, "params/['params']['layers_1']['linear_layer']['kernel']": {"_type": "histogram", "values": [1, 0, 0, 0, 0, 0, 0, 0, 0, 0, 0, 0, 2, 0, 0, 2, 0, 0, 0, 0, 0, 0, 0, 0, 0, 0, 0, 0, 0, 0, 0, 0, 0, 0, 0, 0, 0, 498, 0, 0, 0, 0, 0, 0, 0, 0, 0, 0, 0, 0, 0, 0, 0, 0, 0, 0, 0, 0, 0, 0, 0, 0, 0, 1], "bins": [-2.2399842739105225, -2.180180311203003, -2.1203765869140625, -2.060572624206543, -2.0007688999176025, -1.9409650564193726, -1.8811612129211426, -1.821357250213623, -1.7615535259246826, -1.701749563217163, -1.6419458389282227, -1.5821418762207031, -1.5223380327224731, -1.4625341892242432, -1.4027303457260132, -1.3429265022277832, -1.2831226587295532, -1.2233188152313232, -1.1635149717330933, -1.1037111282348633, -1.0439072847366333, -0.9841034412384033, -0.9242995977401733, -0.8644957542419434, -0.8046917915344238, -0.7448879480361938, -0.6850841045379639, -0.6252802610397339, -0.5654764175415039, -0.5056725740432739, -0.44586873054504395, -0.38606488704681396, -0.326261043548584, -0.266457200050354, -0.20665335655212402, -0.1468493938446045, -0.08704566955566406, -0.02724170684814453, 0.0325620174407959, 0.09236598014831543, 0.15216970443725586, 0.2119736671447754, 0.2717773914337158, 0.33158135414123535, 0.3913850784301758, 0.4511890411376953, 0.5109927654266357, 0.5707967281341553, 0.6306006908416748, 0.6904044151306152, 0.7502083778381348, 0.8100121021270752, 0.8698160648345947, 0.9296197891235352, 0.9894237518310547, 1.0492274761199951, 1.1090314388275146, 1.168835163116455, 1.2286391258239746, 1.288442850112915, 1.3482468128204346, 1.408050537109375, 1.4678544998168945, 1.527658224105835, 1.5874621868133545]}, "validation_loss": 0.00019004399655386806, "_wandb": {"runtime": 198}}