{"loss": 0.0001320849551120773, "_timestamp": 1739549035.290429, "_runtime": 214.2546842098236, "_step": 405, "validation_loss": 0.00013481102359946817, "params/['params']['last']['bias']": {"_type": "histogram", "values": [1, 0, 0, 0, 0, 0, 0, 0, 0, 0, 0, 0, 0, 0, 0, 0, 0, 0, 0, 0, 0, 0, 0, 0, 0, 0, 0, 0, 0, 0, 0, 0, 0, 0, 0, 0, 0, 0, 0, 0, 0, 0, 0, 0, 0, 0, 0, 0, 0, 0, 0, 0, 0, 0, 0, 0, 0, 0, 0, 0, 0, 0, 0, 1], "bins": [0.0, 0.013025902211666107, 0.026051804423332214, 0.03907770663499832, 0.05210360884666443, 0.06512951105833054, 0.07815541326999664, 0.09118131548166275, 0.10420721769332886, 0.11723311990499496, 0.13025902211666107, 0.14328491687774658, 0.1563108265399933, 0.16933673620224, 0.1823626309633255, 0.195388525724411, 0.20841443538665771, 0.22144034504890442, 0.23446623980998993, 0.24749213457107544, 0.26051804423332214, 0.27354395389556885, 0.28656983375549316, 0.29959574341773987, 0.3126216530799866, 0.3256475627422333, 0.33867347240448, 0.3516993522644043, 0.364725261926651, 0.3777511715888977, 0.390777051448822, 0.4038029611110687, 0.41682887077331543, 0.42985478043556213, 0.44288069009780884, 0.45590656995773315, 0.46893247961997986, 0.48195838928222656, 0.4949842691421509, 0.50801020860672, 0.5210360884666443, 0.5340619683265686, 0.5470879077911377, 0.560113787651062, 0.5731396675109863, 0.5861656069755554, 0.5991914868354797, 0.6122174263000488, 0.6252433061599731, 0.6382691860198975, 0.6512951254844666, 0.6643210053443909, 0.67734694480896, 0.6903728246688843, 0.7033987045288086, 0.7164246439933777, 0.729450523853302, 0.7424764037132263, 0.7555023431777954, 0.7685282230377197, 0.781554102897644, 0.7945800423622131, 0.8076059222221375, 0.8206318616867065, 0.8336577415466309]}, "params/['params']['last']['kernel']": {"_type": "histogram", "values": [1, 0, 0, 0, 0, 0, 0, 0, 0, 0, 0, 0, 0, 0, 0, 0, 0, 0, 0, 0, 0, 0, 0, 0, 0, 0, 0, 0, 0, 0, 0, 0, 0, 0, 0, 0, 0, 0, 1, 0, 0, 0, 0, 0, 0, 0, 0, 0, 0, 0, 0, 0, 0, 0, 0, 0, 1, 0, 1, 0, 22, 2, 0, 2], "bins": [-0.43085741996765137, -0.42374613881111145, -0.41663485765457153, -0.409523606300354, -0.4024123251438141, -0.39530104398727417, -0.38818976283073425, -0.38107848167419434, -0.3739672303199768, -0.3668559491634369, -0.359744668006897, -0.35263341665267944, -0.34552210569381714, -0.3384108543395996, -0.3312995731830597, -0.3241882920265198, -0.31707704067230225, -0.30996575951576233, -0.3028544783592224, -0.2957431972026825, -0.2886319160461426, -0.28152066469192505, -0.27440938353538513, -0.2672981023788452, -0.2601868212223053, -0.2530755400657654, -0.24596427381038666, -0.23885300755500793, -0.23174172639846802, -0.2246304601430893, -0.21751917898654938, -0.21040791273117065, -0.20329663157463074, -0.19618535041809082, -0.1890740841627121, -0.18196280300617218, -0.17485153675079346, -0.16774025559425354, -0.16062897443771362, -0.1535177230834961, -0.14640644192695618, -0.13929516077041626, -0.13218387961387634, -0.12507259845733643, -0.1179613471031189, -0.11085006594657898, -0.10373878479003906, -0.09662750363349915, -0.08951622247695923, -0.0824049711227417, -0.07529368996620178, -0.06818240880966187, -0.06107112765312195, -0.05395987629890442, -0.0468485951423645, -0.039737313985824585, -0.03262603282928467, -0.02551475167274475, -0.01840350031852722, -0.011292219161987305, -0.004180938005447388, 0.0029303431510925293, 0.010041594505310059, 0.017152875661849976, 0.02426416240632534]}, "params/['params']['layers_0']['linear_layer']['bias']": {"_type": "histogram", "values": [0, 0, 0, 0, 0, 0, 0, 0, 0, 0, 0, 0, 0, 0, 0, 0, 0, 0, 0, 0, 0, 0, 0, 0, 0, 0, 0, 0, 0, 0, 0, 0, 18, 0, 0, 0, 0, 0, 0, 0, 0, 0, 0, 0, 0, 0, 0, 0, 0, 0, 0, 0, 0, 0, 0, 0, 0, 0, 0, 0, 0, 0, 0, 0], "bins": [-0.5, -0.484375, -0.46875, -0.453125, -0.4375, -0.421875, -0.40625, -0.390625, -0.375, -0.359375, -0.34375, -0.328125, -0.3125, -0.296875, -0.28125, -0.265625, -0.25, -0.234375, -0.21875, -0.203125, -0.1875, -0.171875, -0.15625, -0.140625, -0.125, -0.109375, -0.09375, -0.078125, -0.0625, -0.046875, -0.03125, -0.015625, 0.0, 0.015625, 0.03125, 0.046875, 0.0625, 0.078125, 0.09375, 0.109375, 0.125, 0.140625, 0.15625, 0.171875, 0.1875, 0.203125, 0.21875, 0.234375, 0.25, 0.265625, 0.28125, 0.296875, 0.3125, 0.328125, 0.34375, 0.359375, 0.375, 0.390625, 0.40625, 0.421875, 0.4375, 0.453125, 0.46875, 0.484375, 0.5]}, "params/['params']['layers_0']['linear_layer']['kernel']": {"_type": "histogram", "values": [1, 0, 0, 0, 0, 0, 0, 0, 0, 1, 1, 0, 0, 0, 0, 0, 0, 0, 0, 0, 0, 0, 0, 0, 0, 0, 0, 1, 1, 0, 0, 0, 0, 0, 28, 0, 0, 0, 0, 0, 0, 0, 1, 0, 0, 1, 0, 0, 0, 0, 0, 0, 0, 0, 0, 0, 0, 0, 0, 0, 0, 0, 0, 1], "bins": [-0.5373204946517944, -0.5215256810188293, -0.5057308673858643, -0.48993605375289917, -0.47414126992225647, -0.4583464562892914, -0.4425516426563263, -0.4267568290233612, -0.4109620451927185, -0.3951672315597534, -0.37937241792678833, -0.36357760429382324, -0.34778279066085815, -0.33198797702789307, -0.316193163394928, -0.3003983795642853, -0.2846035659313202, -0.2688087522983551, -0.25301393866539, -0.23721915483474731, -0.22142434120178223, -0.20562952756881714, -0.18983471393585205, -0.17403990030288696, -0.15824508666992188, -0.14245030283927917, -0.1266554892063141, -0.110860675573349, -0.09506586194038391, -0.07927104830741882, -0.06347626447677612, -0.047681450843811035, -0.03188663721084595, -0.01609182357788086, -0.0002970099449157715, 0.015497803688049316, 0.031292617321014404, 0.04708743095397949, 0.0628821849822998, 0.07867699861526489, 0.09447181224822998, 0.11026662588119507, 0.12606143951416016, 0.14185625314712524, 0.15765106678009033, 0.17344588041305542, 0.1892406940460205, 0.2050355076789856, 0.22083032131195068, 0.236625075340271, 0.2524198889732361, 0.26821470260620117, 0.28400951623916626, 0.29980432987213135, 0.31559914350509644, 0.3313939571380615, 0.3471887707710266, 0.3629835844039917, 0.3787783980369568, 0.3945731520652771, 0.4103679656982422, 0.4261627793312073, 0.44195759296417236, 0.45775240659713745, 0.47354722023010254]}, "params/['params']['layers_1']['linear_layer']['bias']": {"_type": "histogram", "values": [1, 0, 0, 0, 0, 0, 0, 0, 0, 0, 0, 0, 0, 0, 0, 0, 0, 0, 0, 0, 0, 0, 0, 0, 0, 0, 0, 0, 0, 0, 0, 0, 0, 0, 0, 0, 0, 0, 0, 0, 0, 0, 0, 0, 0, 0, 0, 0, 0, 0, 0, 0, 0, 0, 0, 0, 0, 0, 0, 0, 0, 0, 0, 17], "bins": [-0.0015235369792208076, -0.001499731675721705, -0.0014759264886379242, -0.0014521211851388216, -0.001428315881639719, -0.0014045106945559382, -0.0013807053910568357, -0.001356900087557733, -0.0013330949004739523, -0.0013092895969748497, -0.0012854842934757471, -0.0012616789899766445, -0.0012378738028928638, -0.0012140684993937612, -0.0011902633123099804, -0.0011664580088108778, -0.0011426527053117752, -0.0011188474018126726, -0.0010950422147288918, -0.0010712369112297893, -0.0010474317241460085, -0.001023626420646906, -0.0009998211171478033, -0.0009760158718563616, -0.00095221062656492, -0.0009284053230658174, -0.0009046000777743757, -0.000880794832482934, -0.0008569895289838314, -0.0008331842836923897, -0.000809379038400948, -0.0007855737349018455, -0.0007617684896104038, -0.0007379632443189621, -0.0007141579408198595, -0.0006903526955284178, -0.0006665474502369761, -0.0006427421467378736, -0.0006189369014464319, -0.0005951316561549902, -0.0005713263526558876, -0.0005475211073644459, -0.0005237158620730042, -0.0004999105585739017, -0.00047610525507479906, -0.0004523000679910183, -0.0004284947644919157, -0.0004046894609928131, -0.00038088427390903234, -0.00035707897040992975, -0.00033327366691082716, -0.0003094684798270464, -0.0002856631763279438, -0.0002618578728288412, -0.00023805268574506044, -0.00021424738224595785, -0.00019044207874685526, -0.0001666368916630745, -0.0001428315881639719, -0.00011902628466486931, -9.522109758108854e-05, -7.141579408198595e-05, -4.761049058288336e-05, -2.3805303499102592e-05, 0.0]}, "params/['params']['layers_1']['linear_layer']['kernel']": {"_type": "histogram",