{"loss": 0.052706558257341385, "_timestamp": 1739284202.9180968, "_runtime": 127.78558683395386, "_step": 326}