{"loss": 4.093897416623804e-07, "_timestamp": 1739543191.9425087, "_runtime": 174.52232480049133, "_step": 405, "validation_loss": 2.1011478779087156e-08, "params/['params']['last']['bias']": {"_type": "histogram", "values": [0, 0, 0, 0, 0, 0, 0, 0, 0, 0, 0, 0, 0, 0, 0, 0, 0, 0, 0, 0, 0, 0, 0, 0, 0, 0, 0, 0, 0, 0, 0, 0, 2, 0, 0, 0, 0, 0, 0, 0, 0, 0, 0, 0, 0, 0, 0, 0, 0, 0, 0, 0, 0, 0, 0, 0, 0, 0, 0, 0, 0, 0, 0, 0], "bins": [-0.5, -0.484375, -0.46875, -0.453125, -0.4375, -0.421875, -0.40625, -0.390625, -0.375, -0.359375, -0.34375, -0.328125, -0.3125, -0.296875, -0.28125, -0.265625, -0.25, -0.234375, -0.21875, -0.203125, -0.1875, -0.171875, -0.15625, -0.140625, -0.125, -0.109375, -0.09375, -0.078125, -0.0625, -0.046875, -0.03125, -0.015625, 0.0, 0.015625, 0.03125, 0.046875, 0.0625, 0.078125, 0.09375, 0.109375, 0.125, 0.140625, 0.15625, 0.171875, 0.1875, 0.203125, 0.21875, 0.234375, 0.25, 0.265625, 0.28125, 0.296875, 0.3125, 0.328125, 0.34375, 0.359375, 0.375, 0.390625, 0.40625, 0.421875, 0.4375, 0.453125, 0.46875, 0.484375, 0.5]}, "params/['params']['last']['kernel']": {"_type": "histogram", "values": [2, 0, 0, 0, 0, 0, 37, 0, 0, 0, 0, 0, 0, 2, 0, 0, 0, 0, 0, 0, 0, 0, 0, 0, 0, 0, 0, 0, 0, 0, 0, 0, 0, 0, 0, 0, 0, 0, 0, 0, 0, 0, 0, 0, 0, 0, 0, 0, 0, 0, 0, 0, 0, 0, 0, 0, 0, 0, 0, 0, 0, 0, 0, 1], "bins": [-0.00795739982277155, -0.006760337855666876, -0.0055632758885622025, -0.004366213921457529, -0.0031691519543528557, -0.0019720899872481823, -0.0007750280201435089, 0.00042203348129987717, 0.0016190959140658379, 0.0028161583468317986, 0.004013219848275185, 0.005210281349718571, 0.006407343782484531, 0.007604406215250492, 0.008801466785371304, 0.009998529218137264, 0.011195591650903225, 0.012392654083669186, 0.013589716516435146, 0.014786777086555958, 0.015983838587999344, 0.017180901020765305, 0.018377963453531265, 0.019575025886297226, 0.020772088319063187, 0.021969150751829147, 0.023166213184595108, 0.02436327561736107, 0.02556033432483673, 0.02675739675760269, 0.027954459190368652, 0.029151521623134613, 0.030348584055900574, 0.031545646488666534, 0.032742708921432495, 0.033939771354198456, 0.035136833786964417, 0.03633389249444008, 0.03753095492720604, 0.038728017359972, 0.03992507979273796, 0.04112214222550392, 0.04231920465826988, 0.04351626709103584, 0.044713325798511505, 0.045910388231277466, 0.047107450664043427, 0.04830451309680939, 0.04950157552957535, 0.05069863796234131, 0.05189570039510727, 0.05309276282787323, 0.05428982526063919, 0.05548688769340515, 0.05668395012617111, 0.05788101255893707, 0.059078067541122437, 0.0602751299738884, 0.06147219240665436, 0.06266925483942032, 0.06386631727218628, 0.06506337970495224, 0.0662604421377182, 0.06745750457048416, 0.06865456700325012]}, "params/['params']['layers_0']['linear_layer']['bias']": {"_type": "histogram", "values": [0, 0, 0, 0, 0, 0, 0, 0, 0, 0, 0, 0, 0, 0, 0, 0, 0, 0, 0, 0, 0, 0, 0, 0, 0, 0, 0, 0, 0, 0, 0, 0, 24, 0, 0, 0, 0, 0, 0, 0, 0, 0, 0, 0, 0, 0, 0, 0, 0, 0, 0, 0, 0, 0, 0, 0, 0, 0, 0, 0, 0, 0, 0, 0], "bins": [-0.5, -0.484375, -0.46875, -0.453125, -0.4375, -0.421875, -0.40625, -0.390625, -0.375, -0.359375, -0.34375, -0.328125, -0.3125, -0.296875, -0.28125, -0.265625, -0.25, -0.234375, -0.21875, -0.203125, -0.1875, -0.171875, -0.15625, -0.140625, -0.125, -0.109375, -0.09375, -0.078125, -0.0625, -0.046875, -0.03125, -0.015625, 0.0, 0.015625, 0.03125, 0.046875, 0.0625, 0.078125, 0.09375, 0.109375, 0.125, 0.140625, 0.15625, 0.171875, 0.1875, 0.203125, 0.21875, 0.234375, 0.25, 0.265625, 0.28125, 0.296875, 0.3125, 0.328125, 0.34375, 0.359375, 0.375, 0.390625, 0.40625, 0.421875, 0.4375, 0.453125, 0.46875, 0.484375, 0.5]}, "params/['params']['layers_0']['linear_layer']['kernel']": {"_type": "histogram", "values": [1, 0, 0, 0, 1, 0, 0, 0, 0, 0, 0, 0, 0, 0, 0, 0, 0, 0, 0, 0, 0, 0, 0, 0, 0, 0, 0, 0, 0, 0, 0, 0, 0, 0, 0, 0, 0, 0, 0, 0, 0, 0, 0, 0, 0, 0, 0, 0, 0, 0, 0, 0, 0, 0, 0, 0, 0, 69, 0, 0, 0, 0, 0, 1], "bins": [-1.0353280305862427, -1.0172866582870483, -0.9992453455924988, -0.9812040328979492, -0.9631627202033997, -0.9451214075088501, -0.9270800352096558, -0.9090387225151062, -0.8909974098205566, -0.8729560375213623, -0.8549147248268127, -0.8368734121322632, -0.8188320398330688, -0.8007907271385193, -0.7827494144439697, -0.7647081017494202, -0.7466667890548706, -0.7286254167556763, -0.7105841040611267, -0.6925427913665771, -0.6745014190673828, -0.6564601063728333, -0.6384187936782837, -0.6203774213790894, -0.6023361086845398, -0.5842947959899902, -0.5662534236907959, -0.5482121706008911, -0.5301707983016968, -0.5121294856071472, -0.49408817291259766, -0.4760468006134033, -0.45800548791885376, -0.4399641752243042, -0.42192280292510986, -0.4038814902305603, -0.38584017753601074, -0.3677988648414612, -0.34975749254226685, -0.3317161798477173, -0.3136748671531677, -0.2956334948539734, -0.27759218215942383, -0.25955086946487427, -0.2415095567703247, -0.22346818447113037, -0.2054268717765808, -0.18738555908203125, -0.16934418678283691, -0.15130287408828735, -0.1332615613937378, -0.11522024869918823, -0.0971788763999939, -0.07913756370544434, -0.061096251010894775, -0.043054938316345215, -0.02501356601715088, -0.006972193717956543, 0.011069059371948242, 0.029110431671142578, 0.04715168476104736, 0.0651930570602417, 0.08323442935943604, 0.10127568244934082, 0.11931710690259933]}, "params/['params']['layers_1']['linear_layer']['bias']": {"_type": "histogram", "values": [0, 0, 0, 0, 0, 0, 0, 0, 0, 0, 0, 0, 0, 0, 0, 0, 0, 0, 0, 0, 0, 0, 0, 0, 0, 0, 0, 0, 0, 0, 0, 0, 24, 0, 0, 0, 0, 0, 0, 0, 0, 0, 0, 0, 0, 0, 0, 0, 0, 0, 0, 0, 0, 0, 0, 0, 0, 0, 0, 0, 0, 0, 0, 0], "bins": [-0.5, -0.484375, -0.46875, -0.453125, -0.4375, -0.421875, -0.40625, -0.390625, -0.375, -0.359375, -0.34375, -0.328125, -0.3125, -0.296875, -0.28125, -0.265625, -0.25, -0.234375, -0.21875, -0.203125, -0.1875, -0.171875, -0.15625, -0.140625, -0.125, -0.109375, -0.09375, -0.078125, -0.0625, -0.046875, -0.03125, -0.015625, 0.0, 0.015625, 0.03125, 0.046875, 0.0625, 0.078125, 0.09375, 0.109375, 0.125, 0.140625, 0.15625, 0.171875, 0.1875, 0.203125, 0.21875, 0.234375, 0.25, 0.265625, 0.28125, 0.296875, 0.3125, 0.328125, 0.34375, 0.359375, 0.375, 0.390625, 0.40625, 0.421875, 0.4375, 0.453125, 0.46875, 0.484375, 0.5]}, "params/['params']['layers_1']['linear_layer']['kernel']": {"_type": "histogram", "values": [1, 0, 0, 0, 0, 0, 0, 0, 0, 0, 0, 0, 0, 0, 0, 0, 1, 0, 0, 0, 0, 1, 0, 0, 0, 0, 1, 1, 0, 0, 495, 0, 0, 0, 0, 0, 0, 0, 0, 0, 0, 0, 0, 0, 1, 0, 0, 0, 0, 0, 0, 0, 0, 0, 0, 0, 0, 0, 0, 0, 0, 1, 0, 2], "bins": [-3.0344443321228027, -2.9352357387542725, -2.836027145385742, -2.736818313598633, -2.6376097202301025, -2.5384011268615723, -2.439192533493042, -2.3399839401245117, -2.2407751083374023, -2.141566514968872, -2.042357921600342, -1.943149209022522, -1.8439406156539917, -1.7447319030761719, -1.6455233097076416, -1.5463145971298218, -1.4471060037612915, -1.3478974103927612, -1.2486886978149414, -1.1494801044464111, -1.0502713918685913, -0.9510626792907715, -0.8518540859222412, -0.7526454925537109, -0.6534368991851807, -0.5542283058166504, -0.455019474029541, -0.35581088066101074, -0.25660228729248047, -0.1573936939239502, -0.05818486213684082, 0.04102373123168945, 0.14023232460021973, 0.23944091796875, 0.3386495113372803, 0.43785834312438965, 0.5370669364929199, 0.6362755298614502, 0.7354841232299805, 0.8346929550170898, 0.9339015483856201, 1.0331101417541504, 1.1323189735412598, 1.231527328491211, 1.3307361602783203, 1.4299445152282715, 1.5291533470153809, 1.6283621788024902, 1.7275705337524414, 1.8267793655395508, 1.925987720489502, 2.0251965522766113, 2.1244053840637207, 2.223613739013672, 2.3228225708007812, 2.4220314025878906, 2.521239757537842, 2.620448589324951, 2.7196569442749023, 2.8188657760620117, 2.918074607849121, 3.0172829627990723, 3.1164917945861816, 3.215700149536133, 3.314908981323242]}, "_wandb": {"runtime": 174}}