{"loss": 0.02037903480231762, "_timestamp": 1739300184.268446, "_runtime": 15.119953870773315, "_step": 25, "params/['params']['last']['bias']": {"_type": "histogram", "values": [1, 0, 0, 0, 0, 0, 0, 0, 0, 0, 0, 0, 0, 0, 0, 0, 0, 0, 0, 0, 0, 0, 0, 0, 0, 0, 0, 0, 0, 0, 0, 0, 0, 0, 0, 0, 0, 0, 0, 0, 0, 0, 0, 0, 0, 0, 0, 0, 0, 0, 0, 0, 0, 0, 0, 0, 0, 0, 0, 0, 0, 0, 0, 1], "bins": [0.7961090207099915, 0.7993935346603394, 0.8026780486106873, 0.8059625029563904, 0.8092470169067383, 0.8125315308570862, 0.8158160448074341, 0.8191004991531372, 0.8223850131034851, 0.825669527053833, 0.8289540410041809, 0.832238495349884, 0.8355230093002319, 0.8388075232505798, 0.8420920372009277, 0.8453764915466309, 0.8486610054969788, 0.8519455194473267, 0.8552300333976746, 0.8585145473480225, 0.8617990016937256, 0.8650835156440735, 0.8683680295944214, 0.8716525435447693, 0.8749369978904724, 0.8782215118408203, 0.8815060257911682, 0.8847905397415161, 0.8880749940872192, 0.8913595080375671, 0.894644021987915, 0.8979285359382629, 0.9012130498886108, 0.904497504234314, 0.9077820181846619, 0.9110665321350098, 0.9143509864807129, 0.9176355004310608, 0.9209200143814087, 0.9242045283317566, 0.9274890422821045, 0.9307734966278076, 0.9340580105781555, 0.9373425245285034, 0.9406270384788513, 0.9439115524291992, 0.9471960067749023, 0.9504805207252502, 0.9537650346755981, 0.9570494890213013, 0.9603340029716492, 0.9636185169219971, 0.966903030872345, 0.9701875448226929, 0.973471999168396, 0.9767565131187439, 0.9800410270690918, 0.9833255410194397, 0.9866100549697876, 0.9898945093154907, 0.9931790232658386, 0.9964635372161865, 0.9997479915618896, 1.0030325651168823, 1.0063170194625854]}, "params/['params']['last']['kernel']": {"_type": "histogram", "values": [1, 0, 0, 0, 0, 0, 1, 0, 1, 0, 0, 0, 0, 1, 0, 1, 1, 1, 1, 1, 1, 0, 1, 10, 1, 0, 0, 0, 1, 0, 1, 0, 0, 2, 1, 0, 0, 0, 0, 0, 0, 0, 0, 0, 0, 1, 1, 0, 0, 0, 0, 0, 0, 0, 0, 0, 0, 0, 0, 0, 0, 0, 0, 1], "bins": [-0.34022632241249084, -0.3256213665008545, -0.3110164403915405, -0.2964114844799042, -0.2818065583705902, -0.26720160245895386, -0.2525966763496399, -0.23799172043800354, -0.22338677942752838, -0.20878183841705322, -0.19417689740657806, -0.1795719563961029, -0.16496700048446655, -0.1503620594739914, -0.13575711846351624, -0.12115217745304108, -0.10654723644256592, -0.09194229543209076, -0.0773373544216156, -0.06273239850997925, -0.04812747240066528, -0.03352251648902893, -0.018917590379714966, -0.004312634468078613, 0.01029232144355774, 0.024897247552871704, 0.03950220346450806, 0.05410712957382202, 0.06871208548545837, 0.08331701159477234, 0.09792196750640869, 0.11252689361572266, 0.127131849527359, 0.14173680543899536, 0.15634173154830933, 0.17094668745994568, 0.18555161356925964, 0.2001565396785736, 0.21476152539253235, 0.2293664515018463, 0.24397137761116028, 0.258576363325119, 0.273181289434433, 0.28778621554374695, 0.3023911416530609, 0.31699612736701965, 0.3316010534763336, 0.3462059795856476, 0.3608109652996063, 0.3754158914089203, 0.39002081751823425, 0.4046257436275482, 0.41923072934150696, 0.4338356554508209, 0.4484405815601349, 0.46304550766944885, 0.4776504933834076, 0.49225541949272156, 0.5068603754043579, 0.5214653015136719, 0.5360702276229858, 0.5506751537322998, 0.5652800798416138, 0.5798851251602173, 0.5944900512695312]}, "params/['params']['layers_0']['linear_layer']['bias']": {"_type": "histogram", "values": [1, 0, 0, 0, 0, 1, 0, 2, 1, 1, 1, 0, 0, 0, 0, 1, 0, 1, 0, 0, 0, 0, 0, 0, 0, 1, 0, 0, 0, 0, 0, 0, 0, 0, 0, 0, 0, 0, 0, 0, 0, 0, 0, 1, 2, 0, 1, 0, 0, 1, 0, 0, 1, 0, 0, 0, 0, 0, 0, 0, 0, 1, 0, 1], "bins": [-0.42989060282707214, -0.4142203629016876, -0.3985500931739807, -0.3828798532485962, -0.36720961332321167, -0.35153937339782715, -0.3358691334724426, -0.3201988637447357, -0.3045286238193512, -0.2888583838939667, -0.27318811416625977, -0.25751787424087524, -0.24184763431549072, -0.2261773943901062, -0.21050713956356049, -0.19483688473701477, -0.17916664481163025, -0.16349640488624573, -0.1478261649608612, -0.1321558952331543, -0.11648565530776978, -0.10081541538238525, -0.08514514565467834, -0.06947490572929382, -0.0538046658039093, -0.03813442587852478, -0.02246418595314026, -0.00679391622543335, 0.008876323699951172, 0.024546563625335693, 0.0402168333530426, 0.055887073278427124, 0.07155731320381165, 0.08722755312919617, 0.10289779305458069, 0.11856803297996521, 0.13423827290534973, 0.14990857243537903, 0.16557881236076355, 0.18124905228614807, 0.1969192922115326, 0.21258953213691711, 0.22825977206230164, 0.24393001198768616, 0.25960031151771545, 0.2752705514431, 0.2909407913684845, 0.306611031293869, 0.32228127121925354, 0.33795151114463806, 0.3536217510700226, 0.3692919909954071, 0.3849622309207916, 0.4006325304508209, 0.41630277037620544, 0.43197301030158997, 0.4476432502269745, 0.463313490152359, 0.47898373007774353, 0.49465397000312805, 0.510324239730835, 0.5259945392608643, 0.541664719581604, 0.5573350191116333, 0.573005199432373]}, "params/['params']['layers_0']['linear_layer']['kernel']": {"_type": "histogram", "values": [1, 0, 0, 0, 0, 0, 0, 0, 0, 0, 0, 0, 0, 0, 1, 0, 1, 1, 0, 4, 1, 1, 0, 2, 6, 2, 0, 0, 1, 2, 1, 4, 0, 1, 1, 0, 0, 2, 1, 0, 0, 1, 0, 0, 0, 0, 1, 0, 0, 0, 0, 0, 0, 0, 0, 0, 0, 0, 0, 0, 0, 0, 0, 1], "bins": [-1.8187785148620605, -1.7446621656417847, -1.6705458164215088, -1.596429467201233, -1.522313117980957, -1.4481968879699707, -1.3740805387496948, -1.299964189529419, -1.225847840309143, -1.1517314910888672, -1.0776151418685913, -1.0034987926483154, -0.9293825030326843, -0.8552661538124084, -0.7811498641967773, -0.7070335149765015, -0.6329171657562256, -0.5588008165359497, -0.48468446731567383, -0.41056811809539795, -0.33645176887512207, -0.26233553886413574, -0.18821918964385986, -0.11410284042358398, -0.039986491203308105, 0.03412985801696777, 0.10824620723724365, 0.18236255645751953, 0.25647878646850586, 0.3305952548980713, 0.4047114849090576, 0.47882795333862305, 0.5529441833496094, 0.6270604133605957, 0.7011768817901611, 0.7752931118011475, 0.8494095802307129, 0.9235258102416992, 0.9976422786712646, 1.071758508682251, 1.1458749771118164, 1.2199912071228027, 1.294107437133789, 1.3682239055633545, 1.4423401355743408, 1.5164566040039062, 1.5905728340148926, 1.664689302444458, 1.7388055324554443, 1.8129217624664307, 1.887038230895996, 1.9611544609069824, 2.035270929336548, 2.109387159347534, 2.1835036277770996, 2.257619857788086, 2.3317360877990723, 2.4058523178100586, 2.479969024658203, 2.5540852546691895, 2.628201484680176, 2.702317714691162, 2.7764344215393066, 2.850550651550293, 2.9246671199798584]}, "_wandb": {"runtime": 14}}