{"loss": 2.5856766611175898e-14, "_timestamp": 1739542252.385302, "_runtime": 153.415696144104, "_step": 405, "validation_loss": 1.6493485180055223e-13, "params/['params']['last']['bias']": {"_type": "histogram", "values": [0, 0, 0, 0, 0, 0, 0, 0, 0, 0, 0, 0, 0, 0, 0, 0, 0, 0, 0, 0, 0, 0, 0, 0, 0, 0, 0, 0, 0, 0, 0, 0, 2, 0, 0, 0, 0, 0, 0, 0, 0, 0, 0, 0, 0, 0, 0, 0, 0, 0, 0, 0, 0, 0, 0, 0, 0, 0, 0, 0, 0, 0, 0, 0], "bins": [-0.5, -0.484375, -0.46875, -0.453125, -0.4375, -0.421875, -0.40625, -0.390625, -0.375, -0.359375, -0.34375, -0.328125, -0.3125, -0.296875, -0.28125, -0.265625, -0.25, -0.234375, -0.21875, -0.203125, -0.1875, -0.171875, -0.15625, -0.140625, -0.125, -0.109375, -0.09375, -0.078125, -0.0625, -0.046875, -0.03125, -0.015625, 0.0, 0.015625, 0.03125, 0.046875, 0.0625, 0.078125, 0.09375, 0.109375, 0.125, 0.140625, 0.15625, 0.171875, 0.1875, 0.203125, 0.21875, 0.234375, 0.25, 0.265625, 0.28125, 0.296875, 0.3125, 0.328125, 0.34375, 0.359375, 0.375, 0.390625, 0.40625, 0.421875, 0.4375, 0.453125, 0.46875, 0.484375, 0.5]}, "params/['params']['last']['kernel']": {"_type": "histogram", "values": [1, 0, 0, 0, 0, 0, 0, 0, 0, 0, 0, 0, 0, 0, 0, 0, 0, 0, 0, 0, 0, 0, 0, 0, 0, 0, 0, 0, 0, 0, 0, 0, 0, 0, 0, 0, 0, 0, 0, 0, 0, 0, 0, 0, 0, 0, 0, 0, 0, 0, 0, 0, 0, 2, 0, 0, 0, 0, 0, 24, 0, 0, 1, 2], "bins": [-0.08221688121557236, -0.08083398640155792, -0.07945109158754349, -0.07806820422410965, -0.07668530941009521, -0.07530241459608078, -0.07391951978206635, -0.07253663241863251, -0.07115373760461807, -0.06977084279060364, -0.0683879479765892, -0.06700505316257477, -0.06562216579914093, -0.0642392709851265, -0.06285637617111206, -0.061473481357097626, -0.06009059026837349, -0.05870769917964935, -0.05732480436563492, -0.05594190955162048, -0.05455901846289635, -0.05317612364888191, -0.051793232560157776, -0.05041033774614334, -0.049027442932128906, -0.04764455184340477, -0.046261657029390335, -0.0448787659406662, -0.043495871126651764, -0.04211298003792763, -0.04073008522391319, -0.039347194135189056, -0.03796429932117462, -0.03658140450716019, -0.03519851341843605, -0.033815618604421616, -0.03243272751569748, -0.031049832701683044, -0.029666941612958908, -0.028284046798944473, -0.026901155710220337, -0.025518260896205902, -0.024135366082191467, -0.02275247499346733, -0.021369580179452896, -0.01998668909072876, -0.018603794276714325, -0.01722089946269989, -0.015838004648685455, -0.014455117285251617, -0.013072222471237183, -0.011689327657222748, -0.010306432843208313, -0.008923545479774475, -0.00754065066576004, -0.0061577558517456055, -0.004774861037731171, -0.003391966223716736, -0.002009078860282898, -0.0006261840462684631, 0.0007567107677459717, 0.0021396055817604065, 0.0035224929451942444, 0.004905387759208679, 0.006288284435868263]}, "params/['params']['layers_0']['linear_layer']['bias']": {"_type": "histogram", "values": [0, 0, 0, 0, 0, 0, 0, 0, 0, 0, 0, 0, 0, 0, 0, 0, 0, 0, 0, 0, 0, 0, 0, 0, 0, 0, 0, 0, 0, 0, 0, 0, 18, 0, 0, 0, 0, 0, 0, 0, 0, 0, 0, 0, 0, 0, 0, 0, 0, 0, 0, 0, 0, 0, 0, 0, 0, 0, 0, 0, 0, 0, 0, 0], "bins": [-0.5, -0.484375, -0.46875, -0.453125, -0.4375, -0.421875, -0.40625, -0.390625, -0.375, -0.359375, -0.34375, -0.328125, -0.3125, -0.296875, -0.28125, -0.265625, -0.25, -0.234375, -0.21875, -0.203125, -0.1875, -0.171875, -0.15625, -0.140625, -0.125, -0.109375, -0.09375, -0.078125, -0.0625, -0.046875, -0.03125, -0.015625, 0.0, 0.015625, 0.03125, 0.046875, 0.0625, 0.078125, 0.09375, 0.109375, 0.125, 0.140625, 0.15625, 0.171875, 0.1875, 0.203125, 0.21875, 0.234375, 0.25, 0.265625, 0.28125, 0.296875, 0.3125, 0.328125, 0.34375, 0.359375, 0.375, 0.390625, 0.40625, 0.421875, 0.4375, 0.453125, 0.46875, 0.484375, 0.5]}, "params/['params']['layers_0']['linear_layer']['kernel']": {"_type": "histogram", "values": [1, 0, 0, 0, 0, 0, 0, 51, 0, 0, 0, 0, 0, 0, 0, 0, 0, 0, 0, 0, 0, 0, 0, 0, 0, 0, 0, 0, 0, 0, 0, 0, 0, 0, 0, 0, 0, 0, 0, 0, 0, 0, 0, 0, 0, 0, 0, 0, 0, 0, 0, 0, 0, 0, 0, 0, 0, 0, 0, 1, 0, 0, 0, 1], "bins": [-0.1515043079853058, -0.13012979924678802, -0.10875529050827026, -0.0873807743191719, -0.06600626558065414, -0.04463175684213638, -0.023257240653038025, -0.0018827319145202637, 0.019491776823997498, 0.04086628556251526, 0.06224079430103302, 0.08361530303955078, 0.10498982667922974, 0.1263643205165863, 0.14773884415626526, 0.16911333799362183, 0.19048786163330078, 0.21186238527297974, 0.2332368791103363, 0.25461140275001526, 0.2759858965873718, 0.2973604202270508, 0.31873491406440735, 0.3401094377040863, 0.36148396134376526, 0.3828584849834442, 0.4042329490184784, 0.42560747265815735, 0.4469819962978363, 0.46835651993751526, 0.48973098397254944, 0.5111055374145508, 0.532480001449585, 0.5538545846939087, 0.5752290487289429, 0.596603512763977, 0.6179780960083008, 0.639352560043335, 0.6607271432876587, 0.6821016073226929, 0.703476071357727, 0.7248506546020508, 0.746225118637085, 0.7675997018814087, 0.7889741659164429, 0.810348629951477, 0.8317232131958008, 0.853097677230835, 0.8744722604751587, 0.8958467245101929, 0.9172213077545166, 0.9385957717895508, 0.959970235824585, 0.9813448190689087, 1.0027192831039429, 1.024093747138977, 1.0454683303833008, 1.066842794418335, 1.0882173776626587, 1.1095918416976929, 1.130966305732727, 1.1523408889770508, 1.173715353012085, 1.1950899362564087, 1.2164644002914429]}, "params/['params']['layers_1']['linear_layer']['bias']": {"_type": "histogram", "values": [0, 0, 0, 0, 0, 0, 0, 0, 0, 0, 0, 0, 0, 0, 0, 0, 0, 0, 0, 0, 0, 0, 0, 0, 0, 0, 0, 0, 0, 0, 0, 0, 18, 0, 0, 0, 0, 0, 0, 0, 0, 0, 0, 0, 0, 0, 0, 0, 0, 0, 0, 0, 0, 0, 0, 0, 0, 0, 0, 0, 0, 0, 0, 0], "bins": [-0.5, -0.484375, -0.46875, -0.453125, -0.4375, -0.421875, -0.40625, -0.390625, -0.375, -0.359375, -0.34375, -0.328125, -0.3125, -0.296875, -0.28125, -0.265625, -0.25, -0.234375, -0.21875, -0.203125, -0.1875, -0.171875, -0.15625, -0.140625, -0.125, -0.109375, -0.09375, -0.078125, -0.0625, -0.046875, -0.03125, -0.015625, 0.0, 0.015625, 0.03125, 0.046875, 0.0625, 0.078125, 0.09375, 0.109375, 0.125, 0.140625, 0.15625, 0.171875, 0.1875, 0.203125, 0.21875, 0.234375, 0.25, 0.265625, 0.28125, 0.296875, 0.3125, 0.328125, 0.34375, 0.359375, 0.375, 0.390625, 0.40625, 0.421875, 0.4375, 0.453125, 0.46875, 0.484375, 0.5]}, "params/['params']['layers_1']['linear_layer']['kernel']": {"_type": "histogram", "values": [2, 0, 1, 0, 0, 0, 0, 0, 0, 0, 0, 0, 0, 0, 0, 0, 0, 0, 0, 0, 0, 0, 0, 0, 0, 0, 0, 0, 0, 0, 0, 0, 0, 264, 0, 0, 0, 0, 0, 0, 0, 0, 0, 0, 0, 2, 0, 0, 0, 0, 0, 0, 0, 0, 0, 0, 0, 0, 0, 0, 0, 0, 0, 1], "bins": [-2.801682472229004, -2.7175536155700684, -2.633424758911133, -2.5492961406707764, -2.465167284011841, -2.3810384273529053, -2.296909809112549, -2.2127809524536133, -2.1286520957946777, -2.044523239135742, -1.9603945016860962, -1.8762657642364502, -1.7921369075775146, -1.708008050918579, -1.623879313468933, -1.539750576019287, -1.4556217193603516, -1.371492862701416, -1.28736412525177, -1.203235387802124, -1.1191065311431885, -1.034977674484253, -0.9508489370346069, -0.8667201995849609, -0.7825913429260254, -0.6984624862670898, -0.6143336296081543, -0.5302050113677979, -0.4460761547088623, -0.36194729804992676, -0.2778186798095703, -0.19368982315063477, -0.10956096649169922, -0.025432109832763672, 0.058696746826171875, 0.14282536506652832, 0.22695422172546387, 0.3110830783843994, 0.39521169662475586, 0.4793405532836914, 0.563469409942627, 0.6475982666015625, 0.731727123260498, 0.8158557415008545, 0.89998459815979, 0.9841134548187256, 1.068242073059082, 1.1523709297180176, 1.2364997863769531, 1.3206286430358887, 1.4047574996948242, 1.4888863563537598, 1.5730152130126953, 1.6571435928344727, 1.7412724494934082, 1.8254013061523438, 1.9095301628112793, 1.9936590194702148, 2.0777878761291504, 2.161916732788086, 2.2460451126098633, 2.330173969268799, 2.4143028259277344, 2.49843168258667, 2.5825603008270264]}, "_wandb": {"runtime": 152}}