{"loss": 5.677880380972056e-06, "_timestamp": 1739367731.515001, "_runtime": 166.35666513442993, "_step": 404, "params/['params']['last']['bias']": {"_type": "histogram", "values": [0, 0, 0, 0, 0, 0, 0, 0, 0, 0, 0, 0, 0, 0, 0, 0, 0, 0, 0, 0, 0, 0, 0, 0, 0, 0, 0, 0, 0, 0, 0, 0, 2, 0, 0, 0, 0, 0, 0, 0, 0, 0, 0, 0, 0, 0, 0, 0, 0, 0, 0, 0, 0, 0, 0, 0, 0, 0, 0, 0, 0, 0, 0, 0], "bins": [-0.5, -0.484375, -0.46875, -0.453125, -0.4375, -0.421875, -0.40625, -0.390625, -0.375, -0.359375, -0.34375, -0.328125, -0.3125, -0.296875, -0.28125, -0.265625, -0.25, -0.234375, -0.21875, -0.203125, -0.1875, -0.171875, -0.15625, -0.140625, -0.125, -0.109375, -0.09375, -0.078125, -0.0625, -0.046875, -0.03125, -0.015625, 0.0, 0.015625, 0.03125, 0.046875, 0.0625, 0.078125, 0.09375, 0.109375, 0.125, 0.140625, 0.15625, 0.171875, 0.1875, 0.203125, 0.21875, 0.234375, 0.25, 0.265625, 0.28125, 0.296875, 0.3125, 0.328125, 0.34375, 0.359375, 0.375, 0.390625, 0.40625, 0.421875, 0.4375, 0.453125, 0.46875, 0.484375, 0.5]}, "params/['params']['last']['kernel']": {"_type": "histogram", "values": [1, 0, 0, 0, 0, 0, 0, 0, 0, 0, 0, 0, 0, 0, 0, 0, 0, 0, 0, 0, 0, 0, 0, 0, 0, 0, 0, 0, 0, 0, 0, 0, 0, 0, 0, 0, 0, 2, 0, 0, 0, 0, 0, 0, 0, 0, 0, 0, 0, 0, 0, 0, 0, 0, 0, 0, 0, 0, 0, 37, 0, 0, 0, 2], "bins": [-0.12963753938674927, -0.12747091054916382, -0.12530428171157837, -0.12313764542341232, -0.12097101658582687, -0.11880438029766083, -0.11663775146007538, -0.11447112262248993, -0.11230449378490448, -0.11013785749673843, -0.10797122865915298, -0.10580459237098694, -0.10363796353340149, -0.10147133469581604, -0.09930470585823059, -0.09713807702064514, -0.0949714407324791, -0.09280480444431305, -0.0906381756067276, -0.08847154676914215, -0.0863049179315567, -0.08413828909397125, -0.0819716528058052, -0.07980502396821976, -0.07763838768005371, -0.07547175884246826, -0.07330513000488281, -0.07113850116729736, -0.06897186487913132, -0.06680523604154587, -0.06463860720396042, -0.06247197091579437, -0.06030534207820892, -0.058138713240623474, -0.05597207695245743, -0.05380544811487198, -0.05163881927728653, -0.04947218298912048, -0.047305554151535034, -0.045138925313949585, -0.042972296476364136, -0.04080566018819809, -0.03863903135061264, -0.03647240251302719, -0.034305766224861145, -0.032139137387275696, -0.029972508549690247, -0.0278058722615242, -0.02563924342393875, -0.023472614586353302, -0.021305978298187256, -0.019139349460601807, -0.016972720623016357, -0.014806084334850311, -0.012639455497264862, -0.010472826659679413, -0.008306190371513367, -0.0061395615339279175, -0.003972932696342468, -0.001806303858757019, 0.0003603249788284302, 0.0025269687175750732, 0.0046935975551605225, 0.006860226392745972, 0.009026847779750824]}, "params/['params']['layers_0']['linear_layer']['bias']": {"_type": "histogram", "values": [0, 0, 0, 0, 0, 0, 0, 0, 0, 0, 0, 0, 0, 0, 0, 0, 0, 0, 0, 0, 0, 0, 0, 0, 0, 0, 0, 0, 0, 0, 0, 0, 24, 0, 0, 0, 0, 0, 0, 0, 0, 0, 0, 0, 0, 0, 0, 0, 0, 0, 0, 0, 0, 0, 0, 0, 0, 0, 0, 0, 0, 0, 0, 0], "bins": [-0.5, -0.484375, -0.46875, -0.453125, -0.4375, -0.421875, -0.40625, -0.390625, -0.375, -0.359375, -0.34375, -0.328125, -0.3125, -0.296875, -0.28125, -0.265625, -0.25, -0.234375, -0.21875, -0.203125, -0.1875, -0.171875, -0.15625, -0.140625, -0.125, -0.109375, -0.09375, -0.078125, -0.0625, -0.046875, -0.03125, -0.015625, 0.0, 0.015625, 0.03125, 0.046875, 0.0625, 0.078125, 0.09375, 0.109375, 0.125, 0.140625, 0.15625, 0.171875, 0.1875, 0.203125, 0.21875, 0.234375, 0.25, 0.265625, 0.28125, 0.296875, 0.3125, 0.328125, 0.34375, 0.359375, 0.375, 0.390625, 0.40625, 0.421875, 0.4375, 0.453125, 0.46875, 0.484375, 0.5]}, "params/['params']['layers_0']['linear_layer']['kernel']": {"_type": "histogram", "values": [1, 0, 0, 0, 0, 1, 0, 0, 0, 0, 0, 0, 0, 91, 0, 0, 0, 0, 0, 0, 0, 0, 0, 0, 0, 0, 2, 0, 0, 0, 0, 0, 0, 0, 0, 0, 0, 0, 0, 0, 0, 0, 0, 0, 0, 0, 0, 0, 0, 0, 0, 0, 0, 0, 0, 0, 0, 0, 0, 0, 0, 0, 0, 1], "bins": [-0.2846779525279999, -0.2631118595600128, -0.24154576659202576, -0.2199796736240387, -0.19841358065605164, -0.17684748768806458, -0.15528137981891632, -0.13371528685092926, -0.1121491938829422, -0.09058310091495514, -0.06901700794696808, -0.04745091497898102, -0.025884807109832764, -0.004318714141845703, 0.017247378826141357, 0.03881347179412842, 0.06037956476211548, 0.08194565773010254, 0.1035117506980896, 0.12507784366607666, 0.14664393663406372, 0.16821002960205078, 0.18977612257003784, 0.2113422155380249, 0.23290833830833435, 0.2544744312763214, 0.27604052424430847, 0.29760661721229553, 0.3191727101802826, 0.34073880314826965, 0.3623048961162567, 0.3838709890842438, 0.40543708205223083, 0.4270031750202179, 0.44856926798820496, 0.470135360956192, 0.4917014539241791, 0.5132675170898438, 0.5348336696624756, 0.5563997030258179, 0.5779658555984497, 0.599531888961792, 0.6210980415344238, 0.6426640748977661, 0.664230227470398, 0.6857962608337402, 0.7073624134063721, 0.7289284467697144, 0.7504945993423462, 0.7720606327056885, 0.7936267852783203, 0.8151928186416626, 0.8367589712142944, 0.8583250045776367, 0.8798911571502686, 0.9014571905136108, 0.9230233430862427, 0.944589376449585, 0.9661555290222168, 0.9877215623855591, 1.009287714958191, 1.0308537483215332, 1.052419900894165, 1.0739859342575073, 1.0955520868301392]}, "params/['params']['layers_1']['linear_layer']['bias']": {"_type": "histogram", "values": [0, 0, 0, 0, 0, 0, 0, 0, 0, 0, 0, 0, 0, 0, 0, 0, 0, 0, 0, 0, 0, 0, 0, 0, 0, 0, 0, 0, 0, 0, 0, 0, 24, 0, 0, 0, 0, 0, 0, 0, 0, 0, 0, 0, 0, 0, 0, 0, 0, 0, 0, 0, 0, 0, 0, 0, 0, 0, 0, 0, 0, 0, 0, 0], "bins": [-0.5, -0.484375, -0.46875, -0.453125, -0.4375, -0.421875, -0.40625, -0.390625, -0.375, -0.359375, -0.34375, -0.328125, -0.3125, -0.296875, -0.28125, -0.265625, -0.25, -0.234375, -0.21875, -0.203125, -0.1875, -0.171875, -0.15625, -0.140625, -0.125, -0.109375, -0.09375, -0.078125, -0.0625, -0.046875, -0.03125, -0.015625, 0.0, 0.015625, 0.03125, 0.046875, 0.0625, 0.078125, 0.09375, 0.109375, 0.125, 0.140625, 0.15625, 0.171875, 0.1875, 0.203125, 0.21875, 0.234375, 0.25, 0.265625, 0.28125, 0.296875, 0.3125, 0.328125, 0.34375, 0.359375, 0.375, 0.390625, 0.40625, 0.421875, 0.4375, 0.453125, 0.46875, 0.484375, 0.5]}, "params/['params']['layers_1']['linear_layer']['kernel']": {"_type": "histogram", "values": [2, 0, 0, 0, 0, 0, 0, 0, 0, 0, 0, 0, 0, 0, 0, 0, 0, 0, 0, 0, 0, 0, 0, 0, 0, 0, 0, 2, 0, 0, 0, 0, 0, 0, 0, 0, 0, 0, 0, 0, 0, 0, 0, 1, 2, 0, 0, 0, 0, 0, 1, 0, 0, 495, 0, 0, 0, 0, 0, 0, 0, 0, 0, 1], "bins": [-2.867741346359253, -2.814072370529175, -2.7604031562805176, -2.7067341804504395, -2.6530652046203613, -2.599395990371704, -2.545727014541626, -2.492058038711548, -2.4383888244628906, -2.3847198486328125, -2.3310508728027344, -2.277381658554077, -2.223712682723999, -2.170043468475342, -2.1163744926452637, -2.0627055168151855, -2.0090365409851074, -1.9553673267364502, -1.901698350906372, -1.8480292558670044, -1.7943601608276367, -1.7406911849975586, -1.687022089958191, -1.6333529949188232, -1.5796840190887451, -1.5260149240493774, -1.4723458290100098, -1.418676733970642, -1.365007758140564, -1.3113386631011963, -1.2576695680618286, -1.2040005922317505, -1.1503314971923828, -1.0966624021530151, -1.042993426322937, -0.9893243312835693, -0.9356552362442017, -0.8819862604141235, -0.8283171653747559, -0.7746481895446777, -0.7209789752960205, -0.6673099994659424, -0.6136410236358643, -0.559971809387207, -0.5063028335571289, -0.4526338577270508, -0.39896464347839355, -0.34529566764831543, -0.2916266918182373, -0.23795747756958008, -0.18428850173950195, -0.13061928749084473, -0.0769503116607666, -0.023281335830688477, 0.03038787841796875, 0.08405685424804688, 0.137725830078125, 0.19139504432678223, 0.24506402015686035, 0.2987329959869385, 0.3524022102355957, 0.40607118606567383, 0.45974016189575195, 0.5134093761444092, 0.5670782923698425]}, "_wandb": {"runtime": 165}}