{"loss": 0.00021187085076235235, "_timestamp": 1739547505.1351871, "_runtime": 209.5445041656494, "_step": 405, "validation_loss": 0.0002137605333700776, "params/['params']['last']['bias']": {"_type": "histogram", "values": [0, 0, 0, 0, 0, 0, 0, 0, 0, 0, 0, 0, 0, 0, 0, 0, 0, 0, 0, 0, 0, 0, 0, 0, 0, 0, 0, 0, 0, 0, 0, 0, 2, 0, 0, 0, 0, 0, 0, 0, 0, 0, 0, 0, 0, 0, 0, 0, 0, 0, 0, 0, 0, 0, 0, 0, 0, 0, 0, 0, 0, 0, 0, 0], "bins": [-0.5, -0.484375, -0.46875, -0.453125, -0.4375, -0.421875, -0.40625, -0.390625, -0.375, -0.359375, -0.34375, -0.328125, -0.3125, -0.296875, -0.28125, -0.265625, -0.25, -0.234375, -0.21875, -0.203125, -0.1875, -0.171875, -0.15625, -0.140625, -0.125, -0.109375, -0.09375, -0.078125, -0.0625, -0.046875, -0.03125, -0.015625, 0.0, 0.015625, 0.03125, 0.046875, 0.0625, 0.078125, 0.09375, 0.109375, 0.125, 0.140625, 0.15625, 0.171875, 0.1875, 0.203125, 0.21875, 0.234375, 0.25, 0.265625, 0.28125, 0.296875, 0.3125, 0.328125, 0.34375, 0.359375, 0.375, 0.390625, 0.40625, 0.421875, 0.4375, 0.453125, 0.46875, 0.484375, 0.5]}, "params/['params']['last']['kernel']": {"_type": "histogram", "values": [2, 0, 0, 0, 0, 0, 0, 0, 0, 0, 0, 0, 0, 0, 0, 0, 0, 0, 0, 0, 0, 0, 0, 0, 0, 0, 0, 0, 0, 0, 38, 0, 0, 0, 0, 0, 0, 0, 0, 0, 0, 0, 0, 0, 0, 0, 0, 0, 0, 0, 0, 0, 0, 0, 0, 0, 0, 0, 0, 1, 0, 0, 0, 1], "bins": [-0.012382455170154572, -0.011976786889135838, -0.011571118608117104, -0.011165451258420944, -0.01075978297740221, -0.010354114696383476, -0.009948446415364742, -0.009542778134346008, -0.009137109853327274, -0.00873144157230854, -0.008325774222612381, -0.007920105010271072, -0.007514437660574913, -0.007108769379556179, -0.006703101098537445, -0.006297433283179998, -0.005891765002161264, -0.0054860967211425304, -0.005080428905785084, -0.00467476062476635, -0.004269092343747616, -0.003863424062728882, -0.003457755781710148, -0.0030520884320139885, -0.0026464201509952545, -0.0022407518699765205, -0.0018350835889577866, -0.0014294153079390526, -0.0010237470269203186, -0.0006180796772241592, -0.00021241139620542526, 0.00019325688481330872, 0.0005989251658320427, 0.0010045934468507767, 0.0014102617278695107, 0.0018159300088882446, 0.002221597358584404, 0.002627265639603138, 0.003032933920621872, 0.0034386012703180313, 0.00384427048265934, 0.004249937832355499, 0.004655607044696808, 0.005061274394392967, 0.005466943606734276, 0.005872610956430435, 0.0062782783061265945, 0.006683947518467903, 0.0070896148681640625, 0.007495284080505371, 0.00790095143020153, 0.008306620642542839, 0.008712287992238998, 0.009117955341935158, 0.009523624554276466, 0.009929291903972626, 0.010334961116313934, 0.010740628466010094, 0.011146295815706253, 0.011551965028047562, 0.011957632377743721, 0.01236330159008503, 0.012768968939781189, 0.013174638152122498, 0.013580305501818657]}, "params/['params']['layers_0']['linear_layer']['bias']": {"_type": "histogram", "values": [0, 0, 0, 0, 0, 0, 0, 0, 0, 0, 0, 0, 0, 0, 0, 0, 0, 0, 0, 0, 0, 0, 0, 0, 0, 0, 0, 0, 0, 0, 0, 0, 24, 0, 0, 0, 0, 0, 0, 0, 0, 0, 0, 0, 0, 0, 0, 0, 0, 0, 0, 0, 0, 0, 0, 0, 0, 0, 0, 0, 0, 0, 0, 0], "bins": [-0.5, -0.484375, -0.46875, -0.453125, -0.4375, -0.421875, -0.40625, -0.390625, -0.375, -0.359375, -0.34375, -0.328125, -0.3125, -0.296875, -0.28125, -0.265625, -0.25, -0.234375, -0.21875, -0.203125, -0.1875, -0.171875, -0.15625, -0.140625, -0.125, -0.109375, -0.09375, -0.078125, -0.0625, -0.046875, -0.03125, -0.015625, 0.0, 0.015625, 0.03125, 0.046875, 0.0625, 0.078125, 0.09375, 0.109375, 0.125, 0.140625, 0.15625, 0.171875, 0.1875, 0.203125, 0.21875, 0.234375, 0.25, 0.265625, 0.28125, 0.296875, 0.3125, 0.328125, 0.34375, 0.359375, 0.375, 0.390625, 0.40625, 0.421875, 0.4375, 0.453125, 0.46875, 0.484375, 0.5]}, "params/['params']['layers_0']['linear_layer']['kernel']": {"_type": "histogram", "values": [1, 0, 0, 0, 0, 0, 0, 0, 0, 0, 0, 0, 0, 0, 0, 0, 0, 0, 0, 0, 0, 0, 0, 1, 0, 0, 0, 0, 0, 0, 0, 0, 0, 0, 0, 0, 0, 0, 0, 0, 0, 0, 0, 0, 0, 0, 0, 0, 0, 0, 0, 0, 0, 0, 0, 0, 0, 0, 0, 0, 0, 0, 0, 46], "bins": [-0.7804973721504211, -0.7683020830154419, -0.7561068534851074, -0.7439115643501282, -0.7317162752151489, -0.7195210456848145, -0.7073257565498352, -0.695130467414856, -0.6829351782798767, -0.6707399487495422, -0.658544659614563, -0.6463493704795837, -0.6341540813446045, -0.62195885181427, -0.6097635626792908, -0.5975682735443115, -0.585373044013977, -0.5731777548789978, -0.5609824657440186, -0.5487872362136841, -0.5365919470787048, -0.5243966579437256, -0.5122014284133911, -0.5000061392784119, -0.4878108501434326, -0.47561559081077576, -0.4634203016757965, -0.45122504234313965, -0.4390297830104828, -0.42683449387550354, -0.4146392345428467, -0.40244394540786743, -0.39024868607521057, -0.3780534267425537, -0.36585813760757446, -0.3536628782749176, -0.34146758913993835, -0.3292723298072815, -0.31707707047462463, -0.3048817813396454, -0.2926865220069885, -0.2804912328720093, -0.26829594373703003, -0.25610071420669556, -0.2439054250717163, -0.23171013593673706, -0.2195149064064026, -0.20731961727142334, -0.1951243281364441, -0.18292909860610962, -0.17073380947113037, -0.15853852033615112, -0.14634323120117188, -0.1341480016708374, -0.12195271253585815, -0.1097574234008789, -0.09756219387054443, -0.08536690473556519, -0.07317161560058594, -0.060976386070251465, -0.04878109693527222, -0.03658580780029297, -0.02439051866531372, -0.012195289134979248, 0.0]}, "params/['params']['layers_1']['linear_layer']['bias']": {"_type": "histogram", "values": [0, 0, 0, 0, 0, 0, 0, 0, 0, 0, 0, 0, 0, 0, 0, 0, 0, 0, 0, 0, 0, 0, 0, 0, 0, 0, 0, 0, 0, 0, 0, 0, 24, 0, 0, 0, 0, 0, 0, 0, 0, 0, 0, 0, 0, 0, 0, 0, 0, 0, 0, 0, 0, 0, 0, 0, 0, 0, 0, 0, 0, 0, 0, 0], "bins": [-0.5, -0.484375, -0.46875, -0.453125, -0.4375, -0.421875, -0.40625, -0.390625, -0.375, -0.359375, -0.34375, -0.328125, -0.3125, -0.296875, -0.28125, -0.265625, -0.25, -0.234375, -0.21875, -0.203125, -0.1875, -0.171875, -0.15625, -0.140625, -0.125, -0.109375, -0.09375, -0.078125, -0.0625, -0.046875, -0.03125, -0.015625, 0.0, 0.015625, 0.03125, 0.046875, 0.0625, 0.078125, 0.09375, 0.109375, 0.125, 0.140625, 0.15625, 0.171875, 0.1875, 0.203125, 0.21875, 0.234375, 0.25, 0.265625, 0.28125, 0.296875, 0.3125, 0.328125, 0.34375, 0.359375, 0.375, 0.390625, 0.40625, 0.421875, 0.4375, 0.453125, 0.46875, 0.484375, 0.5]}, "params/['params']['layers_1']['linear_layer']['kernel']": {"_type": "histogram", "values": [1, 0, 0, 0, 0, 0, 0, 0, 0, 0, 0, 0, 0, 0, 0, 0, 0, 2, 0, 0, 1, 0, 0, 497, 0, 0, 0, 0, 0, 0, 0, 0, 0, 0, 0, 0, 0, 0, 0, 0, 0, 0, 0, 0, 0, 0, 1, 0, 0, 0, 0, 0, 0, 0, 0, 0, 0, 0, 0, 0, 0, 0, 0, 2], "bins": [-2.316879987716675, -2.2177774906158447, -2.1186752319335938, -2.0195727348327637, -1.9204702377319336, -1.8213677406311035, -1.722265362739563, -1.6231629848480225, -1.5240604877471924, -1.4249579906463623, -1.3258556127548218, -1.2267532348632812, -1.1276507377624512, -1.028548240661621, -0.9294458627700806, -0.83034348487854, -0.73124098777771, -0.6321384906768799, -0.5330361127853394, -0.43393373489379883, -0.33483123779296875, -0.23572874069213867, -0.1366264820098877, -0.03752398490905762, 0.06157851219177246, 0.16068100929260254, 0.2597835063934326, 0.3588857650756836, 0.45798826217651367, 0.5570907592773438, 0.6561930179595947, 0.7552955150604248, 0.8543980121612549, 0.953500509262085, 1.052603006362915, 1.151705265045166, 1.250807762145996, 1.3499102592468262, 1.4490125179290771, 1.5481150150299072, 1.6472175121307373, 1.7463200092315674, 1.8454225063323975, 1.9445250034332275, 2.0436270236968994, 2.1427295207977295, 2.2418320178985596, 2.3409345149993896, 2.4400370121002197, 2.53913950920105, 2.63824200630188, 2.73734450340271, 2.83644700050354, 2.935549020767212, 3.034651517868042, 3.133754014968872, 3.232856512069702, 3.3319590091705322, 3.4310615062713623, 3.5301640033721924, 3.6292660236358643, 3.7283685207366943, 3.8274710178375244, 3.9265735149383545, 4.0256757736206055]}, "_wandb": {"runtime": 209}}