{"loss": 0.24592901766300201, "_timestamp": 1739366579.6685426, "_runtime": 1714.8395147323608, "_step": 189}