{"loss": 0.0005959898699074984, "_timestamp": 1739988405.7956924, "_runtime": 174.5709433555603, "_step": 2793, "params/['params']['last']['bias']": {"_type": "histogram", "values": [1, 0, 0, 0, 0, 0, 0, 0, 0, 0, 0, 0, 0, 0, 0, 0, 0, 0, 0, 0, 0, 0, 0, 0, 0, 0, 0, 0, 0, 0, 0, 0, 0, 0, 0, 0, 0, 0, 0, 0, 0, 0, 0, 0, 0, 0, 0, 0, 0, 0, 0, 0, 0, 0, 0, 0, 0, 0, 0, 0, 0, 0, 0, 1], "bins": [0.0, 0.008227994665503502, 0.016455989331007004, 0.024683983996510506, 0.03291197866201401, 0.04113997519016266, 0.04936796799302101, 0.057595960795879364, 0.06582395732402802, 0.07405195385217667, 0.08227995038032532, 0.09050793945789337, 0.09873593598604202, 0.10696393251419067, 0.11519192159175873, 0.12341991811990738, 0.13164791464805603, 0.13987590372562408, 0.14810390770435333, 0.1563318967819214, 0.16455990076065063, 0.1727878898382187, 0.18101587891578674, 0.189243882894516, 0.19747187197208405, 0.2056998610496521, 0.21392786502838135, 0.2221558541059494, 0.23038384318351746, 0.2386118471622467, 0.24683983623981476, 0.2550678253173828, 0.26329582929611206, 0.2715238332748413, 0.27975180745124817, 0.2879798114299774, 0.29620781540870667, 0.3044357895851135, 0.3126637935638428, 0.320891797542572, 0.32911980152130127, 0.33734777569770813, 0.3455757796764374, 0.3538037836551666, 0.3620317578315735, 0.37025976181030273, 0.378487765789032, 0.38671573996543884, 0.3949437439441681, 0.40317174792289734, 0.4113997220993042, 0.41962772607803345, 0.4278557300567627, 0.43608370423316956, 0.4443117082118988, 0.45253971219062805, 0.4607676863670349, 0.46899569034576416, 0.4772236943244934, 0.48545169830322266, 0.4936796724796295, 0.5019076466560364, 0.5101356506347656, 0.5183636546134949, 0.5265916585922241]}, "params/['params']['last']['kernel']": {"_type": "histogram", "values": [1, 0, 0, 0, 0, 0, 0, 0, 0, 0, 0, 0, 0, 0, 0, 0, 0, 0, 0, 0, 1, 0, 0, 0, 0, 0, 0, 0, 0, 0, 4, 29, 0, 0, 0, 0, 0, 0, 0, 0, 0, 0, 0, 0, 0, 0, 0, 0, 0, 0, 0, 0, 0, 0, 0, 0, 0, 0, 0, 0, 0, 0, 0, 1], "bins": [-0.24937152862548828, -0.24156251549720764, -0.2337534874677658, -0.22594447433948517, -0.21813546121120453, -0.2103264331817627, -0.20251742005348206, -0.19470840692520142, -0.18689939379692078, -0.17909036576747894, -0.1712813526391983, -0.16347232460975647, -0.15566331148147583, -0.1478542983531952, -0.14004528522491455, -0.1322362720966339, -0.12442724406719208, -0.11661823093891144, -0.1088092029094696, -0.10100018978118896, -0.09319117665290833, -0.08538214862346649, -0.07757313549518585, -0.06976412236690521, -0.06195509433746338, -0.05414608120918274, -0.0463370680809021, -0.03852805495262146, -0.030719026923179626, -0.022910013794898987, -0.015101000666618347, -0.007291972637176514, 0.000517040491104126, 0.008326053619384766, 0.016135066747665405, 0.023944079875946045, 0.03175312280654907, 0.03956213593482971, 0.04737114906311035, 0.05518016219139099, 0.06298917531967163, 0.07079818844795227, 0.0786072313785553, 0.08641624450683594, 0.09422525763511658, 0.10203427076339722, 0.10984328389167786, 0.1176522970199585, 0.12546133995056152, 0.13327035307884216, 0.1410793662071228, 0.14888837933540344, 0.15669739246368408, 0.16450640559196472, 0.17231541872024536, 0.1801244616508484, 0.18793347477912903, 0.19574248790740967, 0.2035515010356903, 0.21136051416397095, 0.2191695272922516, 0.22697857022285461, 0.23478758335113525, 0.2425965964794159, 0.25040560960769653]}, "params/['params']['layers_0']['linear_layer']['bias']": {"_type": "histogram", "values": [0, 0, 0, 0, 0, 0, 0, 0, 0, 0, 0, 0, 0, 0, 0, 0, 0, 0, 0, 0, 0, 0, 0, 0, 0, 0, 0, 0, 0, 0, 0, 0, 22, 0, 0, 0, 0, 0, 0, 0, 0, 0, 0, 0, 0, 0, 0, 0, 0, 0, 0, 0, 0, 0, 0, 0, 0, 0, 0, 0, 0, 0, 0, 0], "bins": [-0.5, -0.484375, -0.46875, -0.453125, -0.4375, -0.421875, -0.40625, -0.390625, -0.375, -0.359375, -0.34375, -0.328125, -0.3125, -0.296875, -0.28125, -0.265625, -0.25, -0.234375, -0.21875, -0.203125, -0.1875, -0.171875, -0.15625, -0.140625, -0.125, -0.109375, -0.09375, -0.078125, -0.0625, -0.046875, -0.03125, -0.015625, 0.0, 0.015625, 0.03125, 0.046875, 0.0625, 0.078125, 0.09375, 0.109375, 0.125, 0.140625, 0.15625, 0.171875, 0.1875, 0.203125, 0.21875, 0.234375, 0.25, 0.265625, 0.28125, 0.296875, 0.3125, 0.328125, 0.34375, 0.359375, 0.375, 0.390625, 0.40625, 0.421875, 0.4375, 0.453125, 0.46875, 0.484375, 0.5]}, "params/['params']['layers_0']['linear_layer']['kernel']": {"_type": "histogram", "values": [1, 0, 0, 0, 0, 0, 0, 0, 0, 0, 0, 0, 0, 0, 1, 0, 0, 0, 0, 0, 0, 0, 0, 1, 0, 0, 1, 0, 0, 0, 0, 37, 0, 0, 0, 0, 0, 0, 0, 0, 0, 0, 0, 0, 0, 0, 0, 0, 0, 0, 0, 0, 0, 1, 1, 0, 0, 0, 0, 0, 0, 0, 0, 1], "bins": [-0.7619248628616333, -0.738082766532898, -0.7142406702041626, -0.6903985738754272, -0.6665564775466919, -0.6427144408226013, -0.618872344493866, -0.5950302481651306, -0.5711881518363953, -0.5473460555076599, -0.5235039591789246, -0.4996618926525116, -0.47581979632377625, -0.4519776999950409, -0.42813563346862793, -0.4042935371398926, -0.3804514408111572, -0.3566093444824219, -0.3327672481536865, -0.30892518162727356, -0.2850830852985382, -0.26124101877212524, -0.2373989224433899, -0.21355682611465454, -0.1897147297859192, -0.16587263345718384, -0.1420305371284485, -0.11818844079971313, -0.09434640407562256, -0.07050430774688721, -0.046662211418151855, -0.022820115089416504, 0.0010219812393188477, 0.0248640775680542, 0.04870617389678955, 0.0725482702255249, 0.09639036655426025, 0.12023240327835083, 0.14407449960708618, 0.16791659593582153, 0.19175869226455688, 0.21560078859329224, 0.2394428253173828, 0.26328492164611816, 0.2871270179748535, 0.31096911430358887, 0.3348112106323242, 0.35865330696105957, 0.3824954032897949, 0.4063374996185303, 0.4301795959472656, 0.454021692276001, 0.47786378860473633, 0.5017058849334717, 0.525547981262207, 0.5493900775909424, 0.5732320547103882, 0.5970741510391235, 0.6209162473678589, 0.6447583436965942, 0.6686004400253296, 0.6924425363540649, 0.7162846326828003, 0.7401267290115356, 0.7639688849449158]}, "params/['params']['layers_1']['linear_layer']['bias']": {"_type": "histogram", "values": [0, 0, 0, 0, 0, 0, 0, 0, 0, 0, 0, 0, 0, 0, 0, 0, 0, 0, 0, 0, 0, 0, 0, 0, 0, 0, 0, 0, 0, 0, 0, 0, 22, 0, 0, 0, 0, 0, 0, 0, 0, 0, 0, 0, 0, 0, 0, 0, 0, 0, 0, 0, 0, 0, 0, 0, 0, 0, 0, 0, 0, 0, 0, 0], "bins": [-0.5, -0.484375, -0.46875, -0.453125, -0.4375, -0.421875, -0.40625, -0.390625, -0.375, -0.359375, -0.34375, -0.328125, -0.3125, -0.296875, -0.28125, -0.265625, -0.25, -0.234375, -0.21875, -0.203125, -0.1875, -0.171875, -0.15625, -0.140625, -0.125, -0.109375, -0.09375, -0.078125, -0.0625, -0.046875, -0.03125, -0.015625, 0.0, 0.015625, 0.03125, 0.046875, 0.0625, 0.078125, 0.09375, 0.109375, 0.125, 0.140625, 0.15625, 0.171875, 0.1875, 0.203125, 0.21875, 0.234375, 0.25, 0.265625, 0.28125, 0.296875, 0.3125, 0.328125, 0.34375, 0.359375, 0.375, 0.390625, 0.40625, 0.421875, 0.4375, 0.453125, 0.46875, 0.484375, 0.5]}, "params/['params']['layers_1']['linear_layer']['kernel']": {"_type": "histogram", "values": [1, 1, 0, 1, 0, 1, 0, 0, 0, 0, 0, 0, 0, 0, 0, 1, 0, 0, 0, 0, 0, 0, 0, 1, 0, 1, 0, 0, 1, 0, 0, 376, 1, 0, 0, 1, 1, 0, 2, 1, 1, 1, 0, 1, 0, 0, 0, 0, 0, 0, 0, 0, 0, 0, 0, 0, 0, 0, 0, 0, 0, 0, 1, 2],