{"loss": 0.00018792568880598992, "_timestamp": 1739533220.136429, "_runtime": 146.2865731716156, "_step": 405, "validation_loss": 0.00018979130254592746, "params/['params']['last']['bias']": {"_type": "histogram", "values": [1, 0, 0, 0, 0, 0, 0, 0, 0, 0, 0, 0, 0, 0, 0, 0, 0, 0, 0, 0, 0, 0, 0, 0, 0, 0, 0, 0, 0, 0, 0, 0, 0, 0, 0, 0, 0, 0, 0, 0, 0, 0, 0, 0, 0, 0, 0, 0, 0, 0, 0, 0, 0, 0, 0, 0, 0, 0, 0, 0, 0, 0, 0, 1], "bins": [0.0, 0.0006978613091632724, 0.0013957226183265448, 0.0020935838110744953, 0.0027914452366530895, 0.0034893066622316837, 0.004187167622148991, 0.004885029047727585, 0.005582890473306179, 0.006280751898884773, 0.0069786133244633675, 0.007676474284380674, 0.008374335244297981, 0.009072196669876575, 0.00977005809545517, 0.010467919521033764, 0.011165780946612358, 0.011863642372190952, 0.012561503797769547, 0.01325936522334814, 0.013957226648926735, 0.014655087143182755, 0.015352948568761349, 0.016050809994339943, 0.016748670488595963, 0.01744653284549713, 0.01814439333975315, 0.01884225569665432, 0.01954011619091034, 0.020237978547811508, 0.020935839042067528, 0.021633701398968697, 0.022331561893224716, 0.023029422387480736, 0.023727284744381905, 0.024425145238637924, 0.025123007595539093, 0.025820868089795113, 0.02651873044669628, 0.0272165909409523, 0.02791445329785347, 0.02861231379210949, 0.02931017428636551, 0.030008036643266678, 0.030705897137522697, 0.03140375763177872, 0.032101619988679886, 0.032799482345581055, 0.033497340977191925, 0.034195203334093094, 0.03489306569099426, 0.03559092804789543, 0.0362887866795063, 0.03698664903640747, 0.03768451139330864, 0.03838237375020981, 0.03908023238182068, 0.03977809473872185, 0.040475957095623016, 0.04117381572723389, 0.041871678084135056, 0.042569540441036224, 0.04326740279793739, 0.043965261429548264, 0.04466312378644943]}, "params/['params']['last']['kernel']": {"_type": "histogram", "values": [1, 0, 0, 0, 0, 0, 0, 0, 0, 0, 0, 0, 0, 0, 0, 0, 0, 0, 0, 0, 0, 0, 0, 0, 0, 0, 0, 0, 0, 0, 0, 28, 0, 0, 0, 0, 0, 0, 0, 0, 0, 0, 0, 0, 0, 0, 0, 0, 0, 0, 0, 0, 0, 0, 0, 0, 0, 0, 0, 0, 0, 0, 0, 1], "bins": [-0.021713033318519592, -0.021033158525824547, -0.02035328559577465, -0.019673410803079605, -0.01899353787302971, -0.018313663080334663, -0.017633790150284767, -0.01695391535758972, -0.016274042427539825, -0.01559416763484478, -0.014914294704794884, -0.014234419912099838, -0.013554546050727367, -0.012874672189354897, -0.012194798327982426, -0.011514924466609955, -0.010835050605237484, -0.010155176743865013, -0.009475302882492542, -0.008795429021120071, -0.0081155551597476, -0.00743568129837513, -0.006755807437002659, -0.006075933575630188, -0.0053960587829351425, -0.004716185852885246, -0.004036311060190201, -0.0033564381301403046, -0.002676563337445259, -0.001996690407395363, -0.0013168156147003174, -0.0006369426846504211, 4.293210804462433e-05, 0.0007228069007396698, 0.001402679830789566, 0.0020825546234846115, 0.0027624275535345078, 0.0034423023462295532, 0.0041221752762794495, 0.004802050068974495, 0.005481922999024391, 0.006161797791719437, 0.006841670721769333, 0.007521545514464378, 0.008201418444514275, 0.00888129323720932, 0.009561166167259216, 0.010241039097309113, 0.010920915752649307, 0.011600788682699203, 0.0122806616127491, 0.012960538268089294, 0.01364041119813919, 0.014320284128189087, 0.015000157058238983, 0.015680033713579178, 0.016359906643629074, 0.01703977957367897, 0.017719652503728867, 0.01839952915906906, 0.019079402089118958, 0.019759275019168854, 0.02043914794921875, 0.021119024604558945, 0.02179889753460884]}, "params/['params']['layers_0']['linear_layer']['bias']": {"_type": "histogram", "values": [0, 0, 0, 0, 0, 0, 0, 0, 0, 0, 0, 0, 0, 0, 0, 0, 0, 0, 0, 0, 0, 0, 0, 0, 0, 0, 0, 0, 0, 0, 0, 0, 18, 0, 0, 0, 0, 0, 0, 0, 0, 0, 0, 0, 0, 0, 0, 0, 0, 0, 0, 0, 0, 0, 0, 0, 0, 0, 0, 0, 0, 0, 0, 0], "bins": [-0.5, -0.484375, -0.46875, -0.453125, -0.4375, -0.421875, -0.40625, -0.390625, -0.375, -0.359375, -0.34375, -0.328125, -0.3125, -0.296875, -0.28125, -0.265625, -0.25, -0.234375, -0.21875, -0.203125, -0.1875, -0.171875, -0.15625, -0.140625, -0.125, -0.109375, -0.09375, -0.078125, -0.0625, -0.046875, -0.03125, -0.015625, 0.0, 0.015625, 0.03125, 0.046875, 0.0625, 0.078125, 0.09375, 0.109375, 0.125, 0.140625, 0.15625, 0.171875, 0.1875, 0.203125, 0.21875, 0.234375, 0.25, 0.265625, 0.28125, 0.296875, 0.3125, 0.328125, 0.34375, 0.359375, 0.375, 0.390625, 0.40625, 0.421875, 0.4375, 0.453125, 0.46875, 0.484375, 0.5]}, "params/['params']['layers_0']['linear_layer']['kernel']": {"_type": "histogram", "values": [34, 0, 0, 0, 0, 0, 0, 0, 0, 0, 0, 0, 0, 0, 0, 0, 0, 0, 0, 0, 0, 0, 0, 0, 0, 0, 0, 0, 0, 0, 0, 0, 0, 0, 0, 0, 0, 0, 0, 1, 0, 0, 0, 0, 0, 0, 0, 0, 0, 0, 0, 0, 0, 0, 0, 0, 0, 0, 0, 0, 0, 0, 0, 1], "bins": [0.0, 0.014355755411088467, 0.028711510822176933, 0.043067265301942825, 0.05742302164435387, 0.07177877426147461, 0.08613453060388565, 0.10049028694629669, 0.11484604328870773, 0.12920179963111877, 0.14355754852294922, 0.15791331231594086, 0.1722690612077713, 0.18662482500076294, 0.20098057389259338, 0.21533633768558502, 0.22969208657741547, 0.2440478354692459, 0.25840359926223755, 0.272759348154068, 0.28711509704589844, 0.30147087574005127, 0.3158266246318817, 0.33018237352371216, 0.3445381224155426, 0.35889387130737305, 0.3732496500015259, 0.3876053988933563, 0.40196114778518677, 0.4163168966770172, 0.43067267537117004, 0.4450284242630005, 0.45938417315483093, 0.4737399220466614, 0.4880956709384918, 0.5024514198303223, 0.5168071985244751, 0.5311629772186279, 0.545518696308136, 0.5598744750022888, 0.5742301940917969, 0.5885859727859497, 0.6029417514801025, 0.6172974705696106, 0.6316532492637634, 0.6460089683532715, 0.6603647470474243, 0.6747205257415771, 0.6890762448310852, 0.703432023525238, 0.7177877426147461, 0.7321435213088989, 0.7464993000030518, 0.7608550190925598, 0.7752107977867126, 0.7895665764808655, 0.8039222955703735, 0.8182780742645264, 0.8326337933540344, 0.8469895720481873, 0.8613453507423401, 0.8757010698318481, 0.890056848526001, 0.904412567615509, 0.9187683463096619]}, "params/['params']['layers_1']['linear_layer']['bias']": {"_type": "histogram", "values": [0, 0, 0, 0, 0, 0, 0, 0, 0, 0, 0, 0, 0, 0, 0, 0, 0, 0, 0, 0, 0, 0, 0, 0, 0, 0, 0, 0, 0, 0, 0, 0, 18, 0, 0, 0, 0, 0, 0, 0, 0, 0, 0, 0, 0, 0, 0, 0, 0, 0, 0, 0, 0, 0, 0, 0, 0, 0, 0, 0, 0, 0, 0, 0], "bins": [-0.5, -0.484375, -0.46875, -0.453125, -0.4375, -0.421875, -0.40625, -0.390625, -0.375, -0.359375, -0.34375, -0.328125, -0.3125, -0.296875, -0.28125, -0.265625, -0.25, -0.234375, -0.21875, -0.203125, -0.1875, -0.171875, -0.15625, -0.140625, -0.125, -0.109375, -0.09375, -0.078125, -0.0625, -0.046875, -0.03125, -0.015625, 0.0, 0.015625, 0.03125, 0.046875, 0.0625, 0.078125, 0.09375, 0.109375, 0.125, 0.140625, 0.15625, 0.171875, 0.1875, 0.203125, 0.21875, 0.234375, 0.25, 0.265625, 0.28125, 0.296875, 0.3125, 0.328125, 0.34375, 0.359375, 0.375, 0.390625, 0.40625, 0.421875, 0.4375, 0.453125, 0.46875, 0.484375, 0.5]}, "params/['params']['layers_1']['linear_layer']['kernel']": {"_type": "histogram", "values": [1, 0, 0, 0, 0, 0, 0, 0, 0, 0, 0, 0, 0, 0, 0, 0, 0, 0, 0, 0, 0, 0, 0, 0, 0, 0, 0, 0, 0, 0, 0, 2, 264, 0, 0, 0, 0, 0, 0, 0, 0, 0, 0, 0, 0, 0, 0, 0, 0, 0, 2, 0, 0, 0, 0, 0, 0, 0, 0, 0, 0, 0, 0, 1],