{"loss": 0.00010218600073130801, "_timestamp": 1739963560.6029344, "_runtime": 173.11153435707092, "_step": 2793, "params/['params']['last']['bias']": {"_type": "histogram", "values": [1, 0, 0, 0, 0, 0, 0, 0, 0, 0, 0, 0, 0, 0, 0, 0, 0, 0, 0, 0, 0, 0, 0, 0, 0, 0, 0, 0, 0, 0, 0, 0, 0, 0, 0, 0, 0, 0, 0, 0, 0, 0, 0, 0, 0, 0, 0, 0, 0, 0, 0, 0, 0, 0, 0, 0, 0, 0, 0, 0, 0, 0, 0, 1], "bins": [0.0, 0.013165943324565887, 0.026331886649131775, 0.03949782997369766, 0.05266377329826355, 0.06582971662282944, 0.07899565994739532, 0.09216160327196121, 0.1053275465965271, 0.11849348992109299, 0.13165943324565887, 0.14482536911964417, 0.15799131989479065, 0.17115727066993713, 0.18432320654392242, 0.19748914241790771, 0.2106550931930542, 0.22382104396820068, 0.23698697984218597, 0.25015291571617126, 0.26331886649131775, 0.27648481726646423, 0.28965073823928833, 0.3028166890144348, 0.3159826397895813, 0.3291485905647278, 0.34231454133987427, 0.35548046231269836, 0.36864641308784485, 0.38181236386299133, 0.39497828483581543, 0.4081442356109619, 0.4213101863861084, 0.4344761371612549, 0.44764208793640137, 0.46080800890922546, 0.47397395968437195, 0.48713991045951843, 0.5003058314323425, 0.513471782207489, 0.5266377329826355, 0.539803683757782, 0.5529696345329285, 0.566135585308075, 0.5793014764785767, 0.5924674272537231, 0.6056333780288696, 0.6187993288040161, 0.6319652795791626, 0.6451312303543091, 0.6582971811294556, 0.671463131904602, 0.6846290826797485, 0.6977949738502502, 0.7109609246253967, 0.7241268754005432, 0.7372928261756897, 0.7504587769508362, 0.7636247277259827, 0.7767906785011292, 0.7899565696716309, 0.8031225204467773, 0.8162884712219238, 0.8294544219970703, 0.8426203727722168]}, "params/['params']['last']['kernel']": {"_type": "histogram", "values": [1, 0, 0, 0, 0, 0, 0, 0, 0, 0, 0, 0, 0, 0, 0, 0, 0, 0, 0, 0, 0, 0, 0, 1, 0, 0, 0, 0, 0, 0, 0, 0, 0, 1, 0, 0, 0, 0, 0, 0, 0, 0, 0, 0, 0, 0, 0, 0, 0, 0, 0, 0, 0, 0, 0, 0, 1, 22, 0, 0, 0, 0, 0, 4], "bins": [-0.4123464822769165, -0.4051673412322998, -0.3979882001876831, -0.390809029340744, -0.3836298882961273, -0.3764507472515106, -0.36927157640457153, -0.36209243535995483, -0.35491329431533813, -0.34773415327072144, -0.34055501222610474, -0.33337584137916565, -0.32619670033454895, -0.31901755928993225, -0.31183838844299316, -0.30465924739837646, -0.29748010635375977, -0.29030096530914307, -0.28312182426452637, -0.2759426534175873, -0.2687635123729706, -0.2615843713283539, -0.2544052004814148, -0.2472260594367981, -0.2400469183921814, -0.2328677773475647, -0.2256886214017868, -0.2185094654560089, -0.2113303244113922, -0.2041511833667755, -0.19697202742099762, -0.18979287147521973, -0.18261373043060303, -0.17543458938598633, -0.16825543344020844, -0.16107627749443054, -0.15389713644981384, -0.14671799540519714, -0.13953882455825806, -0.13235968351364136, -0.12518054246902466, -0.11800140142440796, -0.11082226037979126, -0.10364308953285217, -0.09646394848823547, -0.08928480744361877, -0.08210563659667969, -0.07492649555206299, -0.06774735450744629, -0.06056821346282959, -0.05338907241821289, -0.046209901571273804, -0.039030760526657104, -0.031851619482040405, -0.02467244863510132, -0.01749330759048462, -0.01031416654586792, -0.0031350255012512207, 0.0040441155433654785, 0.011223286390304565, 0.018402427434921265, 0.025581568479537964, 0.03276073932647705, 0.03993988037109375, 0.04711901769042015]}, "params/['params']['layers_0']['linear_layer']['bias']": {"_type": "histogram", "values": [0, 0, 0, 0, 0, 0, 0, 0, 0, 0, 0, 0, 0, 0, 0, 0, 0, 0, 0, 0, 0, 0, 0, 0, 0, 0, 0, 0, 0, 0, 0, 0, 18, 0, 0, 0, 0, 0, 0, 0, 0, 0, 0, 0, 0, 0, 0, 0, 0, 0, 0, 0, 0, 0, 0, 0, 0, 0, 0, 0, 0, 0, 0, 0], "bins": [-0.5, -0.484375, -0.46875, -0.453125, -0.4375, -0.421875, -0.40625, -0.390625, -0.375, -0.359375, -0.34375, -0.328125, -0.3125, -0.296875, -0.28125, -0.265625, -0.25, -0.234375, -0.21875, -0.203125, -0.1875, -0.171875, -0.15625, -0.140625, -0.125, -0.109375, -0.09375, -0.078125, -0.0625, -0.046875, -0.03125, -0.015625, 0.0, 0.015625, 0.03125, 0.046875, 0.0625, 0.078125, 0.09375, 0.109375, 0.125, 0.140625, 0.15625, 0.171875, 0.1875, 0.203125, 0.21875, 0.234375, 0.25, 0.265625, 0.28125, 0.296875, 0.3125, 0.328125, 0.34375, 0.359375, 0.375, 0.390625, 0.40625, 0.421875, 0.4375, 0.453125, 0.46875, 0.484375, 0.5]}, "params/['params']['layers_0']['linear_layer']['kernel']": {"_type": "histogram", "values": [1, 0, 0, 1, 0, 0, 0, 0, 0, 0, 0, 0, 0, 0, 0, 0, 0, 0, 0, 0, 0, 0, 0, 0, 0, 0, 0, 0, 0, 0, 0, 32, 0, 0, 0, 0, 0, 0, 0, 0, 0, 0, 0, 0, 0, 0, 0, 0, 0, 0, 0, 0, 0, 1, 0, 0, 0, 0, 0, 0, 0, 0, 0, 1], "bins": [-0.344430148601532, -0.3336590528488159, -0.32288795709609985, -0.3121168911457062, -0.3013457953929901, -0.29057469964027405, -0.27980363368988037, -0.2690325379371643, -0.25826144218444824, -0.24749034643173218, -0.2367192655801773, -0.22594818472862244, -0.21517708897590637, -0.2044059932231903, -0.19363491237163544, -0.18286383152008057, -0.1720927357673645, -0.16132164001464844, -0.15055055916309357, -0.1397794783115387, -0.12900838255882263, -0.11823728680610657, -0.1074662059545517, -0.09669512510299683, -0.08592402935028076, -0.0751529335975647, -0.06438183784484863, -0.053610771894454956, -0.04283967614173889, -0.03206858038902283, -0.02129751443862915, -0.010526418685913086, 0.0002446770668029785, 0.011015772819519043, 0.021786868572235107, 0.032557934522628784, 0.04332903027534485, 0.05410012602806091, 0.06487119197845459, 0.07564228773117065, 0.08641338348388672, 0.09718447923660278, 0.10795557498931885, 0.11872664093971252, 0.1294977366924286, 0.14026883244514465, 0.15103989839553833, 0.1618109941482544, 0.17258208990097046, 0.18335318565368652, 0.1941242814064026, 0.20489537715911865, 0.21566647291183472, 0.226437509059906, 0.23720860481262207, 0.24797970056533813, 0.2587507963180542, 0.26952189207077026, 0.28029298782348633, 0.2910640835762024, 0.3018351197242737, 0.31260621547698975, 0.3233773112297058, 0.3341484069824219, 0.34491947293281555]}, "params/['params']['layers_1']['linear_layer']['bias']": {"_type": "histogram", "values": [1, 0, 0, 0, 0, 0, 0, 0, 0, 0, 0, 0, 0, 0, 0, 0, 0, 0, 0, 0, 0, 0, 0, 0, 0, 0, 0, 0, 0, 0, 0, 0, 0, 0, 0, 0, 0, 0, 0, 0, 0, 0, 0, 0, 0, 0, 0, 0, 0, 0, 0, 0, 0, 0, 0, 0, 0, 0, 0, 0, 0, 0, 0, 17], "bins": [-0.011603035032749176, -0.011421737261116505, -0.011240440420806408, -0.011059142649173737, -0.01087784580886364, -0.010696548037230968, -0.010515250265598297, -0.0103339534252882, -0.010152655653655529, -0.009971357882022858, -0.009790061041712761, -0.00960876327008009, -0.009427465498447418, -0.009246168658137321, -0.00906487088650465, -0.008883573114871979, -0.008702276274561882, -0.008520979434251785, -0.008339681662619114, -0.008158383890986443, -0.007977087050676346, -0.0077957892790436745, -0.007614491507411003, -0.007433194201439619, -0.007251896895468235, -0.007070599589496851, -0.006889302283525467, -0.0067080045118927956, -0.0065267072059214115, -0.0063454098999500275, -0.006164112128317356, -0.005982814822345972, -0.005801517516374588, -0.005620220210403204, -0.00543892290443182, -0.0052576251327991486, -0.0050763278268277645, -0.0048950305208563805, -0.004713732749223709, -0.004532435443252325, -0.004351138137280941, -0.004169840831309557, -0.003988543525338173, -0.0038072457537055016, -0.00362594798207283, -0.0034446511417627335, -0.003263353370130062, -0.0030820565298199654, -0.002900758758187294, -0.0027194609865546227, -0.002538164146244526, -0.0023568663746118546, -0.002175569534301758, -0.0019942717626690865, -0.001812973991036415, -0.0016316771507263184, -0.001450379379093647, -0.0012690816074609756, -0.001087784767150879, -0.0009064869955182076, -0.0007251892238855362, -0.0005438923835754395, -0.0003625946119427681, -0.00018129777163267136, 0.0]}, "params/['params']['layers_1']['linear_layer']['kernel']": {"_type": "histogram",