{"loss": 0.8792706727981567, "_timestamp": 1739305366.9344275, "_runtime": 22.087457418441772, "_step": 27, "params/['params']['last']['bias']": {"_type": "histogram", "values": [1, 0, 0, 0, 0, 0, 0, 0, 0, 0, 0, 0, 0, 0, 0, 0, 0, 0, 0, 0, 0, 0, 0, 0, 0, 0, 0, 0, 0, 0, 0, 0, 0, 0, 0, 0, 0, 0, 0, 0, 0, 0, 0, 0, 0, 0, 0, 0, 0, 0, 0, 0, 0, 0, 0, 0, 0, 0, 0, 0, 0, 0, 0, 1], "bins": [0.8938053846359253, 0.8954885601997375, 0.8971717357635498, 0.8988548517227173, 0.9005380272865295, 0.9022212028503418, 0.903904378414154, 0.9055874943733215, 0.9072706699371338, 0.908953845500946, 0.9106370210647583, 0.9123201966285706, 0.914003312587738, 0.9156864881515503, 0.9173696637153625, 0.9190528392791748, 0.9207359552383423, 0.9224191308021545, 0.9241023063659668, 0.925785481929779, 0.9274686574935913, 0.9291517734527588, 0.930834949016571, 0.9325181245803833, 0.9342013001441956, 0.9358844757080078, 0.9375675916671753, 0.9392507672309875, 0.9409339427947998, 0.9426171183586121, 0.9443002343177795, 0.9459834098815918, 0.947666585445404, 0.9493497610092163, 0.9510329365730286, 0.952716052532196, 0.9543992280960083, 0.9560824036598206, 0.9577655792236328, 0.9594486951828003, 0.9611318707466125, 0.9628150463104248, 0.9644982218742371, 0.9661813974380493, 0.9678645133972168, 0.969547688961029, 0.9712308645248413, 0.9729140400886536, 0.9745972156524658, 0.9762803316116333, 0.9779635071754456, 0.9796466827392578, 0.9813298583030701, 0.9830129742622375, 0.9846961498260498, 0.9863793253898621, 0.9880625009536743, 0.9897456169128418, 0.991428792476654, 0.9931119680404663, 0.9947951436042786, 0.9964783191680908, 0.9981614351272583, 0.9998446106910706, 1.0015277862548828]}, "params/['params']['last']['kernel']": {"_type": "histogram", "values": [0, 0, 0, 0, 0, 0, 0, 0, 0, 0, 0, 0, 0, 0, 0, 0, 0, 0, 0, 0, 0, 0, 0, 0, 0, 0, 0, 0, 0, 0, 0, 0, 42, 0, 0, 0, 0, 0, 0, 0, 0, 0, 0, 0, 0, 0, 0, 0, 0, 0, 0, 0, 0, 0, 0, 0, 0, 0, 0, 0, 0, 0, 0, 0], "bins": [-0.5, -0.484375, -0.46875, -0.453125, -0.4375, -0.421875, -0.40625, -0.390625, -0.375, -0.359375, -0.34375, -0.328125, -0.3125, -0.296875, -0.28125, -0.265625, -0.25, -0.234375, -0.21875, -0.203125, -0.1875, -0.171875, -0.15625, -0.140625, -0.125, -0.109375, -0.09375, -0.078125, -0.0625, -0.046875, -0.03125, -0.015625, 0.0, 0.015625, 0.03125, 0.046875, 0.0625, 0.078125, 0.09375, 0.109375, 0.125, 0.140625, 0.15625, 0.171875, 0.1875, 0.203125, 0.21875, 0.234375, 0.25, 0.265625, 0.28125, 0.296875, 0.3125, 0.328125, 0.34375, 0.359375, 0.375, 0.390625, 0.40625, 0.421875, 0.4375, 0.453125, 0.46875, 0.484375, 0.5]}, "params/['params']['layers_0']['linear_layer']['bias']": {"_type": "histogram", "values": [0, 0, 0, 0, 0, 0, 0, 0, 0, 0, 0, 0, 0, 0, 0, 0, 0, 0, 0, 0, 0, 0, 0, 0, 0, 0, 0, 0, 0, 0, 0, 0, 24, 0, 0, 0, 0, 0, 0, 0, 0, 0, 0, 0, 0, 0, 0, 0, 0, 0, 0, 0, 0, 0, 0, 0, 0, 0, 0, 0, 0, 0, 0, 0], "bins": [-0.5, -0.484375, -0.46875, -0.453125, -0.4375, -0.421875, -0.40625, -0.390625, -0.375, -0.359375, -0.34375, -0.328125, -0.3125, -0.296875, -0.28125, -0.265625, -0.25, -0.234375, -0.21875, -0.203125, -0.1875, -0.171875, -0.15625, -0.140625, -0.125, -0.109375, -0.09375, -0.078125, -0.0625, -0.046875, -0.03125, -0.015625, 0.0, 0.015625, 0.03125, 0.046875, 0.0625, 0.078125, 0.09375, 0.109375, 0.125, 0.140625, 0.15625, 0.171875, 0.1875, 0.203125, 0.21875, 0.234375, 0.25, 0.265625, 0.28125, 0.296875, 0.3125, 0.328125, 0.34375, 0.359375, 0.375, 0.390625, 0.40625, 0.421875, 0.4375, 0.453125, 0.46875, 0.484375, 0.5]}, "params/['params']['layers_0']['linear_layer']['kernel']": {"_type": "histogram", "values": [1, 0, 0, 0, 0, 1, 1, 2, 0, 2, 2, 2, 1, 2, 3, 1, 2, 2, 1, 3, 2, 0, 0, 0, 1, 2, 3, 3, 2, 4, 2, 3, 4, 2, 3, 2, 0, 2, 1, 2, 1, 1, 3, 3, 0, 3, 2, 1, 4, 1, 3, 1, 1, 2, 2, 0, 0, 0, 2, 0, 1, 0, 0, 1], "bins": [-0.9315592646598816, -0.9009642601013184, -0.8703692555427551, -0.8397742509841919, -0.8091793060302734, -0.7785843014717102, -0.747989296913147, -0.7173942923545837, -0.6867992877960205, -0.656204342842102, -0.6256093382835388, -0.5950143337249756, -0.5644193291664124, -0.5338243246078491, -0.5032293796539307, -0.47263437509536743, -0.4420393705368042, -0.41144436597824097, -0.38084936141967773, -0.3502544164657593, -0.31965941190719604, -0.2890644073486328, -0.2584694027900696, -0.22787439823150635, -0.19727939367294312, -0.16668444871902466, -0.13608944416046143, -0.1054944396018982, -0.07489943504333496, -0.04430443048477173, -0.013709485530853271, 0.01688551902770996, 0.04748052358627319, 0.07807546854019165, 0.10867053270339966, 0.13926547765731812, 0.16986054182052612, 0.20045548677444458, 0.23105043172836304, 0.26164549589157104, 0.2922404408454895, 0.3228355050086975, 0.35343044996261597, 0.3840253949165344, 0.41462045907974243, 0.4452154040336609, 0.4758104681968689, 0.5064054131507874, 0.5370004773139954, 0.5675954222679138, 0.5981903672218323, 0.6287854313850403, 0.6593803763389587, 0.6899754405021667, 0.7205703854560852, 0.7511653304100037, 0.7817603945732117, 0.8123553395271301, 0.8429504036903381, 0.8735453486442566, 0.904140293598175, 0.9347353577613831, 0.9653303027153015, 0.9959253668785095, 1.0265202522277832]}, "params/['params']['layers_1']['linear_layer']['bias']": {"_type": "histogram", "values": [0, 0, 0, 0, 0, 0, 0, 0, 0, 0, 0, 0, 0, 0, 0, 0, 0, 0, 0, 0, 0, 0, 0, 0, 0, 0, 0, 0, 0, 0, 0, 0, 24, 0, 0, 0, 0, 0, 0, 0, 0, 0, 0, 0, 0, 0, 0, 0, 0, 0, 0, 0, 0, 0, 0, 0, 0, 0, 0, 0, 0, 0, 0, 0], "bins": [-0.5, -0.484375, -0.46875, -0.453125, -0.4375, -0.421875, -0.40625, -0.390625, -0.375, -0.359375, -0.34375, -0.328125, -0.3125, -0.296875, -0.28125, -0.265625, -0.25, -0.234375, -0.21875, -0.203125, -0.1875, -0.171875, -0.15625, -0.140625, -0.125, -0.109375, -0.09375, -0.078125, -0.0625, -0.046875, -0.03125, -0.015625, 0.0, 0.015625, 0.03125, 0.046875, 0.0625, 0.078125, 0.09375, 0.109375, 0.125, 0.140625, 0.15625, 0.171875, 0.1875, 0.203125, 0.21875, 0.234375, 0.25, 0.265625, 0.28125, 0.296875, 0.3125, 0.328125, 0.34375, 0.359375, 0.375, 0.390625, 0.40625, 0.421875, 0.4375, 0.453125, 0.46875, 0.484375, 0.5]}, "params/['params']['layers_1']['linear_layer']['kernel']": {"_type": "histogram", "values": [4, 2, 3, 4, 2, 1, 8, 8, 3, 4, 4, 5, 7, 6, 11, 14, 9, 8, 7, 13, 8, 10, 15, 17, 15, 11, 10, 19, 19, 4, 13, 11, 10, 11, 6, 14, 11, 10, 15, 10, 7, 12, 8, 8, 13, 11, 8, 6, 9, 7, 8, 5, 3, 7, 3, 6, 1, 5, 3, 3, 3, 2, 2, 2], "bins": [-0.4927024245262146, -0.4772939682006836, -0.4618855118751526, -0.4464770555496216, -0.4310685694217682, -0.4156601130962372, -0.4002516567707062, -0.38484320044517517, -0.3694347143173218, -0.35402625799179077, -0.33861780166625977, -0.32320934534072876, -0.30780088901519775, -0.29239243268966675, -0.27698397636413574, -0.26157549023628235, -0.24616703391075134, -0.23075857758522034, -0.21535012125968933, -0.19994163513183594, -0.18453317880630493, -0.16912472248077393, -0.15371626615524292, -0.13830780982971191, -0.12289935350418091, -0.10749086737632751, -0.09208241105079651, -0.0766739547252655, -0.0612654983997345, -0.04585704207420349, -0.030448555946350098, -0.015040099620819092, 0.00036835670471191406, 0.01577681303024292, 0.031185269355773926, 0.04659372568130493, 0.06200218200683594, 0.07741063833236694, 0.09281915426254272, 0.10822761058807373, 0.12363606691360474, 0.13904452323913574, 0.15445297956466675, 0.16986143589019775, 0.18526989221572876, 0.20067834854125977, 0.21608680486679077, 0.23149526119232178, 0.24690371751785278, 0.26231223344802856, 0.27772068977355957, 0.2931291460990906, 0.3085376024246216, 0.3239460587501526, 0.3393545150756836, 0.3547629714012146, 0.3701714277267456, 0.3855798840522766, 0.4009883403778076, 0.4163968563079834, 0.4318053126335144, 0.4472137689590454, 0.4626222252845764, 0.4780306816101074, 0.49343910813331604]}, "_wandb": {"runtime": 21}}