{"loss": 4.1164152207784355e-05, "_timestamp": 1739543970.4119093, "_runtime": 154.37797737121582, "_step": 405, "validation_loss": 4.102991078980267e-05, "params/['params']['last']['bias']": {"_type": "histogram", "values": [1, 0, 0, 0, 0, 0, 0, 0, 0, 0, 0, 0, 0, 0, 0, 0, 0, 0, 0, 0, 0, 0, 0, 0, 0, 0, 0, 0, 0, 0, 0, 0, 0, 0, 0, 0, 0, 0, 0, 0, 0, 0, 0, 0, 0, 0, 0, 0, 0, 0, 0, 0, 0, 0, 0, 0, 0, 0, 0, 0, 0, 0, 0, 1], "bins": [0.0, 0.008082392625510693, 0.016164785251021385, 0.024247176945209503, 0.03232957050204277, 0.04041196405887604, 0.048494353890419006, 0.056576747447252274, 0.06465914100408554, 0.07274153083562851, 0.08082392811775208, 0.08890631794929504, 0.09698870778083801, 0.10507110506296158, 0.11315349489450455, 0.12123589217662811, 0.12931828200817108, 0.13740067183971405, 0.14548306167125702, 0.15356546640396118, 0.16164785623550415, 0.16973024606704712, 0.1778126358985901, 0.18589502573013306, 0.19397741556167603, 0.2020598202943802, 0.21014221012592316, 0.21822459995746613, 0.2263069897890091, 0.23438937962055206, 0.24247178435325623, 0.2505541741847992, 0.25863656401634216, 0.26671895384788513, 0.2748013436794281, 0.28288373351097107, 0.29096612334251404, 0.299048513174057, 0.30713093280792236, 0.31521332263946533, 0.3232957124710083, 0.33137810230255127, 0.33946049213409424, 0.3475428819656372, 0.3556252717971802, 0.36370766162872314, 0.3717900514602661, 0.3798724412918091, 0.38795483112335205, 0.3960372507572174, 0.4041196405887604, 0.41220203042030334, 0.4202844202518463, 0.4283668100833893, 0.43644919991493225, 0.4445315897464752, 0.4526139795780182, 0.46069636940956116, 0.4687787592411041, 0.4768611788749695, 0.48494356870651245, 0.4930259585380554, 0.5011083483695984, 0.5091907382011414, 0.5172731280326843]}, "params/['params']['last']['kernel']": {"_type": "histogram", "values": [1, 0, 0, 0, 0, 0, 0, 0, 0, 1, 0, 0, 0, 0, 0, 0, 0, 0, 0, 0, 0, 0, 0, 0, 0, 0, 0, 0, 0, 0, 1, 1, 0, 0, 0, 0, 25, 0, 0, 0, 0, 0, 0, 0, 0, 0, 0, 0, 0, 0, 0, 0, 0, 0, 0, 0, 0, 0, 0, 0, 0, 0, 0, 1], "bins": [-0.29118508100509644, -0.28326964378356934, -0.27535420656204224, -0.26743873953819275, -0.25952330231666565, -0.25160786509513855, -0.24369242787361145, -0.23577699065208435, -0.22786153852939606, -0.21994608640670776, -0.21203064918518066, -0.20411521196365356, -0.19619977474212646, -0.18828432261943817, -0.18036888539791107, -0.17245343327522278, -0.16453799605369568, -0.15662255883216858, -0.14870710670948029, -0.14079166948795319, -0.1328762173652649, -0.12496078014373779, -0.1170453429222107, -0.1091298907995224, -0.1012144535779953, -0.0932990163564682, -0.08538356423377991, -0.07746812701225281, -0.06955268979072571, -0.061637237668037415, -0.053721800446510315, -0.04580634832382202, -0.03789091110229492, -0.029975473880767822, -0.022060036659240723, -0.014144569635391235, -0.006229132413864136, 0.0016863048076629639, 0.009601742029190063, 0.017517179250717163, 0.02543264627456665, 0.03334808349609375, 0.04126352071762085, 0.04917895793914795, 0.05709439516067505, 0.06500983238220215, 0.07292529940605164, 0.08084073662757874, 0.08875617384910583, 0.09667161107063293, 0.10458704829216003, 0.11250251531600952, 0.12041795253753662, 0.12833338975906372, 0.13624882698059082, 0.14416426420211792, 0.15207970142364502, 0.1599951684474945, 0.1679106056690216, 0.1758260428905487, 0.1837414801120758, 0.1916569173336029, 0.1995723843574524, 0.2074878215789795, 0.2154032289981842]}, "params/['params']['layers_0']['linear_layer']['bias']": {"_type": "histogram", "values": [0, 0, 0, 0, 0, 0, 0, 0, 0, 0, 0, 0, 0, 0, 0, 0, 0, 0, 0, 0, 0, 0, 0, 0, 0, 0, 0, 0, 0, 0, 0, 0, 18, 0, 0, 0, 0, 0, 0, 0, 0, 0, 0, 0, 0, 0, 0, 0, 0, 0, 0, 0, 0, 0, 0, 0, 0, 0, 0, 0, 0, 0, 0, 0], "bins": [-0.5, -0.484375, -0.46875, -0.453125, -0.4375, -0.421875, -0.40625, -0.390625, -0.375, -0.359375, -0.34375, -0.328125, -0.3125, -0.296875, -0.28125, -0.265625, -0.25, -0.234375, -0.21875, -0.203125, -0.1875, -0.171875, -0.15625, -0.140625, -0.125, -0.109375, -0.09375, -0.078125, -0.0625, -0.046875, -0.03125, -0.015625, 0.0, 0.015625, 0.03125, 0.046875, 0.0625, 0.078125, 0.09375, 0.109375, 0.125, 0.140625, 0.15625, 0.171875, 0.1875, 0.203125, 0.21875, 0.234375, 0.25, 0.265625, 0.28125, 0.296875, 0.3125, 0.328125, 0.34375, 0.359375, 0.375, 0.390625, 0.40625, 0.421875, 0.4375, 0.453125, 0.46875, 0.484375, 0.5]}, "params/['params']['layers_0']['linear_layer']['kernel']": {"_type": "histogram", "values": [1, 0, 0, 0, 0, 0, 0, 0, 0, 0, 1, 0, 0, 0, 0, 0, 0, 1, 1, 0, 1, 39, 0, 1, 0, 0, 2, 0, 0, 0, 0, 0, 2, 0, 0, 0, 0, 1, 0, 0, 1, 1, 0, 0, 0, 0, 0, 0, 0, 0, 0, 0, 0, 0, 0, 0, 1, 0, 0, 0, 0, 0, 0, 1], "bins": [-0.7453572750091553, -0.7113273739814758, -0.6772975325584412, -0.6432676315307617, -0.609237790107727, -0.5752078890800476, -0.5411779880523682, -0.5071481466293335, -0.47311824560165405, -0.439088374376297, -0.40505850315093994, -0.3710286021232605, -0.33699873089790344, -0.3029688596725464, -0.26893895864486694, -0.23490911722183228, -0.20087921619415283, -0.1668493151664734, -0.13281947374343872, -0.09878957271575928, -0.06475973129272461, -0.030729830265045166, 0.0033000707626342773, 0.037329912185668945, 0.07135981321334839, 0.10538971424102783, 0.1394195556640625, 0.17344945669174194, 0.2074793577194214, 0.24150919914245605, 0.2755390405654907, 0.30956900119781494, 0.3435988426208496, 0.3776286840438843, 0.4116586446762085, 0.44568848609924316, 0.47971832752227783, 0.513748288154602, 0.5477781295776367, 0.5818079710006714, 0.615837812423706, 0.6498677730560303, 0.6838976144790649, 0.7179274559020996, 0.7519574165344238, 0.7859872579574585, 0.8200170993804932, 0.8540470600128174, 0.888076901435852, 0.9221067428588867, 0.9561367034912109, 0.9901665449142456, 1.0241963863372803, 1.0582263469696045, 1.0922561883926392, 1.1262860298156738, 1.160315990447998, 1.1943458318710327, 1.2283756732940674, 1.2624056339263916, 1.2964353561401367, 1.330465316772461, 1.3644952774047852, 1.3985249996185303, 1.4325549602508545]}, "params/['params']['layers_1']['linear_layer']['bias']": {"_type": "histogram", "values": [0, 0, 0, 0, 0, 0, 0, 0, 0, 0, 0, 0, 0, 0, 0, 0, 0, 0, 0, 0, 0, 0, 0, 0, 0, 0, 0, 0, 0, 0, 0, 0, 18, 0, 0, 0, 0, 0, 0, 0, 0, 0, 0, 0, 0, 0, 0, 0, 0, 0, 0, 0, 0, 0, 0, 0, 0, 0, 0, 0, 0, 0, 0, 0], "bins": [-0.5, -0.484375, -0.46875, -0.453125, -0.4375, -0.421875, -0.40625, -0.390625, -0.375, -0.359375, -0.34375, -0.328125, -0.3125, -0.296875, -0.28125, -0.265625, -0.25, -0.234375, -0.21875, -0.203125, -0.1875, -0.171875, -0.15625, -0.140625, -0.125, -0.109375, -0.09375, -0.078125, -0.0625, -0.046875, -0.03125, -0.015625, 0.0, 0.015625, 0.03125, 0.046875, 0.0625, 0.078125, 0.09375, 0.109375, 0.125, 0.140625, 0.15625, 0.171875, 0.1875, 0.203125, 0.21875, 0.234375, 0.25, 0.265625, 0.28125, 0.296875, 0.3125, 0.328125, 0.34375, 0.359375, 0.375, 0.390625, 0.40625, 0.421875, 0.4375, 0.453125, 0.46875, 0.484375, 0.5]}, "params/['params']['layers_1']['linear_layer']['kernel']": {"_type": "histogram", "values": [1, 0, 0, 0, 0, 0, 0, 0, 0, 0, 0, 1, 1, 1, 0, 2, 0, 1, 0, 0, 2, 0, 0, 0, 0, 0, 0, 0, 0, 0, 1, 1, 242, 1, 1, 2, 0, 2, 1, 0, 0, 0, 2, 0, 0, 0, 0, 0, 0, 0, 0, 1, 1, 0, 0, 1, 1, 2, 0, 0, 0, 1, 0, 1],