{"loss": 0.028106078505516052, "_timestamp": 1739300645.5779002, "_runtime": 21.158334255218506, "_step": 25, "params/['params']['last']['bias']": {"_type": "histogram", "values": [1, 0, 0, 0, 0, 0, 0, 0, 0, 0, 0, 0, 0, 0, 0, 0, 0, 0, 0, 0, 0, 0, 0, 0, 0, 0, 0, 0, 0, 0, 0, 0, 0, 0, 0, 0, 0, 0, 0, 0, 0, 0, 0, 0, 0, 0, 0, 0, 0, 0, 0, 0, 0, 0, 0, 0, 0, 0, 0, 0, 0, 0, 0, 1], "bins": [0.8310329914093018, 0.833771824836731, 0.8365107178688049, 0.8392495512962341, 0.8419884443283081, 0.8447272777557373, 0.8474661111831665, 0.8502050042152405, 0.8529438376426697, 0.8556826710700989, 0.8584215641021729, 0.861160397529602, 0.8638992309570312, 0.8666381239891052, 0.8693769574165344, 0.8721158504486084, 0.8748546838760376, 0.8775935173034668, 0.8803324103355408, 0.88307124376297, 0.885810136795044, 0.8885489702224731, 0.8912878036499023, 0.8940266966819763, 0.8967655301094055, 0.8995043635368347, 0.9022432565689087, 0.9049820899963379, 0.9077209234237671, 0.9104598164558411, 0.9131986498832703, 0.9159375429153442, 0.9186763763427734, 0.9214152097702026, 0.9241541028022766, 0.9268929362297058, 0.9296318292617798, 0.932370662689209, 0.9351094961166382, 0.9378483891487122, 0.9405872225761414, 0.9433260560035706, 0.9460649490356445, 0.9488037824630737, 0.9515426158905029, 0.9542815089225769, 0.9570203423500061, 0.9597592353820801, 0.9624980688095093, 0.9652369022369385, 0.9679757952690125, 0.9707146286964417, 0.9734535217285156, 0.9761923551559448, 0.978931188583374, 0.9816700220108032, 0.9844089150428772, 0.9871478080749512, 0.9898866415023804, 0.9926254749298096, 0.9953643083572388, 0.9981032013893127, 1.0008420944213867, 1.003580927848816, 1.0063197612762451]}, "params/['params']['last']['kernel']": {"_type": "histogram", "values": [1, 0, 0, 2, 0, 0, 0, 0, 1, 0, 0, 0, 0, 0, 0, 0, 0, 0, 0, 0, 0, 0, 0, 1, 0, 0, 0, 0, 1, 2, 2, 4, 4, 1, 1, 0, 0, 1, 1, 0, 0, 0, 0, 2, 1, 0, 0, 0, 0, 0, 0, 0, 0, 0, 1, 0, 0, 0, 1, 1, 0, 0, 0, 2], "bins": [-0.3370722234249115, -0.3266312777996063, -0.31619030237197876, -0.3057493567466736, -0.2953084111213684, -0.28486746549606323, -0.27442651987075806, -0.2639855444431305, -0.2535445988178253, -0.24310365319252014, -0.23266269266605377, -0.2222217321395874, -0.21178078651428223, -0.20133984088897705, -0.19089888036251068, -0.1804579198360443, -0.17001697421073914, -0.15957602858543396, -0.1491350680589676, -0.13869410753250122, -0.12825316190719604, -0.11781221628189087, -0.1073712557554245, -0.09693029522895813, -0.08648934960365295, -0.07604840397834778, -0.0656074583530426, -0.05516648292541504, -0.04472553730010986, -0.03428459167480469, -0.023843616247177124, -0.013402670621871948, -0.0029617249965667725, 0.007479220628738403, 0.01792016625404358, 0.028361141681671143, 0.03880208730697632, 0.049243032932281494, 0.05968400835990906, 0.07012495398521423, 0.08056589961051941, 0.09100684523582458, 0.10144779086112976, 0.11188876628875732, 0.1223297119140625, 0.13277065753936768, 0.14321163296699524, 0.15365257859230042, 0.1640935242176056, 0.17453446984291077, 0.18497541546821594, 0.19541636109352112, 0.2058573067188263, 0.21629831194877625, 0.22673925757408142, 0.2371802031993866, 0.24762114882469177, 0.25806209444999695, 0.2685030400753021, 0.2789439857006073, 0.28938499093055725, 0.2998259365558624, 0.3102668821811676, 0.3207078278064728, 0.33114874362945557]}, "params/['params']['layers_0']['linear_layer']['bias']": {"_type": "histogram", "values": [1, 0, 1, 0, 0, 0, 1, 0, 3, 0, 2, 0, 1, 0, 0, 0, 0, 0, 0, 0, 0, 0, 0, 0, 0, 0, 0, 0, 0, 0, 0, 0, 0, 0, 1, 0, 0, 0, 0, 0, 0, 0, 0, 0, 0, 0, 0, 1, 0, 2, 0, 0, 0, 0, 0, 0, 0, 0, 0, 0, 2, 0, 2, 1], "bins": [-0.36320507526397705, -0.3528086841106415, -0.3424122929573059, -0.33201590180397034, -0.32161951065063477, -0.3112231194972992, -0.3008267283439636, -0.29043033719062805, -0.2800339460372925, -0.2696375548839569, -0.25924116373062134, -0.24884477257728577, -0.2384483814239502, -0.22805199027061462, -0.21765559911727905, -0.20725920796394348, -0.1968628168106079, -0.18646642565727234, -0.17607003450393677, -0.1656736433506012, -0.15527725219726562, -0.14488086104393005, -0.13448446989059448, -0.12408807873725891, -0.11369168758392334, -0.10329529643058777, -0.0928989052772522, -0.08250251412391663, -0.07210612297058105, -0.06170973181724548, -0.05131334066390991, -0.04091694951057434, -0.03052055835723877, -0.020124167203903198, -0.009727776050567627, 0.0006686151027679443, 0.011065006256103516, 0.021461397409439087, 0.03185778856277466, 0.04225417971611023, 0.0526505708694458, 0.06304696202278137, 0.07344335317611694, 0.08383974432945251, 0.09423613548278809, 0.10463252663612366, 0.11502891778945923, 0.1254253089427948, 0.13582170009613037, 0.14621806144714355, 0.1566144824028015, 0.16701090335845947, 0.17740726470947266, 0.18780362606048584, 0.1982000470161438, 0.20859646797180176, 0.21899282932281494, 0.22938919067382812, 0.23978561162948608, 0.25018203258514404, 0.2605783939361572, 0.2709747552871704, 0.28137117624282837, 0.29176759719848633, 0.3021639287471771]}, "params/['params']['layers_0']['linear_layer']['kernel']": {"_type": "histogram", "values": [1, 0, 0, 0, 0, 0, 0, 0, 0, 1, 0, 0, 0, 0, 1, 1, 1, 1, 1, 2, 2, 1, 0, 1, 2, 0, 2, 0, 0, 2, 1, 1, 2, 3, 6, 0, 2, 2, 0, 2, 1, 0, 2, 5, 2, 3, 2, 3, 2, 0, 2, 0, 1, 2, 2, 0, 1, 0, 0, 1, 2, 0, 1, 2], "bins": [-1.6856346130371094, -1.6371487379074097, -1.58866286277771, -1.5401769876480103, -1.4916911125183105, -1.4432052373886108, -1.3947193622589111, -1.3462334871292114, -1.2977476119995117, -1.249261736869812, -1.2007758617401123, -1.1522899866104126, -1.103804111480713, -1.0553182363510132, -1.0068323612213135, -0.9583464860916138, -0.9098606109619141, -0.8613747358322144, -0.8128888607025146, -0.7644029855728149, -0.7159171104431152, -0.6674312353134155, -0.6189453601837158, -0.5704594850540161, -0.5219736099243164, -0.4734877347946167, -0.425001859664917, -0.3765159845352173, -0.3280301094055176, -0.27954423427581787, -0.23105835914611816, -0.18257248401641846, -0.13408660888671875, -0.08560073375701904, -0.037114858627319336, 0.011371016502380371, 0.05985689163208008, 0.10834276676177979, 0.1568286418914795, 0.2053145170211792, 0.2538003921508789, 0.3022862672805786, 0.3507721424102783, 0.3992581367492676, 0.44774389266967773, 0.4962296485900879, 0.5447156429290771, 0.5932016372680664, 0.6416873931884766, 0.6901731491088867, 0.738659143447876, 0.7871451377868652, 0.8356308937072754, 0.8841166496276855, 0.9326026439666748, 0.9810886383056641, 1.0295743942260742, 1.0780601501464844, 1.1265461444854736, 1.175032138824463, 1.223517894744873, 1.2720036506652832, 1.3204896450042725, 1.3689756393432617, 1.4174613952636719]}, "_wandb": {"runtime": 20}}