{"loss": 0.004229897167533636, "_timestamp": 1739373451.2696774, "_runtime": 163.97077250480652, "_step": 404, "params/['params']['last']['bias']": {"_type": "histogram", "values": [1, 0, 0, 0, 0, 0, 0, 0, 0, 0, 0, 0, 0, 0, 0, 0, 0, 0, 0, 0, 0, 0, 0, 0, 0, 0, 0, 0, 0, 0, 0, 0, 0, 0, 0, 0, 0, 0, 0, 0, 0, 0, 0, 0, 0, 0, 0, 0, 0, 0, 0, 0, 0, 0, 0, 0, 0, 0, 0, 0, 0, 0, 0, 1], "bins": [0.0, 0.0007505313260480762, 0.0015010626520961523, 0.0022515938617289066, 0.0030021253041923046, 0.0037526567466557026, 0.004503187723457813, 0.005253719165921211, 0.006004250608384609, 0.006754782050848007, 0.007505313493311405, 0.008255844935774803, 0.009006375446915627, 0.009756906889379025, 0.010507438331842422, 0.01125796977430582, 0.012008501216769218, 0.012759032659232616, 0.013509564101696014, 0.014260095544159412, 0.01501062698662281, 0.015761157497763634, 0.016511689871549606, 0.01726222038269043, 0.018012750893831253, 0.018763283267617226, 0.01951381377875805, 0.02026434615254402, 0.021014876663684845, 0.021765409037470818, 0.02251593954861164, 0.023266471922397614, 0.024017002433538437, 0.02476753294467926, 0.025518065318465233, 0.026268595829606056, 0.02701912820339203, 0.027769658714532852, 0.028520191088318825, 0.029270721599459648, 0.03002125397324562, 0.030771784484386444, 0.03152231499552727, 0.03227284550666809, 0.03302337974309921, 0.033773910254240036, 0.03452444076538086, 0.03527497127652168, 0.036025501787662506, 0.03677603602409363, 0.03752656653523445, 0.038277097046375275, 0.0390276275575161, 0.03977816179394722, 0.04052869230508804, 0.04127922281622887, 0.04202975332736969, 0.04278028383851051, 0.043530818074941635, 0.04428134858608246, 0.04503187909722328, 0.045782409608364105, 0.04653294384479523, 0.04728347435593605, 0.048034004867076874]}, "params/['params']['last']['kernel']": {"_type": "histogram", "values": [28, 0, 0, 0, 0, 0, 0, 0, 0, 0, 0, 0, 0, 0, 0, 0, 0, 0, 0, 0, 0, 0, 0, 0, 0, 0, 0, 0, 0, 0, 0, 0, 0, 0, 0, 0, 0, 0, 0, 0, 0, 0, 0, 0, 0, 0, 0, 0, 0, 0, 0, 0, 0, 0, 0, 0, 0, 0, 0, 0, 0, 1, 0, 1], "bins": [0.0, 0.0004724731552414596, 0.0009449463104829192, 0.001417419407516718, 0.0018898926209658384, 0.002362365834414959, 0.002834838815033436, 0.0033073120284825563, 0.003779785241931677, 0.004252258222550154, 0.004724731668829918, 0.005197204649448395, 0.005669677630066872, 0.006142151076346636, 0.006614624056965113, 0.007087097503244877, 0.007559570483863354, 0.00803204346448183, 0.008504516445100307, 0.008976990357041359, 0.009449463337659836, 0.009921936318278313, 0.01039440929889679, 0.010866882279515266, 0.011339355260133743, 0.011811829172074795, 0.012284302152693272, 0.012756775133311749, 0.013229248113930225, 0.013701721094548702, 0.014174195006489754, 0.01464666798710823, 0.015119140967726707, 0.015591613948345184, 0.01606408692896366, 0.016536559909582138, 0.017009032890200615, 0.017481505870819092, 0.017953980714082718, 0.018426453694701195, 0.01889892667531967, 0.01937139965593815, 0.019843872636556625, 0.020316345617175102, 0.02078881859779358, 0.021261291578412056, 0.021733764559030533, 0.02220623753964901, 0.022678710520267487, 0.023151185363531113, 0.02362365834414959, 0.024096131324768066, 0.024568604305386543, 0.02504107728600502, 0.025513550266623497, 0.025986023247241974, 0.02645849622786045, 0.026930969208478928, 0.027403442189097404, 0.02787591703236103, 0.028348390012979507, 0.028820862993597984, 0.02929333597421646, 0.029765808954834938, 0.030238281935453415]}, "params/['params']['layers_0']['linear_layer']['bias']": {"_type": "histogram", "values": [0, 0, 0, 0, 0, 0, 0, 0, 0, 0, 0, 0, 0, 0, 0, 0, 0, 0, 0, 0, 0, 0, 0, 0, 0, 0, 0, 0, 0, 0, 0, 0, 18, 0, 0, 0, 0, 0, 0, 0, 0, 0, 0, 0, 0, 0, 0, 0, 0, 0, 0, 0, 0, 0, 0, 0, 0, 0, 0, 0, 0, 0, 0, 0], "bins": [-0.5, -0.484375, -0.46875, -0.453125, -0.4375, -0.421875, -0.40625, -0.390625, -0.375, -0.359375, -0.34375, -0.328125, -0.3125, -0.296875, -0.28125, -0.265625, -0.25, -0.234375, -0.21875, -0.203125, -0.1875, -0.171875, -0.15625, -0.140625, -0.125, -0.109375, -0.09375, -0.078125, -0.0625, -0.046875, -0.03125, -0.015625, 0.0, 0.015625, 0.03125, 0.046875, 0.0625, 0.078125, 0.09375, 0.109375, 0.125, 0.140625, 0.15625, 0.171875, 0.1875, 0.203125, 0.21875, 0.234375, 0.25, 0.265625, 0.28125, 0.296875, 0.3125, 0.328125, 0.34375, 0.359375, 0.375, 0.390625, 0.40625, 0.421875, 0.4375, 0.453125, 0.46875, 0.484375, 0.5]}, "params/['params']['layers_0']['linear_layer']['kernel']": {"_type": "histogram", "values": [1, 0, 0, 0, 0, 0, 1, 0, 0, 0, 0, 0, 0, 0, 0, 0, 0, 0, 0, 0, 0, 0, 0, 0, 0, 0, 0, 0, 0, 0, 0, 0, 0, 0, 0, 69, 0, 0, 0, 0, 0, 0, 0, 0, 0, 0, 0, 0, 0, 0, 0, 0, 0, 0, 0, 0, 0, 0, 0, 0, 0, 0, 0, 1], "bins": [-0.8989107608795166, -0.8733028769493103, -0.847694993019104, -0.8220871090888977, -0.7964792251586914, -0.7708713412284851, -0.7452634572982788, -0.7196555733680725, -0.6940476894378662, -0.6684398055076599, -0.6428319215774536, -0.6172240376472473, -0.591616153717041, -0.5660082697868347, -0.5404003858566284, -0.5147925019264221, -0.4891846179962158, -0.4635767340660095, -0.4379688501358032, -0.4123609662055969, -0.3867530822753906, -0.3611451983451843, -0.335537314414978, -0.30992943048477173, -0.28432154655456543, -0.25871366262435913, -0.23310577869415283, -0.20749789476394653, -0.18189001083374023, -0.15628212690353394, -0.13067424297332764, -0.10506635904312134, -0.07945847511291504, -0.05385059118270874, -0.02824270725250244, -0.0026348233222961426, 0.022973060607910156, 0.048580944538116455, 0.07418882846832275, 0.09979671239852905, 0.12540459632873535, 0.15101242065429688, 0.17662036418914795, 0.20222830772399902, 0.22783613204956055, 0.25344395637512207, 0.27905189990997314, 0.3046598434448242, 0.33026766777038574, 0.35587549209594727, 0.38148343563079834, 0.4070913791656494, 0.43269920349121094, 0.45830702781677246, 0.48391497135162354, 0.5095229148864746, 0.5351307392120361, 0.5607385635375977, 0.5863465070724487, 0.6119544506072998, 0.6375622749328613, 0.6631700992584229, 0.6887780427932739, 0.714385986328125, 0.7399938106536865]}, "params/['params']['layers_1']['linear_layer']['bias']": {"_type": "histogram", "values": [0, 0, 0, 0, 0, 0, 0, 0, 0, 0, 0, 0, 0, 0, 0, 0, 0, 0, 0, 0, 0, 0, 0, 0, 0, 0, 0, 0, 0, 0, 0, 0, 18, 0, 0, 0, 0, 0, 0, 0, 0, 0, 0, 0, 0, 0, 0, 0, 0, 0, 0, 0, 0, 0, 0, 0, 0, 0, 0, 0, 0, 0, 0, 0], "bins": [-0.5, -0.484375, -0.46875, -0.453125, -0.4375, -0.421875, -0.40625, -0.390625, -0.375, -0.359375, -0.34375, -0.328125, -0.3125, -0.296875, -0.28125, -0.265625, -0.25, -0.234375, -0.21875, -0.203125, -0.1875, -0.171875, -0.15625, -0.140625, -0.125, -0.109375, -0.09375, -0.078125, -0.0625, -0.046875, -0.03125, -0.015625, 0.0, 0.015625, 0.03125, 0.046875, 0.0625, 0.078125, 0.09375, 0.109375, 0.125, 0.140625, 0.15625, 0.171875, 0.1875, 0.203125, 0.21875, 0.234375, 0.25, 0.265625, 0.28125, 0.296875, 0.3125, 0.328125, 0.34375, 0.359375, 0.375, 0.390625, 0.40625, 0.421875, 0.4375, 0.453125, 0.46875, 0.484375, 0.5]}, "params/['params']['layers_1']['linear_layer']['kernel']": {"_type": "histogram", "values": [1, 0, 0, 0, 0, 0, 0, 0, 0, 0, 0, 0, 0, 0, 0, 0, 0, 0, 0, 0, 0, 2, 0, 0, 0, 0, 0, 0, 0, 0, 0, 0, 0, 0, 0, 0, 0, 0, 0, 0, 0, 0, 0, 0, 0, 0, 0, 0, 0, 266, 0, 0, 0, 0, 0, 0, 0, 0, 0, 0, 0, 0, 0, 1],