{"loss": 0.00027287332341074944, "_timestamp": 1739992001.695763, "_runtime": 159.9383990764618, "_step": 2793, "params/['params']['last']['bias']": {"_type": "histogram", "values": [0, 0, 0, 0, 0, 0, 0, 0, 0, 0, 0, 0, 0, 0, 0, 0, 0, 0, 0, 0, 0, 0, 0, 0, 0, 0, 0, 0, 0, 0, 0, 0, 2, 0, 0, 0, 0, 0, 0, 0, 0, 0, 0, 0, 0, 0, 0, 0, 0, 0, 0, 0, 0, 0, 0, 0, 0, 0, 0, 0, 0, 0, 0, 0], "bins": [-0.5, -0.484375, -0.46875, -0.453125, -0.4375, -0.421875, -0.40625, -0.390625, -0.375, -0.359375, -0.34375, -0.328125, -0.3125, -0.296875, -0.28125, -0.265625, -0.25, -0.234375, -0.21875, -0.203125, -0.1875, -0.171875, -0.15625, -0.140625, -0.125, -0.109375, -0.09375, -0.078125, -0.0625, -0.046875, -0.03125, -0.015625, 0.0, 0.015625, 0.03125, 0.046875, 0.0625, 0.078125, 0.09375, 0.109375, 0.125, 0.140625, 0.15625, 0.171875, 0.1875, 0.203125, 0.21875, 0.234375, 0.25, 0.265625, 0.28125, 0.296875, 0.3125, 0.328125, 0.34375, 0.359375, 0.375, 0.390625, 0.40625, 0.421875, 0.4375, 0.453125, 0.46875, 0.484375, 0.5]}, "params/['params']['last']['kernel']": {"_type": "histogram", "values": [1, 0, 0, 0, 0, 0, 0, 0, 0, 0, 0, 0, 0, 0, 0, 0, 0, 0, 0, 0, 0, 0, 0, 0, 0, 0, 0, 0, 0, 0, 0, 0, 0, 0, 0, 0, 0, 0, 0, 0, 0, 36, 0, 3, 0, 0, 0, 1, 0, 0, 0, 0, 0, 0, 0, 0, 0, 0, 0, 0, 0, 0, 0, 1], "bins": [-0.14243322610855103, -0.13899338245391846, -0.1355535387992859, -0.13211371004581451, -0.12867386639118195, -0.12523402273654938, -0.12179417908191681, -0.11835434287786484, -0.11491450667381287, -0.1114746630191803, -0.10803481936454773, -0.10459498316049576, -0.10115513950586319, -0.09771530330181122, -0.09427545964717865, -0.09083561599254608, -0.08739577978849411, -0.08395594358444214, -0.08051609992980957, -0.077076256275177, -0.07363642007112503, -0.07019657641649246, -0.06675674021244049, -0.06331689655780792, -0.059877052903175354, -0.05643721669912338, -0.052997373044490814, -0.04955753684043884, -0.046117693185806274, -0.0426778569817543, -0.039238013327121735, -0.03579817712306976, -0.032358333468437195, -0.028918489813804626, -0.025478653609752655, -0.022038809955120087, -0.018598973751068115, -0.015159130096435547, -0.011719286441802979, -0.008279457688331604, -0.004839614033699036, -0.0013997703790664673, 0.002040073275566101, 0.005479916930198669, 0.008919745683670044, 0.012359589338302612, 0.01579943299293518, 0.01923927664756775, 0.022679120302200317, 0.026118949055671692, 0.02955879271030426, 0.03299863636493683, 0.0364384800195694, 0.03987830877304077, 0.04331815242767334, 0.04675799608230591, 0.05019783973693848, 0.053637683391571045, 0.05707751214504242, 0.06051735579967499, 0.06395719945430756, 0.06739704310894012, 0.0708368718624115, 0.07427671551704407, 0.07771655172109604]}, "params/['params']['layers_0']['linear_layer']['bias']": {"_type": "histogram", "values": [0, 0, 0, 0, 0, 0, 0, 0, 0, 0, 0, 0, 0, 0, 0, 0, 0, 0, 0, 0, 0, 0, 0, 0, 0, 0, 0, 0, 0, 0, 0, 0, 24, 0, 0, 0, 0, 0, 0, 0, 0, 0, 0, 0, 0, 0, 0, 0, 0, 0, 0, 0, 0, 0, 0, 0, 0, 0, 0, 0, 0, 0, 0, 0], "bins": [-0.5, -0.484375, -0.46875, -0.453125, -0.4375, -0.421875, -0.40625, -0.390625, -0.375, -0.359375, -0.34375, -0.328125, -0.3125, -0.296875, -0.28125, -0.265625, -0.25, -0.234375, -0.21875, -0.203125, -0.1875, -0.171875, -0.15625, -0.140625, -0.125, -0.109375, -0.09375, -0.078125, -0.0625, -0.046875, -0.03125, -0.015625, 0.0, 0.015625, 0.03125, 0.046875, 0.0625, 0.078125, 0.09375, 0.109375, 0.125, 0.140625, 0.15625, 0.171875, 0.1875, 0.203125, 0.21875, 0.234375, 0.25, 0.265625, 0.28125, 0.296875, 0.3125, 0.328125, 0.34375, 0.359375, 0.375, 0.390625, 0.40625, 0.421875, 0.4375, 0.453125, 0.46875, 0.484375, 0.5]}, "params/['params']['layers_0']['linear_layer']['kernel']": {"_type": "histogram", "values": [1, 0, 0, 0, 0, 2, 0, 0, 0, 0, 0, 0, 0, 0, 0, 0, 0, 0, 0, 0, 0, 0, 0, 0, 0, 0, 0, 0, 0, 0, 0, 1, 0, 0, 0, 0, 0, 0, 0, 0, 0, 0, 0, 0, 0, 89, 0, 0, 0, 0, 0, 0, 0, 0, 0, 0, 0, 0, 0, 0, 0, 0, 0, 3], "bins": [-0.6930487751960754, -0.677653968334198, -0.6622592210769653, -0.6468644142150879, -0.6314696073532104, -0.616074800491333, -0.6006800532341003, -0.5852852463722229, -0.5698904395103455, -0.5544956922531128, -0.5391008853912354, -0.5237060785293579, -0.5083112716674805, -0.4929165244102478, -0.47752171754837036, -0.4621269404888153, -0.44673216342926025, -0.4313373565673828, -0.41594257950782776, -0.4005477726459503, -0.38515299558639526, -0.3697581887245178, -0.35436341166496277, -0.3389686346054077, -0.3235738277435303, -0.3081790506839752, -0.2927842438220978, -0.2773894667625427, -0.26199468970298767, -0.24659988284111023, -0.23120510578155518, -0.21581029891967773, -0.20041552186012268, -0.18502074480056763, -0.16962593793869019, -0.15423113107681274, -0.13883638381958008, -0.12344157695770264, -0.1080467700958252, -0.09265202283859253, -0.07725721597671509, -0.061862409114837646, -0.046467602252960205, -0.03107285499572754, -0.015678048133850098, -0.00028324127197265625, 0.01511150598526001, 0.03050631284713745, 0.04590111970901489, 0.06129586696624756, 0.076690673828125, 0.09208548069000244, 0.10748028755187988, 0.12287503480911255, 0.13826984167099, 0.15366464853286743, 0.1690593957901001, 0.18445420265197754, 0.19984900951385498, 0.21524375677108765, 0.2306385636329651, 0.24603337049484253, 0.26142817735671997, 0.27682292461395264, 0.2922177314758301]}, "params/['params']['layers_1']['linear_layer']['bias']": {"_type": "histogram", "values": [0, 0, 0, 0, 0, 0, 0, 0, 0, 0, 0, 0, 0, 0, 0, 0, 0, 0, 0, 0, 0, 0, 0, 0, 0, 0, 0, 0, 0, 0, 0, 0, 24, 0, 0, 0, 0, 0, 0, 0, 0, 0, 0, 0, 0, 0, 0, 0, 0, 0, 0, 0, 0, 0, 0, 0, 0, 0, 0, 0, 0, 0, 0, 0], "bins": [-0.5, -0.484375, -0.46875, -0.453125, -0.4375, -0.421875, -0.40625, -0.390625, -0.375, -0.359375, -0.34375, -0.328125, -0.3125, -0.296875, -0.28125, -0.265625, -0.25, -0.234375, -0.21875, -0.203125, -0.1875, -0.171875, -0.15625, -0.140625, -0.125, -0.109375, -0.09375, -0.078125, -0.0625, -0.046875, -0.03125, -0.015625, 0.0, 0.015625, 0.03125, 0.046875, 0.0625, 0.078125, 0.09375, 0.109375, 0.125, 0.140625, 0.15625, 0.171875, 0.1875, 0.203125, 0.21875, 0.234375, 0.25, 0.265625, 0.28125, 0.296875, 0.3125, 0.328125, 0.34375, 0.359375, 0.375, 0.390625, 0.40625, 0.421875, 0.4375, 0.453125, 0.46875, 0.484375, 0.5]}, "params/['params']['layers_1']['linear_layer']['kernel']": {"_type": "histogram", "values": [1, 0, 0, 0, 0, 0, 0, 0, 0, 0, 0, 0, 0, 0, 0, 0, 0, 1, 0, 0, 0, 0, 0, 0, 0, 1, 0, 0, 0, 0, 0, 0, 0, 0, 0, 0, 494, 3, 0, 0, 0, 0, 0, 0, 0, 0, 0, 0, 1, 0, 1, 0, 0, 0, 1, 0, 0, 0, 0, 0, 0, 0, 0, 1], "bins": [-2.8201005458831787, -2.7418198585510254, -2.663539409637451, -2.585258722305298, -2.5069782733917236, -2.4286975860595703, -2.350417137145996, -2.2721364498138428, -2.1938557624816895, -2.1155753135681152, -2.037294864654541, -1.9590141773223877, -1.8807334899902344, -1.8024529218673706, -1.7241723537445068, -1.645891785621643, -1.5676112174987793, -1.4893306493759155, -1.4110500812530518, -1.332769513130188, -1.2544889450073242, -1.176208257675171, -1.0979276895523071, -1.0196471214294434, -0.9413665533065796, -0.8630859851837158, -0.7848052978515625, -0.7065248489379883, -0.628244161605835, -0.5499637126922607, -0.4716830253601074, -0.3934025764465332, -0.3151218891143799, -0.23684120178222656, -0.15856075286865234, -0.08028006553649902, -0.0019996166229248047, 0.07628107070922852, 0.15456151962280273, 0.23284220695495605, 0.3111226558685303, 0.3894033432006836, 0.4676840305328369, 0.5459644794464111, 0.6242451667785645, 0.7025256156921387, 0.780806303024292, 0.8590867519378662, 0.9373674392700195, 1.0156481266021729, 1.093928575515747, 1.1722092628479004, 1.2504899501800537, 1.328770399093628, 1.4070508480072021, 1.4853312969207764, 1.5636122226715088, 1.641892671585083, 1.7201731204986572, 1.7984540462493896, 1.8767344951629639, 1.955014944076538, 2.0332953929901123, 2.1115763187408447, 2.189857006072998]}, "validation_loss": 0.00026540947146713734, "_wandb": {"runtime": 162}}