{"_timestamp":1.7375114970052269e+09,"_runtime":18.3408224,"_step":46,"_wandb":{"runtime":18},"loss":9.619785714676254e-07}