{"loss": 4.37024880284298e-07, "_timestamp": 1739544354.8875282, "_runtime": 174.91669607162476, "_step": 405, "validation_loss": 4.257071566371451e-07, "params/['params']['last']['bias']": {"_type": "histogram", "values": [1, 0, 0, 0, 0, 0, 0, 0, 0, 0, 0, 0, 0, 0, 0, 0, 0, 0, 0, 0, 0, 0, 0, 0, 0, 0, 0, 0, 0, 0, 0, 0, 0, 0, 0, 0, 0, 0, 0, 0, 0, 0, 0, 0, 0, 0, 0, 0, 0, 0, 0, 0, 0, 0, 0, 0, 0, 0, 0, 0, 0, 0, 0, 1], "bins": [0.0, 0.01123424805700779, 0.02246849611401558, 0.03370274603366852, 0.04493699222803116, 0.0561712384223938, 0.06740549206733704, 0.07863973826169968, 0.08987398445606232, 0.10110823065042496, 0.1123424768447876, 0.12357673048973083, 0.13481098413467407, 0.14604522287845612, 0.15727947652339935, 0.1685137152671814, 0.17974796891212463, 0.19098222255706787, 0.20221646130084991, 0.21345071494579315, 0.2246849536895752, 0.23591920733451843, 0.24715346097946167, 0.2583877146244049, 0.26962196826934814, 0.280856192111969, 0.29209044575691223, 0.30332469940185547, 0.3145589530467987, 0.32579320669174194, 0.3370274305343628, 0.34826168417930603, 0.35949593782424927, 0.3707301914691925, 0.38196444511413574, 0.3931986689567566, 0.40443292260169983, 0.41566717624664307, 0.4269014298915863, 0.43813568353652954, 0.4493699073791504, 0.46060416102409363, 0.47183841466903687, 0.4830726683139801, 0.49430692195892334, 0.5055411458015442, 0.5167754292488098, 0.5280096530914307, 0.5392439365386963, 0.5504781603813171, 0.561712384223938, 0.5729466676712036, 0.5841808915138245, 0.5954151749610901, 0.6066493988037109, 0.6178836226463318, 0.6291179060935974, 0.6403521299362183, 0.6515864133834839, 0.6628206372261047, 0.6740548610687256, 0.6852891445159912, 0.6965233683586121, 0.7077576518058777, 0.7189918756484985]}, "params/['params']['last']['kernel']": {"_type": "histogram", "values": [1, 1, 0, 2, 1, 27, 4, 4, 0, 0, 0, 0, 0, 0, 0, 0, 0, 0, 1, 0, 0, 0, 0, 0, 0, 0, 0, 0, 0, 0, 0, 0, 0, 0, 0, 0, 0, 0, 0, 0, 0, 0, 0, 0, 0, 0, 0, 0, 0, 0, 0, 0, 0, 0, 0, 0, 0, 0, 0, 0, 0, 0, 0, 1], "bins": [-0.02542910911142826, -0.020858168601989746, -0.016287226229906082, -0.011716284789144993, -0.0071453433483839035, -0.0025744009763002396, 0.001996539533138275, 0.00656748004257679, 0.011138422414660454, 0.015709364786744118, 0.02028030715882778, 0.024851245805621147, 0.02942218817770481, 0.033993132412433624, 0.03856407105922699, 0.04313501715660095, 0.04770595580339432, 0.05227689445018768, 0.056847840547561646, 0.06141877919435501, 0.06598972529172897, 0.07056066393852234, 0.0751316025853157, 0.07970254868268967, 0.08427348732948303, 0.0888444259762764, 0.09341537207365036, 0.09798631072044373, 0.10255724936723709, 0.10712819546461105, 0.11169914156198502, 0.11627007275819778, 0.12084101885557175, 0.1254119575023651, 0.12998288869857788, 0.13455383479595184, 0.1391247808933258, 0.14369571208953857, 0.14826665818691254, 0.1528376042842865, 0.15740855038166046, 0.16197948157787323, 0.1665504276752472, 0.17112137377262115, 0.17569230496883392, 0.18026325106620789, 0.18483419716358185, 0.18940512835979462, 0.19397607445716858, 0.19854702055454254, 0.2031179517507553, 0.20768889784812927, 0.21225984394550323, 0.216830775141716, 0.22140172123908997, 0.22597266733646393, 0.2305435985326767, 0.23511455953121185, 0.23968549072742462, 0.2442564219236374, 0.24882738292217255, 0.2533983290195465, 0.2579692602157593, 0.26254022121429443, 0.2671111524105072]}, "params/['params']['layers_0']['linear_layer']['bias']": {"_type": "histogram", "values": [0, 0, 0, 0, 0, 0, 0, 0, 0, 0, 0, 0, 0, 0, 0, 0, 0, 0, 0, 0, 0, 0, 0, 0, 0, 0, 0, 0, 0, 0, 0, 0, 24, 0, 0, 0, 0, 0, 0, 0, 0, 0, 0, 0, 0, 0, 0, 0, 0, 0, 0, 0, 0, 0, 0, 0, 0, 0, 0, 0, 0, 0, 0, 0], "bins": [-0.5, -0.484375, -0.46875, -0.453125, -0.4375, -0.421875, -0.40625, -0.390625, -0.375, -0.359375, -0.34375, -0.328125, -0.3125, -0.296875, -0.28125, -0.265625, -0.25, -0.234375, -0.21875, -0.203125, -0.1875, -0.171875, -0.15625, -0.140625, -0.125, -0.109375, -0.09375, -0.078125, -0.0625, -0.046875, -0.03125, -0.015625, 0.0, 0.015625, 0.03125, 0.046875, 0.0625, 0.078125, 0.09375, 0.109375, 0.125, 0.140625, 0.15625, 0.171875, 0.1875, 0.203125, 0.21875, 0.234375, 0.25, 0.265625, 0.28125, 0.296875, 0.3125, 0.328125, 0.34375, 0.359375, 0.375, 0.390625, 0.40625, 0.421875, 0.4375, 0.453125, 0.46875, 0.484375, 0.5]}, "params/['params']['layers_0']['linear_layer']['kernel']": {"_type": "histogram", "values": [1, 0, 0, 0, 0, 0, 0, 0, 0, 0, 0, 0, 1, 0, 0, 0, 0, 0, 0, 0, 0, 0, 0, 0, 0, 0, 0, 0, 0, 0, 0, 0, 0, 0, 0, 0, 0, 0, 0, 0, 0, 0, 0, 0, 0, 0, 0, 0, 0, 0, 0, 0, 1, 0, 1, 0, 1, 62, 0, 1, 0, 1, 2, 1], "bins": [-1.9838286638259888, -1.9493064880371094, -1.9147841930389404, -1.880262017250061, -1.845739722251892, -1.8112175464630127, -1.7766952514648438, -1.7421730756759644, -1.707650899887085, -1.673128604888916, -1.6386064291000366, -1.6040842533111572, -1.5695619583129883, -1.5350397825241089, -1.50051748752594, -1.4659953117370605, -1.4314730167388916, -1.3969508409500122, -1.3624286651611328, -1.3279063701629639, -1.2933841943740845, -1.258862018585205, -1.2243397235870361, -1.1898174285888672, -1.1552952527999878, -1.1207730770111084, -1.0862507820129395, -1.05172860622406, -1.0172064304351807, -0.9826841354370117, -0.9481619596481323, -0.9136396646499634, -0.879117488861084, -0.8445953130722046, -0.8100730180740356, -0.7755508422851562, -0.7410285472869873, -0.7065063714981079, -0.6719841957092285, -0.6374619007110596, -0.6029397249221802, -0.5684174299240112, -0.5338952541351318, -0.49937307834625244, -0.4648507833480835, -0.4303286075592041, -0.39580631256103516, -0.36128413677215576, -0.3267618417739868, -0.2922396659851074, -0.257717490196228, -0.22319519519805908, -0.1886730194091797, -0.15415072441101074, -0.11962854862213135, -0.08510637283325195, -0.05058407783508301, -0.016061902046203613, 0.018460392951965332, 0.052982449531555176, 0.08750474452972412, 0.12202703952789307, 0.156549334526062, 0.19107139110565186, 0.22559361159801483]}, "params/['params']['layers_1']['linear_layer']['bias']": {"_type": "histogram", "values": [23, 0, 0, 0, 0, 0, 0, 0, 0, 0, 0, 0, 0, 0, 0, 0, 0, 0, 0, 0, 0, 0, 0, 0, 0, 0, 0, 0, 0, 0, 0, 0, 0, 0, 0, 0, 0, 0, 0, 0, 0, 0, 0, 0, 0, 0, 0, 0, 0, 0, 0, 0, 0, 0, 0, 0, 0, 0, 0, 0, 0, 0, 0, 1], "bins": [0.0, 4.2732179281301796e-05, 8.546435856260359e-05, 0.0001281965378439054, 0.00017092871712520719, 0.00021366089640650898, 0.0002563930756878108, 0.0002991252695210278, 0.00034185743425041437, 0.00038458959897980094, 0.00042732179281301796, 0.000470053986646235, 0.0005127861513756216, 0.0005555183161050081, 0.0005982505390420556, 0.0006409827037714422, 0.0006837148685008287, 0.0007264470332302153, 0.0007691791979596019, 0.0008119114208966494, 0.0008546435856260359, 0.0008973757503554225, 0.00094010797329247, 0.0009828400798141956, 0.0010255723027512431, 0.0010683045256882906, 0.0011110366322100163, 0.0011537688551470637, 0.0011965010780841112, 0.0012392331846058369, 0.0012819654075428843, 0.00132469751406461, 0.0013674297370016575, 0.001410161959938705, 0.0014528940664604306, 0.001495626289397478, 0.0015383583959192038, 0.0015810906188562512, 0.0016238228417932987, 0.0016665549483150244, 0.0017092871712520719, 0.0017520193941891193, 0.001794751500710845, 0.0018374837236478925, 0.00188021594658494, 0.0019229480531066656, 0.0019656801596283913, 0.0020084124989807606, 0.0020511446055024862, 0.002093876712024212, 0.002136609051376581, 0.002179341157898307, 0.0022220732644200325, 0.002264805603772402, 0.0023075377102941275, 0.002350269816815853, 0.0023930021561682224, 0.002435734262689948, 0.0024784663692116737, 0.0025211984757333994, 0.0025639308150857687, 0.0026066629216074944, 0.00264939502812922, 0.0026921273674815893, 0.002734859474003315]}, "params/['params']['layers_1']['linear_layer']['kernel']": {"_type": "histogram",