{"loss": 0.005072399042546749, "_timestamp": 1739373269.6311452, "_runtime": 200.691908121109, "_step": 404, "params/['params']['last']['bias']": {"_type": "histogram", "values": [0, 0, 0, 0, 0, 0, 0, 0, 0, 0, 0, 0, 0, 0, 0, 0, 0, 0, 0, 0, 0, 0, 0, 0, 0, 0, 0, 0, 0, 0, 0, 0, 2, 0, 0, 0, 0, 0, 0, 0, 0, 0, 0, 0, 0, 0, 0, 0, 0, 0, 0, 0, 0, 0, 0, 0, 0, 0, 0, 0, 0, 0, 0, 0], "bins": [-0.5, -0.484375, -0.46875, -0.453125, -0.4375, -0.421875, -0.40625, -0.390625, -0.375, -0.359375, -0.34375, -0.328125, -0.3125, -0.296875, -0.28125, -0.265625, -0.25, -0.234375, -0.21875, -0.203125, -0.1875, -0.171875, -0.15625, -0.140625, -0.125, -0.109375, -0.09375, -0.078125, -0.0625, -0.046875, -0.03125, -0.015625, 0.0, 0.015625, 0.03125, 0.046875, 0.0625, 0.078125, 0.09375, 0.109375, 0.125, 0.140625, 0.15625, 0.171875, 0.1875, 0.203125, 0.21875, 0.234375, 0.25, 0.265625, 0.28125, 0.296875, 0.3125, 0.328125, 0.34375, 0.359375, 0.375, 0.390625, 0.40625, 0.421875, 0.4375, 0.453125, 0.46875, 0.484375, 0.5]}, "params/['params']['last']['kernel']": {"_type": "histogram", "values": [37, 0, 0, 0, 0, 0, 0, 1, 1, 1, 0, 0, 0, 0, 0, 0, 0, 0, 0, 0, 0, 0, 0, 0, 1, 0, 0, 0, 0, 0, 0, 0, 0, 0, 0, 0, 0, 0, 0, 0, 0, 0, 0, 0, 0, 0, 0, 0, 0, 0, 0, 0, 0, 0, 0, 0, 0, 0, 0, 0, 0, 0, 0, 1], "bins": [0.0, 0.0009594879811629653, 0.0019189759623259306, 0.002878463827073574, 0.003837951924651861, 0.004797440022230148, 0.005756927654147148, 0.006716415751725435, 0.007675903849303722, 0.008635391481220722, 0.009594880044460297, 0.010554367676377296, 0.011513855308294296, 0.01247334387153387, 0.01343283150345087, 0.014392320066690445, 0.015351807698607445, 0.016311295330524445, 0.017270782962441444, 0.018230272457003593, 0.019189760088920593, 0.020149247720837593, 0.021108735352754593, 0.022068222984671593, 0.023027710616588593, 0.02398720011115074, 0.02494668774306774, 0.02590617537498474, 0.02686566300690174, 0.02782515063881874, 0.02878464013338089, 0.02974412776529789, 0.03070361539721489, 0.03166310489177704, 0.03262259066104889, 0.03358208015561104, 0.03454156592488289, 0.03550105541944504, 0.03646054491400719, 0.03742003068327904, 0.038379520177841187, 0.03933900594711304, 0.040298495441675186, 0.041257984936237335, 0.042217470705509186, 0.043176960200071335, 0.044136445969343185, 0.045095935463905334, 0.046055421233177185, 0.047014910727739334, 0.04797440022230148, 0.048933885991573334, 0.04989337548613548, 0.05085286125540733, 0.05181235074996948, 0.05277184024453163, 0.05373132601380348, 0.05469081550836563, 0.05565030127763748, 0.05660979077219963, 0.05756928026676178, 0.05852876603603363, 0.05948825553059578, 0.06044774129986763, 0.06140723079442978]}, "params/['params']['layers_0']['linear_layer']['bias']": {"_type": "histogram", "values": [0, 0, 0, 0, 0, 0, 0, 0, 0, 0, 0, 0, 0, 0, 0, 0, 0, 0, 0, 0, 0, 0, 0, 0, 0, 0, 0, 0, 0, 0, 0, 0, 24, 0, 0, 0, 0, 0, 0, 0, 0, 0, 0, 0, 0, 0, 0, 0, 0, 0, 0, 0, 0, 0, 0, 0, 0, 0, 0, 0, 0, 0, 0, 0], "bins": [-0.5, -0.484375, -0.46875, -0.453125, -0.4375, -0.421875, -0.40625, -0.390625, -0.375, -0.359375, -0.34375, -0.328125, -0.3125, -0.296875, -0.28125, -0.265625, -0.25, -0.234375, -0.21875, -0.203125, -0.1875, -0.171875, -0.15625, -0.140625, -0.125, -0.109375, -0.09375, -0.078125, -0.0625, -0.046875, -0.03125, -0.015625, 0.0, 0.015625, 0.03125, 0.046875, 0.0625, 0.078125, 0.09375, 0.109375, 0.125, 0.140625, 0.15625, 0.171875, 0.1875, 0.203125, 0.21875, 0.234375, 0.25, 0.265625, 0.28125, 0.296875, 0.3125, 0.328125, 0.34375, 0.359375, 0.375, 0.390625, 0.40625, 0.421875, 0.4375, 0.453125, 0.46875, 0.484375, 0.5]}, "params/['params']['layers_0']['linear_layer']['kernel']": {"_type": "histogram", "values": [1, 0, 0, 0, 0, 0, 0, 0, 0, 0, 0, 0, 2, 0, 0, 0, 0, 0, 0, 0, 0, 0, 0, 0, 0, 0, 0, 0, 0, 0, 0, 0, 0, 0, 0, 0, 0, 0, 0, 0, 0, 0, 0, 0, 0, 0, 0, 0, 0, 0, 0, 0, 0, 0, 0, 0, 0, 0, 0, 0, 0, 0, 0, 93], "bins": [-0.6496793031692505, -0.6394705176353455, -0.6292617321014404, -0.6190529465675354, -0.6088441610336304, -0.5986354351043701, -0.5884266495704651, -0.5782178640365601, -0.568009078502655, -0.55780029296875, -0.547591507434845, -0.5373827219009399, -0.5271739363670349, -0.5169651508331299, -0.5067563652992249, -0.4965476095676422, -0.4863388240337372, -0.47613003849983215, -0.4659212827682495, -0.4557124972343445, -0.44550371170043945, -0.4352949261665344, -0.4250861406326294, -0.41487735509872437, -0.40466856956481934, -0.3944598138332367, -0.38425102829933167, -0.37404224276542664, -0.3638334572315216, -0.3536246716976166, -0.34341591596603394, -0.3332071304321289, -0.3229983448982239, -0.31278955936431885, -0.3025807738304138, -0.2923720180988312, -0.28216323256492615, -0.2719544470310211, -0.2617456614971161, -0.25153687596321106, -0.24132812023162842, -0.2311193346977234, -0.22091054916381836, -0.21070176362991333, -0.2004929780960083, -0.19028419256210327, -0.18007543683052063, -0.1698666512966156, -0.15965786576271057, -0.14944911003112793, -0.1392403244972229, -0.12903153896331787, -0.11882275342941284, -0.10861396789550781, -0.09840518236160278, -0.08819639682769775, -0.07798761129379272, -0.0677788257598877, -0.057570040225982666, -0.04736131429672241, -0.03715252876281738, -0.026943743228912354, -0.016734957695007324, -0.006526172161102295, 0.0036826131399720907]}, "params/['params']['layers_1']['linear_layer']['bias']": {"_type": "histogram", "values": [0, 0, 0, 0, 0, 0, 0, 0, 0, 0, 0, 0, 0, 0, 0, 0, 0, 0, 0, 0, 0, 0, 0, 0, 0, 0, 0, 0, 0, 0, 0, 0, 24, 0, 0, 0, 0, 0, 0, 0, 0, 0, 0, 0, 0, 0, 0, 0, 0, 0, 0, 0, 0, 0, 0, 0, 0, 0, 0, 0, 0, 0, 0, 0], "bins": [-0.5, -0.484375, -0.46875, -0.453125, -0.4375, -0.421875, -0.40625, -0.390625, -0.375, -0.359375, -0.34375, -0.328125, -0.3125, -0.296875, -0.28125, -0.265625, -0.25, -0.234375, -0.21875, -0.203125, -0.1875, -0.171875, -0.15625, -0.140625, -0.125, -0.109375, -0.09375, -0.078125, -0.0625, -0.046875, -0.03125, -0.015625, 0.0, 0.015625, 0.03125, 0.046875, 0.0625, 0.078125, 0.09375, 0.109375, 0.125, 0.140625, 0.15625, 0.171875, 0.1875, 0.203125, 0.21875, 0.234375, 0.25, 0.265625, 0.28125, 0.296875, 0.3125, 0.328125, 0.34375, 0.359375, 0.375, 0.390625, 0.40625, 0.421875, 0.4375, 0.453125, 0.46875, 0.484375, 0.5]}, "params/['params']['layers_1']['linear_layer']['kernel']": {"_type": "histogram", "values": [1, 0, 0, 0, 0, 0, 0, 0, 0, 0, 0, 0, 0, 0, 0, 0, 0, 0, 0, 0, 0, 0, 0, 0, 0, 0, 0, 0, 0, 0, 0, 0, 0, 0, 0, 1, 497, 0, 0, 0, 2, 1, 0, 1, 0, 0, 0, 0, 0, 0, 0, 0, 0, 0, 0, 0, 0, 0, 0, 0, 0, 0, 0, 1], "bins": [-2.9453539848327637, -2.8636250495910645, -2.7818961143493652, -2.700167417526245, -2.618438482284546, -2.5367095470428467, -2.4549806118011475, -2.3732516765594482, -2.291522979736328, -2.209794044494629, -2.1280651092529297, -2.0463361740112305, -1.9646072387695312, -1.8828784227371216, -1.8011494874954224, -1.7194206714630127, -1.6376917362213135, -1.5559628009796143, -1.4742339849472046, -1.3925050497055054, -1.3107762336730957, -1.2290472984313965, -1.1473183631896973, -1.0655895471572876, -0.9838606119155884, -0.9021317958831787, -0.8204028606414795, -0.7386739253997803, -0.656944990158081, -0.5752160549163818, -0.4934873580932617, -0.4117584228515625, -0.3300294876098633, -0.24830055236816406, -0.16657161712646484, -0.08484292030334473, -0.003113985061645508, 0.07861495018005371, 0.16034388542175293, 0.24207282066345215, 0.32380151748657227, 0.4055304527282715, 0.4872593879699707, 0.5689883232116699, 0.6507172584533691, 0.7324461936950684, 0.8141748905181885, 0.8959038257598877, 0.9776327610015869, 1.059361457824707, 1.1410903930664062, 1.2228193283081055, 1.3045482635498047, 1.386277198791504, 1.4680061340332031, 1.5497350692749023, 1.6314640045166016, 1.7131929397583008, 1.794921875, 1.876650333404541, 1.9583792686462402, 2.0401082038879395, 2.1218371391296387, 2.203566074371338, 2.285295248031616]}, "_wandb": {"runtime": 200}}