{"validation_loss":1.6522402802365832e-05,"params/['params']['last']['kernel']":{"values":[1,0,0,0,0,0,0,2,0,0,0,0,0,0,0,0,0,0,0,0,0,0,0,0,0,0,0,0,0,0,0,0,0,0,0,0,0,0,0,0,0,0,0,0,0,0,0,0,0,0,0,0,0,1,0,0,2,0,0,0,0,0,0,24],"bins":[-0.23855453729629517,-0.23482711613178253,-0.2310997098684311,-0.22737228870391846,-0.22364488244056702,-0.21991746127605438,-0.21619005501270294,-0.2124626338481903,-0.20873522758483887,-0.20500780642032623,-0.2012803852558136,-0.19755297899246216,-0.19382555782794952,-0.19009815156459808,-0.18637073040008545,-0.182643324136734,-0.17891590297222137,-0.17518848180770874,-0.1714610755443573,-0.16773366928100586,-0.16400624811649323,-0.1602788269519806,-0.15655142068862915,-0.15282399952411652,-0.14909657835960388,-0.14536917209625244,-0.141641765832901,-0.13791434466838837,-0.13418692350387573,-0.1304595172405243,-0.12673209607601166,-0.12300468236207962,-0.11927726864814758,-0.11554985493421555,-0.11182244122028351,-0.10809502005577087,-0.10436761379241943,-0.1006401926279068,-0.09691278636455536,-0.09318536520004272,-0.08945795893669128,-0.08573053777217865,-0.08200311660766602,-0.07827571034431458,-0.07454828917980194,-0.0708208829164505,-0.06709346175193787,-0.06336605548858643,-0.05963863432407379,-0.05591121315956116,-0.05218380689620972,-0.04845638573169708,-0.04472897946834564,-0.04100155830383301,-0.03727415204048157,-0.03354673087596893,-0.0298193097114563,-0.02609190344810486,-0.022364482283592224,-0.018637076020240784,-0.01490965485572815,-0.011182248592376709,-0.007454827427864075,-0.0037274211645126343,0],"_type":"histogram"},"params/['params']['layers_1']['linear_layer']['kernel']":{"values":[1,0,0,0,0,0,1,0,0,1,0,0,0,0,0,0,0,0,0,0,0,0,1,0,0,0,0,1,1,0,249,2,2,2,0,0,0,0,0,1,0,1,1,0,0,0,1,1,0,0,0,0,0,0,1,1,0,0,0,1,0,0,0,1],"bins":[-1.8795249462127686,-1.8187644481658936,-1.7580039501190186,-1.6972434520721436,-1.6364829540252686,-1.5757224559783936,-1.5149619579315186,-1.454201340675354,-1.393440842628479,-1.332680344581604,-1.271919846534729,-1.211159348487854,-1.150398850440979,-1.089638352394104,-1.0288777351379395,-0.9681172966957092,-0.9073567986488342,-0.8465962409973145,-0.7858357429504395,-0.7250752449035645,-0.6643147468566895,-0.6035542488098145,-0.5427937507629395,-0.48203325271606445,-0.42127275466918945,-0.36051225662231445,-0.29975175857543945,-0.2389911413192749,-0.1782306432723999,-0.1174701452255249,-0.0567096471786499,0.004050850868225098,0.0648113489151001,0.12557196617126465,0.18633246421813965,0.24709296226501465,0.30785346031188965,0.36861395835876465,0.42937445640563965,0.49013495445251465,0.5508954524993896,0.6116559505462646,0.6724164485931396,0.7331769466400146,0.7939374446868896,0.8546979427337646,0.9154584407806396,0.9762189388275146,1.0369794368743896,1.0977399349212646,1.1585004329681396,1.2192609310150146,1.2800214290618896,1.3407819271087646,1.4015426635742188,1.4623031616210938,1.5230636596679688,1.5838241577148438,1.6445846557617188,1.7053451538085938,1.7661056518554688,1.8268661499023438,1.8876266479492188,1.9483871459960938,2.0091476440429688],"_type":"histogram"},"params/['params']['last']['bias']":{"_type":"histogram","values":[1,0,0,0,0,0,0,0,0,0,0,0,0,0,0,0,0,0,0,0,0,0,0,0,0,0,0,0,0,0,0,0,0,0,0,0,0,0,0,0,0,0,0,0,0,0,0,0,0,0,0,0,0,0,0,0,0,0,0,0,0,0,0,1],"bins":[0,0.00813342910259962,0.01626685820519924,0.024400286376476288,0.03253371641039848,0.04066714644432068,0.048800572752952576,0.05693400278687477,0.06506743282079697,0.07320085912942886,0.08133429288864136,0.08946771919727325,0.09760114550590515,0.10573457926511765,0.11386800557374954,0.12200143933296204,0.13013486564159393,0.13826829195022583,0.14640171825885773,0.15453515946865082,0.16266858577728271,0.1708020120859146,0.1789354383945465,0.1870688647031784,0.1952022910118103,0.2033357322216034,0.2114691585302353,0.2196025848388672,0.22773601114749908,0.23586943745613098,0.24400287866592407,0.2521362900733948,0.26026973128318787,0.26840317249298096,0.27653658390045166,0.28467002511024475,0.29280343651771545,0.30093687772750854,0.30907031893730164,0.31720373034477234,0.32533717155456543,0.33347058296203613,0.3416040241718292,0.3497374653816223,0.357870876789093,0.3660043179988861,0.3741377294063568,0.3822711706161499,0.3904045820236206,0.3985380232334137,0.4066714644432068,0.4148048758506775,0.4229383170604706,0.4310717284679413,0.4392051696777344,0.44733861088752747,0.45547202229499817,0.46360546350479126,0.47173887491226196,0.47987231612205505,0.48800575733184814,0.49613916873931885,0.5042725801467896,0.512406051158905,0.5205394625663757]},"params/['params']['layers_0']['linear_layer']['bias']":{"bins":[-0.5,-0.484375,-0.46875,-0.453125,-0.4375,-0.421875,-0.40625,-0.390625,-0.375,-0.359375,-0.34375,-0.328125,-0.3125,-0.296875,-0.28125,-0.265625,-0.25,-0.234375,-0.21875,-0.203125,-0.1875,-0.171875,-0.15625,-0.140625,-0.125,-0.109375,-0.09375,-0.078125,-0.0625,-0.046875,-0.03125,-0.015625,0,0.015625,0.03125,0.046875,0.0625,0.078125,0.09375,0.109375,0.125,0.140625,0.15625,0.171875,0.1875,0.203125,0.21875,0.234375,0.25,0.265625,0.28125,0.296875,0.3125,0.328125,0.34375,0.359375,0.375,0.390625,0.40625,0.421875,0.4375,0.453125,0.46875,0.484375,0.5],"_type":"histogram","values":[0,0,0,0,0,0,0,0,0,0,0,0,0,0,0,0,0,0,0,0,0,0,0,0,0,0,0,0,0,0,0,0,18,0,0,0,0,0,0,0,0,0,0,0,0,0,0,0,0,0,0,0,0,0,0,0,0,0,0,0,0,0,0,0]},"_wandb":{"runtime":177},"_timestamp":1.7405927214291525e+09,"params/['params']['layers_0']['linear_layer']['kernel']":{"values":[2,0,0,0,1,0,0,0,0,0,0,0,0,47,1,0,0,0,0,0,0,0,0,1,0,0,0,0,0,0,0,0,0,0,0,0,0,0,0,0,0,0,0,0,0,0,0,0,0,0,0,0,0,0,0,0,0,0,0,0,0,0,1,1],"bins":[-0.4574816823005676,-0.42417818307876587,-0.3908746838569641,-0.35757118463516235,-0.3242676854133606,-0.29096418619155884,-0.2576606869697571,-0.22435718774795532,-0.19105368852615356,-0.1577501893043518,-0.12444669008255005,-0.09114319086074829,-0.05783969163894653,-0.024536192417144775,0.008767306804656982,0.04207080602645874,0.0753743052482605,0.10867780447006226,0.141981303691864,0.17528480291366577,0.20858830213546753,0.2418918013572693,0.27519530057907104,0.3084987998008728,0.34180229902267456,0.3751057982444763,0.4084092974662781,0.44171279668807983,0.4750162959098816,0.5083197951316833,0.5416232943534851,0.5749267935752869,0.6082302927970886,0.6415337920188904,0.6748372912406921,0.7081407904624939,0.7414442896842957,0.7747477889060974,0.8080512881278992,0.8413547873497009,0.8746582865715027,0.9079617857933044,0.9412652850151062,0.974568784236908,1.0078723430633545,1.0411758422851562,1.074479341506958,1.1077828407287598,1.1410863399505615,1.1743898391723633,1.207693338394165,1.2409968376159668,1.2743003368377686,1.3076038360595703,1.340907335281372,1.3742108345031738,1.4075143337249756,1.4408178329467773,1.474121332168579,1.5074248313903809,1.5407283306121826,1.5740318298339844,1.6073353290557861,1.640638828277588,1.6739422082901],"_type":"histogram"},"_step":22394,"_runtime":175.8495166,"params/['params']['layers_1']['linear_layer']['bias']":{"bins":[-0.5,-0.484375,-0.46875,-0.453125,-0.4375,-0.421875,-0.40625,-0.390625,-0.375,-0.359375,-0.34375,-0.328125,-0.3125,-0.296875,-0.28125,-0.265625,-0.25,-0.234375,-0.21875,-0.203125,-0.1875,-0.171875,-0.15625,-0.140625,-0.125,-0.109375,-0.09375,-0.078125,-0.0625,-0.046875,-0.03125,-0.015625,0,0.015625,0.03125,0.046875,0.0625,0.078125,0.09375,0.109375,0.125,0.140625,0.15625,0.171875,0.1875,0.203125,0.21875,0.234375,0.25,0.265625,0.28125,0.296875,0.3125,0.328125,0.34375,0.359375,0.375,0.390625,0.40625,0.421875,0.4375,0.453125,0.46875,0.484375,0.5],"_type":"histogram","values":[0,0,0,0,0,0,0,0,0,0,0,0,0,0,0,0,0,0,0,0,0,0,0,0,0,0,0,0,0,0,0,0,18,0,0,0,0,0,0,0,0,0,0,0,0,0,0,0,0,0,0,0,0,0,0,0,0,0,0,0,0,0,0,0]},"loss":1.5950738088577054e-05}