{"loss": 0.19413748383522034, "_timestamp": 1739301084.7945673, "_runtime": 200.4407253265381, "_step": 27, "params/['params']['last']['bias']": {"_type": "histogram", "values": [1, 0, 0, 0, 0, 0, 0, 0, 0, 0, 0, 0, 0, 0, 0, 0, 0, 0, 0, 0, 0, 0, 0, 0, 0, 0, 0, 0, 0, 0, 0, 0, 0, 0, 0, 0, 0, 0, 0, 0, 0, 0, 0, 0, 0, 0, 0, 0, 0, 0, 0, 0, 0, 0, 0, 0, 0, 0, 0, 0, 0, 0, 0, 1], "bins": [1.005902647972107, 1.0073069334030151, 1.0087112188339233, 1.0101155042648315, 1.0115197896957397, 1.012924075126648, 1.0143282413482666, 1.0157325267791748, 1.017136812210083, 1.0185410976409912, 1.0199453830718994, 1.0213496685028076, 1.0227539539337158, 1.024158239364624, 1.0255625247955322, 1.0269668102264404, 1.0283710956573486, 1.0297752618789673, 1.0311795473098755, 1.0325838327407837, 1.033988118171692, 1.0353924036026, 1.0367966890335083, 1.0382009744644165, 1.0396052598953247, 1.041009545326233, 1.0424138307571411, 1.0438179969787598, 1.045222282409668, 1.0466265678405762, 1.0480308532714844, 1.0494351387023926, 1.0508394241333008, 1.052243709564209, 1.0536479949951172, 1.0550522804260254, 1.0564565658569336, 1.0578608512878418, 1.0592650175094604, 1.0606693029403687, 1.0620735883712769, 1.063477873802185, 1.0648821592330933, 1.0662864446640015, 1.0676907300949097, 1.0690950155258179, 1.070499300956726, 1.0719035863876343, 1.073307752609253, 1.0747120380401611, 1.0761163234710693, 1.0775206089019775, 1.0789248943328857, 1.080329179763794, 1.0817334651947021, 1.0831377506256104, 1.0845420360565186, 1.0859463214874268, 1.087350606918335, 1.0887548923492432, 1.0901590585708618, 1.09156334400177, 1.0929676294326782, 1.0943719148635864, 1.0957762002944946]}, "params/['params']['last']['kernel']": {"_type": "histogram", "values": [1, 0, 0, 0, 0, 0, 0, 0, 0, 0, 0, 0, 0, 0, 0, 0, 0, 0, 0, 0, 0, 0, 0, 0, 0, 0, 0, 0, 0, 0, 0, 0, 0, 0, 0, 0, 0, 0, 5, 1, 0, 0, 0, 0, 0, 0, 0, 0, 0, 0, 0, 0, 0, 0, 0, 0, 0, 0, 0, 0, 0, 1, 1, 3], "bins": [-0.13949380815029144, -0.13567650318145752, -0.1318592131137848, -0.12804190814495087, -0.12422460317611694, -0.12040730565786362, -0.11659000813961029, -0.11277270317077637, -0.10895540565252304, -0.10513810813426971, -0.10132080316543579, -0.09750350564718246, -0.09368620812892914, -0.08986890316009521, -0.08605160564184189, -0.08223430812358856, -0.07841700315475464, -0.07459970563650131, -0.07078240066766739, -0.06696510314941406, -0.06314779818058014, -0.05933050066232681, -0.055513203144073486, -0.05169589817523956, -0.04787860065698624, -0.04406130313873291, -0.04024399816989899, -0.03642670065164566, -0.032609403133392334, -0.02879209816455841, -0.024974800646305084, -0.02115749567747116, -0.017340198159217834, -0.013522893190383911, -0.009705603122711182, -0.005888298153877258, -0.002070993185043335, 0.0017462968826293945, 0.005563601851463318, 0.009380906820297241, 0.013198211789131165, 0.017015501856803894, 0.020832806825637817, 0.02465011179447174, 0.02846740186214447, 0.032284706830978394, 0.03610201179981232, 0.039919301867485046, 0.04373660683631897, 0.04755391180515289, 0.05137120187282562, 0.055188506841659546, 0.05900581181049347, 0.0628231018781662, 0.06664040684700012, 0.07045771181583405, 0.07427500188350677, 0.0780923068523407, 0.08190961182117462, 0.08572691679000854, 0.08954420685768127, 0.0933615118265152, 0.09717881679534912, 0.10099610686302185, 0.10481341928243637]}, "params/['params']['layers_0']['linear_layer']['bias']": {"_type": "histogram", "values": [1, 0, 0, 0, 0, 0, 0, 0, 0, 0, 0, 0, 0, 0, 0, 0, 0, 0, 1, 0, 0, 0, 0, 0, 0, 0, 0, 0, 0, 0, 0, 0, 0, 0, 1, 1, 0, 0, 0, 1, 0, 1, 0, 0, 0, 0, 0, 0, 0, 0, 0, 0, 0, 0, 0, 0, 1, 0, 0, 0, 0, 0, 0, 1], "bins": [-0.1078491061925888, -0.10522197932004929, -0.10259485244750977, -0.09996771812438965, -0.09734059125185013, -0.09471346437931061, -0.09208633005619049, -0.08945920318365097, -0.08683207631111145, -0.08420494943857193, -0.08157782256603241, -0.07895068824291229, -0.07632356137037277, -0.07369643449783325, -0.07106930017471313, -0.06844217330217361, -0.0658150464296341, -0.06318791955709457, -0.060560788959264755, -0.057933658361434937, -0.055306531488895416, -0.052679404616355896, -0.05005227401852608, -0.04742514342069626, -0.04479801654815674, -0.04217088967561722, -0.0395437628030777, -0.03691662847995758, -0.03428950160741806, -0.03166237473487854, -0.029035240411758423, -0.026408113539218903, -0.023780986666679382, -0.021153859794139862, -0.018526732921600342, -0.015899598598480225, -0.013272471725940704, -0.010645344853401184, -0.008018210530281067, -0.005391083657741547, -0.0027639567852020264, -0.0001368299126625061, 0.002490296959877014, 0.005117431282997131, 0.007744558155536652, 0.010371685028076172, 0.012998819351196289, 0.01562594622373581, 0.01825307309627533, 0.020880207419395447, 0.02350732684135437, 0.026134461164474487, 0.02876158058643341, 0.03138871490955353, 0.034015849232673645, 0.03664296865463257, 0.039270102977752686, 0.0418972373008728, 0.044524356722831726, 0.04715149104595184, 0.04977862536907196, 0.052405744791030884, 0.055032879114151, 0.057659998536109924, 0.06028713658452034]}, "params/['params']['layers_0']['linear_layer']['kernel']": {"_type": "histogram", "values": [2, 0, 0, 0, 0, 0, 0, 0, 0, 0, 0, 0, 0, 0, 0, 0, 0, 0, 0, 0, 0, 0, 0, 0, 0, 0, 0, 0, 0, 1, 1, 0, 0, 0, 0, 0, 0, 0, 0, 0, 0, 0, 0, 0, 0, 0, 1, 0, 0, 0, 0, 0, 1, 0, 0, 0, 0, 0, 1, 0, 0, 0, 0, 1], "bins": [-0.4699944853782654, -0.45220381021499634, -0.4344131648540497, -0.41662248969078064, -0.398831844329834, -0.38104116916656494, -0.3632504940032959, -0.34545981884002686, -0.3276691734790802, -0.30987852811813354, -0.2920878529548645, -0.27429717779159546, -0.2565065026283264, -0.23871585726737976, -0.22092518210411072, -0.20313453674316406, -0.18534386157989502, -0.16755318641662598, -0.14976254105567932, -0.13197186589241028, -0.11418122053146362, -0.09639054536819458, -0.07859987020492554, -0.06080922484397888, -0.04301854968070984, -0.025227874517440796, -0.007437229156494141, 0.010353446006774902, 0.028144121170043945, 0.04593479633331299, 0.06372541189193726, 0.0815160870552063, 0.09930676221847534, 0.11709743738174438, 0.13488811254501343, 0.1526787281036377, 0.17046940326690674, 0.18826007843017578, 0.20605075359344482, 0.22384142875671387, 0.24163204431533813, 0.2594227194786072, 0.2772133946418762, 0.29500406980514526, 0.3127947449684143, 0.33058542013168335, 0.3483760356903076, 0.36616671085357666, 0.3839573860168457, 0.40174806118011475, 0.4195387363433838, 0.43732935190200806, 0.4551200270652771, 0.47291070222854614, 0.4907013773918152, 0.5084920525550842, 0.5262827277183533, 0.5440734028816223, 0.5618640780448914, 0.5796546339988708, 0.5974453091621399, 0.6152359843254089, 0.633026659488678, 0.650817334651947, 0.6686079502105713]}, "params/['params']['layers_1']['linear_layer']['bias']": {"_type": "histogram", "values": [2, 1, 0, 0, 0, 0, 0, 0, 0, 0, 0, 0, 0, 0, 0, 0, 0, 1, 0, 0, 0, 0, 0, 0, 0, 0, 0, 0, 0, 0, 0, 0, 0, 0, 0, 0, 0, 0, 0, 0, 0, 0, 0, 0, 1, 0, 0, 0, 0, 0, 0, 1, 1, 0, 0, 0, 0, 0, 0, 0, 0, 0, 0, 1],