{"loss": 1.1359729766845703, "_timestamp": 1739300421.5207036, "_runtime": 9.810927629470825, "_step": 25, "params/['params']['last']['bias']": {"_type": "histogram", "values": [1, 0, 0, 0, 0, 0, 0, 0, 0, 0, 0, 0, 0, 0, 0, 0, 0, 0, 0, 0, 0, 0, 0, 0, 0, 0, 0, 0, 0, 0, 0, 0, 0, 0, 0, 0, 0, 0, 0, 0, 0, 0, 0, 0, 0, 0, 0, 0, 0, 0, 0, 0, 0, 0, 0, 0, 0, 0, 0, 0, 0, 0, 0, 1], "bins": [0.8937970995903015, 0.8954804539680481, 0.8971638679504395, 0.898847222328186, 0.9005305767059326, 0.9022139310836792, 0.9038973450660706, 0.9055806994438171, 0.9072640538215637, 0.9089474081993103, 0.9106308221817017, 0.9123141765594482, 0.9139975309371948, 0.9156808853149414, 0.9173642992973328, 0.9190476536750793, 0.9207310080528259, 0.9224144220352173, 0.9240977764129639, 0.9257811307907104, 0.927464485168457, 0.9291478991508484, 0.930831253528595, 0.9325146079063416, 0.9341979622840881, 0.9358813762664795, 0.9375647306442261, 0.9392480850219727, 0.9409314393997192, 0.9426148533821106, 0.9442982077598572, 0.9459815621376038, 0.9476649761199951, 0.9493483304977417, 0.9510316848754883, 0.9527150392532349, 0.9543984532356262, 0.9560818076133728, 0.9577651619911194, 0.959448516368866, 0.9611319303512573, 0.9628152847290039, 0.9644986391067505, 0.9661819934844971, 0.9678654074668884, 0.969548761844635, 0.9712321162223816, 0.972915530204773, 0.9745988845825195, 0.9762822389602661, 0.9779655933380127, 0.9796489477157593, 0.9813323616981506, 0.9830157160758972, 0.9846990704536438, 0.9863824844360352, 0.9880658388137817, 0.9897491931915283, 0.9914325475692749, 0.9931159615516663, 0.9947993159294128, 0.9964826703071594, 0.9981660842895508, 0.9998494386672974, 1.001532793045044]}, "params/['params']['last']['kernel']": {"_type": "histogram", "values": [0, 0, 0, 0, 0, 0, 0, 0, 0, 0, 0, 0, 0, 0, 0, 0, 0, 0, 0, 0, 0, 0, 0, 0, 0, 0, 0, 0, 0, 0, 0, 0, 12, 0, 0, 0, 0, 0, 0, 0, 0, 0, 0, 0, 0, 0, 0, 0, 0, 0, 0, 0, 0, 0, 0, 0, 0, 0, 0, 0, 0, 0, 0, 0], "bins": [-0.5, -0.484375, -0.46875, -0.453125, -0.4375, -0.421875, -0.40625, -0.390625, -0.375, -0.359375, -0.34375, -0.328125, -0.3125, -0.296875, -0.28125, -0.265625, -0.25, -0.234375, -0.21875, -0.203125, -0.1875, -0.171875, -0.15625, -0.140625, -0.125, -0.109375, -0.09375, -0.078125, -0.0625, -0.046875, -0.03125, -0.015625, 0.0, 0.015625, 0.03125, 0.046875, 0.0625, 0.078125, 0.09375, 0.109375, 0.125, 0.140625, 0.15625, 0.171875, 0.1875, 0.203125, 0.21875, 0.234375, 0.25, 0.265625, 0.28125, 0.296875, 0.3125, 0.328125, 0.34375, 0.359375, 0.375, 0.390625, 0.40625, 0.421875, 0.4375, 0.453125, 0.46875, 0.484375, 0.5]}, "params/['params']['layers_0']['linear_layer']['bias']": {"_type": "histogram", "values": [0, 0, 0, 0, 0, 0, 0, 0, 0, 0, 0, 0, 0, 0, 0, 0, 0, 0, 0, 0, 0, 0, 0, 0, 0, 0, 0, 0, 0, 0, 0, 0, 8, 0, 0, 0, 0, 0, 0, 0, 0, 0, 0, 0, 0, 0, 0, 0, 0, 0, 0, 0, 0, 0, 0, 0, 0, 0, 0, 0, 0, 0, 0, 0], "bins": [-0.5, -0.484375, -0.46875, -0.453125, -0.4375, -0.421875, -0.40625, -0.390625, -0.375, -0.359375, -0.34375, -0.328125, -0.3125, -0.296875, -0.28125, -0.265625, -0.25, -0.234375, -0.21875, -0.203125, -0.1875, -0.171875, -0.15625, -0.140625, -0.125, -0.109375, -0.09375, -0.078125, -0.0625, -0.046875, -0.03125, -0.015625, 0.0, 0.015625, 0.03125, 0.046875, 0.0625, 0.078125, 0.09375, 0.109375, 0.125, 0.140625, 0.15625, 0.171875, 0.1875, 0.203125, 0.21875, 0.234375, 0.25, 0.265625, 0.28125, 0.296875, 0.3125, 0.328125, 0.34375, 0.359375, 0.375, 0.390625, 0.40625, 0.421875, 0.4375, 0.453125, 0.46875, 0.484375, 0.5]}, "params/['params']['layers_0']['linear_layer']['kernel']": {"_type": "histogram", "values": [1, 0, 0, 0, 0, 0, 0, 0, 1, 0, 1, 0, 0, 0, 0, 0, 0, 0, 0, 0, 1, 0, 1, 1, 0, 0, 0, 1, 0, 0, 1, 0, 0, 1, 0, 1, 1, 0, 0, 0, 1, 1, 0, 0, 0, 1, 0, 0, 0, 0, 0, 1, 0, 0, 0, 0, 0, 0, 0, 0, 0, 0, 0, 1], "bins": [-1.275216817855835, -1.2327286005020142, -1.190240502357483, -1.147752285003662, -1.1052641868591309, -1.06277596950531, -1.0202877521514893, -0.977799654006958, -0.935311496257782, -0.892823338508606, -0.8503351807594299, -0.8078470230102539, -0.7653588056564331, -0.7228706479072571, -0.680382490158081, -0.637894332408905, -0.595406174659729, -0.552918016910553, -0.510429859161377, -0.4679417014122009, -0.4254535436630249, -0.3829653263092041, -0.3404771685600281, -0.29798901081085205, -0.25550079345703125, -0.2130126953125, -0.1705244779586792, -0.12803637981414795, -0.08554816246032715, -0.0430600643157959, -0.0005718469619750977, 0.04191625118255615, 0.08440446853637695, 0.12689268589019775, 0.169380784034729, 0.2118690013885498, 0.25435709953308105, 0.29684531688690186, 0.3393334150314331, 0.3818216323852539, 0.42430973052978516, 0.46679794788360596, 0.5092861652374268, 0.551774263381958, 0.5942624807357788, 0.6367505788803101, 0.6792387962341309, 0.7217268943786621, 0.7642152309417725, 0.8067033290863037, 0.849191427230835, 0.8916795253753662, 0.9341678619384766, 0.9766559600830078, 1.019144058227539, 1.0616321563720703, 1.1041204929351807, 1.146608591079712, 1.1890966892242432, 1.2315850257873535, 1.2740731239318848, 1.316561222076416, 1.3590493202209473, 1.4015376567840576, 1.4440258741378784]}, "_wandb": {"runtime": 9}}