{"loss": 0.00498170917853713, "_timestamp": 1739373054.8333812, "_runtime": 162.5061662197113, "_step": 404, "params/['params']['last']['bias']": {"_type": "histogram", "values": [1, 0, 0, 0, 0, 0, 0, 0, 0, 0, 0, 0, 0, 0, 0, 0, 0, 0, 0, 0, 0, 0, 0, 0, 0, 0, 0, 0, 0, 0, 0, 0, 0, 0, 0, 0, 0, 0, 0, 0, 0, 0, 0, 0, 0, 0, 0, 0, 0, 0, 0, 0, 0, 0, 0, 0, 0, 0, 0, 0, 0, 0, 0, 1], "bins": [0.0, 0.0007220199331641197, 0.0014440398663282394, 0.002166059799492359, 0.002888079732656479, 0.0036100996658205986, 0.004332119598984718, 0.005054139532148838, 0.005776159465312958, 0.0064981793984770775, 0.007220199331641197, 0.007942219264805317, 0.008664239197969437, 0.009386259131133556, 0.010108279064297676, 0.010830298997461796, 0.011552318930625916, 0.012274338863790035, 0.012996358796954155, 0.013718378730118275, 0.014440398663282394, 0.015162418596446514, 0.015884438529610634, 0.01660645753145218, 0.017328478395938873, 0.018050499260425568, 0.018772518262267113, 0.019494537264108658, 0.020216558128595352, 0.020938578993082047, 0.02166059799492359, 0.022382616996765137, 0.02310463786125183, 0.023826658725738525, 0.02454867772758007, 0.025270696729421616, 0.02599271759390831, 0.026714738458395004, 0.02743675746023655, 0.028158776462078094, 0.02888079732656479, 0.029602818191051483, 0.030324837192893028, 0.031046856194734573, 0.03176887705922127, 0.03249089792370796, 0.03321291506290436, 0.03393493592739105, 0.03465695679187775, 0.03537897765636444, 0.036100998520851135, 0.03682301566004753, 0.037545036524534225, 0.03826705738902092, 0.038989074528217316, 0.03971109539270401, 0.040433116257190704, 0.0411551371216774, 0.04187715798616409, 0.04259917512536049, 0.04332119598984718, 0.04404321685433388, 0.04476523399353027, 0.04548725485801697, 0.04620927572250366]}, "params/['params']['last']['kernel']": {"_type": "histogram", "values": [1, 0, 0, 0, 0, 0, 0, 0, 0, 0, 0, 0, 0, 0, 0, 0, 0, 0, 0, 0, 0, 0, 0, 0, 0, 0, 0, 0, 0, 0, 0, 0, 0, 0, 0, 0, 0, 0, 0, 0, 0, 0, 1, 26, 0, 0, 0, 0, 0, 0, 0, 0, 0, 0, 0, 1, 0, 0, 0, 0, 0, 0, 0, 1], "bins": [-0.07109376788139343, -0.06946884095668793, -0.06784392148256302, -0.06621900200843811, -0.0645940750837326, -0.0629691481590271, -0.06134422868490219, -0.059719305485486984, -0.05809438228607178, -0.05646945908665657, -0.054844535887241364, -0.05321961268782616, -0.05159468948841095, -0.04996976628899574, -0.048344843089580536, -0.04671991989016533, -0.04509499669075012, -0.043470073491334915, -0.04184515029191971, -0.0402202270925045, -0.038595303893089294, -0.03697038069367409, -0.03534545749425888, -0.033720534294843674, -0.03209561109542847, -0.03047068789601326, -0.028845764696598053, -0.027220841497182846, -0.02559591829776764, -0.023970995098352432, -0.022346071898937225, -0.02072114869952202, -0.01909622550010681, -0.017471302300691605, -0.015846379101276398, -0.01422145590186119, -0.012596532702445984, -0.010971609503030777, -0.00934668630361557, -0.007721766829490662, -0.006096839904785156, -0.004471912980079651, -0.0028469935059547424, -0.001222074031829834, 0.0004028528928756714, 0.0020277798175811768, 0.003652699291706085, 0.005277618765830994, 0.006902545690536499, 0.008527472615242004, 0.010152392089366913, 0.011777311563491821, 0.013402238488197327, 0.015027165412902832, 0.01665208488702774, 0.01827700436115265, 0.019901931285858154, 0.02152685821056366, 0.023151777684688568, 0.024776697158813477, 0.026401624083518982, 0.028026551008224487, 0.029651470482349396, 0.031276389956474304, 0.03290131315588951]}, "params/['params']['layers_0']['linear_layer']['bias']": {"_type": "histogram", "values": [0, 0, 0, 0, 0, 0, 0, 0, 0, 0, 0, 0, 0, 0, 0, 0, 0, 0, 0, 0, 0, 0, 0, 0, 0, 0, 0, 0, 0, 0, 0, 0, 18, 0, 0, 0, 0, 0, 0, 0, 0, 0, 0, 0, 0, 0, 0, 0, 0, 0, 0, 0, 0, 0, 0, 0, 0, 0, 0, 0, 0, 0, 0, 0], "bins": [-0.5, -0.484375, -0.46875, -0.453125, -0.4375, -0.421875, -0.40625, -0.390625, -0.375, -0.359375, -0.34375, -0.328125, -0.3125, -0.296875, -0.28125, -0.265625, -0.25, -0.234375, -0.21875, -0.203125, -0.1875, -0.171875, -0.15625, -0.140625, -0.125, -0.109375, -0.09375, -0.078125, -0.0625, -0.046875, -0.03125, -0.015625, 0.0, 0.015625, 0.03125, 0.046875, 0.0625, 0.078125, 0.09375, 0.109375, 0.125, 0.140625, 0.15625, 0.171875, 0.1875, 0.203125, 0.21875, 0.234375, 0.25, 0.265625, 0.28125, 0.296875, 0.3125, 0.328125, 0.34375, 0.359375, 0.375, 0.390625, 0.40625, 0.421875, 0.4375, 0.453125, 0.46875, 0.484375, 0.5]}, "params/['params']['layers_0']['linear_layer']['kernel']": {"_type": "histogram", "values": [2, 0, 0, 0, 0, 0, 0, 0, 0, 0, 0, 0, 0, 0, 0, 0, 0, 0, 0, 0, 0, 0, 0, 0, 0, 0, 0, 0, 0, 69, 0, 0, 0, 0, 0, 0, 0, 0, 0, 0, 0, 0, 0, 0, 0, 0, 0, 0, 0, 0, 0, 0, 0, 0, 0, 0, 0, 0, 0, 0, 0, 0, 0, 1], "bins": [-0.6558051705360413, -0.633236289024353, -0.6106674075126648, -0.5880985260009766, -0.5655297040939331, -0.5429608225822449, -0.5203919410705566, -0.4978230595588684, -0.47525420784950256, -0.4526853561401367, -0.4301164746284485, -0.40754759311676025, -0.384978711605072, -0.3624098598957062, -0.33984097838401794, -0.3172721266746521, -0.29470324516296387, -0.27213436365127563, -0.2495655119419098, -0.22699663043022156, -0.2044277787208557, -0.18185889720916748, -0.15929001569747925, -0.13672113418579102, -0.11415225267410278, -0.09158343076705933, -0.0690145492553711, -0.04644566774368286, -0.02387678623199463, -0.0013079047203063965, 0.02126091718673706, 0.04382979869842529, 0.06639868021011353, 0.08896756172180176, 0.11153644323348999, 0.13410526514053345, 0.15667414665222168, 0.1792430281639099, 0.20181190967559814, 0.22438079118728638, 0.24694961309432983, 0.26951849460601807, 0.2920873761177063, 0.31465625762939453, 0.33722513914108276, 0.3597939610481262, 0.38236290216445923, 0.4049317240715027, 0.4275006651878357, 0.45006948709487915, 0.4726383090019226, 0.4952072501182556, 0.5177760720252991, 0.5403450131416321, 0.5629138350486755, 0.585482656955719, 0.608051598072052, 0.6306204199790955, 0.6531893610954285, 0.6757581830024719, 0.6983270049095154, 0.7208959460258484, 0.7434647679328918, 0.7660337090492249, 0.7886025905609131]}, "params/['params']['layers_1']['linear_layer']['bias']": {"_type": "histogram", "values": [0, 0, 0, 0, 0, 0, 0, 0, 0, 0, 0, 0, 0, 0, 0, 0, 0, 0, 0, 0, 0, 0, 0, 0, 0, 0, 0, 0, 0, 0, 0, 0, 18, 0, 0, 0, 0, 0, 0, 0, 0, 0, 0, 0, 0, 0, 0, 0, 0, 0, 0, 0, 0, 0, 0, 0, 0, 0, 0, 0, 0, 0, 0, 0], "bins": [-0.5, -0.484375, -0.46875, -0.453125, -0.4375, -0.421875, -0.40625, -0.390625, -0.375, -0.359375, -0.34375, -0.328125, -0.3125, -0.296875, -0.28125, -0.265625, -0.25, -0.234375, -0.21875, -0.203125, -0.1875, -0.171875, -0.15625, -0.140625, -0.125, -0.109375, -0.09375, -0.078125, -0.0625, -0.046875, -0.03125, -0.015625, 0.0, 0.015625, 0.03125, 0.046875, 0.0625, 0.078125, 0.09375, 0.109375, 0.125, 0.140625, 0.15625, 0.171875, 0.1875, 0.203125, 0.21875, 0.234375, 0.25, 0.265625, 0.28125, 0.296875, 0.3125, 0.328125, 0.34375, 0.359375, 0.375, 0.390625, 0.40625, 0.421875, 0.4375, 0.453125, 0.46875, 0.484375, 0.5]}, "params/['params']['layers_1']['linear_layer']['kernel']": {"_type": "histogram", "values": [1, 0, 0, 0, 0, 0, 0, 0, 0, 1, 263, 1, 0, 1, 0, 0, 0, 0, 0, 1, 0, 0, 0, 0, 0, 0, 0, 0, 0, 0, 0, 0, 0, 0, 0, 0, 0, 0, 0, 0, 0, 0, 0, 1, 0, 0, 0, 0, 0, 0, 0, 0, 0, 0, 0, 0, 0, 0, 0, 0, 0, 0, 0, 1],