{"loss": 0.0001929944264702499, "_timestamp": 1739371394.9371943, "_runtime": 200.94647336006165, "_step": 404, "params/['params']['last']['bias']": {"_type": "histogram", "values": [1, 0, 0, 0, 0, 0, 0, 0, 0, 0, 0, 0, 0, 0, 0, 0, 0, 0, 0, 0, 0, 0, 0, 0, 0, 0, 0, 0, 0, 0, 0, 0, 0, 0, 0, 0, 0, 0, 0, 0, 0, 0, 0, 0, 0, 0, 0, 0, 0, 0, 0, 0, 0, 0, 0, 0, 0, 0, 0, 0, 0, 0, 0, 1], "bins": [0.0, 0.0007681066053919494, 0.0015362132107838988, 0.0023043197579681873, 0.0030724264215677977, 0.003840533085167408, 0.004608639515936375, 0.005376746412366629, 0.006144852843135595, 0.006912959273904562, 0.007681066170334816, 0.008449172601103783, 0.00921727903187275, 0.009985385462641716, 0.010753492824733257, 0.011521599255502224, 0.01228970568627119, 0.013057812117040157, 0.013825918547809124, 0.014594025909900665, 0.015362132340669632, 0.0161302387714386, 0.016898345202207565, 0.017666451632976532, 0.0184345580637455, 0.019202664494514465, 0.019970770925283432, 0.020738879218697548, 0.021506985649466515, 0.02227509208023548, 0.023043198511004448, 0.023811304941773415, 0.02457941137254238, 0.025347517803311348, 0.026115624234080315, 0.02688373066484928, 0.027651837095618248, 0.028419943526387215, 0.02918805181980133, 0.029956158250570297, 0.030724264681339264, 0.03149237111210823, 0.0322604775428772, 0.033028583973646164, 0.03379669040441513, 0.0345647968351841, 0.035332903265953064, 0.03610100969672203, 0.036869116127491, 0.037637222558259964, 0.03840532898902893, 0.0391734354197979, 0.039941541850566864, 0.04070964828133583, 0.041477758437395096, 0.04224586486816406, 0.04301397129893303, 0.043782077729701996, 0.04455018416047096, 0.04531829059123993, 0.046086397022008896, 0.04685450345277786, 0.04762260988354683, 0.048390716314315796, 0.04915882274508476]}, "params/['params']['last']['kernel']": {"_type": "histogram", "values": [1, 0, 0, 0, 0, 0, 0, 0, 0, 0, 0, 0, 0, 0, 0, 0, 0, 0, 0, 0, 0, 0, 0, 0, 0, 0, 0, 0, 0, 0, 0, 28, 0, 0, 0, 0, 0, 0, 0, 0, 0, 0, 0, 0, 0, 0, 0, 0, 0, 0, 0, 0, 0, 0, 0, 0, 0, 0, 0, 0, 0, 0, 0, 1], "bins": [-0.02388695254921913, -0.023138923570513725, -0.02239089459180832, -0.021642863750457764, -0.020894834771752357, -0.02014680579304695, -0.019398776814341545, -0.01865074783563614, -0.017902718856930733, -0.017154689878225327, -0.01640665903687477, -0.015658631920814514, -0.014910601079463959, -0.014162572100758553, -0.013414543122053146, -0.012666513212025166, -0.01191848423331976, -0.011170455254614353, -0.010422425344586372, -0.009674396365880966, -0.00892636738717556, -0.008178338408470154, -0.007430309429764748, -0.006682278588414192, -0.005934249609708786, -0.00518622063100338, -0.004438191652297974, -0.0036901626735925674, -0.0029421336948871613, -0.002194102853536606, -0.0014460738748311996, -0.0006980448961257935, 4.998408257961273e-05, 0.0007980130612850189, 0.0015460420399904251, 0.0022940710186958313, 0.0030421018600463867, 0.003790130838751793, 0.004538159817457199, 0.005286188796162605, 0.0060342177748680115, 0.006782246753573418, 0.007530275732278824, 0.00827830657362938, 0.009026333689689636, 0.009774364531040192, 0.010522395372390747, 0.011270422488451004, 0.01201845332980156, 0.012766480445861816, 0.013514511287212372, 0.014262538403272629, 0.015010569244623184, 0.01575860008597374, 0.016506627202033997, 0.017254658043384552, 0.01800268515944481, 0.018750716000795364, 0.01949874684214592, 0.020246773958206177, 0.020994804799556732, 0.02174283191561699, 0.022490862756967545, 0.0232388898730278, 0.023986920714378357]}, "params/['params']['layers_0']['linear_layer']['bias']": {"_type": "histogram", "values": [0, 0, 0, 0, 0, 0, 0, 0, 0, 0, 0, 0, 0, 0, 0, 0, 0, 0, 0, 0, 0, 0, 0, 0, 0, 0, 0, 0, 0, 0, 0, 0, 18, 0, 0, 0, 0, 0, 0, 0, 0, 0, 0, 0, 0, 0, 0, 0, 0, 0, 0, 0, 0, 0, 0, 0, 0, 0, 0, 0, 0, 0, 0, 0], "bins": [-0.5, -0.484375, -0.46875, -0.453125, -0.4375, -0.421875, -0.40625, -0.390625, -0.375, -0.359375, -0.34375, -0.328125, -0.3125, -0.296875, -0.28125, -0.265625, -0.25, -0.234375, -0.21875, -0.203125, -0.1875, -0.171875, -0.15625, -0.140625, -0.125, -0.109375, -0.09375, -0.078125, -0.0625, -0.046875, -0.03125, -0.015625, 0.0, 0.015625, 0.03125, 0.046875, 0.0625, 0.078125, 0.09375, 0.109375, 0.125, 0.140625, 0.15625, 0.171875, 0.1875, 0.203125, 0.21875, 0.234375, 0.25, 0.265625, 0.28125, 0.296875, 0.3125, 0.328125, 0.34375, 0.359375, 0.375, 0.390625, 0.40625, 0.421875, 0.4375, 0.453125, 0.46875, 0.484375, 0.5]}, "params/['params']['layers_0']['linear_layer']['kernel']": {"_type": "histogram", "values": [34, 0, 0, 0, 0, 0, 0, 0, 0, 0, 0, 0, 0, 0, 0, 0, 0, 0, 0, 0, 0, 0, 0, 0, 0, 0, 0, 0, 0, 0, 0, 0, 0, 0, 0, 0, 0, 0, 1, 0, 0, 0, 0, 0, 0, 0, 0, 0, 0, 0, 0, 0, 0, 0, 0, 0, 0, 0, 0, 0, 0, 0, 0, 1], "bins": [0.0, 0.01436868216842413, 0.02873736433684826, 0.043106045573949814, 0.05747472867369652, 0.07184340804815292, 0.08621209114789963, 0.10058077424764633, 0.11494945734739304, 0.12931813299655914, 0.14368681609630585, 0.15805549919605255, 0.17242418229579926, 0.18679286539554596, 0.20116154849529266, 0.21553023159503937, 0.22989891469478607, 0.24426759779453278, 0.2586362659931183, 0.273004949092865, 0.2873736321926117, 0.3017423152923584, 0.3161109983921051, 0.3304796814918518, 0.3448483645915985, 0.3592170476913452, 0.3735857307910919, 0.3879544138908386, 0.4023230969905853, 0.41669178009033203, 0.43106046319007874, 0.44542914628982544, 0.45979782938957214, 0.47416651248931885, 0.48853519558906555, 0.5029038786888123, 0.5172725319862366, 0.5316412448883057, 0.54600989818573, 0.5603786110877991, 0.5747472643852234, 0.5891159772872925, 0.6034846305847168, 0.6178533434867859, 0.6322219967842102, 0.6465907096862793, 0.6609593629837036, 0.6753280758857727, 0.689696729183197, 0.7040654420852661, 0.7184340953826904, 0.7328028082847595, 0.7471714615821838, 0.7615401744842529, 0.7759088277816772, 0.7902775406837463, 0.8046461939811707, 0.8190149068832397, 0.8333835601806641, 0.8477522730827332, 0.8621209263801575, 0.8764896392822266, 0.8908582925796509, 0.90522700548172, 0.9195956587791443]}, "params/['params']['layers_1']['linear_layer']['bias']": {"_type": "histogram", "values": [0, 0, 0, 0, 0, 0, 0, 0, 0, 0, 0, 0, 0, 0, 0, 0, 0, 0, 0, 0, 0, 0, 0, 0, 0, 0, 0, 0, 0, 0, 0, 0, 18, 0, 0, 0, 0, 0, 0, 0, 0, 0, 0, 0, 0, 0, 0, 0, 0, 0, 0, 0, 0, 0, 0, 0, 0, 0, 0, 0, 0, 0, 0, 0], "bins": [-0.5, -0.484375, -0.46875, -0.453125, -0.4375, -0.421875, -0.40625, -0.390625, -0.375, -0.359375, -0.34375, -0.328125, -0.3125, -0.296875, -0.28125, -0.265625, -0.25, -0.234375, -0.21875, -0.203125, -0.1875, -0.171875, -0.15625, -0.140625, -0.125, -0.109375, -0.09375, -0.078125, -0.0625, -0.046875, -0.03125, -0.015625, 0.0, 0.015625, 0.03125, 0.046875, 0.0625, 0.078125, 0.09375, 0.109375, 0.125, 0.140625, 0.15625, 0.171875, 0.1875, 0.203125, 0.21875, 0.234375, 0.25, 0.265625, 0.28125, 0.296875, 0.3125, 0.328125, 0.34375, 0.359375, 0.375, 0.390625, 0.40625, 0.421875, 0.4375, 0.453125, 0.46875, 0.484375, 0.5]}, "params/['params']['layers_1']['linear_layer']['kernel']": {"_type": "histogram", "values": [1, 0, 0, 0, 0, 0, 0, 0, 0, 0, 0, 0, 0, 0, 0, 0, 0, 0, 0, 0, 0, 0, 0, 0, 0, 0, 0, 0, 0, 0, 0, 6, 260, 0, 0, 0, 0, 0, 0, 0, 0, 0, 0, 0, 0, 0, 0, 0, 0, 0, 0, 2, 0, 0, 0, 0, 0, 0, 0, 0, 0, 0, 0, 1],