{"loss": 0.0001974370243260637, "_timestamp": 1739371815.264422, "_runtime": 169.2744598388672, "_step": 404, "params/['params']['last']['bias']": {"_type": "histogram", "values": [1, 0, 0, 0, 0, 0, 0, 0, 0, 0, 0, 0, 0, 0, 0, 0, 0, 0, 0, 0, 0, 0, 0, 0, 0, 0, 0, 0, 0, 0, 0, 0, 0, 0, 0, 0, 0, 0, 0, 0, 0, 0, 0, 0, 0, 0, 0, 0, 0, 0, 0, 0, 0, 0, 0, 0, 0, 0, 0, 0, 0, 0, 0, 1], "bins": [0.0, 0.000707882281858474, 0.001415764563716948, 0.002123646903783083, 0.002831529127433896, 0.003539411351084709, 0.004247293807566166, 0.004955175798386335, 0.005663058254867792, 0.006370940711349249, 0.007078822702169418, 0.007786705158650875, 0.008494587615132332, 0.009202470071613789, 0.00991035159677267, 0.010618234053254128, 0.011326116509735584, 0.012033998966217041, 0.012741881422698498, 0.01344976294785738, 0.014157645404338837, 0.014865527860820293, 0.01557341031730175, 0.016281291842460632, 0.016989175230264664, 0.017697056755423546, 0.018404940143227577, 0.01911282166838646, 0.01982070319354534, 0.020528586581349373, 0.021236468106508255, 0.021944351494312286, 0.02265223301947117, 0.02336011454463005, 0.024067997932434082, 0.024775879457592964, 0.025483762845396996, 0.026191644370555878, 0.02689952589571476, 0.02760740928351879, 0.028315290808677673, 0.029023174196481705, 0.029731055721640587, 0.03043893724679947, 0.0311468206346035, 0.03185470402240753, 0.032562583684921265, 0.033270467072725296, 0.03397835046052933, 0.03468623012304306, 0.03539411351084709, 0.03610199689865112, 0.036809880286455154, 0.03751775994896889, 0.03822564333677292, 0.03893352672457695, 0.03964140638709068, 0.040349289774894714, 0.041057173162698746, 0.04176505282521248, 0.04247293621301651, 0.04318081960082054, 0.04388870298862457, 0.044596582651138306, 0.04530446603894234]}, "params/['params']['last']['kernel']": {"_type": "histogram", "values": [1, 0, 0, 0, 0, 0, 0, 0, 0, 0, 0, 0, 0, 0, 0, 0, 0, 0, 0, 0, 0, 0, 0, 0, 0, 0, 0, 0, 0, 0, 0, 0, 28, 0, 0, 0, 0, 0, 0, 0, 0, 0, 0, 0, 0, 0, 0, 0, 0, 0, 0, 0, 0, 0, 0, 0, 0, 0, 0, 0, 0, 0, 0, 1], "bins": [-0.022087344899773598, -0.021397855132818222, -0.020708365365862846, -0.02001887559890747, -0.019329383969306946, -0.01863989420235157, -0.017950404435396194, -0.01726091466844082, -0.016571424901485443, -0.015881933271884918, -0.015192444436252117, -0.014502953737974167, -0.013813463971018791, -0.013123974204063416, -0.01243448443710804, -0.01174499373883009, -0.011055503971874714, -0.010366014204919338, -0.009676523506641388, -0.008987033739686012, -0.008297543972730637, -0.007608053274452686, -0.006918563507497311, -0.00622907280921936, -0.005539583042263985, -0.004850093275308609, -0.004160603508353233, -0.0034711137413978577, -0.002781623974442482, -0.002092132344841957, -0.0014026425778865814, -0.0007131528109312057, -2.3663043975830078e-05, 0.0006658267229795456, 0.0013553164899349213, 0.002044806256890297, 0.002734297886490822, 0.0034237876534461975, 0.004113277420401573, 0.004802767187356949, 0.0054922569543123245, 0.0061817467212677, 0.006871238350868225, 0.007560728117823601, 0.008250217884778976, 0.008939707651734352, 0.009629199281334877, 0.010318687185645103, 0.011008178815245628, 0.011697666719555855, 0.01238715834915638, 0.013076646253466606, 0.013766137883067131, 0.014455629512667656, 0.015145117416977882, 0.015834609046578407, 0.016524096950888634, 0.01721358858048916, 0.017903080210089684, 0.01859256811439991, 0.019282059744000435, 0.01997154764831066, 0.020661039277911186, 0.021350527182221413, 0.022040018811821938]}, "params/['params']['layers_0']['linear_layer']['bias']": {"_type": "histogram", "values": [0, 0, 0, 0, 0, 0, 0, 0, 0, 0, 0, 0, 0, 0, 0, 0, 0, 0, 0, 0, 0, 0, 0, 0, 0, 0, 0, 0, 0, 0, 0, 0, 18, 0, 0, 0, 0, 0, 0, 0, 0, 0, 0, 0, 0, 0, 0, 0, 0, 0, 0, 0, 0, 0, 0, 0, 0, 0, 0, 0, 0, 0, 0, 0], "bins": [-0.5, -0.484375, -0.46875, -0.453125, -0.4375, -0.421875, -0.40625, -0.390625, -0.375, -0.359375, -0.34375, -0.328125, -0.3125, -0.296875, -0.28125, -0.265625, -0.25, -0.234375, -0.21875, -0.203125, -0.1875, -0.171875, -0.15625, -0.140625, -0.125, -0.109375, -0.09375, -0.078125, -0.0625, -0.046875, -0.03125, -0.015625, 0.0, 0.015625, 0.03125, 0.046875, 0.0625, 0.078125, 0.09375, 0.109375, 0.125, 0.140625, 0.15625, 0.171875, 0.1875, 0.203125, 0.21875, 0.234375, 0.25, 0.265625, 0.28125, 0.296875, 0.3125, 0.328125, 0.34375, 0.359375, 0.375, 0.390625, 0.40625, 0.421875, 0.4375, 0.453125, 0.46875, 0.484375, 0.5]}, "params/['params']['layers_0']['linear_layer']['kernel']": {"_type": "histogram", "values": [1, 0, 0, 0, 0, 0, 0, 0, 0, 0, 0, 0, 0, 0, 0, 0, 0, 0, 0, 0, 0, 0, 0, 0, 1, 0, 0, 0, 0, 0, 0, 0, 0, 0, 0, 0, 0, 0, 0, 0, 0, 0, 0, 0, 0, 0, 0, 0, 0, 0, 0, 0, 0, 0, 0, 0, 0, 0, 0, 0, 0, 0, 0, 34], "bins": [-0.9172143936157227, -0.9028829336166382, -0.8885514736175537, -0.8742199540138245, -0.85988849401474, -0.8455570340156555, -0.8312255144119263, -0.8168940544128418, -0.8025625944137573, -0.7882311344146729, -0.7738996744155884, -0.7595681548118591, -0.7452366948127747, -0.7309052348136902, -0.7165737152099609, -0.7022422552108765, -0.687910795211792, -0.6735793352127075, -0.659247875213623, -0.6449163556098938, -0.6305848956108093, -0.6162534356117249, -0.6019219160079956, -0.5875904560089111, -0.5732589960098267, -0.5589275360107422, -0.5445960760116577, -0.5302645564079285, -0.515933096408844, -0.5016016364097595, -0.48727014660835266, -0.4729386568069458, -0.45860719680786133, -0.44427573680877686, -0.42994424700737, -0.41561275720596313, -0.40128129720687866, -0.3869498372077942, -0.37261831760406494, -0.35828685760498047, -0.343955397605896, -0.3296239376068115, -0.31529247760772705, -0.3009609580039978, -0.28662949800491333, -0.27229803800582886, -0.2579665184020996, -0.24363505840301514, -0.22930359840393066, -0.2149721384048462, -0.20064067840576172, -0.18630915880203247, -0.171977698802948, -0.15764623880386353, -0.14331471920013428, -0.1289832592010498, -0.11465179920196533, -0.10032033920288086, -0.08598887920379639, -0.07165735960006714, -0.057325899600982666, -0.04299443960189819, -0.028662919998168945, -0.014331459999084473, 0.0]}, "params/['params']['layers_1']['linear_layer']['bias']": {"_type": "histogram", "values": [0, 0, 0, 0, 0, 0, 0, 0, 0, 0, 0, 0, 0, 0, 0, 0, 0, 0, 0, 0, 0, 0, 0, 0, 0, 0, 0, 0, 0, 0, 0, 0, 18, 0, 0, 0, 0, 0, 0, 0, 0, 0, 0, 0, 0, 0, 0, 0, 0, 0, 0, 0, 0, 0, 0, 0, 0, 0, 0, 0, 0, 0, 0, 0], "bins": [-0.5, -0.484375, -0.46875, -0.453125, -0.4375, -0.421875, -0.40625, -0.390625, -0.375, -0.359375, -0.34375, -0.328125, -0.3125, -0.296875, -0.28125, -0.265625, -0.25, -0.234375, -0.21875, -0.203125, -0.1875, -0.171875, -0.15625, -0.140625, -0.125, -0.109375, -0.09375, -0.078125, -0.0625, -0.046875, -0.03125, -0.015625, 0.0, 0.015625, 0.03125, 0.046875, 0.0625, 0.078125, 0.09375, 0.109375, 0.125, 0.140625, 0.15625, 0.171875, 0.1875, 0.203125, 0.21875, 0.234375, 0.25, 0.265625, 0.28125, 0.296875, 0.3125, 0.328125, 0.34375, 0.359375, 0.375, 0.390625, 0.40625, 0.421875, 0.4375, 0.453125, 0.46875, 0.484375, 0.5]}, "params/['params']['layers_1']['linear_layer']['kernel']": {"_type": "histogram", "values": [1, 0, 0, 0, 0, 0, 0, 0, 0, 0, 0, 0, 2, 0, 0, 0, 0, 0, 0, 0, 0, 0, 0, 0, 0, 0, 0, 0, 0, 0, 0, 0, 266, 0, 0, 0, 0, 0, 0, 0, 0, 0, 0, 0, 0, 0, 0, 0, 0, 0, 0, 0, 0, 0, 0, 0, 0, 0, 0, 0, 0, 0, 0, 1],