{"loss": 0.004733698908239603, "_timestamp": 1739553156.300967, "_runtime": 169.43681287765503, "_step": 405, "validation_loss": 0.004723542369902134, "params/['params']['last']['bias']": {"_type": "histogram", "values": [0, 0, 0, 0, 0, 0, 0, 0, 0, 0, 0, 0, 0, 0, 0, 0, 0, 0, 0, 0, 0, 0, 0, 0, 0, 0, 0, 0, 0, 0, 0, 0, 2, 0, 0, 0, 0, 0, 0, 0, 0, 0, 0, 0, 0, 0, 0, 0, 0, 0, 0, 0, 0, 0, 0, 0, 0, 0, 0, 0, 0, 0, 0, 0], "bins": [-0.5, -0.484375, -0.46875, -0.453125, -0.4375, -0.421875, -0.40625, -0.390625, -0.375, -0.359375, -0.34375, -0.328125, -0.3125, -0.296875, -0.28125, -0.265625, -0.25, -0.234375, -0.21875, -0.203125, -0.1875, -0.171875, -0.15625, -0.140625, -0.125, -0.109375, -0.09375, -0.078125, -0.0625, -0.046875, -0.03125, -0.015625, 0.0, 0.015625, 0.03125, 0.046875, 0.0625, 0.078125, 0.09375, 0.109375, 0.125, 0.140625, 0.15625, 0.171875, 0.1875, 0.203125, 0.21875, 0.234375, 0.25, 0.265625, 0.28125, 0.296875, 0.3125, 0.328125, 0.34375, 0.359375, 0.375, 0.390625, 0.40625, 0.421875, 0.4375, 0.453125, 0.46875, 0.484375, 0.5]}, "params/['params']['last']['kernel']": {"_type": "histogram", "values": [1, 0, 0, 0, 0, 0, 0, 0, 0, 0, 0, 0, 0, 0, 0, 0, 0, 0, 0, 0, 0, 0, 0, 0, 0, 0, 0, 0, 0, 0, 0, 0, 0, 0, 0, 0, 0, 0, 0, 0, 0, 0, 0, 0, 0, 0, 0, 0, 0, 0, 0, 0, 0, 0, 0, 0, 0, 0, 0, 0, 0, 0, 27, 2], "bins": [-0.18286044895648956, -0.17991229891777039, -0.1769641488790512, -0.17401599884033203, -0.17106784880161285, -0.16811969876289368, -0.1651715636253357, -0.16222341358661652, -0.15927526354789734, -0.15632711350917816, -0.15337896347045898, -0.1504308134317398, -0.14748266339302063, -0.14453451335430145, -0.14158636331558228, -0.1386382281780243, -0.13569006323814392, -0.13274192810058594, -0.12979377806186676, -0.12684562802314758, -0.1238974779844284, -0.12094932794570923, -0.11800117790699005, -0.11505302786827087, -0.1121048778295517, -0.10915673524141312, -0.10620858520269394, -0.10326043516397476, -0.10031228512525558, -0.09736413508653641, -0.09441599249839783, -0.09146784245967865, -0.08851969242095947, -0.0855715423822403, -0.08262339234352112, -0.07967524975538254, -0.07672709971666336, -0.07377894967794418, -0.070830799639225, -0.06788264960050583, -0.06493450701236725, -0.06198635697364807, -0.059038206934928894, -0.05609005689620972, -0.05314190685749054, -0.05019375681877136, -0.047245606780052185, -0.04429745674133301, -0.04134930670261383, -0.03840117156505585, -0.03545302152633667, -0.03250487148761749, -0.029556721448898315, -0.026608571410179138, -0.02366042137145996, -0.020712271332740784, -0.017764121294021606, -0.01481597125530243, -0.011867821216583252, -0.008919686079025269, -0.005971536040306091, -0.003023386001586914, -7.523596286773682e-05, 0.0028729140758514404, 0.005821067374199629]}, "params/['params']['layers_0']['linear_layer']['bias']": {"_type": "histogram", "values": [0, 0, 0, 0, 0, 0, 0, 0, 0, 0, 0, 0, 0, 0, 0, 0, 0, 0, 0, 0, 0, 0, 0, 0, 0, 0, 0, 0, 0, 0, 0, 0, 18, 0, 0, 0, 0, 0, 0, 0, 0, 0, 0, 0, 0, 0, 0, 0, 0, 0, 0, 0, 0, 0, 0, 0, 0, 0, 0, 0, 0, 0, 0, 0], "bins": [-0.5, -0.484375, -0.46875, -0.453125, -0.4375, -0.421875, -0.40625, -0.390625, -0.375, -0.359375, -0.34375, -0.328125, -0.3125, -0.296875, -0.28125, -0.265625, -0.25, -0.234375, -0.21875, -0.203125, -0.1875, -0.171875, -0.15625, -0.140625, -0.125, -0.109375, -0.09375, -0.078125, -0.0625, -0.046875, -0.03125, -0.015625, 0.0, 0.015625, 0.03125, 0.046875, 0.0625, 0.078125, 0.09375, 0.109375, 0.125, 0.140625, 0.15625, 0.171875, 0.1875, 0.203125, 0.21875, 0.234375, 0.25, 0.265625, 0.28125, 0.296875, 0.3125, 0.328125, 0.34375, 0.359375, 0.375, 0.390625, 0.40625, 0.421875, 0.4375, 0.453125, 0.46875, 0.484375, 0.5]}, "params/['params']['layers_0']['linear_layer']['kernel']": {"_type": "histogram", "values": [1, 0, 0, 0, 0, 0, 0, 0, 0, 0, 1, 0, 0, 0, 0, 0, 0, 0, 0, 0, 0, 0, 0, 0, 0, 0, 0, 0, 0, 0, 0, 66, 1, 0, 0, 0, 0, 0, 0, 0, 0, 0, 1, 0, 0, 0, 0, 0, 0, 0, 0, 0, 0, 0, 1, 0, 0, 0, 0, 0, 0, 0, 0, 1], "bins": [-0.465140700340271, -0.45060503482818604, -0.43606939911842346, -0.4215337336063385, -0.4069980978965759, -0.39246243238449097, -0.377926766872406, -0.36339113116264343, -0.34885549545288086, -0.3343198299407959, -0.31978416442871094, -0.30524852871894836, -0.2907128632068634, -0.27617722749710083, -0.26164156198501587, -0.2471059113740921, -0.23257026076316833, -0.21803461015224457, -0.2034989595413208, -0.18896329402923584, -0.17442765831947327, -0.1598919928073883, -0.14535635709762573, -0.13082069158554077, -0.11628502607345581, -0.10174939036369324, -0.08721372485160828, -0.0726780891418457, -0.05814242362976074, -0.04360678791999817, -0.029071122407913208, -0.014535486698150635, 1.7881393432617188e-07, 0.014535844326019287, 0.02907148003578186, 0.043607115745544434, 0.058142781257629395, 0.07267844676971436, 0.08721411228179932, 0.1017497181892395, 0.11628538370132446, 0.13082104921340942, 0.14535671472549438, 0.15989238023757935, 0.17442798614501953, 0.1889636516571045, 0.20349931716918945, 0.21803498268127441, 0.23257064819335938, 0.24710625410079956, 0.2616419196128845, 0.2761775851249695, 0.29071325063705444, 0.30524885654449463, 0.3197845220565796, 0.33432018756866455, 0.3488558530807495, 0.3633915185928345, 0.37792712450027466, 0.3924627900123596, 0.4069984555244446, 0.42153412103652954, 0.4360697269439697, 0.4506053924560547, 0.46514105796813965]}, "params/['params']['layers_1']['linear_layer']['bias']": {"_type": "histogram", "values": [0, 0, 0, 0, 0, 0, 0, 0, 0, 0, 0, 0, 0, 0, 0, 0, 0, 0, 0, 0, 0, 0, 0, 0, 0, 0, 0, 0, 0, 0, 0, 0, 18, 0, 0, 0, 0, 0, 0, 0, 0, 0, 0, 0, 0, 0, 0, 0, 0, 0, 0, 0, 0, 0, 0, 0, 0, 0, 0, 0, 0, 0, 0, 0], "bins": [-0.5, -0.484375, -0.46875, -0.453125, -0.4375, -0.421875, -0.40625, -0.390625, -0.375, -0.359375, -0.34375, -0.328125, -0.3125, -0.296875, -0.28125, -0.265625, -0.25, -0.234375, -0.21875, -0.203125, -0.1875, -0.171875, -0.15625, -0.140625, -0.125, -0.109375, -0.09375, -0.078125, -0.0625, -0.046875, -0.03125, -0.015625, 0.0, 0.015625, 0.03125, 0.046875, 0.0625, 0.078125, 0.09375, 0.109375, 0.125, 0.140625, 0.15625, 0.171875, 0.1875, 0.203125, 0.21875, 0.234375, 0.25, 0.265625, 0.28125, 0.296875, 0.3125, 0.328125, 0.34375, 0.359375, 0.375, 0.390625, 0.40625, 0.421875, 0.4375, 0.453125, 0.46875, 0.484375, 0.5]}, "params/['params']['layers_1']['linear_layer']['kernel']": {"_type": "histogram", "values": [1, 0, 0, 0, 0, 0, 0, 0, 0, 0, 0, 0, 0, 0, 0, 0, 0, 0, 266, 0, 0, 0, 0, 0, 0, 0, 0, 1, 0, 0, 0, 0, 0, 0, 0, 0, 0, 0, 0, 0, 0, 0, 0, 0, 0, 0, 0, 1, 0, 0, 0, 0, 0, 0, 0, 0, 0, 0, 0, 0, 0, 0, 0, 1], "bins": [-0.89174485206604, -0.8440434336662292, -0.7963420152664185, -0.7486406564712524, -0.7009391784667969, -0.6532378196716309, -0.6055364012718201, -0.5578349828720093, -0.5101335644721985, -0.4624321460723877, -0.4147307276725769, -0.3670293092727661, -0.3193279504776001, -0.2716265320777893, -0.22392511367797852, -0.17622369527816772, -0.12852227687835693, -0.08082085847854614, -0.03311944007873535, 0.01458197832107544, 0.06228339672088623, 0.10998475551605225, 0.1576862335205078, 0.20538759231567383, 0.25308895111083984, 0.3007904291152954, 0.3484917879104614, 0.396193265914917, 0.443894624710083, 0.4915961027145386, 0.5392974615097046, 0.5869989395141602, 0.6347002983093262, 0.6824016571044922, 0.7301031351089478, 0.7778044939041138, 0.8255059719085693, 0.8732073307037354, 0.9209088087081909, 0.9686101675033569, 1.0163116455078125, 1.0640130043029785, 1.1117143630981445, 1.1594157218933105, 1.2071173191070557, 1.2548186779022217, 1.3025200366973877, 1.3502213954925537, 1.3979227542877197, 1.4456243515014648, 1.4933257102966309, 1.5410270690917969, 1.588728427886963, 1.636430025100708, 1.684131383895874, 1.73183274269104, 1.779534101486206, 1.827235460281372, 1.8749370574951172, 1.9226384162902832, 1.9703397750854492, 2.0180411338806152, 2.0657427310943604, 2.1134440898895264, 2.1611454486846924]}, "_wandb": {"runtime": 168}}