{"loss": 0.03427926078438759, "_timestamp": 1739300610.1528187, "_runtime": 11.745398759841919, "_step": 25, "params/['params']['last']['bias']": {"_type": "histogram", "values": [1, 0, 0, 0, 0, 0, 0, 0, 0, 0, 0, 0, 0, 0, 0, 0, 0, 0, 0, 0, 0, 0, 0, 0, 0, 0, 0, 0, 0, 0, 0, 0, 0, 0, 0, 0, 0, 0, 0, 0, 0, 0, 0, 0, 0, 0, 0, 0, 0, 0, 0, 0, 0, 0, 0, 0, 0, 0, 0, 0, 0, 0, 0, 1], "bins": [0.7892256379127502, 0.7926175594329834, 0.7960094809532166, 0.7994013428688049, 0.8027932643890381, 0.8061851859092712, 0.8095771074295044, 0.8129690289497375, 0.8163608908653259, 0.8197528123855591, 0.8231447339057922, 0.8265366554260254, 0.8299285769462585, 0.8333204388618469, 0.8367123603820801, 0.8401042819023132, 0.8434962034225464, 0.8468881249427795, 0.8502799868583679, 0.8536719083786011, 0.8570638298988342, 0.8604557514190674, 0.8638476133346558, 0.8672395348548889, 0.8706314563751221, 0.8740233778953552, 0.8774152994155884, 0.8808071613311768, 0.8841990828514099, 0.8875910043716431, 0.8909829258918762, 0.8943748474121094, 0.8977667093276978, 0.9011586308479309, 0.9045505523681641, 0.9079424738883972, 0.9113343954086304, 0.9147262573242188, 0.9181181788444519, 0.9215101003646851, 0.9249020218849182, 0.9282939434051514, 0.9316858053207397, 0.9350777268409729, 0.938469648361206, 0.9418615698814392, 0.9452534914016724, 0.9486453533172607, 0.9520372748374939, 0.955429196357727, 0.9588211178779602, 0.9622130393981934, 0.9656049013137817, 0.9689968228340149, 0.972388744354248, 0.9757806658744812, 0.9791725873947144, 0.9825644493103027, 0.9859563708305359, 0.989348292350769, 0.9927402138710022, 0.9961321353912354, 0.9995239973068237, 1.0029159784317017, 1.00630784034729]}, "params/['params']['last']['kernel']": {"_type": "histogram", "values": [1, 0, 0, 0, 0, 0, 0, 0, 0, 0, 0, 1, 2, 0, 0, 0, 0, 0, 1, 0, 0, 0, 0, 0, 0, 0, 0, 0, 0, 0, 0, 1, 0, 0, 4, 1, 0, 0, 0, 0, 0, 0, 0, 0, 0, 0, 0, 0, 0, 0, 0, 0, 0, 0, 0, 0, 0, 0, 0, 0, 0, 0, 0, 1], "bins": [-0.3487224876880646, -0.33848837018013, -0.32825425267219543, -0.31802016496658325, -0.3077860474586487, -0.2975519299507141, -0.28731781244277954, -0.27708369493484497, -0.2668496072292328, -0.2566154897212982, -0.24638137221336365, -0.23614726960659027, -0.2259131520986557, -0.21567904949188232, -0.20544493198394775, -0.19521082937717438, -0.1849767118692398, -0.17474259436130524, -0.16450849175453186, -0.1542743742465973, -0.1440402716398239, -0.13380615413188934, -0.12357205152511597, -0.1133379340171814, -0.10310381650924683, -0.09286969900131226, -0.08263561129570007, -0.0724014937877655, -0.06216737627983093, -0.05193325877189636, -0.04169917106628418, -0.03146505355834961, -0.02123093605041504, -0.010996818542480469, -0.0007627010345458984, 0.009471386671066284, 0.019705504179000854, 0.029939621686935425, 0.040173739194869995, 0.05040782690048218, 0.06064194440841675, 0.07087606191635132, 0.08111017942428589, 0.09134429693222046, 0.10157838463783264, 0.11181250214576721, 0.12204661965370178, 0.13228073716163635, 0.14251485466957092, 0.1527489721775055, 0.16298308968544006, 0.17321714758872986, 0.18345126509666443, 0.193685382604599, 0.20391950011253357, 0.21415361762046814, 0.2243877351284027, 0.23462185263633728, 0.24485597014427185, 0.2550900876522064, 0.2653241455554962, 0.2755582630634308, 0.28579238057136536, 0.2960264980792999, 0.3062606155872345]}, "params/['params']['layers_0']['linear_layer']['bias']": {"_type": "histogram", "values": [1, 0, 1, 0, 0, 0, 0, 0, 1, 0, 0, 0, 0, 0, 0, 1, 0, 0, 1, 0, 0, 0, 1, 0, 0, 0, 0, 0, 0, 0, 0, 0, 0, 0, 0, 1, 0, 0, 0, 0, 0, 0, 0, 0, 0, 0, 0, 0, 0, 0, 0, 0, 0, 0, 0, 0, 0, 0, 0, 0, 0, 0, 0, 1], "bins": [-0.4890235960483551, -0.47508734464645386, -0.4611510634422302, -0.4472147822380066, -0.43327853083610535, -0.4193422794342041, -0.40540599822998047, -0.39146971702575684, -0.3775334656238556, -0.36359721422195435, -0.3496609330177307, -0.3357246518135071, -0.32178840041160583, -0.3078521490097046, -0.29391586780548096, -0.2799795866012573, -0.2660433351993561, -0.25210708379745483, -0.2381708025932312, -0.22423455119132996, -0.21029826998710632, -0.1963619887828827, -0.18242573738098145, -0.1684894859790802, -0.15455320477485657, -0.14061692357063293, -0.1266806721687317, -0.11274442076683044, -0.09880813956260681, -0.08487185835838318, -0.07093560695648193, -0.05699935555458069, -0.043063074350357056, -0.029126793146133423, -0.015190541744232178, -0.0012542903423309326, 0.0126819908618927, 0.026618272066116333, 0.04055449366569519, 0.05449077486991882, 0.06842705607414246, 0.08236333727836609, 0.09629961848258972, 0.11023584008216858, 0.12417212128639221, 0.13810840249061584, 0.1520446240901947, 0.16598090529441833, 0.17991718649864197, 0.1938534677028656, 0.20778974890708923, 0.2217259705066681, 0.23566225171089172, 0.24959853291511536, 0.2635347545146942, 0.27747103571891785, 0.2914073169231415, 0.3053435981273651, 0.31927987933158875, 0.3332161009311676, 0.34715238213539124, 0.36108866333961487, 0.3750248849391937, 0.38896116614341736, 0.4028974175453186]}, "params/['params']['layers_0']['linear_layer']['kernel']": {"_type": "histogram", "values": [1, 0, 0, 0, 0, 0, 0, 0, 0, 1, 0, 0, 1, 1, 1, 0, 0, 0, 1, 1, 0, 3, 1, 0, 2, 0, 0, 0, 4, 0, 1, 1, 0, 0, 0, 2, 0, 1, 2, 0, 0, 1, 0, 0, 1, 2, 0, 1, 0, 0, 2, 0, 0, 0, 0, 0, 0, 0, 0, 0, 0, 0, 0, 1], "bins": [-0.9739320874214172, -0.9401106834411621, -0.906289279460907, -0.8724678754806519, -0.8386464715003967, -0.8048250675201416, -0.7710036635398865, -0.7371822595596313, -0.7033608555793762, -0.6695394515991211, -0.635718047618866, -0.6018966436386108, -0.5680752396583557, -0.5342538356781006, -0.5004324316978455, -0.46661102771759033, -0.4327896237373352, -0.3989682197570801, -0.36514681577682495, -0.3313254117965698, -0.2975040078163147, -0.26368260383605957, -0.22986119985580444, -0.19603979587554932, -0.1622183918952942, -0.12839698791503906, -0.09457558393478394, -0.06075417995452881, -0.02693277597427368, 0.006888628005981445, 0.04071003198623657, 0.07453149557113647, 0.10835283994674683, 0.14217418432235718, 0.17599564790725708, 0.20981711149215698, 0.24363845586776733, 0.2774598002433777, 0.3112812638282776, 0.3451027274131775, 0.37892407178878784, 0.4127454161643982, 0.4465668797492981, 0.480388343334198, 0.5142096877098083, 0.5480310320854187, 0.5818524956703186, 0.6156739592552185, 0.6494953036308289, 0.6833166480064392, 0.7171381115913391, 0.750959575176239, 0.7847809195518494, 0.8186022639274597, 0.8524237275123596, 0.8862451910972595, 0.9200665354728699, 0.9538878798484802, 0.9877093434333801, 1.0215308666229248, 1.0553522109985352, 1.0891735553741455, 1.122995138168335, 1.1568164825439453, 1.1906377077102661]}, "_wandb": {"runtime": 11}}