{"loss": 0.06123769283294678, "_timestamp": 1740599467.3017879, "_runtime": 67.27953791618347, "_step": 139}