{"loss": 2.368915508904352e-14, "_timestamp": 1739542635.484987, "_runtime": 173.26893091201782, "_step": 405, "validation_loss": 1.2726173671188772e-14, "params/['params']['last']['bias']": {"_type": "histogram", "values": [0, 0, 0, 0, 0, 0, 0, 0, 0, 0, 0, 0, 0, 0, 0, 0, 0, 0, 0, 0, 0, 0, 0, 0, 0, 0, 0, 0, 0, 0, 0, 0, 2, 0, 0, 0, 0, 0, 0, 0, 0, 0, 0, 0, 0, 0, 0, 0, 0, 0, 0, 0, 0, 0, 0, 0, 0, 0, 0, 0, 0, 0, 0, 0], "bins": [-0.5, -0.484375, -0.46875, -0.453125, -0.4375, -0.421875, -0.40625, -0.390625, -0.375, -0.359375, -0.34375, -0.328125, -0.3125, -0.296875, -0.28125, -0.265625, -0.25, -0.234375, -0.21875, -0.203125, -0.1875, -0.171875, -0.15625, -0.140625, -0.125, -0.109375, -0.09375, -0.078125, -0.0625, -0.046875, -0.03125, -0.015625, 0.0, 0.015625, 0.03125, 0.046875, 0.0625, 0.078125, 0.09375, 0.109375, 0.125, 0.140625, 0.15625, 0.171875, 0.1875, 0.203125, 0.21875, 0.234375, 0.25, 0.265625, 0.28125, 0.296875, 0.3125, 0.328125, 0.34375, 0.359375, 0.375, 0.390625, 0.40625, 0.421875, 0.4375, 0.453125, 0.46875, 0.484375, 0.5]}, "params/['params']['last']['kernel']": {"_type": "histogram", "values": [1, 0, 0, 0, 0, 0, 0, 0, 37, 0, 0, 0, 0, 0, 0, 0, 3, 0, 0, 0, 0, 0, 0, 0, 0, 0, 0, 0, 0, 0, 0, 0, 0, 0, 0, 0, 0, 0, 0, 0, 0, 0, 0, 0, 0, 0, 0, 0, 0, 0, 0, 0, 0, 0, 0, 0, 0, 0, 0, 0, 0, 0, 0, 1], "bins": [-0.012400276958942413, -0.010866916738450527, -0.009333556517958641, -0.007800196297466755, -0.006266836076974869, -0.004733475856482983, -0.0032001156359910965, -0.0016667554154992104, -0.00013339519500732422, 0.001399965025484562, 0.002933325245976448, 0.004466686397790909, 0.00600004568696022, 0.007533404976129532, 0.009066766127943993, 0.010600127279758453, 0.012133486568927765, 0.013666845858097076, 0.015200207009911537, 0.016733568161725998, 0.01826692745089531, 0.01980028674006462, 0.02133364975452423, 0.022867009043693542, 0.024400368332862854, 0.025933727622032166, 0.027467086911201477, 0.029000449925661087, 0.0305338092148304, 0.03206716850399971, 0.03360053151845932, 0.03513389080762863, 0.03666725009679794, 0.038200609385967255, 0.039733968675136566, 0.041267331689596176, 0.04280069097876549, 0.0443340502679348, 0.04586741328239441, 0.04740077257156372, 0.04893413186073303, 0.050467491149902344, 0.052000850439071655, 0.05353420972824097, 0.055067576467990875, 0.05660093575716019, 0.0581342950463295, 0.05966765433549881, 0.06120101362466812, 0.06273437291383743, 0.06426773220300674, 0.06580109149217606, 0.06733445078134537, 0.06886781752109528, 0.07040117681026459, 0.0719345360994339, 0.07346789538860321, 0.07500125467777252, 0.07653461396694183, 0.07806797325611115, 0.07960133999586105, 0.08113469928503036, 0.08266805857419968, 0.08420141786336899, 0.0857347771525383]}, "params/['params']['layers_0']['linear_layer']['bias']": {"_type": "histogram", "values": [0, 0, 0, 0, 0, 0, 0, 0, 0, 0, 0, 0, 0, 0, 0, 0, 0, 0, 0, 0, 0, 0, 0, 0, 0, 0, 0, 0, 0, 0, 0, 0, 24, 0, 0, 0, 0, 0, 0, 0, 0, 0, 0, 0, 0, 0, 0, 0, 0, 0, 0, 0, 0, 0, 0, 0, 0, 0, 0, 0, 0, 0, 0, 0], "bins": [-0.5, -0.484375, -0.46875, -0.453125, -0.4375, -0.421875, -0.40625, -0.390625, -0.375, -0.359375, -0.34375, -0.328125, -0.3125, -0.296875, -0.28125, -0.265625, -0.25, -0.234375, -0.21875, -0.203125, -0.1875, -0.171875, -0.15625, -0.140625, -0.125, -0.109375, -0.09375, -0.078125, -0.0625, -0.046875, -0.03125, -0.015625, 0.0, 0.015625, 0.03125, 0.046875, 0.0625, 0.078125, 0.09375, 0.109375, 0.125, 0.140625, 0.15625, 0.171875, 0.1875, 0.203125, 0.21875, 0.234375, 0.25, 0.265625, 0.28125, 0.296875, 0.3125, 0.328125, 0.34375, 0.359375, 0.375, 0.390625, 0.40625, 0.421875, 0.4375, 0.453125, 0.46875, 0.484375, 0.5]}, "params/['params']['layers_0']['linear_layer']['kernel']": {"_type": "histogram", "values": [1, 0, 0, 0, 0, 0, 0, 0, 0, 0, 0, 0, 0, 0, 0, 0, 0, 0, 0, 0, 0, 0, 0, 0, 0, 0, 0, 0, 0, 1, 0, 0, 0, 69, 0, 0, 0, 0, 0, 0, 0, 0, 0, 0, 0, 0, 0, 0, 0, 0, 0, 0, 0, 0, 0, 0, 0, 0, 0, 0, 0, 0, 0, 1], "bins": [-1.0394365787506104, -1.0083874464035034, -0.9773383140563965, -0.9462891817092896, -0.9152400493621826, -0.8841909170150757, -0.8531418442726135, -0.8220927119255066, -0.7910435795783997, -0.7599944472312927, -0.7289453148841858, -0.6978962421417236, -0.6668471097946167, -0.6357979774475098, -0.6047488451004028, -0.5736997127532959, -0.542650580406189, -0.511601448059082, -0.4805523157119751, -0.44950318336486816, -0.41845405101776123, -0.3874049782752991, -0.35635584592819214, -0.3253067135810852, -0.29425758123397827, -0.26320844888687134, -0.2321593165397644, -0.20111018419265747, -0.1700611114501953, -0.13901197910308838, -0.10796284675598145, -0.07691371440887451, -0.04586458206176758, -0.014815449714660645, 0.01623368263244629, 0.04728281497955322, 0.07833194732666016, 0.10938107967376709, 0.14043021202087402, 0.17147934436798096, 0.2025284767150879, 0.23357748985290527, 0.2646266222000122, 0.29567575454711914, 0.3267248868942261, 0.357774019241333, 0.38882315158843994, 0.4198722839355469, 0.4509214162826538, 0.48197054862976074, 0.5130196809768677, 0.5440688133239746, 0.5751179456710815, 0.6061670780181885, 0.6372162103652954, 0.6682653427124023, 0.6993143558502197, 0.7303634881973267, 0.7614126205444336, 0.7924617528915405, 0.8235108852386475, 0.8545600175857544, 0.8856091499328613, 0.9166582822799683, 0.94770747423172]}, "params/['params']['layers_1']['linear_layer']['bias']": {"_type": "histogram", "values": [0, 0, 0, 0, 0, 0, 0, 0, 0, 0, 0, 0, 0, 0, 0, 0, 0, 0, 0, 0, 0, 0, 0, 0, 0, 0, 0, 0, 0, 0, 0, 0, 24, 0, 0, 0, 0, 0, 0, 0, 0, 0, 0, 0, 0, 0, 0, 0, 0, 0, 0, 0, 0, 0, 0, 0, 0, 0, 0, 0, 0, 0, 0, 0], "bins": [-0.5, -0.484375, -0.46875, -0.453125, -0.4375, -0.421875, -0.40625, -0.390625, -0.375, -0.359375, -0.34375, -0.328125, -0.3125, -0.296875, -0.28125, -0.265625, -0.25, -0.234375, -0.21875, -0.203125, -0.1875, -0.171875, -0.15625, -0.140625, -0.125, -0.109375, -0.09375, -0.078125, -0.0625, -0.046875, -0.03125, -0.015625, 0.0, 0.015625, 0.03125, 0.046875, 0.0625, 0.078125, 0.09375, 0.109375, 0.125, 0.140625, 0.15625, 0.171875, 0.1875, 0.203125, 0.21875, 0.234375, 0.25, 0.265625, 0.28125, 0.296875, 0.3125, 0.328125, 0.34375, 0.359375, 0.375, 0.390625, 0.40625, 0.421875, 0.4375, 0.453125, 0.46875, 0.484375, 0.5]}, "params/['params']['layers_1']['linear_layer']['kernel']": {"_type": "histogram", "values": [1, 0, 0, 0, 0, 0, 0, 0, 0, 0, 0, 0, 0, 0, 0, 0, 0, 0, 0, 0, 0, 0, 0, 1, 0, 0, 0, 1, 0, 1, 0, 0, 495, 0, 0, 0, 0, 0, 0, 0, 0, 0, 0, 0, 0, 2, 0, 0, 0, 0, 0, 0, 0, 0, 0, 0, 0, 0, 0, 0, 0, 2, 0, 1], "bins": [-3.314939498901367, -3.2113475799560547, -3.107755661010742, -3.004163980484009, -2.9005720615386963, -2.796980142593384, -2.6933884620666504, -2.589796543121338, -2.4862046241760254, -2.382612705230713, -2.2790207862854004, -2.175429105758667, -2.0718371868133545, -1.968245267868042, -1.864653468132019, -1.761061668395996, -1.6574697494506836, -1.553877830505371, -1.4502860307693481, -1.3466942310333252, -1.2431023120880127, -1.1395103931427002, -1.0359187126159668, -0.9323267936706543, -0.8287348747253418, -0.7251429557800293, -0.6215510368347168, -0.5179593563079834, -0.4143674373626709, -0.3107755184173584, -0.207183837890625, -0.1035919189453125, 0.0, 0.1035919189453125, 0.207183837890625, 0.3107755184173584, 0.4143674373626709, 0.5179593563079834, 0.6215510368347168, 0.7251429557800293, 0.8287348747253418, 0.9323267936706543, 1.0359187126159668, 1.1395106315612793, 1.2431020736694336, 1.346693992614746, 1.4502859115600586, 1.553877830505371, 1.6574697494506836, 1.761061668395996, 1.8646535873413086, 1.968245506286621, 2.0718374252319336, 2.175428867340088, 2.2790207862854004, 2.382612705230713, 2.4862046241760254, 2.589796543121338, 2.6933884620666504, 2.796980381011963, 2.900571823120117, 3.0041637420654297, 3.107755661010742, 3.2113475799560547, 3.314939260482788]}, "_wandb": {"runtime": 172}}