{"loss": 0.00020029692677780986, "_timestamp": 1739547279.7645411, "_runtime": 202.40664720535278, "_step": 405, "validation_loss": 0.00020081775437574834, "params/['params']['last']['bias']": {"_type": "histogram", "values": [0, 0, 0, 0, 0, 0, 0, 0, 0, 0, 0, 0, 0, 0, 0, 0, 0, 0, 0, 0, 0, 0, 0, 0, 0, 0, 0, 0, 0, 0, 0, 0, 2, 0, 0, 0, 0, 0, 0, 0, 0, 0, 0, 0, 0, 0, 0, 0, 0, 0, 0, 0, 0, 0, 0, 0, 0, 0, 0, 0, 0, 0, 0, 0], "bins": [-0.5, -0.484375, -0.46875, -0.453125, -0.4375, -0.421875, -0.40625, -0.390625, -0.375, -0.359375, -0.34375, -0.328125, -0.3125, -0.296875, -0.28125, -0.265625, -0.25, -0.234375, -0.21875, -0.203125, -0.1875, -0.171875, -0.15625, -0.140625, -0.125, -0.109375, -0.09375, -0.078125, -0.0625, -0.046875, -0.03125, -0.015625, 0.0, 0.015625, 0.03125, 0.046875, 0.0625, 0.078125, 0.09375, 0.109375, 0.125, 0.140625, 0.15625, 0.171875, 0.1875, 0.203125, 0.21875, 0.234375, 0.25, 0.265625, 0.28125, 0.296875, 0.3125, 0.328125, 0.34375, 0.359375, 0.375, 0.390625, 0.40625, 0.421875, 0.4375, 0.453125, 0.46875, 0.484375, 0.5]}, "params/['params']['last']['kernel']": {"_type": "histogram", "values": [2, 0, 0, 0, 0, 0, 0, 0, 0, 0, 0, 0, 0, 0, 0, 0, 0, 0, 0, 0, 0, 0, 0, 0, 0, 0, 0, 0, 0, 0, 0, 0, 0, 0, 0, 0, 0, 0, 0, 0, 0, 30, 0, 0, 0, 0, 0, 0, 0, 0, 0, 0, 0, 0, 0, 0, 0, 0, 0, 0, 0, 2, 0, 2], "bins": [-0.015224136412143707, -0.014857852831482887, -0.014491568319499493, -0.014125283807516098, -0.013759000226855278, -0.013392716646194458, -0.013026432134211063, -0.012660147622227669, -0.012293864041566849, -0.011927580460906029, -0.011561295948922634, -0.01119501143693924, -0.01082872785627842, -0.0104624442756176, -0.010096159763634205, -0.00972987525165081, -0.00936359167098999, -0.00899730809032917, -0.008631023578345776, -0.008264739066362381, -0.007898455485701561, -0.007532171439379454, -0.007165887393057346, -0.006799602881073952, -0.006433319300413132, -0.006067035719752312, -0.005700751207768917, -0.0053344666957855225, -0.0049681831151247025, -0.0046018995344638824, -0.004235615022480488, -0.003869330510497093, -0.003503046929836273, -0.003136763349175453, -0.0027704788371920586, -0.002404194325208664, -0.002037910744547844, -0.001671627163887024, -0.0013053426519036293, -0.0009390581399202347, -0.0005727745592594147, -0.00020649097859859467, 0.00015979353338479996, 0.0005260780453681946, 0.0008923616260290146, 0.0012586452066898346, 0.0016249306499958038, 0.001991214230656624, 0.002357497811317444, 0.002723781391978264, 0.003090064972639084, 0.003456350415945053, 0.003822633996605873, 0.004188917577266693, 0.004555203020572662, 0.004921486601233482, 0.005287770181894302, 0.005654053762555122, 0.006020337343215942, 0.006386622786521912, 0.006752906367182732, 0.007119189947843552, 0.007485475391149521, 0.007851758971810341, 0.008218043483793736]}, "params/['params']['layers_0']['linear_layer']['bias']": {"_type": "histogram", "values": [0, 0, 0, 0, 0, 0, 0, 0, 0, 0, 0, 0, 0, 0, 0, 0, 0, 0, 0, 0, 0, 0, 0, 0, 0, 0, 0, 0, 0, 0, 0, 0, 22, 0, 0, 0, 0, 0, 0, 0, 0, 0, 0, 0, 0, 0, 0, 0, 0, 0, 0, 0, 0, 0, 0, 0, 0, 0, 0, 0, 0, 0, 0, 0], "bins": [-0.5, -0.484375, -0.46875, -0.453125, -0.4375, -0.421875, -0.40625, -0.390625, -0.375, -0.359375, -0.34375, -0.328125, -0.3125, -0.296875, -0.28125, -0.265625, -0.25, -0.234375, -0.21875, -0.203125, -0.1875, -0.171875, -0.15625, -0.140625, -0.125, -0.109375, -0.09375, -0.078125, -0.0625, -0.046875, -0.03125, -0.015625, 0.0, 0.015625, 0.03125, 0.046875, 0.0625, 0.078125, 0.09375, 0.109375, 0.125, 0.140625, 0.15625, 0.171875, 0.1875, 0.203125, 0.21875, 0.234375, 0.25, 0.265625, 0.28125, 0.296875, 0.3125, 0.328125, 0.34375, 0.359375, 0.375, 0.390625, 0.40625, 0.421875, 0.4375, 0.453125, 0.46875, 0.484375, 0.5]}, "params/['params']['layers_0']['linear_layer']['kernel']": {"_type": "histogram", "values": [1, 0, 0, 0, 0, 0, 0, 0, 0, 0, 0, 0, 0, 0, 0, 0, 0, 0, 0, 0, 0, 0, 0, 0, 0, 0, 0, 0, 0, 0, 0, 0, 0, 0, 0, 0, 0, 0, 0, 42, 0, 0, 0, 0, 0, 0, 0, 0, 0, 0, 0, 0, 0, 0, 0, 0, 0, 0, 0, 0, 0, 0, 0, 1], "bins": [-0.8377009630203247, -0.8162223696708679, -0.7947437763214111, -0.7732651829719543, -0.7517865896224976, -0.7303079962730408, -0.708829402923584, -0.687350869178772, -0.6658722162246704, -0.6443936824798584, -0.6229150295257568, -0.6014364957809448, -0.579957902431488, -0.5584793090820312, -0.5370007157325745, -0.5155221223831177, -0.4940435290336609, -0.4725649356842041, -0.4510863423347473, -0.4296077489852905, -0.40812915563583374, -0.38665059208869934, -0.36517199873924255, -0.34369340538978577, -0.32221484184265137, -0.3007362484931946, -0.2792576551437378, -0.257779061794281, -0.23630046844482422, -0.21482187509536743, -0.19334328174591064, -0.17186468839645386, -0.15038609504699707, -0.12890750169754028, -0.1074289083480835, -0.08595031499862671, -0.06447172164916992, -0.042993128299713135, -0.021514534950256348, -3.594160079956055e-05, 0.021442651748657227, 0.04292118549346924, 0.06439977884292603, 0.08587837219238281, 0.1073569655418396, 0.1288355588912964, 0.15031415224075317, 0.17179274559020996, 0.19327127933502197, 0.21474993228912354, 0.23622846603393555, 0.2577071189880371, 0.2791856527328491, 0.3006643056869507, 0.3221428394317627, 0.34362149238586426, 0.36510002613067627, 0.38657867908477783, 0.40805721282958984, 0.4295358657836914, 0.4510143995285034, 0.472493052482605, 0.493971586227417, 0.5154502391815186, 0.5369288325309753]}, "params/['params']['layers_1']['linear_layer']['bias']": {"_type": "histogram", "values": [0, 0, 0, 0, 0, 0, 0, 0, 0, 0, 0, 0, 0, 0, 0, 0, 0, 0, 0, 0, 0, 0, 0, 0, 0, 0, 0, 0, 0, 0, 0, 0, 22, 0, 0, 0, 0, 0, 0, 0, 0, 0, 0, 0, 0, 0, 0, 0, 0, 0, 0, 0, 0, 0, 0, 0, 0, 0, 0, 0, 0, 0, 0, 0], "bins": [-0.5, -0.484375, -0.46875, -0.453125, -0.4375, -0.421875, -0.40625, -0.390625, -0.375, -0.359375, -0.34375, -0.328125, -0.3125, -0.296875, -0.28125, -0.265625, -0.25, -0.234375, -0.21875, -0.203125, -0.1875, -0.171875, -0.15625, -0.140625, -0.125, -0.109375, -0.09375, -0.078125, -0.0625, -0.046875, -0.03125, -0.015625, 0.0, 0.015625, 0.03125, 0.046875, 0.0625, 0.078125, 0.09375, 0.109375, 0.125, 0.140625, 0.15625, 0.171875, 0.1875, 0.203125, 0.21875, 0.234375, 0.25, 0.265625, 0.28125, 0.296875, 0.3125, 0.328125, 0.34375, 0.359375, 0.375, 0.390625, 0.40625, 0.421875, 0.4375, 0.453125, 0.46875, 0.484375, 0.5]}, "params/['params']['layers_1']['linear_layer']['kernel']": {"_type": "histogram", "values": [1, 0, 0, 0, 0, 0, 0, 0, 0, 0, 0, 0, 0, 0, 0, 0, 0, 0, 0, 0, 0, 0, 0, 392, 0, 0, 0, 0, 0, 0, 0, 0, 0, 0, 0, 0, 0, 0, 0, 0, 0, 0, 0, 0, 0, 0, 1, 0, 0, 0, 0, 0, 0, 0, 0, 0, 0, 0, 0, 0, 0, 0, 0, 2], "bins": [-2.118006467819214, -2.0263071060180664, -1.934607744216919, -1.8429083824157715, -1.751209020614624, -1.6595096588134766, -1.567810297012329, -1.4761109352111816, -1.3844115734100342, -1.2927122116088867, -1.2010128498077393, -1.1093134880065918, -1.0176141262054443, -0.9259147644042969, -0.8342154026031494, -0.742516040802002, -0.6508166790008545, -0.559117317199707, -0.46741795539855957, -0.3757185935974121, -0.28401923179626465, -0.1923198699951172, -0.10062050819396973, -0.008921146392822266, 0.0827782154083252, 0.17447757720947266, 0.2661769390106201, 0.3578763008117676, 0.44957566261291504, 0.5412750244140625, 0.63297438621521, 0.7246737480163574, 0.8163731098175049, 0.9080724716186523, 0.9997718334197998, 1.0914711952209473, 1.1831705570220947, 1.2748699188232422, 1.3665692806243896, 1.458268642425537, 1.5499680042266846, 1.641667366027832, 1.7333667278289795, 1.825066089630127, 1.9167654514312744, 2.008465051651001, 2.1001641750335693, 2.1918632984161377, 2.2835628986358643, 2.375262498855591, 2.466961622238159, 2.5586607456207275, 2.650360345840454, 2.7420599460601807, 2.833759069442749, 2.9254581928253174, 3.017157793045044, 3.1088573932647705, 3.200556516647339, 3.2922556400299072, 3.383955240249634, 3.4756548404693604, 3.5673539638519287, 3.659053087234497, 3.7507526874542236]}, "_wandb": {"runtime": 201}}