{"loss": 0.000502229668200016, "_timestamp": 1739965739.9975424, "_runtime": 199.98272442817688, "_step": 2793, "params/['params']['last']['bias']": {"_type": "histogram", "values": [0, 0, 0, 0, 0, 0, 0, 0, 0, 0, 0, 0, 0, 0, 0, 0, 0, 0, 0, 0, 0, 0, 0, 0, 0, 0, 0, 0, 0, 0, 0, 0, 2, 0, 0, 0, 0, 0, 0, 0, 0, 0, 0, 0, 0, 0, 0, 0, 0, 0, 0, 0, 0, 0, 0, 0, 0, 0, 0, 0, 0, 0, 0, 0], "bins": [-0.5, -0.484375, -0.46875, -0.453125, -0.4375, -0.421875, -0.40625, -0.390625, -0.375, -0.359375, -0.34375, -0.328125, -0.3125, -0.296875, -0.28125, -0.265625, -0.25, -0.234375, -0.21875, -0.203125, -0.1875, -0.171875, -0.15625, -0.140625, -0.125, -0.109375, -0.09375, -0.078125, -0.0625, -0.046875, -0.03125, -0.015625, 0.0, 0.015625, 0.03125, 0.046875, 0.0625, 0.078125, 0.09375, 0.109375, 0.125, 0.140625, 0.15625, 0.171875, 0.1875, 0.203125, 0.21875, 0.234375, 0.25, 0.265625, 0.28125, 0.296875, 0.3125, 0.328125, 0.34375, 0.359375, 0.375, 0.390625, 0.40625, 0.421875, 0.4375, 0.453125, 0.46875, 0.484375, 0.5]}, "params/['params']['last']['kernel']": {"_type": "histogram", "values": [1, 0, 0, 0, 0, 0, 0, 0, 0, 0, 0, 0, 28, 0, 0, 4, 0, 0, 1, 0, 0, 0, 0, 0, 0, 0, 0, 0, 0, 0, 0, 0, 0, 0, 0, 0, 0, 0, 0, 0, 0, 1, 0, 0, 0, 0, 0, 0, 0, 0, 0, 0, 0, 0, 0, 0, 0, 0, 0, 0, 0, 0, 0, 1], "bins": [-0.016664322465658188, -0.015275830402970314, -0.01388733834028244, -0.012498846277594566, -0.011110354214906693, -0.009721862152218819, -0.008333370089530945, -0.006944878026843071, -0.005556385964155197, -0.004167893901467323, -0.0027794018387794495, -0.0013909097760915756, -2.4177134037017822e-06, 0.001386074349284172, 0.002774566411972046, 0.00416305847465992, 0.005551550537347794, 0.006940042600035667, 0.008328534662723541, 0.009717026725411415, 0.011105518788099289, 0.012494010850787163, 0.013882502913475037, 0.01527099683880806, 0.016659487038850784, 0.01804797723889351, 0.019436471164226532, 0.020824965089559555, 0.02221345528960228, 0.023601945489645004, 0.024990439414978027, 0.02637893334031105, 0.027767423540353775, 0.0291559137403965, 0.030544407665729523, 0.031932901591062546, 0.03332139179110527, 0.034709881991147995, 0.03609837591648102, 0.03748686984181404, 0.038875360041856766, 0.04026385024189949, 0.04165234416723251, 0.043040838092565536, 0.04442932829260826, 0.045817818492650986, 0.04720631614327431, 0.04859480634331703, 0.049983296543359756, 0.05137178674340248, 0.052760276943445206, 0.05414877459406853, 0.05553726479411125, 0.056925754994153976, 0.0583142526447773, 0.05970274284482002, 0.06109123304486275, 0.06247972324490547, 0.0638682097196579, 0.06525671482086182, 0.06664520502090454, 0.06803369522094727, 0.06942218542098999, 0.07081067562103271, 0.07219917327165604]}, "params/['params']['layers_0']['linear_layer']['bias']": {"_type": "histogram", "values": [0, 0, 0, 0, 0, 0, 0, 0, 0, 0, 0, 0, 0, 0, 0, 0, 0, 0, 0, 0, 0, 0, 0, 0, 0, 0, 0, 0, 0, 0, 0, 0, 22, 0, 0, 0, 0, 0, 0, 0, 0, 0, 0, 0, 0, 0, 0, 0, 0, 0, 0, 0, 0, 0, 0, 0, 0, 0, 0, 0, 0, 0, 0, 0], "bins": [-0.5, -0.484375, -0.46875, -0.453125, -0.4375, -0.421875, -0.40625, -0.390625, -0.375, -0.359375, -0.34375, -0.328125, -0.3125, -0.296875, -0.28125, -0.265625, -0.25, -0.234375, -0.21875, -0.203125, -0.1875, -0.171875, -0.15625, -0.140625, -0.125, -0.109375, -0.09375, -0.078125, -0.0625, -0.046875, -0.03125, -0.015625, 0.0, 0.015625, 0.03125, 0.046875, 0.0625, 0.078125, 0.09375, 0.109375, 0.125, 0.140625, 0.15625, 0.171875, 0.1875, 0.203125, 0.21875, 0.234375, 0.25, 0.265625, 0.28125, 0.296875, 0.3125, 0.328125, 0.34375, 0.359375, 0.375, 0.390625, 0.40625, 0.421875, 0.4375, 0.453125, 0.46875, 0.484375, 0.5]}, "params/['params']['layers_0']['linear_layer']['kernel']": {"_type": "histogram", "values": [1, 0, 0, 0, 0, 0, 0, 0, 0, 0, 0, 0, 0, 0, 0, 0, 0, 0, 0, 1, 0, 0, 0, 0, 0, 0, 0, 0, 0, 0, 61, 0, 1, 0, 0, 0, 0, 0, 0, 0, 0, 0, 0, 1, 0, 0, 0, 0, 0, 0, 0, 0, 0, 0, 0, 0, 0, 0, 0, 0, 0, 0, 0, 1], "bins": [-2.076719284057617, -2.009470224380493, -1.9422211647033691, -1.8749721050262451, -1.807723045349121, -1.740473985671997, -1.673224925994873, -1.605975866317749, -1.538726806640625, -1.471477746963501, -1.404228687286377, -1.336979627609253, -1.269730567932129, -1.2024815082550049, -1.1352324485778809, -1.0679833889007568, -1.0007343292236328, -0.9334852695465088, -0.8662362098693848, -0.7989871501922607, -0.7317380905151367, -0.6644890308380127, -0.5972399711608887, -0.5299909114837646, -0.4627418518066406, -0.3954927921295166, -0.3282437324523926, -0.26099467277526855, -0.19374561309814453, -0.1264965534210205, -0.059247493743896484, 0.008001565933227539, 0.07525062561035156, 0.14249968528747559, 0.2097487449645996, 0.27699780464172363, 0.34424686431884766, 0.4114959239959717, 0.4787449836730957, 0.5459940433502197, 0.6132431030273438, 0.6804921627044678, 0.7477412223815918, 0.8149902820587158, 0.8822393417358398, 0.9494884014129639, 1.016737461090088, 1.083986520767212, 1.151235580444336, 1.21848464012146, 1.285733699798584, 1.352982759475708, 1.420231819152832, 1.487480878829956, 1.55472993850708, 1.621978998184204, 1.6892280578613281, 1.7564771175384521, 1.8237261772155762, 1.8909752368927002, 1.9582242965698242, 2.0254735946655273, 2.0927224159240723, 2.159971237182617, 2.2272205352783203]}, "params/['params']['layers_1']['linear_layer']['bias']": {"_type": "histogram", "values": [0, 0, 0, 0, 0, 0, 0, 0, 0, 0, 0, 0, 0, 0, 0, 0, 0, 0, 0, 0, 0, 0, 0, 0, 0, 0, 0, 0, 0, 0, 0, 0, 22, 0, 0, 0, 0, 0, 0, 0, 0, 0, 0, 0, 0, 0, 0, 0, 0, 0, 0, 0, 0, 0, 0, 0, 0, 0, 0, 0, 0, 0, 0, 0], "bins": [-0.5, -0.484375, -0.46875, -0.453125, -0.4375, -0.421875, -0.40625, -0.390625, -0.375, -0.359375, -0.34375, -0.328125, -0.3125, -0.296875, -0.28125, -0.265625, -0.25, -0.234375, -0.21875, -0.203125, -0.1875, -0.171875, -0.15625, -0.140625, -0.125, -0.109375, -0.09375, -0.078125, -0.0625, -0.046875, -0.03125, -0.015625, 0.0, 0.015625, 0.03125, 0.046875, 0.0625, 0.078125, 0.09375, 0.109375, 0.125, 0.140625, 0.15625, 0.171875, 0.1875, 0.203125, 0.21875, 0.234375, 0.25, 0.265625, 0.28125, 0.296875, 0.3125, 0.328125, 0.34375, 0.359375, 0.375, 0.390625, 0.40625, 0.421875, 0.4375, 0.453125, 0.46875, 0.484375, 0.5]}, "params/['params']['layers_1']['linear_layer']['kernel']": {"_type": "histogram", "values": [1, 0, 0, 0, 0, 0, 0, 0, 0, 0, 0, 0, 0, 0, 0, 0, 0, 0, 0, 0, 0, 2, 0, 0, 0, 0, 0, 1, 0, 1, 0, 0, 0, 386, 1, 1, 0, 0, 2, 0, 0, 0, 0, 0, 0, 0, 0, 0, 0, 0, 0, 0, 0, 0, 0, 0, 0, 0, 0, 0, 0, 0, 0, 1], "bins": [-4.0260009765625, -3.906508445739746, -3.787015914916992, -3.6675233840942383, -3.5480308532714844, -3.4285383224487305, -3.3090455532073975, -3.1895530223846436, -3.0700604915618896, -2.9505679607391357, -2.831075429916382, -2.711582660675049, -2.592090129852295, -2.472597599029541, -2.353105068206787, -2.233612537384033, -2.1141200065612793, -1.9946274757385254, -1.8751349449157715, -1.7556424140930176, -1.6361498832702637, -1.5166571140289307, -1.3971645832061768, -1.2776720523834229, -1.158179521560669, -1.038686990737915, -0.9191944599151611, -0.7997019290924072, -0.6802091598510742, -0.5607166290283203, -0.4412240982055664, -0.3217315673828125, -0.2022390365600586, -0.08274650573730469, 0.03674602508544922, 0.15623855590820312, 0.27573108673095703, 0.39522361755371094, 0.5147161483764648, 0.6342086791992188, 0.7537012100219727, 0.8731942176818848, 0.9926867485046387, 1.1121792793273926, 1.2316718101501465, 1.3511643409729004, 1.4706568717956543, 1.5901494026184082, 1.709641933441162, 1.829134464263916, 1.94862699508667, 2.068119525909424, 2.1876120567321777, 2.3071045875549316, 2.4265971183776855, 2.5460896492004395, 2.6655826568603516, 2.7850751876831055, 2.9045677185058594, 3.0240602493286133, 3.143552780151367, 3.263045310974121, 3.382537841796875, 3.502030372619629, 3.621523141860962]}, "validation_loss": 0.00048666191287338734, "_wandb": {"runtime": 202}}