{"loss": 4.37024880284298e-07, "_timestamp": 1739991473.0651193, "_runtime": 172.55594515800476, "_step": 2793, "params/['params']['last']['bias']": {"_type": "histogram", "values": [1, 0, 0, 0, 0, 0, 0, 0, 0, 0, 0, 0, 0, 0, 0, 0, 0, 0, 0, 0, 0, 0, 0, 0, 0, 0, 0, 0, 0, 0, 0, 0, 0, 0, 0, 0, 0, 0, 0, 0, 0, 0, 0, 0, 0, 0, 0, 0, 0, 0, 0, 0, 0, 0, 0, 0, 0, 0, 0, 0, 0, 0, 0, 1], "bins": [0.0, 0.01123424805700779, 0.02246849611401558, 0.03370274603366852, 0.04493699222803116, 0.0561712384223938, 0.06740549206733704, 0.07863973826169968, 0.08987398445606232, 0.10110823065042496, 0.1123424768447876, 0.12357673048973083, 0.13481098413467407, 0.14604522287845612, 0.15727947652339935, 0.1685137152671814, 0.17974796891212463, 0.19098222255706787, 0.20221646130084991, 0.21345071494579315, 0.2246849536895752, 0.23591920733451843, 0.24715346097946167, 0.2583877146244049, 0.26962196826934814, 0.280856192111969, 0.29209044575691223, 0.30332469940185547, 0.3145589530467987, 0.32579320669174194, 0.3370274305343628, 0.34826168417930603, 0.35949593782424927, 0.3707301914691925, 0.38196444511413574, 0.3931986689567566, 0.40443292260169983, 0.41566717624664307, 0.4269014298915863, 0.43813568353652954, 0.4493699073791504, 0.46060416102409363, 0.47183841466903687, 0.4830726683139801, 0.49430692195892334, 0.5055411458015442, 0.5167754292488098, 0.5280096530914307, 0.5392439365386963, 0.5504781603813171, 0.561712384223938, 0.5729466676712036, 0.5841808915138245, 0.5954151749610901, 0.6066493988037109, 0.6178836226463318, 0.6291179060935974, 0.6403521299362183, 0.6515864133834839, 0.6628206372261047, 0.6740548610687256, 0.6852891445159912, 0.6965233683586121, 0.7077576518058777, 0.7189918756484985]}, "params/['params']['last']['kernel']": {"_type": "histogram", "values": [1, 1, 0, 2, 1, 27, 4, 4, 0, 0, 0, 0, 0, 0, 0, 0, 0, 0, 1, 0, 0, 0, 0, 0, 0, 0, 0, 0, 0, 0, 0, 0, 0, 0, 0, 0, 0, 0, 0, 0, 0, 0, 0, 0, 0, 0, 0, 0, 0, 0, 0, 0, 0, 0, 0, 0, 0, 0, 0, 0, 0, 0, 0, 1], "bins": [-0.025428608059883118, -0.02085767313838005, -0.016286740079522133, -0.01171580608934164, -0.007144872099161148, -0.002573937177658081, 0.0019969958811998367, 0.0065679289400577545, 0.011138863861560822, 0.01570979878306389, 0.020280733704566956, 0.024851664900779724, 0.02942259982228279, 0.03399353474378586, 0.03856446593999863, 0.04313540458679199, 0.04770633578300476, 0.05227726697921753, 0.056848205626010895, 0.06141913682222366, 0.06599007546901703, 0.0705610066652298, 0.07513193786144257, 0.07970287650823593, 0.0842738077044487, 0.08884473890066147, 0.09341567754745483, 0.0979866087436676, 0.10255753993988037, 0.10712847113609314, 0.1116994172334671, 0.11627034842967987, 0.12084127962589264, 0.1254122108221054, 0.12998314201831818, 0.13455408811569214, 0.1391250193119049, 0.14369595050811768, 0.14826688170433044, 0.1528378129005432, 0.15740875899791718, 0.16197969019412994, 0.1665506213903427, 0.17112155258655548, 0.17569248378276825, 0.18026341497898102, 0.18483436107635498, 0.18940529227256775, 0.19397622346878052, 0.1985471546649933, 0.20311808586120605, 0.20768903195858002, 0.21225996315479279, 0.21683089435100555, 0.22140182554721832, 0.2259727567434311, 0.23054368793964386, 0.23511461913585663, 0.2396855503320694, 0.24425651133060455, 0.24882744252681732, 0.2533983588218689, 0.25796931982040405, 0.26254022121429443, 0.2671111524105072]}, "params/['params']['layers_0']['linear_layer']['bias']": {"_type": "histogram", "values": [0, 0, 0, 0, 0, 0, 0, 0, 0, 0, 0, 0, 0, 0, 0, 0, 0, 0, 0, 0, 0, 0, 0, 0, 0, 0, 0, 0, 0, 0, 0, 0, 24, 0, 0, 0, 0, 0, 0, 0, 0, 0, 0, 0, 0, 0, 0, 0, 0, 0, 0, 0, 0, 0, 0, 0, 0, 0, 0, 0, 0, 0, 0, 0], "bins": [-0.5, -0.484375, -0.46875, -0.453125, -0.4375, -0.421875, -0.40625, -0.390625, -0.375, -0.359375, -0.34375, -0.328125, -0.3125, -0.296875, -0.28125, -0.265625, -0.25, -0.234375, -0.21875, -0.203125, -0.1875, -0.171875, -0.15625, -0.140625, -0.125, -0.109375, -0.09375, -0.078125, -0.0625, -0.046875, -0.03125, -0.015625, 0.0, 0.015625, 0.03125, 0.046875, 0.0625, 0.078125, 0.09375, 0.109375, 0.125, 0.140625, 0.15625, 0.171875, 0.1875, 0.203125, 0.21875, 0.234375, 0.25, 0.265625, 0.28125, 0.296875, 0.3125, 0.328125, 0.34375, 0.359375, 0.375, 0.390625, 0.40625, 0.421875, 0.4375, 0.453125, 0.46875, 0.484375, 0.5]}, "params/['params']['layers_0']['linear_layer']['kernel']": {"_type": "histogram", "values": [1, 0, 0, 0, 0, 0, 0, 0, 0, 0, 0, 0, 1, 0, 0, 0, 0, 0, 0, 0, 0, 0, 0, 0, 0, 0, 0, 0, 0, 0, 0, 0, 0, 0, 0, 0, 0, 0, 0, 0, 0, 0, 0, 0, 0, 0, 0, 0, 0, 0, 0, 0, 1, 0, 1, 0, 1, 62, 0, 1, 0, 1, 2, 1], "bins": [-1.983830451965332, -1.949308156967163, -1.9147858619689941, -1.8802635669708252, -1.8457412719726562, -1.8112189769744873, -1.7766966819763184, -1.742174506187439, -1.70765221118927, -1.673129916191101, -1.6386076211929321, -1.6040853261947632, -1.5695630311965942, -1.5350407361984253, -1.5005184412002563, -1.465996265411377, -1.431473970413208, -1.396951675415039, -1.3624293804168701, -1.3279070854187012, -1.2933847904205322, -1.2588624954223633, -1.2243402004241943, -1.1898179054260254, -1.1552956104278564, -1.1207733154296875, -1.0862510204315186, -1.0517287254333496, -1.0172064304351807, -0.9826842546463013, -0.9481619596481323, -0.9136396646499634, -0.8791173696517944, -0.8445950746536255, -0.8100727796554565, -0.7755504846572876, -0.7410281896591187, -0.7065058946609497, -0.6719837188720703, -0.6374614238739014, -0.6029391288757324, -0.5684168338775635, -0.5338945388793945, -0.4993722438812256, -0.46484994888305664, -0.4303276538848877, -0.39580535888671875, -0.3612830638885498, -0.32676076889038086, -0.29223859310150146, -0.2577162981033325, -0.22319400310516357, -0.18867170810699463, -0.15414941310882568, -0.11962711811065674, -0.08510482311248779, -0.05058252811431885, -0.016060233116149902, 0.018461942672729492, 0.05298423767089844, 0.08750653266906738, 0.12202882766723633, 0.15655112266540527, 0.19107341766357422, 0.22559580206871033]}, "params/['params']['layers_1']['linear_layer']['bias']": {"_type": "histogram", "values": [23, 0, 0, 0, 0, 0, 0, 0, 0, 0, 0, 0, 0, 0, 0, 0, 0, 0, 0, 0, 0, 0, 0, 0, 0, 0, 0, 0, 0, 0, 0, 0, 0, 0, 0, 0, 0, 0, 0, 0, 0, 0, 0, 0, 0, 0, 0, 0, 0, 0, 0, 0, 0, 0, 0, 0, 0, 0, 0, 0, 0, 0, 0, 1], "bins": [0.0, 4.2732179281301796e-05, 8.546435856260359e-05, 0.0001281965378439054, 0.00017092871712520719, 0.00021366089640650898, 0.0002563930756878108, 0.0002991252695210278, 0.00034185743425041437, 0.00038458959897980094, 0.00042732179281301796, 0.000470053986646235, 0.0005127861513756216, 0.0005555183161050081, 0.0005982505390420556, 0.0006409827037714422, 0.0006837148685008287, 0.0007264470332302153, 0.0007691791979596019, 0.0008119114208966494, 0.0008546435856260359, 0.0008973757503554225, 0.00094010797329247, 0.0009828400798141956, 0.0010255723027512431, 0.0010683045256882906, 0.0011110366322100163, 0.0011537688551470637, 0.0011965010780841112, 0.0012392331846058369, 0.0012819654075428843, 0.00132469751406461, 0.0013674297370016575, 0.001410161959938705, 0.0014528940664604306, 0.001495626289397478, 0.0015383583959192038, 0.0015810906188562512, 0.0016238228417932987, 0.0016665549483150244, 0.0017092871712520719, 0.0017520193941891193, 0.001794751500710845, 0.0018374837236478925, 0.00188021594658494, 0.0019229480531066656, 0.0019656801596283913, 0.0020084124989807606, 0.0020511446055024862, 0.002093876712024212, 0.002136609051376581, 0.002179341157898307, 0.0022220732644200325, 0.002264805603772402, 0.0023075377102941275, 0.002350269816815853, 0.0023930021561682224, 0.002435734262689948, 0.0024784663692116737, 0.0025211984757333994, 0.0025639308150857687, 0.0026066629216074944, 0.00264939502812922, 0.0026921273674815893, 0.002734859474003315]}, "params/['params']['layers_1']['linear_layer']['kernel']": {"_type": "histogram", "values": [1, 0, 1, 0, 0, 1, 0, 0, 2, 0, 0, 1, 0, 1, 0, 1, 0, 0, 2, 3, 2, 2, 0, 0, 1, 2, 2, 2, 463, 6, 0, 1, 1, 1, 1, 0, 1, 0, 0, 1, 0, 0, 0, 0, 0, 2, 0, 0, 0, 0, 0, 0, 0, 0, 0, 1, 0, 0, 0, 0, 1, 0, 0, 1],