{"loss": 0.00021187085076235235, "_timestamp": 1739963370.8341238, "_runtime": 232.01731777191162, "_step": 2793, "params/['params']['last']['bias']": {"_type": "histogram", "values": [0, 0, 0, 0, 0, 0, 0, 0, 0, 0, 0, 0, 0, 0, 0, 0, 0, 0, 0, 0, 0, 0, 0, 0, 0, 0, 0, 0, 0, 0, 0, 0, 2, 0, 0, 0, 0, 0, 0, 0, 0, 0, 0, 0, 0, 0, 0, 0, 0, 0, 0, 0, 0, 0, 0, 0, 0, 0, 0, 0, 0, 0, 0, 0], "bins": [-0.5, -0.484375, -0.46875, -0.453125, -0.4375, -0.421875, -0.40625, -0.390625, -0.375, -0.359375, -0.34375, -0.328125, -0.3125, -0.296875, -0.28125, -0.265625, -0.25, -0.234375, -0.21875, -0.203125, -0.1875, -0.171875, -0.15625, -0.140625, -0.125, -0.109375, -0.09375, -0.078125, -0.0625, -0.046875, -0.03125, -0.015625, 0.0, 0.015625, 0.03125, 0.046875, 0.0625, 0.078125, 0.09375, 0.109375, 0.125, 0.140625, 0.15625, 0.171875, 0.1875, 0.203125, 0.21875, 0.234375, 0.25, 0.265625, 0.28125, 0.296875, 0.3125, 0.328125, 0.34375, 0.359375, 0.375, 0.390625, 0.40625, 0.421875, 0.4375, 0.453125, 0.46875, 0.484375, 0.5]}, "params/['params']['last']['kernel']": {"_type": "histogram", "values": [2, 0, 0, 0, 0, 0, 0, 0, 0, 0, 0, 0, 0, 0, 0, 0, 0, 0, 0, 0, 0, 0, 0, 0, 0, 0, 0, 0, 0, 0, 38, 0, 0, 0, 0, 0, 0, 0, 0, 0, 0, 0, 0, 0, 0, 0, 0, 0, 0, 0, 0, 0, 0, 0, 0, 0, 0, 0, 0, 1, 0, 0, 0, 1], "bins": [-0.012381797656416893, -0.01197613775730133, -0.011570477858185768, -0.01116481889039278, -0.010759158991277218, -0.010353499092161655, -0.009947839193046093, -0.009542180225253105, -0.009136520326137543, -0.00873086042702198, -0.008325200527906418, -0.007919540628790855, -0.00751388119533658, -0.007108221761882305, -0.006702561862766743, -0.006296902429312468, -0.005891242530196905, -0.005485582631081343, -0.0050799231976270676, -0.004674263298511505, -0.004268603399395943, -0.003862944431602955, -0.0034572845324873924, -0.00305162463337183, -0.0026459647342562675, -0.002240304835140705, -0.0018346458673477173, -0.0014289859682321548, -0.0010233260691165924, -0.00061766617000103, -0.00021200720220804214, 0.0001936526969075203, 0.0005993125960230827, 0.0010049724951386452, 0.0014106323942542076, 0.0018162913620471954, 0.002221951261162758, 0.0026276111602783203, 0.0030332710593938828, 0.003438930958509445, 0.0038445908576250076, 0.00425025075674057, 0.004655908793210983, 0.005061568692326546, 0.005467228591442108, 0.005872888490557671, 0.006278548389673233, 0.0066842082887887955, 0.007089868187904358, 0.00749552808701992, 0.007901187986135483, 0.008306846022605896, 0.008712505921721458, 0.009118165820837021, 0.009523825719952583, 0.009929485619068146, 0.010335145518183708, 0.01074080541729927, 0.011146465316414833, 0.011552125215530396, 0.011957783252000809, 0.012363443151116371, 0.012769103050231934, 0.013174762949347496, 0.013580422848463058]}, "params/['params']['layers_0']['linear_layer']['bias']": {"_type": "histogram", "values": [0, 0, 0, 0, 0, 0, 0, 0, 0, 0, 0, 0, 0, 0, 0, 0, 0, 0, 0, 0, 0, 0, 0, 0, 0, 0, 0, 0, 0, 0, 0, 0, 24, 0, 0, 0, 0, 0, 0, 0, 0, 0, 0, 0, 0, 0, 0, 0, 0, 0, 0, 0, 0, 0, 0, 0, 0, 0, 0, 0, 0, 0, 0, 0], "bins": [-0.5, -0.484375, -0.46875, -0.453125, -0.4375, -0.421875, -0.40625, -0.390625, -0.375, -0.359375, -0.34375, -0.328125, -0.3125, -0.296875, -0.28125, -0.265625, -0.25, -0.234375, -0.21875, -0.203125, -0.1875, -0.171875, -0.15625, -0.140625, -0.125, -0.109375, -0.09375, -0.078125, -0.0625, -0.046875, -0.03125, -0.015625, 0.0, 0.015625, 0.03125, 0.046875, 0.0625, 0.078125, 0.09375, 0.109375, 0.125, 0.140625, 0.15625, 0.171875, 0.1875, 0.203125, 0.21875, 0.234375, 0.25, 0.265625, 0.28125, 0.296875, 0.3125, 0.328125, 0.34375, 0.359375, 0.375, 0.390625, 0.40625, 0.421875, 0.4375, 0.453125, 0.46875, 0.484375, 0.5]}, "params/['params']['layers_0']['linear_layer']['kernel']": {"_type": "histogram", "values": [1, 0, 0, 0, 0, 0, 0, 0, 0, 0, 0, 0, 0, 0, 0, 0, 0, 0, 0, 0, 0, 0, 0, 1, 0, 0, 0, 0, 0, 0, 0, 0, 0, 0, 0, 0, 0, 0, 0, 0, 0, 0, 0, 0, 0, 0, 0, 0, 0, 0, 0, 0, 0, 0, 0, 0, 0, 0, 0, 0, 0, 0, 0, 46], "bins": [-0.7804973721504211, -0.7683020830154419, -0.7561068534851074, -0.7439115643501282, -0.7317162752151489, -0.7195210456848145, -0.7073257565498352, -0.695130467414856, -0.6829351782798767, -0.6707399487495422, -0.658544659614563, -0.6463493704795837, -0.6341540813446045, -0.62195885181427, -0.6097635626792908, -0.5975682735443115, -0.585373044013977, -0.5731777548789978, -0.5609824657440186, -0.5487872362136841, -0.5365919470787048, -0.5243966579437256, -0.5122014284133911, -0.5000061392784119, -0.4878108501434326, -0.47561559081077576, -0.4634203016757965, -0.45122504234313965, -0.4390297830104828, -0.42683449387550354, -0.4146392345428467, -0.40244394540786743, -0.39024868607521057, -0.3780534267425537, -0.36585813760757446, -0.3536628782749176, -0.34146758913993835, -0.3292723298072815, -0.31707707047462463, -0.3048817813396454, -0.2926865220069885, -0.2804912328720093, -0.26829594373703003, -0.25610071420669556, -0.2439054250717163, -0.23171013593673706, -0.2195149064064026, -0.20731961727142334, -0.1951243281364441, -0.18292909860610962, -0.17073380947113037, -0.15853852033615112, -0.14634323120117188, -0.1341480016708374, -0.12195271253585815, -0.1097574234008789, -0.09756219387054443, -0.08536690473556519, -0.07317161560058594, -0.060976386070251465, -0.04878109693527222, -0.03658580780029297, -0.02439051866531372, -0.012195289134979248, 0.0]}, "params/['params']['layers_1']['linear_layer']['bias']": {"_type": "histogram", "values": [0, 0, 0, 0, 0, 0, 0, 0, 0, 0, 0, 0, 0, 0, 0, 0, 0, 0, 0, 0, 0, 0, 0, 0, 0, 0, 0, 0, 0, 0, 0, 0, 24, 0, 0, 0, 0, 0, 0, 0, 0, 0, 0, 0, 0, 0, 0, 0, 0, 0, 0, 0, 0, 0, 0, 0, 0, 0, 0, 0, 0, 0, 0, 0], "bins": [-0.5, -0.484375, -0.46875, -0.453125, -0.4375, -0.421875, -0.40625, -0.390625, -0.375, -0.359375, -0.34375, -0.328125, -0.3125, -0.296875, -0.28125, -0.265625, -0.25, -0.234375, -0.21875, -0.203125, -0.1875, -0.171875, -0.15625, -0.140625, -0.125, -0.109375, -0.09375, -0.078125, -0.0625, -0.046875, -0.03125, -0.015625, 0.0, 0.015625, 0.03125, 0.046875, 0.0625, 0.078125, 0.09375, 0.109375, 0.125, 0.140625, 0.15625, 0.171875, 0.1875, 0.203125, 0.21875, 0.234375, 0.25, 0.265625, 0.28125, 0.296875, 0.3125, 0.328125, 0.34375, 0.359375, 0.375, 0.390625, 0.40625, 0.421875, 0.4375, 0.453125, 0.46875, 0.484375, 0.5]}, "params/['params']['layers_1']['linear_layer']['kernel']": {"_type": "histogram", "values": [1, 0, 0, 0, 0, 0, 0, 0, 0, 0, 0, 0, 0, 0, 0, 0, 0, 2, 0, 0, 1, 0, 0, 497, 0, 0, 0, 0, 0, 0, 0, 0, 0, 0, 0, 0, 0, 0, 0, 0, 0, 0, 0, 0, 0, 0, 1, 0, 0, 0, 0, 0, 0, 0, 0, 0, 0, 0, 0, 0, 0, 0, 0, 2], "bins": [-2.3208634853363037, -2.221698760986328, -2.1225340366363525, -2.023369312286377, -1.9242048263549805, -1.8250401020050049, -1.7258753776550293, -1.6267106533050537, -1.5275460481643677, -1.4283814430236816, -1.329216718673706, -1.2300519943237305, -1.1308872699737549, -1.0317226648330688, -0.9325579404830933, -0.8333933353424072, -0.7342286109924316, -0.635063886642456, -0.53589928150177, -0.43673455715179443, -0.3375699520111084, -0.2384052276611328, -0.13924050331115723, -0.04007577896118164, 0.059088945388793945, 0.15825343132019043, 0.257418155670166, 0.3565828800201416, 0.4557476043701172, 0.5549123287200928, 0.6540768146514893, 0.7532415390014648, 0.8524062633514404, 0.951570987701416, 1.0507357120513916, 1.149900197982788, 1.2490649223327637, 1.3482296466827393, 1.4473943710327148, 1.5465590953826904, 1.645723581314087, 1.7448885440826416, 1.844053030014038, 1.9432175159454346, 2.0423824787139893, 2.1415469646453857, 2.2407119274139404, 2.339876413345337, 2.4390413761138916, 2.538205862045288, 2.6373703479766846, 2.7365353107452393, 2.8356997966766357, 2.9348647594451904, 3.034029245376587, 3.1331937313079834, 3.232358694076538, 3.3315231800079346, 3.4306881427764893, 3.5298526287078857, 3.6290171146392822, 3.728182077407837, 3.8273465633392334, 3.926511526107788, 4.025676250457764]}, "validation_loss": 0.0002137605333700776, "_wandb": {"runtime": 233}}