{"_timestamp":1.7395322618468835e+09,"_runtime":192.5296395,"_step":398,"loss":4.588761294144206e-05,"_wandb":{"runtime":193}}