{"loss": 0.19415509700775146, "_timestamp": 1739297844.42856, "_runtime": 201.15502309799194, "_step": 25, "params/['params']['last']['bias']": {"_type": "histogram", "values": [1, 0, 0, 0, 0, 0, 0, 0, 0, 0, 0, 0, 0, 0, 0, 0, 0, 0, 0, 0, 0, 0, 0, 0, 0, 0, 0, 0, 0, 0, 0, 0, 0, 0, 0, 0, 0, 0, 0, 0, 0, 0, 0, 0, 0, 0, 0, 0, 0, 0, 0, 0, 0, 0, 0, 0, 0, 0, 0, 0, 0, 0, 0, 1], "bins": [1.0058358907699585, 1.0078976154327393, 1.00995934009552, 1.0120209455490112, 1.014082670211792, 1.0161443948745728, 1.0182061195373535, 1.0202677249908447, 1.0223294496536255, 1.0243911743164062, 1.026452898979187, 1.0285146236419678, 1.030576229095459, 1.0326379537582397, 1.0346996784210205, 1.0367614030838013, 1.038823127746582, 1.0408847332000732, 1.042946457862854, 1.0450081825256348, 1.0470699071884155, 1.0491315126419067, 1.0511932373046875, 1.0532549619674683, 1.055316686630249, 1.0573784112930298, 1.059440016746521, 1.0615017414093018, 1.0635634660720825, 1.0656251907348633, 1.0676867961883545, 1.0697485208511353, 1.071810245513916, 1.0738719701766968, 1.0759336948394775, 1.0779953002929688, 1.0800570249557495, 1.0821187496185303, 1.084180474281311, 1.0862421989440918, 1.088303804397583, 1.0903655290603638, 1.0924272537231445, 1.0944889783859253, 1.0965505838394165, 1.0986123085021973, 1.100674033164978, 1.1027357578277588, 1.10479736328125, 1.1068590879440308, 1.1089208126068115, 1.1109825372695923, 1.113044261932373, 1.1151058673858643, 1.117167592048645, 1.1192293167114258, 1.1212910413742065, 1.1233527660369873, 1.1254143714904785, 1.1274760961532593, 1.12953782081604, 1.1315995454788208, 1.1336612701416016, 1.1357228755950928, 1.1377846002578735]}, "params/['params']['last']['kernel']": {"_type": "histogram", "values": [1, 0, 0, 0, 0, 0, 0, 0, 0, 0, 0, 0, 0, 0, 0, 0, 0, 0, 0, 1, 0, 0, 0, 0, 0, 1, 0, 0, 0, 0, 0, 0, 0, 0, 0, 0, 0, 0, 1, 0, 4, 1, 0, 0, 0, 0, 0, 0, 0, 0, 0, 0, 0, 0, 0, 0, 0, 0, 0, 0, 0, 1, 1, 1], "bins": [-0.24061289429664612, -0.23450711369514465, -0.22840134799480438, -0.2222955822944641, -0.21618980169296265, -0.21008402109146118, -0.2039782553911209, -0.19787248969078064, -0.19176670908927917, -0.1856609284877777, -0.17955516278743744, -0.17344939708709717, -0.1673436164855957, -0.16123783588409424, -0.15513207018375397, -0.1490263044834137, -0.14292052388191223, -0.13681474328041077, -0.1307089775800705, -0.12460320442914963, -0.11849743127822876, -0.1123916506767273, -0.10628588497638702, -0.10018011927604675, -0.09407433867454529, -0.08796855807304382, -0.08186279237270355, -0.07575702667236328, -0.06965124607086182, -0.06354546546936035, -0.05743969976902008, -0.05133393406867981, -0.045228153467178345, -0.03912237286567688, -0.03301660716533661, -0.026910841464996338, -0.020805060863494873, -0.014699280261993408, -0.008593514561653137, -0.002487748861312866, 0.0036180317401885986, 0.009723812341690063, 0.01582959294319153, 0.021935343742370605, 0.02804112434387207, 0.034146904945373535, 0.04025265574455261, 0.04635843634605408, 0.05246421694755554, 0.05856999754905701, 0.06467577815055847, 0.07078152894973755, 0.07688730955123901, 0.08299309015274048, 0.08909884095191956, 0.09520462155342102, 0.10131040215492249, 0.10741618275642395, 0.11352196335792542, 0.11962771415710449, 0.12573349475860596, 0.13183927536010742, 0.1379450261592865, 0.14405080676078796, 0.15015658736228943]}, "params/['params']['layers_0']['linear_layer']['bias']": {"_type": "histogram", "values": [1, 0, 0, 1, 1, 0, 0, 0, 0, 0, 0, 0, 0, 0, 0, 0, 0, 0, 0, 0, 0, 0, 0, 0, 0, 0, 0, 0, 0, 1, 0, 0, 0, 0, 0, 0, 0, 0, 0, 0, 0, 0, 0, 0, 0, 0, 0, 0, 1, 0, 0, 0, 0, 0, 0, 0, 0, 0, 1, 0, 0, 1, 0, 1], "bins": [-0.27440309524536133, -0.2658705413341522, -0.2573380172252655, -0.2488054633140564, -0.2402729094028473, -0.23174037039279938, -0.22320783138275146, -0.21467527747154236, -0.20614273846149445, -0.19761019945144653, -0.18907764554023743, -0.18054510653018951, -0.1720125675201416, -0.1634800136089325, -0.15494747459888458, -0.14641492068767548, -0.13788238167762756, -0.12934984266757965, -0.12081728875637054, -0.11228474974632263, -0.10375219583511353, -0.09521965682506561, -0.0866871178150177, -0.0781545639038086, -0.06962202489376068, -0.06108948588371277, -0.05255693197250366, -0.04402439296245575, -0.03549185395240784, -0.02695930004119873, -0.018426746129989624, -0.009894222021102905, -0.0013616681098937988, 0.007170885801315308, 0.015703409910202026, 0.024235963821411133, 0.03276851773262024, 0.04130104184150696, 0.049833595752716064, 0.05836614966392517, 0.06689870357513428, 0.075431227684021, 0.0839637815952301, 0.09249633550643921, 0.10102885961532593, 0.10956141352653503, 0.11809396743774414, 0.12662649154663086, 0.13515904545783997, 0.14369159936904907, 0.1522241234779358, 0.1607566773891449, 0.169289231300354, 0.17782175540924072, 0.18635430932044983, 0.19488686323165894, 0.20341938734054565, 0.21195194125175476, 0.22048449516296387, 0.22901701927185059, 0.23754960298538208, 0.2460821270942688, 0.2546146512031555, 0.263147234916687, 0.27167972922325134]}, "params/['params']['layers_0']['linear_layer']['kernel']": {"_type": "histogram", "values": [1, 0, 1, 0, 0, 0, 0, 0, 0, 0, 0, 0, 0, 0, 0, 0, 0, 0, 0, 0, 0, 0, 0, 0, 0, 0, 0, 0, 0, 1, 0, 0, 0, 1, 0, 1, 0, 0, 0, 0, 0, 0, 0, 0, 0, 0, 0, 0, 0, 0, 0, 0, 0, 1, 0, 0, 0, 1, 0, 0, 0, 0, 0, 1], "bins": [-0.5705238580703735, -0.5512543320655823, -0.5319847464561462, -0.512715220451355, -0.4934456944465637, -0.4741761386394501, -0.4549065828323364, -0.43563705682754517, -0.4163675308227539, -0.39709797501564026, -0.3778284192085266, -0.35855889320373535, -0.3392893373966217, -0.32001981139183044, -0.3007502555847168, -0.28148072957992554, -0.2622111737728119, -0.24294161796569824, -0.22367209196090698, -0.20440253615379333, -0.18513301014900208, -0.16586345434188843, -0.14659392833709717, -0.12732437252998352, -0.10805481672286987, -0.08878529071807861, -0.06951576471328735, -0.05024617910385132, -0.03097665309906006, -0.011707127094268799, 0.007562398910522461, 0.026831984519958496, 0.046101510524749756, 0.06537103652954102, 0.08464062213897705, 0.10391014814376831, 0.12317967414855957, 0.14244920015335083, 0.16171878576278687, 0.18098831176757812, 0.20025783777236938, 0.21952742338180542, 0.23879694938659668, 0.25806647539138794, 0.2773360013961792, 0.29660558700561523, 0.3158751130104065, 0.33514463901519775, 0.3544142246246338, 0.37368375062942505, 0.3929532766342163, 0.41222280263900757, 0.43149232864379883, 0.45076191425323486, 0.4700314998626709, 0.4893009662628174, 0.5085705518722534, 0.5278401374816895, 0.5471096038818359, 0.566379189491272, 0.5856486558914185, 0.6049182415008545, 0.6241878271102905, 0.643457293510437, 0.662726879119873]}, "_wandb": {"runtime": 197}}