{"loss": 4.630782859749161e-05, "_timestamp": 1739284058.5544236, "_runtime": 170.24509859085083, "_step": 394, "params/['params']['last']['bias']": {"_type": "histogram", "values": [1, 0, 0, 0, 0, 0, 0, 0, 0, 0, 0, 0, 0, 0, 0, 0, 0, 0, 0, 0, 0, 0, 0, 0, 0, 0, 0, 0, 0, 0, 0, 0, 0, 0, 0, 0, 0, 0, 0, 0, 0, 0, 0, 0, 0, 0, 0, 0, 0, 0, 0, 0, 0, 0, 0, 0, 0, 0, 0, 0, 0, 0, 0, 1], "bins": [0.0, 0.008204642683267593, 0.016409285366535187, 0.02461392804980278, 0.032818570733070374, 0.04102321341633797, 0.04922785609960556, 0.057432498782873154, 0.06563714146614075, 0.07384178042411804, 0.08204642683267593, 0.09025107324123383, 0.09845571219921112, 0.10666035115718842, 0.11486499756574631, 0.1230696439743042, 0.1312742829322815, 0.1394789218902588, 0.14768356084823608, 0.15588821470737457, 0.16409285366535187, 0.17229749262332916, 0.18050214648246765, 0.18870678544044495, 0.19691142439842224, 0.20511606335639954, 0.21332070231437683, 0.22152535617351532, 0.22972999513149261, 0.2379346340894699, 0.2461392879486084, 0.2543439269065857, 0.262548565864563, 0.2707532048225403, 0.2789578437805176, 0.2871624827384949, 0.29536712169647217, 0.30357179045677185, 0.31177642941474915, 0.31998106837272644, 0.32818570733070374, 0.33639034628868103, 0.3445949852466583, 0.3527996242046356, 0.3610042929649353, 0.3692089319229126, 0.3774135708808899, 0.3856182098388672, 0.3938228487968445, 0.4020274877548218, 0.4102321267127991, 0.41843676567077637, 0.42664140462875366, 0.43484607338905334, 0.44305071234703064, 0.45125535130500793, 0.45945999026298523, 0.4676646292209625, 0.4758692681789398, 0.4840739071369171, 0.4922785758972168, 0.5004832148551941, 0.5086878538131714, 0.5168924927711487, 0.525097131729126]}, "params/['params']['last']['kernel']": {"_type": "histogram", "values": [1, 0, 0, 0, 0, 0, 0, 0, 0, 0, 0, 0, 0, 0, 0, 0, 0, 0, 0, 0, 1, 1, 1, 0, 0, 0, 0, 35, 0, 0, 0, 0, 0, 0, 0, 0, 0, 0, 0, 0, 0, 0, 0, 0, 0, 0, 0, 0, 0, 0, 0, 0, 0, 0, 1, 0, 0, 0, 0, 0, 1, 0, 0, 1], "bins": [-0.19463203847408295, -0.1874828338623047, -0.18033364415168762, -0.17318443953990936, -0.1660352498292923, -0.15888604521751404, -0.15173685550689697, -0.1445876508951187, -0.13743844628334045, -0.1302892565727234, -0.12314005941152573, -0.11599086225032806, -0.1088416576385498, -0.10169246047735214, -0.09454326331615448, -0.08739406615495682, -0.08024486899375916, -0.07309567183256149, -0.06594647467136383, -0.05879727005958557, -0.051648080348968506, -0.04449887573719025, -0.03734968602657318, -0.030200481414794922, -0.023051276803016663, -0.015902087092399597, -0.008752882480621338, -0.0016036927700042725, 0.005545511841773987, 0.012694701552391052, 0.01984390616416931, 0.026993095874786377, 0.034142300486564636, 0.041291505098342896, 0.04844069480895996, 0.05558989942073822, 0.06273908913135529, 0.06988827884197235, 0.0770374983549118, 0.08418668806552887, 0.09133587777614594, 0.09848509728908539, 0.10563428699970245, 0.11278347671031952, 0.11993266642093658, 0.12708188593387604, 0.1342310756444931, 0.14138026535511017, 0.14852948486804962, 0.1556786745786667, 0.16282786428928375, 0.16997705399990082, 0.17712627351284027, 0.18427546322345734, 0.1914246529340744, 0.19857384264469147, 0.20572306215763092, 0.21287225186824799, 0.22002144157886505, 0.2271706610918045, 0.23431985080242157, 0.24146904051303864, 0.2486182302236557, 0.25576746463775635, 0.2629166543483734]}, "params/['params']['layers_0']['linear_layer']['bias']": {"_type": "histogram", "values": [0, 0, 0, 0, 0, 0, 0, 0, 0, 0, 0, 0, 0, 0, 0, 0, 0, 0, 0, 0, 0, 0, 0, 0, 0, 0, 0, 0, 0, 0, 0, 0, 24, 0, 0, 0, 0, 0, 0, 0, 0, 0, 0, 0, 0, 0, 0, 0, 0, 0, 0, 0, 0, 0, 0, 0, 0, 0, 0, 0, 0, 0, 0, 0], "bins": [-0.5, -0.484375, -0.46875, -0.453125, -0.4375, -0.421875, -0.40625, -0.390625, -0.375, -0.359375, -0.34375, -0.328125, -0.3125, -0.296875, -0.28125, -0.265625, -0.25, -0.234375, -0.21875, -0.203125, -0.1875, -0.171875, -0.15625, -0.140625, -0.125, -0.109375, -0.09375, -0.078125, -0.0625, -0.046875, -0.03125, -0.015625, 0.0, 0.015625, 0.03125, 0.046875, 0.0625, 0.078125, 0.09375, 0.109375, 0.125, 0.140625, 0.15625, 0.171875, 0.1875, 0.203125, 0.21875, 0.234375, 0.25, 0.265625, 0.28125, 0.296875, 0.3125, 0.328125, 0.34375, 0.359375, 0.375, 0.390625, 0.40625, 0.421875, 0.4375, 0.453125, 0.46875, 0.484375, 0.5]}, "params/['params']['layers_0']['linear_layer']['kernel']": {"_type": "histogram", "values": [1, 0, 0, 0, 0, 0, 0, 0, 0, 0, 0, 0, 0, 0, 0, 0, 0, 0, 0, 2, 0, 0, 0, 0, 0, 0, 0, 0, 0, 0, 0, 0, 0, 1, 0, 0, 0, 0, 0, 0, 0, 0, 0, 0, 89, 0, 0, 0, 0, 0, 0, 0, 0, 0, 0, 0, 0, 0, 0, 0, 0, 0, 0, 3], "bins": [-1.4567867517471313, -1.4241975545883179, -1.391608476638794, -1.3590192794799805, -1.326430082321167, -1.2938408851623535, -1.2612518072128296, -1.2286626100540161, -1.1960734128952026, -1.1634843349456787, -1.1308951377868652, -1.0983059406280518, -1.0657167434692383, -1.0331276655197144, -1.0005384683609009, -0.9679492712020874, -0.9353601336479187, -0.90277099609375, -0.8701817989349365, -0.8375926613807678, -0.8050034642219543, -0.7724143266677856, -0.7398251295089722, -0.7072359919548035, -0.6746468544006348, -0.6420576572418213, -0.6094685196876526, -0.5768793225288391, -0.5442901849746704, -0.5117009878158569, -0.47911185026168823, -0.44652271270751953, -0.41393351554870605, -0.3813443183898926, -0.34875524044036865, -0.3161660432815552, -0.2835768461227417, -0.2509876489639282, -0.2183985710144043, -0.18580937385559082, -0.15322017669677734, -0.12063109874725342, -0.08804190158843994, -0.055452704429626465, -0.02286350727081299, 0.009725570678710938, 0.042314767837524414, 0.07490396499633789, 0.10749304294586182, 0.1400822401046753, 0.17267143726348877, 0.20526063442230225, 0.23784971237182617, 0.27043890953063965, 0.3030281066894531, 0.3356173038482666, 0.3682063817977905, 0.400795578956604, 0.4333847761154175, 0.4659738540649414, 0.4985630512237549, 0.5311522483825684, 0.5637413263320923, 0.5963305234909058, 0.6289196610450745]}, "params/['params']['layers_1']['linear_layer']['bias']": {"_type": "histogram", "values": [0, 0, 0, 0, 0, 0, 0, 0, 0, 0, 0, 0, 0, 0, 0, 0, 0, 0, 0, 0, 0, 0, 0, 0, 0, 0, 0, 0, 0, 0, 0, 0, 24, 0, 0, 0, 0, 0, 0, 0, 0, 0, 0, 0, 0, 0, 0, 0, 0, 0, 0, 0, 0, 0, 0, 0, 0, 0, 0, 0, 0, 0, 0, 0], "bins": [-0.5, -0.484375, -0.46875, -0.453125, -0.4375, -0.421875, -0.40625, -0.390625, -0.375, -0.359375, -0.34375, -0.328125, -0.3125, -0.296875, -0.28125, -0.265625, -0.25, -0.234375, -0.21875, -0.203125, -0.1875, -0.171875, -0.15625, -0.140625, -0.125, -0.109375, -0.09375, -0.078125, -0.0625, -0.046875, -0.03125, -0.015625, 0.0, 0.015625, 0.03125, 0.046875, 0.0625, 0.078125, 0.09375, 0.109375, 0.125, 0.140625, 0.15625, 0.171875, 0.1875, 0.203125, 0.21875, 0.234375, 0.25, 0.265625, 0.28125, 0.296875, 0.3125, 0.328125, 0.34375, 0.359375, 0.375, 0.390625, 0.40625, 0.421875, 0.4375, 0.453125, 0.46875, 0.484375, 0.5]}, "params/['params']['layers_1']['linear_layer']['kernel']": {"_type": "histogram", "values": [1, 0, 0, 0, 0, 0, 0, 0, 0, 0, 0, 0, 0, 0, 0, 0, 1, 0, 2, 4, 1, 0, 0, 2, 0, 0, 0, 0, 0, 3, 0, 0, 3, 0, 0, 0, 0, 3, 464, 2, 0, 5, 1, 1, 1, 1, 0, 1, 0, 1, 0, 0, 2, 0, 1, 0, 2, 0, 0, 1, 0, 0, 0, 1],