{"loss": 0.24167129397392273, "_timestamp": 1739297049.9621003, "_runtime": 3461.1369981765747, "_step": 330}