{"loss": 0.001378388493321836, "_timestamp": 1739552125.0456092, "_runtime": 215.96955823898315, "_step": 405, "validation_loss": 0.0012933327816426754, "params/['params']['last']['bias']": {"_type": "histogram", "values": [1, 0, 0, 0, 0, 0, 0, 0, 0, 0, 0, 0, 0, 0, 0, 0, 0, 0, 0, 0, 0, 0, 0, 0, 0, 0, 0, 0, 0, 0, 0, 0, 0, 0, 0, 0, 0, 0, 0, 0, 0, 0, 0, 0, 0, 0, 0, 0, 0, 0, 0, 0, 0, 0, 0, 0, 0, 0, 0, 0, 0, 0, 0, 1], "bins": [0.13518880307674408, 0.14715807139873505, 0.1591273546218872, 0.17109662294387817, 0.18306589126586914, 0.1950351595878601, 0.20700442790985107, 0.21897371113300323, 0.2309429794549942, 0.24291224777698517, 0.25488153100013733, 0.2668507993221283, 0.27882006764411926, 0.29078933596611023, 0.3027586340904236, 0.31472790241241455, 0.3266971707344055, 0.3386664390563965, 0.35063570737838745, 0.3626049757003784, 0.3745742440223694, 0.38654351234436035, 0.3985127806663513, 0.4104820489883423, 0.42245131731033325, 0.4344205856323242, 0.4463898539543152, 0.45835912227630615, 0.4703284502029419, 0.48229771852493286, 0.49426698684692383, 0.5062362551689148, 0.5182055234909058, 0.5301747918128967, 0.5421440601348877, 0.5541133284568787, 0.5660825967788696, 0.5780518651008606, 0.5900211334228516, 0.6019904017448425, 0.6139596700668335, 0.6259289383888245, 0.6378982663154602, 0.6498675346374512, 0.6618368029594421, 0.6738060712814331, 0.6857753396034241, 0.697744607925415, 0.709713876247406, 0.721683144569397, 0.7336524128913879, 0.7456216812133789, 0.7575909495353699, 0.7695602178573608, 0.7815294861793518, 0.7934987545013428, 0.8054680824279785, 0.8174373507499695, 0.8294066190719604, 0.8413758873939514, 0.8533451557159424, 0.8653144240379333, 0.8772836923599243, 0.8892529606819153, 0.9012222290039062]}, "params/['params']['last']['kernel']": {"_type": "histogram", "values": [1, 0, 0, 0, 0, 0, 0, 0, 0, 0, 0, 0, 0, 0, 0, 1, 0, 0, 0, 0, 0, 0, 0, 0, 0, 0, 0, 1, 1, 0, 0, 0, 0, 0, 0, 0, 0, 1, 1, 0, 0, 28, 1, 0, 0, 0, 0, 0, 0, 0, 0, 0, 0, 0, 0, 0, 0, 0, 0, 0, 0, 0, 0, 1], "bins": [-0.23563309013843536, -0.22992242872714996, -0.22421176731586456, -0.21850112080574036, -0.21279045939445496, -0.20707979798316956, -0.20136913657188416, -0.19565847516059875, -0.18994782865047455, -0.18423716723918915, -0.17852650582790375, -0.17281585931777954, -0.16710519790649414, -0.16139453649520874, -0.15568387508392334, -0.14997321367263794, -0.14426255226135254, -0.13855189085006714, -0.13284124433994293, -0.12713058292865753, -0.12141992896795273, -0.11570926755666733, -0.10999861359596252, -0.10428795218467712, -0.09857729077339172, -0.09286662936210632, -0.08715598285198212, -0.08144532144069672, -0.07573466002941132, -0.07002399861812592, -0.06431335210800171, -0.05860269069671631, -0.05289202928543091, -0.04718136787414551, -0.04147070646286011, -0.0357600599527359, -0.0300493985414505, -0.0243387371301651, -0.0186280757188797, -0.012917429208755493, -0.007206767797470093, -0.0014961063861846924, 0.004214555025100708, 0.009925216436386108, 0.015635862946510315, 0.021346524357795715, 0.027057185769081116, 0.032767847180366516, 0.038478508591651917, 0.04418917000293732, 0.04989983141422272, 0.05561046302318573, 0.06132112443447113, 0.06703178584575653, 0.07274244725704193, 0.07845310866832733, 0.08416377007961273, 0.08987443149089813, 0.09558509290218353, 0.10129575431346893, 0.10700638592243195, 0.11271704733371735, 0.11842770874500275, 0.12413837015628815, 0.12984903156757355]}, "params/['params']['layers_0']['linear_layer']['bias']": {"_type": "histogram", "values": [0, 0, 0, 0, 0, 0, 0, 0, 0, 0, 0, 0, 0, 0, 0, 0, 0, 0, 0, 0, 0, 0, 0, 0, 0, 0, 0, 0, 0, 0, 0, 0, 22, 0, 0, 0, 0, 0, 0, 0, 0, 0, 0, 0, 0, 0, 0, 0, 0, 0, 0, 0, 0, 0, 0, 0, 0, 0, 0, 0, 0, 0, 0, 0], "bins": [-0.5, -0.484375, -0.46875, -0.453125, -0.4375, -0.421875, -0.40625, -0.390625, -0.375, -0.359375, -0.34375, -0.328125, -0.3125, -0.296875, -0.28125, -0.265625, -0.25, -0.234375, -0.21875, -0.203125, -0.1875, -0.171875, -0.15625, -0.140625, -0.125, -0.109375, -0.09375, -0.078125, -0.0625, -0.046875, -0.03125, -0.015625, 0.0, 0.015625, 0.03125, 0.046875, 0.0625, 0.078125, 0.09375, 0.109375, 0.125, 0.140625, 0.15625, 0.171875, 0.1875, 0.203125, 0.21875, 0.234375, 0.25, 0.265625, 0.28125, 0.296875, 0.3125, 0.328125, 0.34375, 0.359375, 0.375, 0.390625, 0.40625, 0.421875, 0.4375, 0.453125, 0.46875, 0.484375, 0.5]}, "params/['params']['layers_0']['linear_layer']['kernel']": {"_type": "histogram", "values": [1, 0, 0, 0, 0, 0, 1, 1, 1, 0, 0, 1, 0, 1, 0, 0, 0, 0, 0, 0, 2, 0, 0, 1, 4, 37, 5, 2, 0, 0, 2, 0, 0, 1, 0, 0, 0, 1, 0, 1, 0, 0, 0, 1, 0, 1, 0, 0, 0, 0, 0, 0, 0, 0, 1, 0, 0, 0, 0, 0, 0, 0, 0, 1], "bins": [-0.7969497442245483, -0.7657747268676758, -0.7345997095108032, -0.7034246921539307, -0.6722496747970581, -0.6410746574401855, -0.6098996996879578, -0.5787246823310852, -0.5475496649742126, -0.5163746476173401, -0.48519963026046753, -0.45402464270591736, -0.4228496253490448, -0.39167460799217224, -0.36049962043762207, -0.3293246030807495, -0.29814958572387695, -0.2669745683670044, -0.23579955101013184, -0.20462453365325928, -0.17344951629638672, -0.14227455854415894, -0.11109954118728638, -0.07992452383041382, -0.04874950647354126, -0.0175744891166687, 0.013600528240203857, 0.044775545597076416, 0.0759505033493042, 0.10712552070617676, 0.13830053806304932, 0.16947555541992188, 0.20065057277679443, 0.231825590133667, 0.26300060749053955, 0.2941756248474121, 0.32535064220428467, 0.3565256595611572, 0.3877006769180298, 0.41887569427490234, 0.4500507116317749, 0.4812256097793579, 0.5124006271362305, 0.543575644493103, 0.5747506618499756, 0.6059256792068481, 0.6371006965637207, 0.6682757139205933, 0.6994507312774658, 0.7306257486343384, 0.7618007659912109, 0.7929757833480835, 0.824150800704956, 0.8553258180618286, 0.8865008354187012, 0.9176758527755737, 0.9488507509231567, 0.9800257682800293, 1.0112007856369019, 1.0423758029937744, 1.073550820350647, 1.1047258377075195, 1.135900855064392, 1.1670758724212646, 1.1982508897781372]}, "params/['params']['layers_1']['linear_layer']['bias']": {"_type": "histogram", "values": [0, 0, 0, 0, 0, 0, 0, 0, 0, 0, 0, 0, 0, 0, 0, 0, 0, 0, 0, 0, 0, 0, 0, 0, 0, 0, 0, 0, 0, 0, 0, 0, 22, 0, 0, 0, 0, 0, 0, 0, 0, 0, 0, 0, 0, 0, 0, 0, 0, 0, 0, 0, 0, 0, 0, 0, 0, 0, 0, 0, 0, 0, 0, 0], "bins": [-0.5, -0.484375, -0.46875, -0.453125, -0.4375, -0.421875, -0.40625, -0.390625, -0.375, -0.359375, -0.34375, -0.328125, -0.3125, -0.296875, -0.28125, -0.265625, -0.25, -0.234375, -0.21875, -0.203125, -0.1875, -0.171875, -0.15625, -0.140625, -0.125, -0.109375, -0.09375, -0.078125, -0.0625, -0.046875, -0.03125, -0.015625, 0.0, 0.015625, 0.03125, 0.046875, 0.0625, 0.078125, 0.09375, 0.109375, 0.125, 0.140625, 0.15625, 0.171875, 0.1875, 0.203125, 0.21875, 0.234375, 0.25, 0.265625, 0.28125, 0.296875, 0.3125, 0.328125, 0.34375, 0.359375, 0.375, 0.390625, 0.40625, 0.421875, 0.4375, 0.453125, 0.46875, 0.484375, 0.5]}, "params/['params']['layers_1']['linear_layer']['kernel']": {"_type": "histogram", "values": [1, 0, 0, 2, 0, 0, 0, 0, 0, 1, 1, 1, 1, 1, 1, 0, 1, 3, 3, 1, 2, 3, 2, 3, 1, 0, 2, 2, 2, 4, 5, 9, 318, 4, 2, 3, 4, 1, 0, 1, 1, 1, 0, 0, 0, 1, 0, 2, 1, 0, 2, 0, 0, 0, 0, 0, 0, 1, 0, 0, 0, 0, 1, 1],