{"loss": 0.0027559574227780104, "_timestamp": 1739547061.5535023, "_runtime": 176.04172730445862, "_step": 405, "validation_loss": 0.0026786052621901035, "params/['params']['last']['bias']": {"_type": "histogram", "values": [0, 0, 0, 0, 0, 0, 0, 0, 0, 0, 0, 0, 0, 0, 0, 0, 0, 0, 0, 0, 0, 0, 0, 0, 0, 0, 0, 0, 0, 0, 0, 0, 2, 0, 0, 0, 0, 0, 0, 0, 0, 0, 0, 0, 0, 0, 0, 0, 0, 0, 0, 0, 0, 0, 0, 0, 0, 0, 0, 0, 0, 0, 0, 0], "bins": [-0.5, -0.484375, -0.46875, -0.453125, -0.4375, -0.421875, -0.40625, -0.390625, -0.375, -0.359375, -0.34375, -0.328125, -0.3125, -0.296875, -0.28125, -0.265625, -0.25, -0.234375, -0.21875, -0.203125, -0.1875, -0.171875, -0.15625, -0.140625, -0.125, -0.109375, -0.09375, -0.078125, -0.0625, -0.046875, -0.03125, -0.015625, 0.0, 0.015625, 0.03125, 0.046875, 0.0625, 0.078125, 0.09375, 0.109375, 0.125, 0.140625, 0.15625, 0.171875, 0.1875, 0.203125, 0.21875, 0.234375, 0.25, 0.265625, 0.28125, 0.296875, 0.3125, 0.328125, 0.34375, 0.359375, 0.375, 0.390625, 0.40625, 0.421875, 0.4375, 0.453125, 0.46875, 0.484375, 0.5]}, "params/['params']['last']['kernel']": {"_type": "histogram", "values": [1, 0, 0, 0, 0, 0, 0, 0, 0, 0, 0, 0, 0, 0, 0, 0, 0, 0, 0, 0, 0, 0, 0, 0, 0, 0, 0, 0, 0, 0, 0, 0, 0, 0, 0, 0, 0, 0, 0, 0, 0, 0, 0, 0, 0, 0, 0, 0, 0, 0, 0, 0, 0, 0, 0, 0, 0, 0, 0, 26, 0, 0, 2, 1], "bins": [-0.10145031660795212, -0.0997496172785759, -0.09804892539978027, -0.09634822607040405, -0.09464752674102783, -0.09294683486223221, -0.09124613553285599, -0.08954543620347977, -0.08784474432468414, -0.08614404499530792, -0.0844433456659317, -0.08274265378713608, -0.08104195445775986, -0.07934126257896423, -0.07764056324958801, -0.07593986392021179, -0.07423916459083557, -0.07253847271203995, -0.07083777338266373, -0.0691370815038681, -0.06743638217449188, -0.06573568284511566, -0.06403498351573944, -0.06233429163694382, -0.060633592307567596, -0.058932896703481674, -0.05723220109939575, -0.05553150549530983, -0.05383080616593361, -0.05213011056184769, -0.050429414957761765, -0.048728715628385544, -0.04702802002429962, -0.0453273244202137, -0.04362662509083748, -0.041925929486751556, -0.040225233882665634, -0.03852453827857971, -0.03682383894920349, -0.03512313961982727, -0.03342244774103165, -0.031721748411655426, -0.030021049082279205, -0.02832035720348358, -0.02661965787410736, -0.02491895854473114, -0.023218266665935516, -0.021517567336559296, -0.019816868007183075, -0.01811617612838745, -0.01641547679901123, -0.014714784920215607, -0.013014085590839386, -0.011313386261463165, -0.009612694382667542, -0.00791199505329132, -0.0062112957239151, -0.004510603845119476, -0.0028099045157432556, -0.001109205186367035, 0.0005914866924285889, 0.0022921860218048096, 0.00399288535118103, 0.005693577229976654, 0.007394278421998024]}, "params/['params']['layers_0']['linear_layer']['bias']": {"_type": "histogram", "values": [0, 0, 0, 0, 0, 0, 0, 0, 0, 0, 0, 0, 0, 0, 0, 0, 0, 0, 0, 0, 0, 0, 0, 0, 0, 0, 0, 0, 0, 0, 0, 0, 18, 0, 0, 0, 0, 0, 0, 0, 0, 0, 0, 0, 0, 0, 0, 0, 0, 0, 0, 0, 0, 0, 0, 0, 0, 0, 0, 0, 0, 0, 0, 0], "bins": [-0.5, -0.484375, -0.46875, -0.453125, -0.4375, -0.421875, -0.40625, -0.390625, -0.375, -0.359375, -0.34375, -0.328125, -0.3125, -0.296875, -0.28125, -0.265625, -0.25, -0.234375, -0.21875, -0.203125, -0.1875, -0.171875, -0.15625, -0.140625, -0.125, -0.109375, -0.09375, -0.078125, -0.0625, -0.046875, -0.03125, -0.015625, 0.0, 0.015625, 0.03125, 0.046875, 0.0625, 0.078125, 0.09375, 0.109375, 0.125, 0.140625, 0.15625, 0.171875, 0.1875, 0.203125, 0.21875, 0.234375, 0.25, 0.265625, 0.28125, 0.296875, 0.3125, 0.328125, 0.34375, 0.359375, 0.375, 0.390625, 0.40625, 0.421875, 0.4375, 0.453125, 0.46875, 0.484375, 0.5]}, "params/['params']['layers_0']['linear_layer']['kernel']": {"_type": "histogram", "values": [1, 0, 0, 0, 2, 0, 0, 0, 32, 0, 0, 0, 0, 0, 0, 0, 0, 0, 0, 0, 0, 0, 0, 0, 0, 0, 0, 0, 0, 0, 0, 0, 0, 0, 0, 0, 0, 0, 0, 0, 0, 0, 0, 0, 0, 0, 0, 0, 0, 0, 0, 0, 0, 0, 0, 0, 0, 0, 0, 0, 0, 0, 0, 1], "bins": [-0.3108915388584137, -0.27279937267303467, -0.23470720648765564, -0.1966150403022766, -0.15852287411689758, -0.12043070793151855, -0.08233854174613953, -0.0442463755607605, -0.00615420937538147, 0.03193795680999756, 0.07003012299537659, 0.10812228918075562, 0.14621445536613464, 0.18430662155151367, 0.2223987877368927, 0.2604909837245941, 0.29858312010765076, 0.3366752564907074, 0.3747674524784088, 0.41285964846611023, 0.45095178484916687, 0.4890439212322235, 0.5271360874176025, 0.5652283430099487, 0.6033204793930054, 0.641412615776062, 0.6795047521591187, 0.7175970077514648, 0.7556891441345215, 0.7937812805175781, 0.8318735361099243, 0.869965672492981, 0.9080578088760376, 0.9461499452590942, 0.9842420816421509, 1.022334337234497, 1.0604264736175537, 1.0985186100006104, 1.1366108655929565, 1.1747030019760132, 1.2127951383590698, 1.2508872747421265, 1.288979411125183, 1.3270716667175293, 1.365163803100586, 1.4032559394836426, 1.4413481950759888, 1.4794403314590454, 1.517532467842102, 1.5556246042251587, 1.5937167406082153, 1.6318089962005615, 1.6699011325836182, 1.7079933881759644, 1.746085524559021, 1.7841776609420776, 1.8222697973251343, 1.860361933708191, 1.8984540700912476, 1.9365462064743042, 1.97463858127594, 2.012730598449707, 2.0508227348327637, 2.0889148712158203, 2.127007007598877]}, "params/['params']['layers_1']['linear_layer']['bias']": {"_type": "histogram", "values": [0, 0, 0, 0, 0, 0, 0, 0, 0, 0, 0, 0, 0, 0, 0, 0, 0, 0, 0, 0, 0, 0, 0, 0, 0, 0, 0, 0, 0, 0, 0, 0, 18, 0, 0, 0, 0, 0, 0, 0, 0, 0, 0, 0, 0, 0, 0, 0, 0, 0, 0, 0, 0, 0, 0, 0, 0, 0, 0, 0, 0, 0, 0, 0], "bins": [-0.5, -0.484375, -0.46875, -0.453125, -0.4375, -0.421875, -0.40625, -0.390625, -0.375, -0.359375, -0.34375, -0.328125, -0.3125, -0.296875, -0.28125, -0.265625, -0.25, -0.234375, -0.21875, -0.203125, -0.1875, -0.171875, -0.15625, -0.140625, -0.125, -0.109375, -0.09375, -0.078125, -0.0625, -0.046875, -0.03125, -0.015625, 0.0, 0.015625, 0.03125, 0.046875, 0.0625, 0.078125, 0.09375, 0.109375, 0.125, 0.140625, 0.15625, 0.171875, 0.1875, 0.203125, 0.21875, 0.234375, 0.25, 0.265625, 0.28125, 0.296875, 0.3125, 0.328125, 0.34375, 0.359375, 0.375, 0.390625, 0.40625, 0.421875, 0.4375, 0.453125, 0.46875, 0.484375, 0.5]}, "params/['params']['layers_1']['linear_layer']['kernel']": {"_type": "histogram", "values": [1, 0, 0, 0, 0, 0, 0, 0, 0, 0, 0, 0, 0, 0, 0, 0, 0, 0, 0, 265, 0, 0, 0, 0, 0, 0, 1, 0, 0, 0, 0, 0, 1, 0, 0, 0, 0, 1, 0, 0, 0, 0, 0, 0, 0, 0, 0, 0, 0, 0, 0, 0, 0, 0, 0, 0, 0, 0, 0, 0, 0, 0, 0, 1], "bins": [-1.3359707593917847, -1.2681915760040283, -1.200412392616272, -1.1326332092285156, -1.0648540258407593, -0.9970748424530029, -0.9292957186698914, -0.861516535282135, -0.7937373518943787, -0.7259581685066223, -0.658178985118866, -0.5903998017311096, -0.522620677947998, -0.4548414945602417, -0.38706231117248535, -0.319283127784729, -0.25150394439697266, -0.1837247610092163, -0.11594557762145996, -0.04816639423370361, 0.019612789154052734, 0.08739197254180908, 0.15517115592956543, 0.22295033931732178, 0.2907294034957886, 0.3585085868835449, 0.42628777027130127, 0.4940669536590576, 0.561846137046814, 0.6296253204345703, 0.6974045038223267, 0.7651838064193726, 0.8329628705978394, 0.9007419347763062, 0.968521237373352, 1.0363003015518188, 1.1040796041488647, 1.1718586683273315, 1.2396379709243774, 1.3074170351028442, 1.3751963376998901, 1.442975401878357, 1.5107547044754028, 1.5785337686538696, 1.6463130712509155, 1.7140921354293823, 1.7818714380264282, 1.849650502204895, 1.9174295663833618, 1.9852088689804077, 2.052988052368164, 2.120767116546631, 2.1885461807250977, 2.2563257217407227, 2.3241047859191895, 2.3918838500976562, 2.459662914276123, 2.527442455291748, 2.595221519470215, 2.6630005836486816, 2.7307796478271484, 2.7985587120056152, 2.8663382530212402, 2.934117317199707, 3.001896381378174]}, "_wandb": {"runtime": 175}}