{"loss": 0.004692875314503908, "_timestamp": 1739964193.9042447, "_runtime": 173.26374554634094, "_step": 2793, "params/['params']['last']['bias']": {"_type": "histogram", "values": [1, 0, 0, 0, 0, 0, 0, 0, 0, 0, 0, 0, 0, 0, 0, 0, 0, 0, 0, 0, 0, 0, 0, 0, 0, 0, 0, 0, 0, 0, 0, 0, 0, 0, 0, 0, 0, 0, 0, 0, 0, 0, 0, 0, 0, 0, 0, 0, 0, 0, 0, 0, 0, 0, 0, 0, 0, 0, 0, 0, 0, 0, 0, 1], "bins": [0.0, 0.008251145482063293, 0.016502290964126587, 0.02475343644618988, 0.033004581928253174, 0.04125572741031647, 0.04950687289237976, 0.057758018374443054, 0.06600916385650635, 0.07426030933856964, 0.08251145482063293, 0.09076260030269623, 0.09901374578475952, 0.10726489126682281, 0.11551603674888611, 0.1237671822309494, 0.1320183277130127, 0.140269473195076, 0.14852061867713928, 0.15677176415920258, 0.16502290964126587, 0.17327405512332916, 0.18152520060539246, 0.18977634608745575, 0.19802749156951904, 0.20627863705158234, 0.21452978253364563, 0.22278092801570892, 0.23103207349777222, 0.2392832189798355, 0.2475343644618988, 0.2557855248451233, 0.2640366554260254, 0.2722877860069275, 0.280538946390152, 0.28879010677337646, 0.29704123735427856, 0.30529236793518066, 0.31354352831840515, 0.32179468870162964, 0.33004581928253174, 0.33829694986343384, 0.3465481102466583, 0.3547992706298828, 0.3630504012107849, 0.371301531791687, 0.3795526921749115, 0.387803852558136, 0.3960549831390381, 0.4043061137199402, 0.4125572741031647, 0.42080843448638916, 0.42905956506729126, 0.43731069564819336, 0.44556185603141785, 0.45381301641464233, 0.46206414699554443, 0.47031527757644653, 0.478566437959671, 0.4868175983428955, 0.4950687289237976, 0.5033198595046997, 0.5115710496902466, 0.5198221802711487, 0.5280733108520508]}, "params/['params']['last']['kernel']": {"_type": "histogram", "values": [1, 0, 0, 0, 0, 0, 0, 0, 0, 0, 0, 0, 0, 0, 0, 0, 0, 0, 0, 0, 0, 0, 0, 0, 0, 0, 0, 0, 0, 0, 0, 0, 0, 0, 0, 0, 0, 0, 0, 0, 0, 0, 0, 0, 0, 0, 0, 0, 0, 0, 0, 0, 0, 0, 0, 0, 0, 0, 0, 0, 0, 1, 0, 28], "bins": [-0.5376955270767212, -0.5292940139770508, -0.5208925604820251, -0.5124910473823547, -0.5040895342826843, -0.4956880807876587, -0.4872865676879883, -0.47888508439064026, -0.47048360109329224, -0.4620820879936218, -0.4536806046962738, -0.4452791213989258, -0.43687760829925537, -0.42847612500190735, -0.4200746417045593, -0.4116731286048889, -0.4032716453075409, -0.39487016201019287, -0.38646864891052246, -0.37806716561317444, -0.3696656823158264, -0.361264169216156, -0.352862685918808, -0.34446120262145996, -0.33605968952178955, -0.32765820622444153, -0.3192567229270935, -0.3108552098274231, -0.3024537265300751, -0.29405224323272705, -0.28565075993537903, -0.2772492468357086, -0.2688477635383606, -0.2604462802410126, -0.25204476714134216, -0.24364328384399414, -0.23524180054664612, -0.2268402874469757, -0.21843880414962769, -0.21003732085227966, -0.20163583755493164, -0.19323432445526123, -0.1848328411579132, -0.17643135786056519, -0.16802984476089478, -0.15962836146354675, -0.15122687816619873, -0.14282536506652832, -0.1344238817691803, -0.12602239847183228, -0.11762088537216187, -0.10921940207481384, -0.10081791877746582, -0.09241640567779541, -0.08401492238044739, -0.07561343908309937, -0.06721192598342896, -0.05881044268608093, -0.05040895938873291, -0.04200747609138489, -0.033605992794036865, -0.025204479694366455, -0.016802966594696045, -0.00840151309967041, 0.0]}, "params/['params']['layers_0']['linear_layer']['bias']": {"_type": "histogram", "values": [0, 0, 0, 0, 0, 0, 0, 0, 0, 0, 0, 0, 0, 0, 0, 0, 0, 0, 0, 0, 0, 0, 0, 0, 0, 0, 0, 0, 0, 0, 0, 0, 18, 0, 0, 0, 0, 0, 0, 0, 0, 0, 0, 0, 0, 0, 0, 0, 0, 0, 0, 0, 0, 0, 0, 0, 0, 0, 0, 0, 0, 0, 0, 0], "bins": [-0.5, -0.484375, -0.46875, -0.453125, -0.4375, -0.421875, -0.40625, -0.390625, -0.375, -0.359375, -0.34375, -0.328125, -0.3125, -0.296875, -0.28125, -0.265625, -0.25, -0.234375, -0.21875, -0.203125, -0.1875, -0.171875, -0.15625, -0.140625, -0.125, -0.109375, -0.09375, -0.078125, -0.0625, -0.046875, -0.03125, -0.015625, 0.0, 0.015625, 0.03125, 0.046875, 0.0625, 0.078125, 0.09375, 0.109375, 0.125, 0.140625, 0.15625, 0.171875, 0.1875, 0.203125, 0.21875, 0.234375, 0.25, 0.265625, 0.28125, 0.296875, 0.3125, 0.328125, 0.34375, 0.359375, 0.375, 0.390625, 0.40625, 0.421875, 0.4375, 0.453125, 0.46875, 0.484375, 0.5]}, "params/['params']['layers_0']['linear_layer']['kernel']": {"_type": "histogram", "values": [1, 0, 0, 0, 0, 0, 0, 0, 0, 0, 0, 0, 0, 0, 0, 0, 0, 0, 0, 0, 0, 0, 0, 0, 0, 0, 0, 0, 0, 0, 32, 0, 0, 0, 0, 0, 0, 0, 0, 0, 0, 2, 0, 0, 0, 0, 0, 0, 0, 0, 0, 0, 0, 0, 0, 0, 0, 0, 0, 0, 0, 0, 0, 1], "bins": [-1.1938668489456177, -1.1551874876022339, -1.11650812625885, -1.0778287649154663, -1.0391494035720825, -1.0004700422286987, -0.9617906212806702, -0.9231112599372864, -0.8844318985939026, -0.8457525372505188, -0.807073175907135, -0.7683937549591064, -0.7297143936157227, -0.6910350322723389, -0.6523556709289551, -0.6136763095855713, -0.5749969482421875, -0.5363175868988037, -0.4976382255554199, -0.45895886421203613, -0.42027950286865234, -0.3816000819206238, -0.34292072057724, -0.3042413592338562, -0.2655619978904724, -0.22688263654708862, -0.18820321559906006, -0.14952385425567627, -0.11084449291229248, -0.07216513156890869, -0.0334857702255249, 0.005193591117858887, 0.043872952461242676, 0.08255231380462646, 0.12123167514801025, 0.15991103649139404, 0.19859039783477783, 0.23726975917816162, 0.2759491205215454, 0.3146284818649292, 0.353307843208313, 0.39198732376098633, 0.4306666851043701, 0.4693460464477539, 0.5080254077911377, 0.5467047691345215, 0.5853841304779053, 0.6240634918212891, 0.6627428531646729, 0.7014222145080566, 0.7401015758514404, 0.7787809371948242, 0.8174604177474976, 0.8561397790908813, 0.8948191404342651, 0.9334985017776489, 0.9721778631210327, 1.0108572244644165, 1.0495365858078003, 1.088215947151184, 1.1268953084945679, 1.1655746698379517, 1.2042540311813354, 1.2429333925247192, 1.281612753868103]}, "params/['params']['layers_1']['linear_layer']['bias']": {"_type": "histogram", "values": [0, 0, 0, 0, 0, 0, 0, 0, 0, 0, 0, 0, 0, 0, 0, 0, 0, 0, 0, 0, 0, 0, 0, 0, 0, 0, 0, 0, 0, 0, 0, 0, 18, 0, 0, 0, 0, 0, 0, 0, 0, 0, 0, 0, 0, 0, 0, 0, 0, 0, 0, 0, 0, 0, 0, 0, 0, 0, 0, 0, 0, 0, 0, 0], "bins": [-0.5, -0.484375, -0.46875, -0.453125, -0.4375, -0.421875, -0.40625, -0.390625, -0.375, -0.359375, -0.34375, -0.328125, -0.3125, -0.296875, -0.28125, -0.265625, -0.25, -0.234375, -0.21875, -0.203125, -0.1875, -0.171875, -0.15625, -0.140625, -0.125, -0.109375, -0.09375, -0.078125, -0.0625, -0.046875, -0.03125, -0.015625, 0.0, 0.015625, 0.03125, 0.046875, 0.0625, 0.078125, 0.09375, 0.109375, 0.125, 0.140625, 0.15625, 0.171875, 0.1875, 0.203125, 0.21875, 0.234375, 0.25, 0.265625, 0.28125, 0.296875, 0.3125, 0.328125, 0.34375, 0.359375, 0.375, 0.390625, 0.40625, 0.421875, 0.4375, 0.453125, 0.46875, 0.484375, 0.5]}, "params/['params']['layers_1']['linear_layer']['kernel']": {"_type": "histogram", "values": [1, 0, 0, 0, 0, 0, 0, 0, 0, 0, 0, 0, 0, 0, 0, 0, 0, 0, 0, 0, 0, 0, 0, 1, 0, 0, 0, 0, 0, 0, 1, 261, 1, 1, 0, 0, 0, 0, 0, 1, 0, 0, 0, 1, 0, 0, 0, 0, 0, 0, 0, 0, 0, 0, 0, 0, 0, 0, 0, 0, 0, 0, 0, 2],