{"loss": 0.1909359246492386, "_timestamp": 1739301932.7102282, "_runtime": 128.11838722229004, "_step": 20, "params/['params']['last']['bias']": {"_type": "histogram", "values": [1, 0, 0, 0, 0, 0, 0, 0, 0, 0, 0, 0, 0, 0, 0, 0, 0, 0, 0, 0, 0, 0, 0, 0, 0, 0, 0, 0, 0, 0, 0, 0, 0, 0, 0, 0, 0, 0, 0, 0, 0, 0, 0, 0, 0, 0, 0, 0, 0, 0, 0, 0, 0, 0, 0, 0, 0, 0, 0, 0, 0, 0, 0, 1], "bins": [1.005966067314148, 1.0066699981689453, 1.0073738098144531, 1.0080777406692505, 1.0087815523147583, 1.0094854831695557, 1.0101892948150635, 1.0108932256698608, 1.0115970373153687, 1.012300968170166, 1.0130047798156738, 1.0137087106704712, 1.014412522315979, 1.0151164531707764, 1.0158202648162842, 1.0165241956710815, 1.017228126525879, 1.0179319381713867, 1.018635869026184, 1.019339680671692, 1.0200436115264893, 1.020747423171997, 1.0214513540267944, 1.0221551656723022, 1.0228590965270996, 1.0235629081726074, 1.0242668390274048, 1.0249706506729126, 1.02567458152771, 1.0263783931732178, 1.0270823240280151, 1.027786135673523, 1.0284900665283203, 1.0291939973831177, 1.0298978090286255, 1.0306017398834229, 1.0313055515289307, 1.032009482383728, 1.0327132940292358, 1.0334172248840332, 1.034121036529541, 1.0348249673843384, 1.0355287790298462, 1.0362327098846436, 1.0369365215301514, 1.0376404523849487, 1.0383442640304565, 1.039048194885254, 1.0397520065307617, 1.040455937385559, 1.0411598682403564, 1.0418636798858643, 1.0425676107406616, 1.0432714223861694, 1.0439753532409668, 1.0446791648864746, 1.045383095741272, 1.0460869073867798, 1.0467908382415771, 1.047494649887085, 1.0481985807418823, 1.0489023923873901, 1.0496063232421875, 1.0503101348876953, 1.0510140657424927]}, "params/['params']['last']['kernel']": {"_type": "histogram", "values": [5, 2, 1, 1, 0, 0, 1, 1, 0, 0, 0, 0, 1, 0, 0, 0, 0, 0, 0, 1, 0, 0, 0, 0, 0, 0, 0, 12, 0, 0, 0, 0, 0, 0, 9, 0, 0, 0, 1, 0, 0, 0, 0, 0, 0, 0, 0, 0, 0, 0, 0, 0, 0, 0, 0, 0, 0, 1, 0, 1, 4, 0, 0, 1], "bins": [-0.05533081293106079, -0.05355796962976456, -0.051785122603178024, -0.05001227557659149, -0.04823943227529526, -0.04646658897399902, -0.04469374194741249, -0.04292089492082596, -0.041148051619529724, -0.03937520831823349, -0.03760236129164696, -0.035829514265060425, -0.03405667096376419, -0.03228382766246796, -0.030510980635881424, -0.02873813547194004, -0.026965290307998657, -0.025192445144057274, -0.02341959998011589, -0.021646752953529358, -0.019873909652233124, -0.01810106635093689, -0.016328219324350357, -0.014555372297763824, -0.01278252899646759, -0.011009685695171356, -0.009236838668584824, -0.007463991641998291, -0.005691148340702057, -0.003918305039405823, -0.00214545801281929, -0.00037261098623275757, 0.0014002323150634766, 0.0031730756163597107, 0.004945922642946243, 0.006718769669532776, 0.00849161297082901, 0.010264456272125244, 0.012037307024002075, 0.01381015032529831, 0.015582993626594543, 0.017355836927890778, 0.01912868022918701, 0.020901530981063843, 0.022674374282360077, 0.02444721758365631, 0.026220068335533142, 0.027992911636829376, 0.02976575493812561, 0.031538598239421844, 0.03331144154071808, 0.03508429229259491, 0.036857135593891144, 0.03862997889518738, 0.04040282964706421, 0.04217567294836044, 0.04394851624965668, 0.04572135955095291, 0.047494202852249146, 0.04926705360412598, 0.05103989690542221, 0.052812740206718445, 0.054585590958595276, 0.05635843425989151, 0.05813128128647804]}, "params/['params']['layers_0']['linear_layer']['bias']": {"_type": "histogram", "values": [1, 0, 1, 0, 0, 1, 0, 0, 0, 0, 2, 0, 0, 0, 2, 1, 0, 0, 0, 1, 0, 0, 0, 1, 1, 0, 0, 0, 0, 0, 0, 0, 1, 0, 0, 1, 0, 2, 0, 1, 0, 0, 0, 0, 1, 0, 0, 0, 0, 1, 0, 1, 0, 0, 0, 0, 0, 1, 2, 0, 0, 0, 1, 1], "bins": [-0.05690326914191246, -0.05539504438638687, -0.05388681963086128, -0.05237859487533569, -0.050870366394519806, -0.04936214163899422, -0.04785391688346863, -0.04634569212794304, -0.04483746737241745, -0.04332924261689186, -0.04182101786136627, -0.040312789380550385, -0.038804568350315094, -0.03729633986949921, -0.03578811511397362, -0.03427989035844803, -0.03277166560292244, -0.03126344084739685, -0.02975521609187126, -0.028246989473700523, -0.026738764718174934, -0.025230538100004196, -0.023722313344478607, -0.022214088588953018, -0.02070586383342743, -0.01919763907790184, -0.01768941432237625, -0.016181189566850662, -0.014672961086034775, -0.013164736330509186, -0.011656511574983597, -0.010148286819458008, -0.008640062063932419, -0.00713183730840683, -0.005623612552881241, -0.004115387797355652, -0.002607163041830063, -0.0010989345610141754, 0.0004092901945114136, 0.0019175149500370026, 0.0034257397055625916, 0.0049339644610881805, 0.006442192941904068, 0.007950413972139359, 0.009458642452955246, 0.010966863483190536, 0.012475091964006424, 0.013983312994241714, 0.015491541475057602, 0.01699976995587349, 0.01850799098610878, 0.020016219466924667, 0.021524440497159958, 0.023032668977975845, 0.024540890008211136, 0.026049118489027023, 0.02755734696984291, 0.0290655680000782, 0.03057379648089409, 0.03208201751112938, 0.03359024599194527, 0.03509846702218056, 0.036606695502996445, 0.038114916533231735, 0.039623141288757324]}, "params/['params']['layers_0']['linear_layer']['kernel']": {"_type": "histogram", "values": [1, 0, 0, 0, 0, 0, 0, 0, 0, 0, 0, 0, 0, 0, 1, 0, 1, 2, 0, 0, 1, 0, 0, 0, 0, 1, 0, 1, 0, 1, 1, 0, 0, 0, 2, 0, 1, 0, 0, 0, 1, 1, 1, 0, 1, 0, 0, 1, 1, 0, 0, 0, 2, 0, 0, 0, 0, 0, 2, 0, 0, 0, 0, 1], "bins": [-2.178961992263794, -2.113253355026245, -2.0475447177886963, -1.981835961341858, -1.9161272048950195, -1.8504185676574707, -1.7847099304199219, -1.7190011739730835, -1.6532924175262451, -1.5875837802886963, -1.5218751430511475, -1.456166386604309, -1.3904577493667603, -1.3247489929199219, -1.259040355682373, -1.1933317184448242, -1.1276229619979858, -1.061914324760437, -0.9962055683135986, -0.9304969310760498, -0.8647881746292114, -0.7990795373916626, -0.7333707809448242, -0.6676621437072754, -0.6019535064697266, -0.5362447500228882, -0.47053611278533936, -0.404827356338501, -0.33911871910095215, -0.27340996265411377, -0.20770132541656494, -0.14199256896972656, -0.07628393173217773, -0.010575294494628906, 0.05513334274291992, 0.12084221839904785, 0.18655085563659668, 0.2522594928741455, 0.31796813011169434, 0.38367700576782227, 0.4493856430053711, 0.5150942802429199, 0.5808029174804688, 0.6465115547180176, 0.7122204303741455, 0.7779290676116943, 0.8436377048492432, 0.909346342086792, 0.9750549793243408, 1.0407638549804688, 1.1064724922180176, 1.1721811294555664, 1.2378897666931152, 1.3035986423492432, 1.369307279586792, 1.4350159168243408, 1.5007245540618896, 1.5664331912994385, 1.6321420669555664, 1.6978507041931152, 1.763559341430664, 1.829268217086792, 1.8949768543243408, 1.9606854915618896, 2.0263941287994385]}, "params/['params']['layers_1']['linear_layer']['bias']": {"_type": "histogram", "values": [9, 2, 0, 1, 0, 0, 1, 0, 0, 0, 0, 0, 0, 0, 0, 0, 0, 0, 0, 0, 0, 1, 0, 0, 0, 0, 0, 0, 0, 0, 0, 0, 0, 0, 1, 0, 0, 0, 1, 0, 1, 3, 1, 0, 0, 1, 0, 0, 0, 0, 0, 0, 1, 0, 0, 0, 0, 0, 0, 0, 0, 0, 0, 1],