{"loss": 0.0001320849551120773, "_timestamp": 1739964844.8833902, "_runtime": 174.47234916687012, "_step": 2793, "params/['params']['last']['bias']": {"_type": "histogram", "values": [1, 0, 0, 0, 0, 0, 0, 0, 0, 0, 0, 0, 0, 0, 0, 0, 0, 0, 0, 0, 0, 0, 0, 0, 0, 0, 0, 0, 0, 0, 0, 0, 0, 0, 0, 0, 0, 0, 0, 0, 0, 0, 0, 0, 0, 0, 0, 0, 0, 0, 0, 0, 0, 0, 0, 0, 0, 0, 0, 0, 0, 0, 0, 1], "bins": [0.0, 0.013025902211666107, 0.026051804423332214, 0.03907770663499832, 0.05210360884666443, 0.06512951105833054, 0.07815541326999664, 0.09118131548166275, 0.10420721769332886, 0.11723311990499496, 0.13025902211666107, 0.14328491687774658, 0.1563108265399933, 0.16933673620224, 0.1823626309633255, 0.195388525724411, 0.20841443538665771, 0.22144034504890442, 0.23446623980998993, 0.24749213457107544, 0.26051804423332214, 0.27354395389556885, 0.28656983375549316, 0.29959574341773987, 0.3126216530799866, 0.3256475627422333, 0.33867347240448, 0.3516993522644043, 0.364725261926651, 0.3777511715888977, 0.390777051448822, 0.4038029611110687, 0.41682887077331543, 0.42985478043556213, 0.44288069009780884, 0.45590656995773315, 0.46893247961997986, 0.48195838928222656, 0.4949842691421509, 0.50801020860672, 0.5210360884666443, 0.5340619683265686, 0.5470879077911377, 0.560113787651062, 0.5731396675109863, 0.5861656069755554, 0.5991914868354797, 0.6122174263000488, 0.6252433061599731, 0.6382691860198975, 0.6512951254844666, 0.6643210053443909, 0.67734694480896, 0.6903728246688843, 0.7033987045288086, 0.7164246439933777, 0.729450523853302, 0.7424764037132263, 0.7555023431777954, 0.7685282230377197, 0.781554102897644, 0.7945800423622131, 0.8076059222221375, 0.8206318616867065, 0.8336577415466309]}, "params/['params']['last']['kernel']": {"_type": "histogram", "values": [1, 0, 0, 0, 0, 0, 0, 0, 0, 0, 0, 0, 0, 0, 0, 0, 0, 0, 0, 0, 0, 0, 0, 0, 0, 0, 0, 0, 0, 0, 0, 0, 0, 0, 0, 0, 0, 0, 1, 0, 0, 0, 0, 0, 0, 0, 0, 0, 0, 0, 0, 0, 0, 0, 0, 0, 1, 0, 1, 0, 22, 2, 0, 2], "bins": [-0.43085741996765137, -0.42374610900878906, -0.41663476824760437, -0.40952345728874207, -0.40241214632987976, -0.39530080556869507, -0.38818949460983276, -0.38107818365097046, -0.37396687269210815, -0.36685553193092346, -0.35974422097206116, -0.35263288021087646, -0.34552156925201416, -0.33841025829315186, -0.33129894733428955, -0.32418760657310486, -0.31707629561424255, -0.30996498465538025, -0.30285364389419556, -0.29574233293533325, -0.28863102197647095, -0.28151971101760864, -0.27440837025642395, -0.26729705929756165, -0.26018571853637695, -0.25307440757751465, -0.24596309661865234, -0.23885177075862885, -0.23174044489860535, -0.22462913393974304, -0.21751780807971954, -0.21040649712085724, -0.20329517126083374, -0.19618384540081024, -0.18907253444194794, -0.18196120858192444, -0.17484989762306213, -0.16773855686187744, -0.16062724590301514, -0.15351593494415283, -0.14640462398529053, -0.13929328322410583, -0.13218197226524353, -0.12507066130638123, -0.11795932054519653, -0.11084800958633423, -0.10373669862747192, -0.09662535786628723, -0.08951404690742493, -0.08240273594856262, -0.07529139518737793, -0.06818008422851562, -0.06106877326965332, -0.05395743250846863, -0.04684612154960632, -0.03973481059074402, -0.032623469829559326, -0.02551215887069702, -0.018400847911834717, -0.011289536952972412, -0.00417819619178772, 0.002933114767074585, 0.01004442572593689, 0.017155766487121582, 0.024267081171274185]}, "params/['params']['layers_0']['linear_layer']['bias']": {"_type": "histogram", "values": [0, 0, 0, 0, 0, 0, 0, 0, 0, 0, 0, 0, 0, 0, 0, 0, 0, 0, 0, 0, 0, 0, 0, 0, 0, 0, 0, 0, 0, 0, 0, 0, 18, 0, 0, 0, 0, 0, 0, 0, 0, 0, 0, 0, 0, 0, 0, 0, 0, 0, 0, 0, 0, 0, 0, 0, 0, 0, 0, 0, 0, 0, 0, 0], "bins": [-0.5, -0.484375, -0.46875, -0.453125, -0.4375, -0.421875, -0.40625, -0.390625, -0.375, -0.359375, -0.34375, -0.328125, -0.3125, -0.296875, -0.28125, -0.265625, -0.25, -0.234375, -0.21875, -0.203125, -0.1875, -0.171875, -0.15625, -0.140625, -0.125, -0.109375, -0.09375, -0.078125, -0.0625, -0.046875, -0.03125, -0.015625, 0.0, 0.015625, 0.03125, 0.046875, 0.0625, 0.078125, 0.09375, 0.109375, 0.125, 0.140625, 0.15625, 0.171875, 0.1875, 0.203125, 0.21875, 0.234375, 0.25, 0.265625, 0.28125, 0.296875, 0.3125, 0.328125, 0.34375, 0.359375, 0.375, 0.390625, 0.40625, 0.421875, 0.4375, 0.453125, 0.46875, 0.484375, 0.5]}, "params/['params']['layers_0']['linear_layer']['kernel']": {"_type": "histogram", "values": [1, 0, 0, 0, 0, 0, 0, 0, 0, 1, 1, 0, 0, 0, 0, 0, 0, 0, 0, 0, 0, 0, 0, 0, 0, 0, 0, 1, 1, 0, 0, 0, 0, 0, 28, 0, 0, 0, 0, 0, 0, 0, 1, 0, 0, 1, 0, 0, 0, 0, 0, 0, 0, 0, 0, 0, 0, 0, 0, 0, 0, 0, 0, 1], "bins": [-0.5373095273971558, -0.5215150713920593, -0.5057205557823181, -0.4899260997772217, -0.47413161396980286, -0.45833712816238403, -0.4425426721572876, -0.4267481863498688, -0.41095370054244995, -0.3951592445373535, -0.3793647587299347, -0.36357027292251587, -0.34777581691741943, -0.3319813311100006, -0.3161868453025818, -0.30039238929748535, -0.28459790349006653, -0.2688034176826477, -0.25300896167755127, -0.23721447587013245, -0.22141999006271362, -0.2056255340576172, -0.18983104825019836, -0.17403656244277954, -0.1582421064376831, -0.14244762063026428, -0.12665313482284546, -0.11085864901542664, -0.0950641930103302, -0.07926970720291138, -0.06347522139549255, -0.04768076539039612, -0.031886279582977295, -0.01609182357788086, -0.00029730796813964844, 0.015497148036956787, 0.03129160404205322, 0.047086119651794434, 0.06288057565689087, 0.0786750316619873, 0.09446954727172852, 0.11026400327682495, 0.1260584592819214, 0.1418529748916626, 0.15764743089675903, 0.17344188690185547, 0.18923640251159668, 0.20503085851669312, 0.22082531452178955, 0.23661983013153076, 0.2524142861366272, 0.2682088017463684, 0.28400325775146484, 0.2997977137565613, 0.3155922293663025, 0.3313866853713989, 0.34718114137649536, 0.3629756569862366, 0.378770112991333, 0.39456456899642944, 0.41035908460617065, 0.4261535406112671, 0.4419479966163635, 0.45774251222610474, 0.47353699803352356]}, "params/['params']['layers_1']['linear_layer']['bias']": {"_type": "histogram", "values": [1, 0, 0, 0, 0, 0, 0, 0, 0, 0, 0, 0, 0, 0, 0, 0, 0, 0, 0, 0, 0, 0, 0, 0, 0, 0, 0, 0, 0, 0, 0, 0, 0, 0, 0, 0, 0, 0, 0, 0, 0, 0, 0, 0, 0, 0, 0, 0, 0, 0, 0, 0, 0, 0, 0, 0, 0, 0, 0, 0, 0, 0, 0, 17], "bins": [-0.00152350845746696, -0.0014997036196291447, -0.0014758987817913294, -0.001452093943953514, -0.0014282892225310206, -0.0014044843846932054, -0.00138067954685539, -0.0013568747090175748, -0.0013330698711797595, -0.0013092650333419442, -0.0012854603119194508, -0.0012616554740816355, -0.0012378506362438202, -0.001214045798406005, -0.0011902409605681896, -0.0011664361227303743, -0.001142631284892559, -0.0011188265634700656, -0.0010950217256322503, -0.001071216887794435, -0.0010474120499566197, -0.0010236073285341263, -0.000999802490696311, -0.0009759975946508348, -0.0009521928150206804, -0.0009283879771828651, -0.0009045831393450499, -0.0008807783015072346, -0.0008569735218770802, -0.0008331686840392649, -0.0008093638462014496, -0.0007855590665712953, -0.00076175422873348, -0.0007379493908956647, -0.0007141446112655103, -0.000690339773427695, -0.0006665349355898798, -0.0006427301559597254, -0.0006189253181219101, -0.0005951204802840948, -0.0005713156424462795, -0.0005475108628161252, -0.0005237060831859708, -0.0004999012453481555, -0.0004760964075103402, -0.00045229156967252493, -0.00042848673183470964, -0.00040468189399689436, -0.0003808771725744009, -0.0003570723347365856, -0.00033326749689877033, -0.00030946265906095505, -0.00028565782122313976, -0.0002618529833853245, -0.0002380481455475092, -0.00021424342412501574, -0.00019043858628720045, -0.00016663374844938517, -0.00014282891061156988, -0.0001190240727737546, -9.521923493593931e-05, -7.141451351344585e-05, -4.760967567563057e-05, -2.3804837837815285e-05, 0.0]}, "params/['params']['layers_1']['linear_layer']['kernel']": {"_type": "histogram",