{"loss": 0.00017258331354241818, "_timestamp": 1739370614.4175818, "_runtime": 177.37675070762634, "_step": 404, "params/['params']['last']['bias']": {"_type": "histogram", "values": [1, 0, 0, 0, 0, 0, 0, 0, 0, 0, 0, 0, 0, 0, 0, 0, 0, 0, 0, 0, 0, 0, 0, 0, 0, 0, 0, 0, 0, 0, 0, 0, 0, 0, 0, 0, 0, 0, 0, 0, 0, 0, 0, 0, 0, 0, 0, 0, 0, 0, 0, 0, 0, 0, 0, 0, 0, 0, 0, 0, 0, 0, 0, 1], "bins": [0.0, 0.008273852989077568, 0.016547705978155136, 0.024821558967232704, 0.03309541195631027, 0.04136926680803299, 0.04964311793446541, 0.05791696906089783, 0.06619082391262054, 0.07446467876434326, 0.08273853361606598, 0.0910123810172081, 0.09928623586893082, 0.10756009072065353, 0.11583393812179565, 0.12410779297351837, 0.1323816478252411, 0.1406555026769638, 0.14892935752868652, 0.15720321238040924, 0.16547706723213196, 0.17375090718269348, 0.1820247620344162, 0.19029861688613892, 0.19857247173786163, 0.20684632658958435, 0.21512018144130707, 0.22339403629302979, 0.2316678762435913, 0.23994173109531403, 0.24821558594703674, 0.25648945569992065, 0.2647632956504822, 0.2730371356010437, 0.2813110053539276, 0.28958484530448914, 0.29785871505737305, 0.30613255500793457, 0.3144064247608185, 0.32268026471138, 0.3309541344642639, 0.33922797441482544, 0.34750181436538696, 0.3557756841182709, 0.3640495240688324, 0.3723233938217163, 0.38059723377227783, 0.38887110352516174, 0.39714494347572327, 0.4054187834262848, 0.4136926531791687, 0.4219664931297302, 0.43024036288261414, 0.43851420283317566, 0.44678807258605957, 0.4550619125366211, 0.4633357524871826, 0.47160962224006653, 0.47988346219062805, 0.48815733194351196, 0.4964311718940735, 0.504705011844635, 0.5129789113998413, 0.5212527513504028, 0.5295265913009644]}, "params/['params']['last']['kernel']": {"_type": "histogram", "values": [1, 1, 0, 0, 0, 0, 0, 0, 0, 0, 0, 0, 0, 0, 0, 0, 0, 0, 0, 0, 0, 0, 0, 0, 0, 0, 0, 0, 0, 0, 0, 0, 0, 0, 0, 0, 0, 0, 0, 0, 0, 0, 0, 0, 0, 0, 0, 0, 0, 0, 0, 0, 0, 0, 0, 0, 0, 0, 0, 0, 0, 0, 0, 40], "bins": [-0.26269158720970154, -0.2585870325565338, -0.2544824779033661, -0.25037792325019836, -0.24627336859703064, -0.24216881394386292, -0.2380642592906952, -0.23395968973636627, -0.22985513508319855, -0.22575058043003082, -0.2216460257768631, -0.21754147112369537, -0.21343691647052765, -0.20933236181735992, -0.2052278071641922, -0.20112323760986328, -0.19701868295669556, -0.19291412830352783, -0.1888095736503601, -0.18470501899719238, -0.18060046434402466, -0.17649590969085693, -0.1723913550376892, -0.16828680038452148, -0.16418224573135376, -0.16007769107818604, -0.1559731364250183, -0.15186858177185059, -0.14776402711868286, -0.14365947246551514, -0.13955490291118622, -0.1354503482580185, -0.13134579360485077, -0.12724123895168304, -0.12313668429851532, -0.1190321296453476, -0.11492757499217987, -0.11082302033901215, -0.10671845078468323, -0.1026138961315155, -0.09850934147834778, -0.09440478682518005, -0.09030023217201233, -0.0861956775188446, -0.08209112286567688, -0.07798656821250916, -0.07388201355934143, -0.0697774589061737, -0.06567290425300598, -0.06156833469867706, -0.05746378004550934, -0.053359225392341614, -0.04925467073917389, -0.045150116086006165, -0.04104556143283844, -0.036941006779670715, -0.03283645212650299, -0.028731897473335266, -0.02462734282016754, -0.020522773265838623, -0.0164182186126709, -0.012313663959503174, -0.00820910930633545, -0.004104554653167725, 0.0]}, "params/['params']['layers_0']['linear_layer']['bias']": {"_type": "histogram", "values": [0, 0, 0, 0, 0, 0, 0, 0, 0, 0, 0, 0, 0, 0, 0, 0, 0, 0, 0, 0, 0, 0, 0, 0, 0, 0, 0, 0, 0, 0, 0, 0, 24, 0, 0, 0, 0, 0, 0, 0, 0, 0, 0, 0, 0, 0, 0, 0, 0, 0, 0, 0, 0, 0, 0, 0, 0, 0, 0, 0, 0, 0, 0, 0], "bins": [-0.5, -0.484375, -0.46875, -0.453125, -0.4375, -0.421875, -0.40625, -0.390625, -0.375, -0.359375, -0.34375, -0.328125, -0.3125, -0.296875, -0.28125, -0.265625, -0.25, -0.234375, -0.21875, -0.203125, -0.1875, -0.171875, -0.15625, -0.140625, -0.125, -0.109375, -0.09375, -0.078125, -0.0625, -0.046875, -0.03125, -0.015625, 0.0, 0.015625, 0.03125, 0.046875, 0.0625, 0.078125, 0.09375, 0.109375, 0.125, 0.140625, 0.15625, 0.171875, 0.1875, 0.203125, 0.21875, 0.234375, 0.25, 0.265625, 0.28125, 0.296875, 0.3125, 0.328125, 0.34375, 0.359375, 0.375, 0.390625, 0.40625, 0.421875, 0.4375, 0.453125, 0.46875, 0.484375, 0.5]}, "params/['params']['layers_0']['linear_layer']['kernel']": {"_type": "histogram", "values": [1, 1, 0, 0, 0, 0, 0, 0, 0, 0, 0, 0, 0, 0, 0, 0, 0, 0, 0, 0, 0, 0, 0, 0, 0, 0, 0, 43, 0, 1, 0, 0, 1, 0, 0, 0, 0, 0, 0, 0, 0, 0, 0, 0, 0, 0, 0, 0, 0, 0, 0, 0, 0, 0, 0, 0, 0, 0, 0, 0, 0, 0, 0, 1], "bins": [-0.8356654047966003, -0.8051695227622986, -0.7746736407279968, -0.7441777586936951, -0.7136818170547485, -0.6831859350204468, -0.652690052986145, -0.6221941709518433, -0.5916982889175415, -0.5612024068832397, -0.530706524848938, -0.5002106428146362, -0.4697147309780121, -0.4392188489437103, -0.4087229371070862, -0.3782270550727844, -0.34773117303848267, -0.3172352910041809, -0.28673940896987915, -0.2562435269355774, -0.22574764490127563, -0.1952517032623291, -0.16475582122802734, -0.13425993919372559, -0.10376405715942383, -0.07326817512512207, -0.04277229309082031, -0.012276411056518555, 0.01821953058242798, 0.048715412616729736, 0.0792112946510315, 0.10970717668533325, 0.140203058719635, 0.17069894075393677, 0.20119482278823853, 0.23169070482254028, 0.26218658685684204, 0.2926824688911438, 0.32317835092544556, 0.3536742329597473, 0.3841701149940491, 0.4146661162376404, 0.44516199827194214, 0.4756578803062439, 0.5061537623405457, 0.5366496443748474, 0.5671455264091492, 0.5976414084434509, 0.6281372904777527, 0.6586331725120544, 0.6891290545463562, 0.719624936580658, 0.7501208186149597, 0.7806167006492615, 0.8111125826835632, 0.841608464717865, 0.8721044659614563, 0.9026003479957581, 0.9330962300300598, 0.9635921120643616, 0.9940879940986633, 1.0245838165283203, 1.055079698562622, 1.0855755805969238, 1.1160715818405151]}, "params/['params']['layers_1']['linear_layer']['bias']": {"_type": "histogram", "values": [0, 0, 0, 0, 0, 0, 0, 0, 0, 0, 0, 0, 0, 0, 0, 0, 0, 0, 0, 0, 0, 0, 0, 0, 0, 0, 0, 0, 0, 0, 0, 0, 24, 0, 0, 0, 0, 0, 0, 0, 0, 0, 0, 0, 0, 0, 0, 0, 0, 0, 0, 0, 0, 0, 0, 0, 0, 0, 0, 0, 0, 0, 0, 0], "bins": [-0.5, -0.484375, -0.46875, -0.453125, -0.4375, -0.421875, -0.40625, -0.390625, -0.375, -0.359375, -0.34375, -0.328125, -0.3125, -0.296875, -0.28125, -0.265625, -0.25, -0.234375, -0.21875, -0.203125, -0.1875, -0.171875, -0.15625, -0.140625, -0.125, -0.109375, -0.09375, -0.078125, -0.0625, -0.046875, -0.03125, -0.015625, 0.0, 0.015625, 0.03125, 0.046875, 0.0625, 0.078125, 0.09375, 0.109375, 0.125, 0.140625, 0.15625, 0.171875, 0.1875, 0.203125, 0.21875, 0.234375, 0.25, 0.265625, 0.28125, 0.296875, 0.3125, 0.328125, 0.34375, 0.359375, 0.375, 0.390625, 0.40625, 0.421875, 0.4375, 0.453125, 0.46875, 0.484375, 0.5]}, "params/['params']['layers_1']['linear_layer']['kernel']": {"_type": "histogram", "values": [1, 0, 0, 0, 0, 0, 0, 0, 1, 1, 1, 0, 1, 1, 0, 0, 1, 0, 0, 0, 2, 1, 0, 0, 0, 3, 0, 1, 1, 3, 474, 3, 0, 0, 0, 0, 0, 0, 1, 0, 0, 0, 1, 0, 0, 0, 0, 1, 0, 0, 2, 0, 0, 0, 0, 2, 0, 1, 0, 0, 0, 0, 0, 1],