{"loss": 4.617816739482805e-05, "_timestamp": 1740599766.1493182, "_runtime": 26.055208206176758, "_step": 43}