{"loss": 1.1150603294372559, "_timestamp": 1739300325.1485722, "_runtime": 9.951288223266602, "_step": 25, "params/['params']['last']['bias']": {"_type": "histogram", "values": [1, 0, 0, 0, 0, 0, 0, 0, 0, 0, 0, 0, 0, 0, 0, 0, 0, 0, 0, 0, 0, 0, 0, 0, 0, 0, 0, 0, 0, 0, 0, 0, 0, 0, 0, 0, 0, 0, 0, 0, 0, 0, 0, 0, 0, 0, 0, 0, 0, 0, 0, 0, 0, 0, 0, 0, 0, 0, 0, 0, 0, 0, 0, 1], "bins": [0.8938170671463013, 0.8955000042915344, 0.8971829414367676, 0.898865818977356, 0.9005487561225891, 0.9022316932678223, 0.9039145708084106, 0.9055975079536438, 0.907280445098877, 0.9089633822441101, 0.9106463193893433, 0.9123291969299316, 0.9140121340751648, 0.915695071220398, 0.9173779487609863, 0.9190608859062195, 0.9207438230514526, 0.9224267601966858, 0.924109697341919, 0.9257925748825073, 0.9274755120277405, 0.9291584491729736, 0.930841326713562, 0.9325242638587952, 0.9342072010040283, 0.9358901381492615, 0.9375730752944946, 0.939255952835083, 0.9409388899803162, 0.9426218271255493, 0.9443047046661377, 0.9459876418113708, 0.947670578956604, 0.9493535161018372, 0.9510364532470703, 0.9527193307876587, 0.9544022679328918, 0.956085205078125, 0.9577680826187134, 0.9594510197639465, 0.9611339569091797, 0.9628168940544128, 0.964499831199646, 0.9661827087402344, 0.9678656458854675, 0.9695485830307007, 0.9712314605712891, 0.9729143977165222, 0.9745973348617554, 0.9762802720069885, 0.9779632091522217, 0.9796460866928101, 0.9813290238380432, 0.9830119609832764, 0.9846948385238647, 0.9863777756690979, 0.988060712814331, 0.9897436499595642, 0.9914265871047974, 0.9931094646453857, 0.9947924017906189, 0.996475338935852, 0.9981582164764404, 0.9998411536216736, 1.0015240907669067]}, "params/['params']['last']['kernel']": {"_type": "histogram", "values": [0, 0, 0, 0, 0, 0, 0, 0, 0, 0, 0, 0, 0, 0, 0, 0, 0, 0, 0, 0, 0, 0, 0, 0, 0, 0, 0, 0, 0, 0, 0, 0, 12, 0, 0, 0, 0, 0, 0, 0, 0, 0, 0, 0, 0, 0, 0, 0, 0, 0, 0, 0, 0, 0, 0, 0, 0, 0, 0, 0, 0, 0, 0, 0], "bins": [-0.5, -0.484375, -0.46875, -0.453125, -0.4375, -0.421875, -0.40625, -0.390625, -0.375, -0.359375, -0.34375, -0.328125, -0.3125, -0.296875, -0.28125, -0.265625, -0.25, -0.234375, -0.21875, -0.203125, -0.1875, -0.171875, -0.15625, -0.140625, -0.125, -0.109375, -0.09375, -0.078125, -0.0625, -0.046875, -0.03125, -0.015625, 0.0, 0.015625, 0.03125, 0.046875, 0.0625, 0.078125, 0.09375, 0.109375, 0.125, 0.140625, 0.15625, 0.171875, 0.1875, 0.203125, 0.21875, 0.234375, 0.25, 0.265625, 0.28125, 0.296875, 0.3125, 0.328125, 0.34375, 0.359375, 0.375, 0.390625, 0.40625, 0.421875, 0.4375, 0.453125, 0.46875, 0.484375, 0.5]}, "params/['params']['layers_0']['linear_layer']['bias']": {"_type": "histogram", "values": [0, 0, 0, 0, 0, 0, 0, 0, 0, 0, 0, 0, 0, 0, 0, 0, 0, 0, 0, 0, 0, 0, 0, 0, 0, 0, 0, 0, 0, 0, 0, 0, 8, 0, 0, 0, 0, 0, 0, 0, 0, 0, 0, 0, 0, 0, 0, 0, 0, 0, 0, 0, 0, 0, 0, 0, 0, 0, 0, 0, 0, 0, 0, 0], "bins": [-0.5, -0.484375, -0.46875, -0.453125, -0.4375, -0.421875, -0.40625, -0.390625, -0.375, -0.359375, -0.34375, -0.328125, -0.3125, -0.296875, -0.28125, -0.265625, -0.25, -0.234375, -0.21875, -0.203125, -0.1875, -0.171875, -0.15625, -0.140625, -0.125, -0.109375, -0.09375, -0.078125, -0.0625, -0.046875, -0.03125, -0.015625, 0.0, 0.015625, 0.03125, 0.046875, 0.0625, 0.078125, 0.09375, 0.109375, 0.125, 0.140625, 0.15625, 0.171875, 0.1875, 0.203125, 0.21875, 0.234375, 0.25, 0.265625, 0.28125, 0.296875, 0.3125, 0.328125, 0.34375, 0.359375, 0.375, 0.390625, 0.40625, 0.421875, 0.4375, 0.453125, 0.46875, 0.484375, 0.5]}, "params/['params']['layers_0']['linear_layer']['kernel']": {"_type": "histogram", "values": [1, 0, 0, 0, 0, 1, 0, 0, 0, 0, 0, 1, 0, 0, 0, 0, 0, 0, 0, 0, 0, 0, 0, 0, 0, 0, 0, 0, 0, 1, 0, 0, 2, 0, 0, 0, 2, 1, 0, 0, 1, 0, 1, 0, 1, 0, 0, 0, 0, 1, 0, 0, 0, 0, 0, 1, 0, 0, 0, 0, 0, 0, 0, 2], "bins": [-1.38725745677948, -1.3444195985794067, -1.3015817403793335, -1.2587438821792603, -1.215906023979187, -1.1730680465698242, -1.130230188369751, -1.0873923301696777, -1.0445544719696045, -1.0017166137695312, -0.958878755569458, -0.9160408973693848, -0.8732030391693115, -0.8303651809692383, -0.7875272631645203, -0.744689404964447, -0.7018515467643738, -0.6590136885643005, -0.6161758303642273, -0.5733379125595093, -0.530500054359436, -0.4876621961593628, -0.44482433795928955, -0.4019864797592163, -0.35914862155914307, -0.3163107633590698, -0.2734729051589966, -0.2306349277496338, -0.18779706954956055, -0.1449592113494873, -0.10212135314941406, -0.05928349494934082, -0.016445636749267578, 0.026392221450805664, 0.0692300796508789, 0.11206793785095215, 0.1549057960510254, 0.19774365425109863, 0.24058163166046143, 0.28341948986053467, 0.3262573480606079, 0.36909520626068115, 0.4119330644607544, 0.45477092266082764, 0.4976087808609009, 0.5404466390609741, 0.5832844972610474, 0.6261223554611206, 0.6689602136611938, 0.7117980718612671, 0.7546359300613403, 0.7974737882614136, 0.8403116464614868, 0.8831495046615601, 0.9259876012802124, 0.9688254594802856, 1.0116633176803589, 1.0545011758804321, 1.0973390340805054, 1.1401768922805786, 1.1830147504806519, 1.225852608680725, 1.2686904668807983, 1.3115283250808716, 1.3543661832809448]}, "_wandb": {"runtime": 9}}