{"loss": 0.3581509590148926, "_timestamp": 1739300129.969833, "_runtime": 188.19644689559937, "_step": 25, "params/['params']['last']['bias']": {"_type": "histogram", "values": [1, 0, 0, 0, 0, 0, 0, 0, 0, 0, 0, 0, 0, 0, 0, 0, 0, 0, 0, 0, 0, 0, 0, 0, 0, 0, 0, 0, 0, 0, 0, 0, 0, 0, 0, 0, 0, 0, 0, 0, 0, 0, 0, 0, 0, 0, 0, 0, 0, 0, 0, 0, 0, 0, 0, 0, 0, 0, 0, 0, 0, 0, 0, 1], "bins": [1.0000994205474854, 1.0017189979553223, 1.0033386945724487, 1.0049582719802856, 1.006577968597412, 1.008197546005249, 1.0098172426223755, 1.0114368200302124, 1.0130565166473389, 1.0146760940551758, 1.0162957906723022, 1.0179153680801392, 1.0195350646972656, 1.0211546421051025, 1.022774338722229, 1.024393916130066, 1.0260136127471924, 1.0276331901550293, 1.0292528867721558, 1.0308724641799927, 1.0324921607971191, 1.034111738204956, 1.0357314348220825, 1.0373510122299194, 1.038970708847046, 1.0405902862548828, 1.0422099828720093, 1.0438295602798462, 1.0454492568969727, 1.0470688343048096, 1.048688530921936, 1.050308108329773, 1.0519278049468994, 1.0535473823547363, 1.0551669597625732, 1.0567866563796997, 1.0584062337875366, 1.060025930404663, 1.0616455078125, 1.0632652044296265, 1.0648847818374634, 1.0665044784545898, 1.0681240558624268, 1.0697437524795532, 1.0713633298873901, 1.0729830265045166, 1.0746026039123535, 1.07622230052948, 1.077841877937317, 1.0794615745544434, 1.0810811519622803, 1.0827008485794067, 1.0843204259872437, 1.0859401226043701, 1.087559700012207, 1.0891793966293335, 1.0907989740371704, 1.0924186706542969, 1.0940382480621338, 1.0956579446792603, 1.0972775220870972, 1.0988972187042236, 1.1005167961120605, 1.1021363735198975, 1.103756070137024]}, "params/['params']['last']['kernel']": {"_type": "histogram", "values": [0, 0, 0, 0, 0, 0, 0, 0, 0, 0, 0, 0, 0, 0, 0, 0, 0, 0, 0, 0, 0, 0, 0, 0, 0, 0, 0, 0, 0, 0, 0, 0, 42, 0, 0, 0, 0, 0, 0, 0, 0, 0, 0, 0, 0, 0, 0, 0, 0, 0, 0, 0, 0, 0, 0, 0, 0, 0, 0, 0, 0, 0, 0, 0], "bins": [-0.5, -0.484375, -0.46875, -0.453125, -0.4375, -0.421875, -0.40625, -0.390625, -0.375, -0.359375, -0.34375, -0.328125, -0.3125, -0.296875, -0.28125, -0.265625, -0.25, -0.234375, -0.21875, -0.203125, -0.1875, -0.171875, -0.15625, -0.140625, -0.125, -0.109375, -0.09375, -0.078125, -0.0625, -0.046875, -0.03125, -0.015625, 0.0, 0.015625, 0.03125, 0.046875, 0.0625, 0.078125, 0.09375, 0.109375, 0.125, 0.140625, 0.15625, 0.171875, 0.1875, 0.203125, 0.21875, 0.234375, 0.25, 0.265625, 0.28125, 0.296875, 0.3125, 0.328125, 0.34375, 0.359375, 0.375, 0.390625, 0.40625, 0.421875, 0.4375, 0.453125, 0.46875, 0.484375, 0.5]}, "params/['params']['layers_0']['linear_layer']['bias']": {"_type": "histogram", "values": [0, 0, 0, 0, 0, 0, 0, 0, 0, 0, 0, 0, 0, 0, 0, 0, 0, 0, 0, 0, 0, 0, 0, 0, 0, 0, 0, 0, 0, 0, 0, 0, 24, 0, 0, 0, 0, 0, 0, 0, 0, 0, 0, 0, 0, 0, 0, 0, 0, 0, 0, 0, 0, 0, 0, 0, 0, 0, 0, 0, 0, 0, 0, 0], "bins": [-0.5, -0.484375, -0.46875, -0.453125, -0.4375, -0.421875, -0.40625, -0.390625, -0.375, -0.359375, -0.34375, -0.328125, -0.3125, -0.296875, -0.28125, -0.265625, -0.25, -0.234375, -0.21875, -0.203125, -0.1875, -0.171875, -0.15625, -0.140625, -0.125, -0.109375, -0.09375, -0.078125, -0.0625, -0.046875, -0.03125, -0.015625, 0.0, 0.015625, 0.03125, 0.046875, 0.0625, 0.078125, 0.09375, 0.109375, 0.125, 0.140625, 0.15625, 0.171875, 0.1875, 0.203125, 0.21875, 0.234375, 0.25, 0.265625, 0.28125, 0.296875, 0.3125, 0.328125, 0.34375, 0.359375, 0.375, 0.390625, 0.40625, 0.421875, 0.4375, 0.453125, 0.46875, 0.484375, 0.5]}, "params/['params']['layers_0']['linear_layer']['kernel']": {"_type": "histogram", "values": [1, 0, 0, 0, 0, 0, 0, 0, 0, 0, 0, 0, 0, 0, 1, 0, 2, 1, 0, 1, 0, 0, 0, 0, 0, 1, 1, 0, 0, 1, 1, 0, 0, 0, 2, 0, 1, 0, 0, 0, 1, 2, 0, 0, 0, 1, 0, 1, 1, 0, 0, 0, 2, 0, 0, 0, 0, 0, 2, 0, 0, 0, 0, 1], "bins": [-2.180259943008423, -2.1144020557403564, -2.048543930053711, -1.9826860427856445, -1.9168280363082886, -1.8509700298309326, -1.7851120233535767, -1.7192540168762207, -1.6533961296081543, -1.5875380039215088, -1.5216801166534424, -1.4558221101760864, -1.3899641036987305, -1.324106216430664, -1.2582480907440186, -1.1923902034759521, -1.1265321969985962, -1.0606741905212402, -0.9948161840438843, -0.9289582967758179, -0.8631002902984619, -0.797242283821106, -0.73138427734375, -0.665526270866394, -0.5996682643890381, -0.5338103771209717, -0.4679523706436157, -0.40209436416625977, -0.3362363576889038, -0.27037835121154785, -0.20452046394348145, -0.13866233825683594, -0.07280445098876953, -0.006946563720703125, 0.05891156196594238, 0.12476944923400879, 0.1906275749206543, 0.2564854621887207, 0.3223433494567871, 0.3882014751434326, 0.454059362411499, 0.5199174880981445, 0.5857753753662109, 0.6516332626342773, 0.7174913883209229, 0.7833492755889893, 0.8492074012756348, 0.9150652885437012, 0.9809234142303467, 1.046781301498413, 1.1126391887664795, 1.178497314453125, 1.2443552017211914, 1.310213327407837, 1.3760712146759033, 1.4419291019439697, 1.5077872276306152, 1.5736451148986816, 1.6395032405853271, 1.7053611278533936, 1.77121901512146, 1.8370769023895264, 1.902935266494751, 1.9687931537628174, 2.034651041030884]}, "_wandb": {"runtime": 187}}