{"loss": 0.0003319834067951888, "_timestamp": 1739965330.0007977, "_runtime": 207.88439869880676, "_step": 2793, "params/['params']['last']['bias']": {"_type": "histogram", "values": [1, 0, 0, 0, 0, 0, 0, 0, 0, 0, 0, 0, 0, 0, 0, 0, 0, 0, 0, 0, 0, 0, 0, 0, 0, 0, 0, 0, 0, 0, 0, 0, 0, 0, 0, 0, 0, 0, 0, 0, 0, 0, 0, 0, 0, 0, 0, 0, 0, 0, 0, 0, 0, 0, 0, 0, 0, 0, 0, 0, 0, 0, 0, 1], "bins": [0.0, 0.008275449275970459, 0.016550898551940918, 0.024826347827911377, 0.033101797103881836, 0.041377246379852295, 0.049652695655822754, 0.05792814493179321, 0.06620359420776367, 0.07447904348373413, 0.08275449275970459, 0.09102994203567505, 0.09930539131164551, 0.10758084058761597, 0.11585628986358643, 0.12413173913955688, 0.13240718841552734, 0.1406826376914978, 0.14895808696746826, 0.15723353624343872, 0.16550898551940918, 0.17378443479537964, 0.1820598840713501, 0.19033533334732056, 0.19861078262329102, 0.20688623189926147, 0.21516168117523193, 0.2234371304512024, 0.23171257972717285, 0.2399880290031433, 0.24826347827911377, 0.25653892755508423, 0.2648143768310547, 0.27308982610702515, 0.2813652753829956, 0.28964072465896606, 0.2979161739349365, 0.306191623210907, 0.31446707248687744, 0.3227425217628479, 0.33101797103881836, 0.3392934203147888, 0.3475688695907593, 0.35584431886672974, 0.3641197681427002, 0.37239521741867065, 0.3806706666946411, 0.3889461159706116, 0.39722156524658203, 0.4054970145225525, 0.41377246379852295, 0.4220479130744934, 0.43032336235046387, 0.4385988116264343, 0.4468742609024048, 0.45514971017837524, 0.4634251594543457, 0.47170060873031616, 0.4799760580062866, 0.4882515072822571, 0.49652695655822754, 0.504802405834198, 0.5130778551101685, 0.5213533043861389, 0.5296287536621094]}, "params/['params']['last']['kernel']": {"_type": "histogram", "values": [1, 0, 0, 1, 0, 0, 0, 0, 0, 0, 0, 0, 0, 0, 0, 0, 0, 0, 0, 0, 0, 0, 0, 0, 0, 0, 0, 0, 0, 0, 0, 0, 0, 0, 0, 0, 0, 0, 0, 0, 0, 0, 0, 0, 0, 0, 0, 0, 0, 0, 0, 0, 0, 0, 39, 0, 0, 0, 0, 0, 0, 0, 0, 1], "bins": [-0.27046120166778564, -0.26546356081962585, -0.26046594977378845, -0.25546830892562866, -0.25047069787979126, -0.24547305703163147, -0.24047543108463287, -0.23547780513763428, -0.2304801642894745, -0.2254825383424759, -0.2204849123954773, -0.2154872864484787, -0.2104896605014801, -0.2054920196533203, -0.2004944086074829, -0.19549676775932312, -0.19049914181232452, -0.18550151586532593, -0.18050387501716614, -0.17550626397132874, -0.17050862312316895, -0.16551099717617035, -0.16051337122917175, -0.15551573038101196, -0.15051811933517456, -0.14552047848701477, -0.14052285254001617, -0.13552522659301758, -0.13052760064601898, -0.12552997469902039, -0.1205323338508606, -0.115534707903862, -0.1105370819568634, -0.10553945600986481, -0.10054183006286621, -0.09554418921470642, -0.09054656326770782, -0.08554893732070923, -0.08055131137371063, -0.07555368542671204, -0.07055604457855225, -0.06555841863155365, -0.060560792684555054, -0.05556316673755646, -0.05056554079055786, -0.045567914843559265, -0.040570273995399475, -0.03557264804840088, -0.030575022101402283, -0.025577396154403687, -0.02057977020740509, -0.015582144260406494, -0.010584503412246704, -0.005586892366409302, -0.0005892515182495117, 0.004408389329910278, 0.00940600037574768, 0.01440364122390747, 0.019401252269744873, 0.024398893117904663, 0.029396533966064453, 0.034394145011901855, 0.039391785860061646, 0.04438939690589905, 0.049387022852897644]}, "params/['params']['layers_0']['linear_layer']['bias']": {"_type": "histogram", "values": [0, 0, 0, 0, 0, 0, 0, 0, 0, 0, 0, 0, 0, 0, 0, 0, 0, 0, 0, 0, 0, 0, 0, 0, 0, 0, 0, 0, 0, 0, 0, 0, 24, 0, 0, 0, 0, 0, 0, 0, 0, 0, 0, 0, 0, 0, 0, 0, 0, 0, 0, 0, 0, 0, 0, 0, 0, 0, 0, 0, 0, 0, 0, 0], "bins": [-0.5, -0.484375, -0.46875, -0.453125, -0.4375, -0.421875, -0.40625, -0.390625, -0.375, -0.359375, -0.34375, -0.328125, -0.3125, -0.296875, -0.28125, -0.265625, -0.25, -0.234375, -0.21875, -0.203125, -0.1875, -0.171875, -0.15625, -0.140625, -0.125, -0.109375, -0.09375, -0.078125, -0.0625, -0.046875, -0.03125, -0.015625, 0.0, 0.015625, 0.03125, 0.046875, 0.0625, 0.078125, 0.09375, 0.109375, 0.125, 0.140625, 0.15625, 0.171875, 0.1875, 0.203125, 0.21875, 0.234375, 0.25, 0.265625, 0.28125, 0.296875, 0.3125, 0.328125, 0.34375, 0.359375, 0.375, 0.390625, 0.40625, 0.421875, 0.4375, 0.453125, 0.46875, 0.484375, 0.5]}, "params/['params']['layers_0']['linear_layer']['kernel']": {"_type": "histogram", "values": [1, 0, 0, 0, 0, 0, 0, 0, 0, 0, 0, 0, 0, 0, 1, 0, 0, 0, 0, 0, 0, 0, 0, 1, 0, 0, 0, 0, 0, 0, 0, 0, 0, 0, 0, 40, 0, 1, 0, 0, 0, 0, 2, 0, 0, 0, 0, 0, 0, 0, 0, 0, 0, 0, 0, 0, 0, 0, 0, 0, 0, 0, 1, 1], "bins": [-0.8828960657119751, -0.8583170771598816, -0.8337380886077881, -0.8091591596603394, -0.7845801711082458, -0.7600011825561523, -0.7354221940040588, -0.7108432054519653, -0.6862642765045166, -0.6616852879524231, -0.6371062994003296, -0.6125273108482361, -0.5879483222961426, -0.5633693933486938, -0.5387903451919556, -0.5142114162445068, -0.48963242769241333, -0.4650534391403198, -0.4404744803905487, -0.4158954918384552, -0.3913165330886841, -0.3667375445365906, -0.34215855598449707, -0.31757956743240356, -0.29300057888031006, -0.26842164993286133, -0.24384266138076782, -0.21926367282867432, -0.1946846842765808, -0.1701056957244873, -0.14552676677703857, -0.12094777822494507, -0.09636878967285156, -0.07178980112075806, -0.04721081256866455, -0.02263188362121582, 0.0019471049308776855, 0.02652609348297119, 0.0511050820350647, 0.0756840705871582, 0.10026299953460693, 0.12484204769134521, 0.14942097663879395, 0.17399990558624268, 0.19857895374298096, 0.2231578826904297, 0.24773693084716797, 0.2723158597946167, 0.296894907951355, 0.3214738368988037, 0.34605276584625244, 0.3706318140029907, 0.39521074295043945, 0.41978979110717773, 0.44436872005462646, 0.4689476490020752, 0.4935266971588135, 0.5181056261062622, 0.5426846742630005, 0.5672636032104492, 0.591842532157898, 0.6164215803146362, 0.641000509262085, 0.6655795574188232, 0.690158486366272]}, "params/['params']['layers_1']['linear_layer']['bias']": {"_type": "histogram", "values": [0, 0, 0, 0, 0, 0, 0, 0, 0, 0, 0, 0, 0, 0, 0, 0, 0, 0, 0, 0, 0, 0, 0, 0, 0, 0, 0, 0, 0, 0, 0, 0, 24, 0, 0, 0, 0, 0, 0, 0, 0, 0, 0, 0, 0, 0, 0, 0, 0, 0, 0, 0, 0, 0, 0, 0, 0, 0, 0, 0, 0, 0, 0, 0], "bins": [-0.5, -0.484375, -0.46875, -0.453125, -0.4375, -0.421875, -0.40625, -0.390625, -0.375, -0.359375, -0.34375, -0.328125, -0.3125, -0.296875, -0.28125, -0.265625, -0.25, -0.234375, -0.21875, -0.203125, -0.1875, -0.171875, -0.15625, -0.140625, -0.125, -0.109375, -0.09375, -0.078125, -0.0625, -0.046875, -0.03125, -0.015625, 0.0, 0.015625, 0.03125, 0.046875, 0.0625, 0.078125, 0.09375, 0.109375, 0.125, 0.140625, 0.15625, 0.171875, 0.1875, 0.203125, 0.21875, 0.234375, 0.25, 0.265625, 0.28125, 0.296875, 0.3125, 0.328125, 0.34375, 0.359375, 0.375, 0.390625, 0.40625, 0.421875, 0.4375, 0.453125, 0.46875, 0.484375, 0.5]}, "params/['params']['layers_1']['linear_layer']['kernel']": {"_type": "histogram", "values": [2, 1, 0, 0, 0, 1, 1, 1, 0, 0, 0, 0, 1, 0, 0, 0, 1, 1, 1, 1, 0, 1, 0, 2, 0, 2, 0, 2, 471, 2, 1, 0, 2, 0, 0, 0, 0, 1, 0, 1, 0, 0, 0, 0, 0, 0, 1, 0, 1, 0, 0, 0, 1, 0, 0, 1, 0, 0, 2, 1, 0, 0, 0, 1],