{"loss": 0.35607412457466125, "_timestamp": 1739299298.1357021, "_runtime": 195.44006419181824, "_step": 25, "params/['params']['last']['bias']": {"_type": "histogram", "values": [1, 0, 0, 0, 0, 0, 0, 0, 0, 0, 0, 0, 0, 0, 0, 0, 0, 0, 0, 0, 0, 0, 0, 0, 0, 0, 0, 0, 0, 0, 0, 0, 0, 0, 0, 0, 0, 0, 0, 0, 0, 0, 0, 0, 0, 0, 0, 0, 0, 0, 0, 0, 0, 0, 0, 0, 0, 0, 0, 0, 0, 0, 0, 1], "bins": [1.000105381011963, 1.0017238855361938, 1.0033423900604248, 1.0049608945846558, 1.0065793991088867, 1.0081979036331177, 1.0098164081573486, 1.0114349126815796, 1.0130534172058105, 1.0146719217300415, 1.0162904262542725, 1.0179089307785034, 1.0195274353027344, 1.0211459398269653, 1.0227644443511963, 1.0243829488754272, 1.0260014533996582, 1.0276200771331787, 1.0292385816574097, 1.0308570861816406, 1.0324755907058716, 1.0340940952301025, 1.0357125997543335, 1.0373311042785645, 1.0389496088027954, 1.0405681133270264, 1.0421866178512573, 1.0438051223754883, 1.0454236268997192, 1.0470421314239502, 1.0486606359481812, 1.050279140472412, 1.051897644996643, 1.053516149520874, 1.055134654045105, 1.056753158569336, 1.058371663093567, 1.0599901676177979, 1.0616086721420288, 1.0632271766662598, 1.0648456811904907, 1.0664641857147217, 1.0680826902389526, 1.0697011947631836, 1.0713196992874146, 1.0729382038116455, 1.0745567083358765, 1.0761752128601074, 1.077793836593628, 1.0794122219085693, 1.0810308456420898, 1.0826493501663208, 1.0842678546905518, 1.0858863592147827, 1.0875048637390137, 1.0891233682632446, 1.0907418727874756, 1.0923603773117065, 1.0939788818359375, 1.0955973863601685, 1.0972158908843994, 1.0988343954086304, 1.1004528999328613, 1.1020714044570923, 1.1036899089813232]}, "params/['params']['last']['kernel']": {"_type": "histogram", "values": [0, 0, 0, 0, 0, 0, 0, 0, 0, 0, 0, 0, 0, 0, 0, 0, 0, 0, 0, 0, 0, 0, 0, 0, 0, 0, 0, 0, 0, 0, 0, 0, 30, 0, 0, 0, 0, 0, 0, 0, 0, 0, 0, 0, 0, 0, 0, 0, 0, 0, 0, 0, 0, 0, 0, 0, 0, 0, 0, 0, 0, 0, 0, 0], "bins": [-0.5, -0.484375, -0.46875, -0.453125, -0.4375, -0.421875, -0.40625, -0.390625, -0.375, -0.359375, -0.34375, -0.328125, -0.3125, -0.296875, -0.28125, -0.265625, -0.25, -0.234375, -0.21875, -0.203125, -0.1875, -0.171875, -0.15625, -0.140625, -0.125, -0.109375, -0.09375, -0.078125, -0.0625, -0.046875, -0.03125, -0.015625, 0.0, 0.015625, 0.03125, 0.046875, 0.0625, 0.078125, 0.09375, 0.109375, 0.125, 0.140625, 0.15625, 0.171875, 0.1875, 0.203125, 0.21875, 0.234375, 0.25, 0.265625, 0.28125, 0.296875, 0.3125, 0.328125, 0.34375, 0.359375, 0.375, 0.390625, 0.40625, 0.421875, 0.4375, 0.453125, 0.46875, 0.484375, 0.5]}, "params/['params']['layers_0']['linear_layer']['bias']": {"_type": "histogram", "values": [0, 0, 0, 0, 0, 0, 0, 0, 0, 0, 0, 0, 0, 0, 0, 0, 0, 0, 0, 0, 0, 0, 0, 0, 0, 0, 0, 0, 0, 0, 0, 0, 18, 0, 0, 0, 0, 0, 0, 0, 0, 0, 0, 0, 0, 0, 0, 0, 0, 0, 0, 0, 0, 0, 0, 0, 0, 0, 0, 0, 0, 0, 0, 0], "bins": [-0.5, -0.484375, -0.46875, -0.453125, -0.4375, -0.421875, -0.40625, -0.390625, -0.375, -0.359375, -0.34375, -0.328125, -0.3125, -0.296875, -0.28125, -0.265625, -0.25, -0.234375, -0.21875, -0.203125, -0.1875, -0.171875, -0.15625, -0.140625, -0.125, -0.109375, -0.09375, -0.078125, -0.0625, -0.046875, -0.03125, -0.015625, 0.0, 0.015625, 0.03125, 0.046875, 0.0625, 0.078125, 0.09375, 0.109375, 0.125, 0.140625, 0.15625, 0.171875, 0.1875, 0.203125, 0.21875, 0.234375, 0.25, 0.265625, 0.28125, 0.296875, 0.3125, 0.328125, 0.34375, 0.359375, 0.375, 0.390625, 0.40625, 0.421875, 0.4375, 0.453125, 0.46875, 0.484375, 0.5]}, "params/['params']['layers_0']['linear_layer']['kernel']": {"_type": "histogram", "values": [1, 0, 0, 1, 0, 0, 0, 0, 0, 0, 0, 0, 0, 0, 0, 0, 0, 1, 0, 1, 0, 0, 0, 0, 1, 0, 0, 2, 0, 1, 0, 0, 0, 2, 0, 1, 0, 0, 0, 0, 0, 0, 0, 2, 0, 0, 1, 0, 0, 0, 1, 0, 0, 1, 0, 0, 1, 0, 0, 0, 0, 0, 0, 1], "bins": [-1.587853193283081, -1.5403521060943604, -1.4928510189056396, -1.4453498125076294, -1.3978487253189087, -1.350347638130188, -1.3028465509414673, -1.255345344543457, -1.2078442573547363, -1.1603431701660156, -1.112842082977295, -1.0653409957885742, -1.0178399085998535, -0.9703387022018433, -0.9228376150131226, -0.8753364682197571, -0.8278353810310364, -0.7803342938423157, -0.7328331470489502, -0.6853320598602295, -0.637830913066864, -0.5903298258781433, -0.5428286790847778, -0.49532759189605713, -0.4478265047073364, -0.4003254175186157, -0.35282421112060547, -0.30532312393188477, -0.25782203674316406, -0.21032094955444336, -0.1628197431564331, -0.1153186559677124, -0.0678175687789917, -0.020316481590270996, 0.027184605598449707, 0.07468581199645996, 0.12218689918518066, 0.16968798637390137, 0.21718907356262207, 0.2646902799606323, 0.312191367149353, 0.35969245433807373, 0.40719354152679443, 0.4546947479248047, 0.5021958351135254, 0.5496969223022461, 0.5971980094909668, 0.6446990966796875, 0.6922001838684082, 0.7397012710571289, 0.7872023582458496, 0.8347036838531494, 0.8822047710418701, 0.9297058582305908, 0.9772069454193115, 1.0247080326080322, 1.072209119796753, 1.1197102069854736, 1.1672112941741943, 1.214712381362915, 1.2622137069702148, 1.3097147941589355, 1.3572158813476562, 1.404716968536377, 1.4522180557250977]}, "_wandb": {"runtime": 194}}