{"loss": 0.194135382771492, "_timestamp": 1739361156.265056, "_runtime": 3648.488182783127, "_step": 402, "params/['params']['last']['bias']": {"_type": "histogram", "values": [1, 0, 0, 0, 0, 0, 0, 0, 0, 0, 0, 0, 0, 0, 0, 0, 0, 0, 0, 0, 0, 0, 0, 0, 0, 0, 0, 0, 0, 0, 0, 0, 0, 0, 0, 0, 0, 0, 0, 0, 0, 0, 0, 0, 0, 0, 0, 0, 0, 0, 0, 0, 0, 0, 0, 0, 0, 0, 0, 0, 0, 0, 0, 1], "bins": [0.0, 0.007378667593002319, 0.014757335186004639, 0.022136002779006958, 0.029514670372009277, 0.0368933379650116, 0.044272005558013916, 0.051650673151016235, 0.059029340744018555, 0.06640800833702087, 0.0737866759300232, 0.08116534352302551, 0.08854401111602783, 0.09592267870903015, 0.10330134630203247, 0.11068001389503479, 0.11805868148803711, 0.12543734908103943, 0.13281601667404175, 0.14019468426704407, 0.1475733518600464, 0.1549520194530487, 0.16233068704605103, 0.16970935463905334, 0.17708802223205566, 0.18446668982505798, 0.1918453574180603, 0.19922402501106262, 0.20660269260406494, 0.21398136019706726, 0.22136002779006958, 0.2287386953830719, 0.23611736297607422, 0.24349603056907654, 0.25087469816207886, 0.2582533657550812, 0.2656320333480835, 0.2730107009410858, 0.28038936853408813, 0.28776803612709045, 0.2951467037200928, 0.3025253713130951, 0.3099040389060974, 0.31728270649909973, 0.32466137409210205, 0.33204004168510437, 0.3394187092781067, 0.346797376871109, 0.35417604446411133, 0.36155471205711365, 0.36893337965011597, 0.3763120472431183, 0.3836907148361206, 0.3910693824291229, 0.39844805002212524, 0.40582671761512756, 0.4132053852081299, 0.4205840528011322, 0.4279627203941345, 0.43534138798713684, 0.44272005558013916, 0.4500987231731415, 0.4574773907661438, 0.4648560583591461, 0.47223472595214844]}, "params/['params']['last']['kernel']": {"_type": "histogram", "values": [1, 0, 28, 0, 0, 0, 0, 0, 0, 0, 0, 0, 0, 0, 0, 0, 0, 0, 0, 0, 0, 0, 0, 0, 0, 0, 0, 0, 0, 0, 0, 0, 0, 0, 0, 0, 0, 0, 0, 0, 0, 0, 0, 0, 0, 0, 0, 0, 0, 0, 0, 0, 0, 0, 0, 0, 0, 0, 0, 0, 0, 0, 0, 1], "bins": [-0.04405776411294937, -0.028964096680283546, -0.013870429247617722, 0.001223236322402954, 0.016316905617713928, 0.0314105749130249, 0.04650423675775528, 0.061597906053066254, 0.07669157534837723, 0.0917852446436882, 0.10687891393899918, 0.12197258323431015, 0.13706624507904053, 0.1521598994731903, 0.16725358366966248, 0.18234723806381226, 0.19744092226028442, 0.2125345766544342, 0.22762826085090637, 0.24272191524505615, 0.2578155994415283, 0.2729092538356781, 0.28800293803215027, 0.30309659242630005, 0.31819024682044983, 0.333283931016922, 0.3483775854110718, 0.36347126960754395, 0.3785649240016937, 0.3936586081981659, 0.4087522625923157, 0.42384594678878784, 0.4389396011829376, 0.4540332555770874, 0.4691269099712372, 0.48422059416770935, 0.4993142783641815, 0.5144079327583313, 0.5295015573501587, 0.5445952415466309, 0.559688925743103, 0.5747825503349304, 0.5898762345314026, 0.6049699187278748, 0.6200636029243469, 0.6351572275161743, 0.6502509117126465, 0.6653445959091187, 0.680438220500946, 0.6955319046974182, 0.7106255888938904, 0.7257192730903625, 0.7408128976821899, 0.7559065818786621, 0.7710002660751343, 0.7860939502716064, 0.8011875748634338, 0.816281259059906, 0.8313749432563782, 0.8464685678482056, 0.8615622520446777, 0.8766559362411499, 0.8917496204376221, 0.9068432450294495, 0.9219369292259216]}, "params/['params']['layers_0']['linear_layer']['bias']": {"_type": "histogram", "values": [1, 0, 0, 0, 0, 0, 0, 0, 0, 0, 0, 0, 0, 0, 0, 0, 0, 0, 0, 0, 0, 0, 0, 0, 0, 0, 0, 0, 0, 0, 0, 0, 0, 0, 0, 0, 0, 0, 0, 0, 0, 0, 0, 0, 0, 0, 0, 0, 0, 0, 0, 0, 0, 0, 0, 0, 0, 0, 0, 0, 0, 0, 0, 17], "bins": [-0.5194686055183411, -0.5113518834114075, -0.5032352209091187, -0.49511849880218506, -0.48700180649757385, -0.47888511419296265, -0.47076842188835144, -0.46265172958374023, -0.45453503727912903, -0.4464183449745178, -0.43830162286758423, -0.430184930562973, -0.4220682382583618, -0.4139515459537506, -0.4058348536491394, -0.3977181613445282, -0.389601469039917, -0.3814847469329834, -0.3733680546283722, -0.365251362323761, -0.3571346700191498, -0.3490179777145386, -0.340901255607605, -0.33278459310531616, -0.32466787099838257, -0.31655117869377136, -0.30843448638916016, -0.30031779408454895, -0.29220110177993774, -0.28408437967300415, -0.27596771717071533, -0.26785099506378174, -0.25973430275917053, -0.2516176104545593, -0.24350091814994812, -0.23538422584533691, -0.22726750373840332, -0.21915081143379211, -0.2110341191291809, -0.2029174268245697, -0.1948007345199585, -0.1866840422153473, -0.1785673201084137, -0.1704506278038025, -0.16233393549919128, -0.15421724319458008, -0.14610055088996887, -0.13798385858535767, -0.12986713647842407, -0.12175044417381287, -0.11363375186920166, -0.10551705956459045, -0.09740036725997925, -0.08928367495536804, -0.08116698265075684, -0.07305026054382324, -0.06493356823921204, -0.05681687593460083, -0.048700183629989624, -0.04058349132537842, -0.03246679902076721, -0.024350076913833618, -0.016233384609222412, -0.008116722106933594, 0.0]}, "params/['params']['layers_0']['linear_layer']['kernel']": {"_type": "histogram", "values": [0, 0, 0, 0, 0, 0, 0, 0, 0, 0, 0, 0, 0, 0, 0, 0, 0, 0, 0, 0, 0, 0, 0, 0, 0, 0, 0, 0, 0, 0, 0, 0, 18, 0, 0, 0, 0, 0, 0, 0, 0, 0, 0, 0, 0, 0, 0, 0, 0, 0, 0, 0, 0, 0, 0, 0, 0, 0, 0, 0, 0, 0, 0, 0], "bins": [-0.5, -0.484375, -0.46875, -0.453125, -0.4375, -0.421875, -0.40625, -0.390625, -0.375, -0.359375, -0.34375, -0.328125, -0.3125, -0.296875, -0.28125, -0.265625, -0.25, -0.234375, -0.21875, -0.203125, -0.1875, -0.171875, -0.15625, -0.140625, -0.125, -0.109375, -0.09375, -0.078125, -0.0625, -0.046875, -0.03125, -0.015625, 0.0, 0.015625, 0.03125, 0.046875, 0.0625, 0.078125, 0.09375, 0.109375, 0.125, 0.140625, 0.15625, 0.171875, 0.1875, 0.203125, 0.21875, 0.234375, 0.25, 0.265625, 0.28125, 0.296875, 0.3125, 0.328125, 0.34375, 0.359375, 0.375, 0.390625, 0.40625, 0.421875, 0.4375, 0.453125, 0.46875, 0.484375, 0.5]}, "_wandb": {"runtime": 3648}}