{"loss": 0.19094061851501465, "_timestamp": 1739298881.7231078, "_runtime": 192.4964039325714, "_step": 25, "params/['params']['last']['bias']": {"_type": "histogram", "values": [1, 0, 0, 0, 0, 0, 0, 0, 0, 0, 0, 0, 0, 0, 0, 0, 0, 0, 0, 0, 0, 0, 0, 0, 0, 0, 0, 0, 0, 0, 0, 0, 0, 0, 0, 0, 0, 0, 0, 0, 0, 0, 0, 0, 0, 0, 0, 0, 0, 0, 0, 0, 0, 0, 0, 0, 0, 0, 0, 0, 0, 0, 0, 1], "bins": [1.0059176683425903, 1.007179856300354, 1.0084419250488281, 1.0097041130065918, 1.010966181755066, 1.0122283697128296, 1.0134905576705933, 1.0147526264190674, 1.016014814376831, 1.0172768831253052, 1.0185390710830688, 1.0198012590408325, 1.0210633277893066, 1.0223255157470703, 1.0235875844955444, 1.024849772453308, 1.0261118412017822, 1.027374029159546, 1.0286362171173096, 1.0298982858657837, 1.0311604738235474, 1.0324225425720215, 1.0336847305297852, 1.0349469184875488, 1.036208987236023, 1.0374711751937866, 1.0387332439422607, 1.0399954319000244, 1.041257619857788, 1.0425196886062622, 1.0437818765640259, 1.0450439453125, 1.0463061332702637, 1.0475683212280273, 1.0488303899765015, 1.0500925779342651, 1.0513546466827393, 1.052616834640503, 1.0538790225982666, 1.0551410913467407, 1.0564032793045044, 1.0576653480529785, 1.0589275360107422, 1.0601897239685059, 1.06145179271698, 1.0627139806747437, 1.0639760494232178, 1.0652382373809814, 1.0665004253387451, 1.0677624940872192, 1.069024682044983, 1.070286750793457, 1.0715489387512207, 1.0728111267089844, 1.0740731954574585, 1.0753353834152222, 1.0765974521636963, 1.07785964012146, 1.079121708869934, 1.0803838968276978, 1.0816460847854614, 1.0829081535339355, 1.0841703414916992, 1.0854324102401733, 1.086694598197937]}, "params/['params']['last']['kernel']": {"_type": "histogram", "values": [1, 1, 1, 0, 0, 0, 0, 1, 2, 0, 0, 1, 0, 0, 0, 0, 0, 0, 0, 0, 1, 2, 2, 0, 0, 0, 0, 0, 0, 1, 7, 3, 1, 0, 9, 0, 1, 0, 0, 0, 0, 0, 0, 0, 0, 0, 0, 0, 0, 0, 0, 0, 1, 0, 1, 1, 0, 1, 2, 0, 1, 0, 0, 1], "bins": [-0.12619151175022125, -0.12231402099132538, -0.1184365302324295, -0.11455903947353363, -0.11068154871463776, -0.10680405795574188, -0.10292655974626541, -0.09904906898736954, -0.09517157822847366, -0.09129408746957779, -0.08741659671068192, -0.08353909850120544, -0.07966160774230957, -0.0757841169834137, -0.07190662622451782, -0.06802913546562195, -0.06415164470672607, -0.0602741539478302, -0.056396663188934326, -0.05251917243003845, -0.04864168167114258, -0.04476418346166611, -0.04088669270277023, -0.03700920194387436, -0.033131711184978485, -0.02925422042608261, -0.025376729667186737, -0.021499238908290863, -0.017621740698814392, -0.013744249939918518, -0.009866759181022644, -0.00598926842212677, -0.002111777663230896, 0.001765713095664978, 0.005643203854560852, 0.009520694613456726, 0.0133981853723526, 0.017275676131248474, 0.021153166890144348, 0.025030657649040222, 0.028908148407936096, 0.032785654067993164, 0.03666314482688904, 0.04054063558578491, 0.044418126344680786, 0.04829561710357666, 0.052173107862472534, 0.05605059862136841, 0.05992808938026428, 0.06380558013916016, 0.06768307089805603, 0.0715605616569519, 0.07543805241584778, 0.07931554317474365, 0.08319303393363953, 0.0870705246925354, 0.09094803035259247, 0.09482552111148834, 0.09870301187038422, 0.10258050262928009, 0.10645799338817596, 0.11033548414707184, 0.11421297490596771, 0.11809046566486359, 0.12196795642375946]}, "params/['params']['layers_0']['linear_layer']['bias']": {"_type": "histogram", "values": [4, 0, 1, 1, 1, 0, 1, 0, 0, 0, 1, 2, 0, 0, 0, 0, 0, 0, 0, 1, 0, 0, 0, 0, 3, 0, 0, 0, 0, 0, 0, 0, 0, 0, 1, 0, 0, 0, 1, 0, 1, 0, 1, 1, 0, 0, 0, 0, 1, 1, 1, 0, 0, 0, 0, 0, 0, 0, 0, 0, 0, 0, 0, 1], "bins": [-0.13746239244937897, -0.1318529099225998, -0.12624342739582062, -0.12063395231962204, -0.11502447724342346, -0.10941499471664429, -0.10380551218986511, -0.09819602966308594, -0.09258655458688736, -0.08697707951068878, -0.0813675969839096, -0.07575811445713043, -0.07014863193035126, -0.06453915685415268, -0.058929674327373505, -0.05332019925117493, -0.04771071672439575, -0.04210123419761658, -0.036491759121418, -0.030882276594638824, -0.025272801518440247, -0.019663318991661072, -0.014053836464881897, -0.008444353938102722, -0.0028348714113235474, 0.0027745962142944336, 0.008384078741073608, 0.013993561267852783, 0.019603043794631958, 0.025212526321411133, 0.030821993947029114, 0.03643147647380829, 0.04204095900058746, 0.04765044152736664, 0.05325992405414581, 0.058869391679763794, 0.06447887420654297, 0.07008835673332214, 0.07569783926010132, 0.0813073217868805, 0.08691678941249847, 0.09252627193927765, 0.09813575446605682, 0.103745236992836, 0.10935471951961517, 0.11496420204639435, 0.12057368457317352, 0.1261831670999527, 0.13179264962673187, 0.13740210235118866, 0.14301158487796783, 0.148621067404747, 0.15423054993152618, 0.15984003245830536, 0.16544951498508453, 0.1710589975118637, 0.17666848003864288, 0.18227796256542206, 0.18788744509220123, 0.19349689781665802, 0.1991063803434372, 0.20471586287021637, 0.21032534539699554, 0.21593482792377472, 0.2215443253517151]}, "params/['params']['layers_0']['linear_layer']['kernel']": {"_type": "histogram", "values": [1, 0, 0, 0, 0, 0, 0, 0, 0, 0, 0, 0, 0, 0, 1, 0, 1, 2, 0, 0, 1, 0, 0, 0, 0, 0, 1, 1, 1, 0, 0, 1, 0, 0, 2, 1, 0, 0, 0, 0, 2, 1, 0, 1, 0, 0, 0, 2, 0, 0, 0, 0, 2, 0, 0, 0, 0, 1, 1, 0, 0, 0, 0, 1], "bins": [-2.1914355754852295, -2.1246302127838135, -2.0578250885009766, -1.9910197257995605, -1.9242143630981445, -1.857409119606018, -1.7906038761138916, -1.7237985134124756, -1.6569932699203491, -1.5901880264282227, -1.5233826637268066, -1.4565774202346802, -1.3897721767425537, -1.3229668140411377, -1.2561615705490112, -1.1893562078475952, -1.1225509643554688, -1.0557457208633423, -0.9889403581619263, -0.9221351146697998, -0.8553297519683838, -0.7885245084762573, -0.7217192649841309, -0.6549139022827148, -0.5881086587905884, -0.5213034152984619, -0.4544980525970459, -0.38769280910491943, -0.32088756561279297, -0.25408220291137695, -0.18727684020996094, -0.12047171592712402, -0.05366635322570801, 0.013139009475708008, 0.07994413375854492, 0.14674949645996094, 0.21355485916137695, 0.28035998344421387, 0.3471653461456299, 0.4139707088470459, 0.4807760715484619, 0.5475811958312988, 0.6143865585327148, 0.6811919212341309, 0.7479970455169678, 0.8148024082183838, 0.8816077709197998, 0.9484128952026367, 1.0152182579040527, 1.0820236206054688, 1.1488287448883057, 1.2156341075897217, 1.2824394702911377, 1.3492445945739746, 1.4160499572753906, 1.4828553199768066, 1.5496604442596436, 1.6164658069610596, 1.6832711696624756, 1.7500765323638916, 1.8168818950653076, 1.8836867809295654, 1.9504921436309814, 2.0172975063323975, 2.0841031074523926]}, "_wandb": {"runtime": 192}}