{"_timestamp":1.739539556377988e+09,"loss":0.00016267015598714352,"params/['params']['last']['bias']":{"bins":[0,0.00810764729976654,0.01621529459953308,0.02432294189929962,0.03243058919906616,0.0405382364988327,0.04864588379859924,0.056753531098365784,0.06486117839813232,0.07296882569789886,0.0810764729976654,0.08918412029743195,0.09729176759719849,0.10539941489696503,0.11350706219673157,0.12161470949649811,0.12972235679626465,0.1378300040960312,0.14593765139579773,0.15404529869556427,0.1621529459953308,0.17026059329509735,0.1783682405948639,0.18647588789463043,0.19458353519439697,0.2026911824941635,0.21079882979393005,0.2189064770936966,0.22701412439346313,0.23512177169322968,0.24322941899299622,0.25133705139160156,0.2594447135925293,0.26755237579345703,0.2756600081920624,0.2837676405906677,0.29187530279159546,0.2999829649925232,0.30809059739112854,0.3161982297897339,0.3243058919906616,0.33241355419158936,0.3405211865901947,0.34862881898880005,0.3567364811897278,0.3648441433906555,0.37295177578926086,0.3810594081878662,0.38916707038879395,0.3972747325897217,0.405382364988327,0.4134899973869324,0.4215976595878601,0.42970532178878784,0.4378129541873932,0.44592058658599854,0.45402824878692627,0.462135910987854,0.47024354338645935,0.4783511757850647,0.48645883798599243,0.49456650018692017,0.5026741027832031,0.5107817649841309,0.5188894271850586],"_type":"histogram","values":[1,0,0,0,0,0,0,0,0,0,0,0,0,0,0,0,0,0,0,0,0,0,0,0,0,0,0,0,0,0,0,0,0,0,0,0,0,0,0,0,0,0,0,0,0,0,0,0,0,0,0,0,0,0,0,0,0,0,0,0,0,0,0,1]},"_step":405,"params/['params']['layers_1']['linear_layer']['bias']":{"bins":[-0.5,-0.484375,-0.46875,-0.453125,-0.4375,-0.421875,-0.40625,-0.390625,-0.375,-0.359375,-0.34375,-0.328125,-0.3125,-0.296875,-0.28125,-0.265625,-0.25,-0.234375,-0.21875,-0.203125,-0.1875,-0.171875,-0.15625,-0.140625,-0.125,-0.109375,-0.09375,-0.078125,-0.0625,-0.046875,-0.03125,-0.015625,0,0.015625,0.03125,0.046875,0.0625,0.078125,0.09375,0.109375,0.125,0.140625,0.15625,0.171875,0.1875,0.203125,0.21875,0.234375,0.25,0.265625,0.28125,0.296875,0.3125,0.328125,0.34375,0.359375,0.375,0.390625,0.40625,0.421875,0.4375,0.453125,0.46875,0.484375,0.5],"_type":"histogram","values":[0,0,0,0,0,0,0,0,0,0,0,0,0,0,0,0,0,0,0,0,0,0,0,0,0,0,0,0,0,0,0,0,18,0,0,0,0,0,0,0,0,0,0,0,0,0,0,0,0,0,0,0,0,0,0,0,0,0,0,0,0,0,0,0]},"params/['params']['layers_1']['linear_layer']['kernel']":{"values":[1,0,0,0,1,1,0,0,0,0,0,0,0,0,0,1,0,0,0,0,0,0,0,0,1,0,1,254,0,0,0,0,1,0,1,0,0,0,0,0,2,0,0,0,0,0,0,0,0,1,0,0,0,1,0,0,0,1,0,0,0,1,0,2],"bins":[-1.417906641960144,-1.3659249544143677,-1.3139432668685913,-1.2619616985321045,-1.2099800109863281,-1.1579983234405518,-1.1060166358947754,-1.054034948348999,-1.0020532608032227,-0.9500716924667358,-0.8980900049209595,-0.8461083173751831,-0.7941266298294067,-0.7421450018882751,-0.6901633143424988,-0.6381816864013672,-0.5861999988555908,-0.5342183113098145,-0.48223668336868286,-0.4302549958229065,-0.3782733678817749,-0.32629168033599854,-0.27430999279022217,-0.2223283052444458,-0.17034661769866943,-0.11836504936218262,-0.06638336181640625,-0.014401674270629883,0.037580013275146484,0.08956170082092285,0.14154326915740967,0.19352495670318604,0.2455066442489624,0.29748833179473877,0.34947001934051514,0.40145158767700195,0.4534332752227783,0.5054149627685547,0.557396650314331,0.6093782186508179,0.6613599061965942,0.7133415937423706,0.765323281288147,0.8173049688339233,0.8692866563796997,0.9212683439254761,0.9732500314712524,1.0252317190170288,1.0772134065628052,1.1291948556900024,1.1811765432357788,1.2331582307815552,1.2851399183273315,1.337121605873108,1.3891032934188843,1.4410849809646606,1.493066668510437,1.5450483560562134,1.5970300436019897,1.649011492729187,1.7009931802749634,1.7529748678207397,1.8049565553665161,1.8569382429122925,1.9089199304580688],"_type":"histogram"},"validation_loss":0.0001645466109039262,"_wandb":{"runtime":164},"_runtime":164.980219,"params/['params']['last']['kernel']":{"bins":[-0.18764632940292358,-0.1804329752922058,-0.17321963608264923,-0.16600628197193146,-0.15879294276237488,-0.1515795886516571,-0.14436624944210052,-0.13715289533138275,-0.12993955612182617,-0.1227262020111084,-0.11551285535097122,-0.10829950869083405,-0.10108616203069687,-0.09387281537055969,-0.08665946871042252,-0.07944612205028534,-0.07223277539014816,-0.06501942873001099,-0.05780607461929321,-0.05059273540973663,-0.04337938129901886,-0.03616604208946228,-0.028952687978744507,-0.021739348769187927,-0.014525994658470154,-0.007312655448913574,-9.930133819580078e-05,0.007114037871360779,0.014327391982078552,0.021540731191635132,0.028754085302352905,0.035967424511909485,0.04318077862262726,0.05039413273334503,0.05760747194290161,0.06482082605361938,0.07203418016433716,0.07924750447273254,0.08646085858345032,0.09367421269416809,0.10088756680488586,0.10810089111328125,0.11531424522399902,0.1225275993347168,0.12974095344543457,0.13695427775382996,0.14416763186454773,0.1513809859752655,0.15859434008598328,0.16580769419670105,0.17302101850509644,0.1802343726158142,0.18744772672653198,0.19466108083724976,0.20187440514564514,0.20908775925636292,0.2163011133670807,0.22351446747779846,0.23072779178619385,0.23794114589691162,0.2451545000076294,0.25236785411834717,0.25958117842674255,0.2667945325374603,0.2740078866481781],"_type":"histogram","values":[2,0,0,0,0,0,0,0,0,0,0,0,0,0,0,0,0,0,1,0,2,0,0,0,0,0,24,0,0,0,0,0,0,0,0,0,0,0,0,0,0,0,0,0,0,0,0,0,0,0,0,0,0,0,0,0,0,0,0,0,0,0,0,1]},"params/['params']['layers_0']['linear_layer']['bias']":{"values":[0,0,0,0,0,0,0,0,0,0,0,0,0,0,0,0,0,0,0,0,0,0,0,0,0,0,0,0,0,0,0,0,18,0,0,0,0,0,0,0,0,0,0,0,0,0,0,0,0,0,0,0,0,0,0,0,0,0,0,0,0,0,0,0],"bins":[-0.5,-0.484375,-0.46875,-0.453125,-0.4375,-0.421875,-0.40625,-0.390625,-0.375,-0.359375,-0.34375,-0.328125,-0.3125,-0.296875,-0.28125,-0.265625,-0.25,-0.234375,-0.21875,-0.203125,-0.1875,-0.171875,-0.15625,-0.140625,-0.125,-0.109375,-0.09375,-0.078125,-0.0625,-0.046875,-0.03125,-0.015625,0,0.015625,0.03125,0.046875,0.0625,0.078125,0.09375,0.109375,0.125,0.140625,0.15625,0.171875,0.1875,0.203125,0.21875,0.234375,0.25,0.265625,0.28125,0.296875,0.3125,0.328125,0.34375,0.359375,0.375,0.390625,0.40625,0.421875,0.4375,0.453125,0.46875,0.484375,0.5],"_type":"histogram"},"params/['params']['layers_0']['linear_layer']['kernel']":{"values":[1,0,0,0,0,0,0,0,0,0,0,0,0,0,0,0,0,0,0,0,0,0,0,0,0,1,0,0,0,1,0,0,0,1,0,0,0,48,0,0,0,0,0,0,0,0,0,0,1,0,0,0,0,0,0,0,0,0,0,0,0,0,0,1],"bins":[-1.489808440208435,-1.4500377178192139,-1.4102669954299927,-1.370496392250061,-1.3307256698608398,-1.2909549474716187,-1.2511842250823975,-1.2114136219024658,-1.1716428995132446,-1.1318721771240234,-1.0921014547348022,-1.052330732345581,-1.0125601291656494,-0.9727894067764282,-0.933018684387207,-0.8932480216026306,-0.8534772992134094,-0.8137065768241882,-0.7739359140396118,-0.7341651916503906,-0.6943945288658142,-0.654623806476593,-0.6148531436920166,-0.5750824213027954,-0.5353116989135742,-0.4955410361289978,-0.4557703733444214,-0.4159996509552002,-0.376228928565979,-0.3364582061767578,-0.29668760299682617,-0.256916880607605,-0.2171461582183838,-0.1773754358291626,-0.1376047134399414,-0.09783411026000977,-0.058063387870788574,-0.018292665481567383,0.02147805690765381,0.06124866008758545,0.10101938247680664,0.14079010486602783,0.18056082725524902,0.22033154964447021,0.26010215282440186,0.29987287521362305,0.33964359760284424,0.37941431999206543,0.4191850423812866,0.45895564556121826,0.49872636795043945,0.5384970903396606,0.5782676935195923,0.618038535118103,0.6578091382980347,0.6975797414779663,0.737350583076477,0.7771211862564087,0.8168920278549194,0.8566626310348511,0.8964332342147827,0.9362040758132935,0.9759746789932251,1.0157455205917358,1.0555161237716675],"_type":"histogram"}}