{"loss": 1.1150587797164917, "_timestamp": 1739304296.3901274, "_runtime": 13.658374309539795, "_step": 27, "params/['params']['last']['bias']": {"_type": "histogram", "values": [1, 0, 0, 0, 0, 0, 0, 0, 0, 0, 0, 0, 0, 0, 0, 0, 0, 0, 0, 0, 0, 0, 0, 0, 0, 0, 0, 0, 0, 0, 0, 0, 0, 0, 0, 0, 0, 0, 0, 0, 0, 0, 0, 0, 0, 0, 0, 0, 0, 0, 0, 0, 0, 0, 0, 0, 0, 0, 0, 0, 0, 0, 0, 1], "bins": [0.8938161730766296, 0.8954991102218628, 0.897182047367096, 0.8988649845123291, 0.9005479216575623, 0.9022308588027954, 0.9039137959480286, 0.9055967330932617, 0.9072796702384949, 0.908962607383728, 0.9106455445289612, 0.9123284816741943, 0.9140114188194275, 0.9156943559646606, 0.9173772931098938, 0.919060230255127, 0.9207431674003601, 0.9224261045455933, 0.9241090416908264, 0.9257919788360596, 0.9274749159812927, 0.9291578531265259, 0.930840790271759, 0.9325237274169922, 0.9342066645622253, 0.9358896017074585, 0.9375725388526917, 0.9392554759979248, 0.940938413143158, 0.9426213502883911, 0.9443042278289795, 0.9459872245788574, 0.9476701021194458, 0.9493530988693237, 0.9510359764099121, 0.9527189135551453, 0.9544018507003784, 0.9560847878456116, 0.9577677249908447, 0.9594506621360779, 0.961133599281311, 0.9628165364265442, 0.9644994735717773, 0.9661824107170105, 0.9678653478622437, 0.9695482850074768, 0.97123122215271, 0.9729141592979431, 0.9745970964431763, 0.9762800335884094, 0.9779629707336426, 0.9796459078788757, 0.9813288450241089, 0.983011782169342, 0.9846947193145752, 0.9863776564598083, 0.9880605936050415, 0.9897435307502747, 0.9914264678955078, 0.993109405040741, 0.9947923421859741, 0.9964752793312073, 0.9981582164764404, 0.9998411536216736, 1.0015240907669067]}, "params/['params']['last']['kernel']": {"_type": "histogram", "values": [0, 0, 0, 0, 0, 0, 0, 0, 0, 0, 0, 0, 0, 0, 0, 0, 0, 0, 0, 0, 0, 0, 0, 0, 0, 0, 0, 0, 0, 0, 0, 0, 12, 0, 0, 0, 0, 0, 0, 0, 0, 0, 0, 0, 0, 0, 0, 0, 0, 0, 0, 0, 0, 0, 0, 0, 0, 0, 0, 0, 0, 0, 0, 0], "bins": [-0.5, -0.484375, -0.46875, -0.453125, -0.4375, -0.421875, -0.40625, -0.390625, -0.375, -0.359375, -0.34375, -0.328125, -0.3125, -0.296875, -0.28125, -0.265625, -0.25, -0.234375, -0.21875, -0.203125, -0.1875, -0.171875, -0.15625, -0.140625, -0.125, -0.109375, -0.09375, -0.078125, -0.0625, -0.046875, -0.03125, -0.015625, 0.0, 0.015625, 0.03125, 0.046875, 0.0625, 0.078125, 0.09375, 0.109375, 0.125, 0.140625, 0.15625, 0.171875, 0.1875, 0.203125, 0.21875, 0.234375, 0.25, 0.265625, 0.28125, 0.296875, 0.3125, 0.328125, 0.34375, 0.359375, 0.375, 0.390625, 0.40625, 0.421875, 0.4375, 0.453125, 0.46875, 0.484375, 0.5]}, "params/['params']['layers_0']['linear_layer']['bias']": {"_type": "histogram", "values": [0, 0, 0, 0, 0, 0, 0, 0, 0, 0, 0, 0, 0, 0, 0, 0, 0, 0, 0, 0, 0, 0, 0, 0, 0, 0, 0, 0, 0, 0, 0, 0, 8, 0, 0, 0, 0, 0, 0, 0, 0, 0, 0, 0, 0, 0, 0, 0, 0, 0, 0, 0, 0, 0, 0, 0, 0, 0, 0, 0, 0, 0, 0, 0], "bins": [-0.5, -0.484375, -0.46875, -0.453125, -0.4375, -0.421875, -0.40625, -0.390625, -0.375, -0.359375, -0.34375, -0.328125, -0.3125, -0.296875, -0.28125, -0.265625, -0.25, -0.234375, -0.21875, -0.203125, -0.1875, -0.171875, -0.15625, -0.140625, -0.125, -0.109375, -0.09375, -0.078125, -0.0625, -0.046875, -0.03125, -0.015625, 0.0, 0.015625, 0.03125, 0.046875, 0.0625, 0.078125, 0.09375, 0.109375, 0.125, 0.140625, 0.15625, 0.171875, 0.1875, 0.203125, 0.21875, 0.234375, 0.25, 0.265625, 0.28125, 0.296875, 0.3125, 0.328125, 0.34375, 0.359375, 0.375, 0.390625, 0.40625, 0.421875, 0.4375, 0.453125, 0.46875, 0.484375, 0.5]}, "params/['params']['layers_0']['linear_layer']['kernel']": {"_type": "histogram", "values": [1, 0, 0, 0, 0, 1, 0, 0, 0, 0, 0, 1, 0, 0, 0, 0, 0, 0, 0, 0, 0, 0, 0, 0, 0, 0, 0, 0, 0, 1, 0, 0, 2, 0, 0, 0, 2, 1, 0, 0, 1, 0, 1, 0, 1, 0, 0, 0, 0, 1, 0, 0, 0, 0, 0, 1, 0, 0, 0, 0, 0, 0, 0, 2], "bins": [-1.38725745677948, -1.3444195985794067, -1.3015817403793335, -1.2587438821792603, -1.215906023979187, -1.1730680465698242, -1.130230188369751, -1.0873923301696777, -1.0445544719696045, -1.0017166137695312, -0.958878755569458, -0.9160408973693848, -0.8732030391693115, -0.8303651809692383, -0.7875272631645203, -0.744689404964447, -0.7018515467643738, -0.6590136885643005, -0.6161758303642273, -0.5733379125595093, -0.530500054359436, -0.4876621961593628, -0.44482433795928955, -0.4019864797592163, -0.35914862155914307, -0.3163107633590698, -0.2734729051589966, -0.2306349277496338, -0.18779706954956055, -0.1449592113494873, -0.10212135314941406, -0.05928349494934082, -0.016445636749267578, 0.026392221450805664, 0.0692300796508789, 0.11206793785095215, 0.1549057960510254, 0.19774365425109863, 0.24058163166046143, 0.28341948986053467, 0.3262573480606079, 0.36909520626068115, 0.4119330644607544, 0.45477092266082764, 0.4976087808609009, 0.5404466390609741, 0.5832844972610474, 0.6261223554611206, 0.6689602136611938, 0.7117980718612671, 0.7546359300613403, 0.7974737882614136, 0.8403116464614868, 0.8831495046615601, 0.9259876012802124, 0.9688254594802856, 1.0116633176803589, 1.0545011758804321, 1.0973390340805054, 1.1401768922805786, 1.1830147504806519, 1.225852608680725, 1.2686904668807983, 1.3115283250808716, 1.3543661832809448]}, "params/['params']['layers_1']['linear_layer']['bias']": {"_type": "histogram", "values": [0, 0, 0, 0, 0, 0, 0, 0, 0, 0, 0, 0, 0, 0, 0, 0, 0, 0, 0, 0, 0, 0, 0, 0, 0, 0, 0, 0, 0, 0, 0, 0, 8, 0, 0, 0, 0, 0, 0, 0, 0, 0, 0, 0, 0, 0, 0, 0, 0, 0, 0, 0, 0, 0, 0, 0, 0, 0, 0, 0, 0, 0, 0, 0], "bins": [-0.5, -0.484375, -0.46875, -0.453125, -0.4375, -0.421875, -0.40625, -0.390625, -0.375, -0.359375, -0.34375, -0.328125, -0.3125, -0.296875, -0.28125, -0.265625, -0.25, -0.234375, -0.21875, -0.203125, -0.1875, -0.171875, -0.15625, -0.140625, -0.125, -0.109375, -0.09375, -0.078125, -0.0625, -0.046875, -0.03125, -0.015625, 0.0, 0.015625, 0.03125, 0.046875, 0.0625, 0.078125, 0.09375, 0.109375, 0.125, 0.140625, 0.15625, 0.171875, 0.1875, 0.203125, 0.21875, 0.234375, 0.25, 0.265625, 0.28125, 0.296875, 0.3125, 0.328125, 0.34375, 0.359375, 0.375, 0.390625, 0.40625, 0.421875, 0.4375, 0.453125, 0.46875, 0.484375, 0.5]}, "params/['params']['layers_1']['linear_layer']['kernel']": {"_type": "histogram", "values": [1, 1, 0, 0, 0, 0, 0, 0, 0, 0, 0, 0, 2, 0, 0, 0, 1, 1, 2, 0, 1, 0, 2, 0, 1, 1, 0, 1, 1, 0, 0, 2, 0, 1, 2, 1, 3, 1, 1, 1, 0, 1, 1, 1, 3, 1, 0, 1, 1, 1, 0, 1, 1, 3, 2, 0, 1, 0, 1, 0, 1, 0, 0, 1], "bins": [-0.8993481397628784, -0.8741751909255981, -0.8490023016929626, -0.8238293528556824, -0.7986564040184021, -0.7734835147857666, -0.7483105659484863, -0.723137617111206, -0.6979647278785706, -0.6727917790412903, -0.6476188898086548, -0.6224459409713745, -0.5972729921340942, -0.572100043296814, -0.5469271540641785, -0.5217542052268982, -0.4965812861919403, -0.4714083671569824, -0.44623541831970215, -0.42106249928474426, -0.3958895802497864, -0.3707166314125061, -0.3455437421798706, -0.32037079334259033, -0.29519784450531006, -0.27002495527267456, -0.2448520064353943, -0.219679057598114, -0.19450616836547852, -0.16933321952819824, -0.14416027069091797, -0.11898738145828247, -0.0938144326210022, -0.06864148378372192, -0.043468594551086426, -0.018295645713806152, 0.006877303123474121, 0.03205019235610962, 0.05722314119338989, 0.08239609003067017, 0.10756897926330566, 0.13274192810058594, 0.1579148769378662, 0.18308782577514648, 0.2082606554031372, 0.23343360424041748, 0.25860655307769775, 0.283779501914978, 0.3089524507522583, 0.3341253995895386, 0.3592982292175293, 0.38447117805480957, 0.40964412689208984, 0.4348170757293701, 0.4599900245666504, 0.48516297340393066, 0.5103358030319214, 0.5355087518692017, 0.5606817007064819, 0.5858546495437622, 0.6110275983810425, 0.6362005472183228, 0.6613733768463135, 0.6865463256835938, 0.711719274520874]}, "_wandb": {"runtime": 12}}