{"loss": 0.00020029692677780986, "_timestamp": 1739963116.7182753, "_runtime": 206.46343231201172, "_step": 2793, "params/['params']['last']['bias']": {"_type": "histogram", "values": [0, 0, 0, 0, 0, 0, 0, 0, 0, 0, 0, 0, 0, 0, 0, 0, 0, 0, 0, 0, 0, 0, 0, 0, 0, 0, 0, 0, 0, 0, 0, 0, 2, 0, 0, 0, 0, 0, 0, 0, 0, 0, 0, 0, 0, 0, 0, 0, 0, 0, 0, 0, 0, 0, 0, 0, 0, 0, 0, 0, 0, 0, 0, 0], "bins": [-0.5, -0.484375, -0.46875, -0.453125, -0.4375, -0.421875, -0.40625, -0.390625, -0.375, -0.359375, -0.34375, -0.328125, -0.3125, -0.296875, -0.28125, -0.265625, -0.25, -0.234375, -0.21875, -0.203125, -0.1875, -0.171875, -0.15625, -0.140625, -0.125, -0.109375, -0.09375, -0.078125, -0.0625, -0.046875, -0.03125, -0.015625, 0.0, 0.015625, 0.03125, 0.046875, 0.0625, 0.078125, 0.09375, 0.109375, 0.125, 0.140625, 0.15625, 0.171875, 0.1875, 0.203125, 0.21875, 0.234375, 0.25, 0.265625, 0.28125, 0.296875, 0.3125, 0.328125, 0.34375, 0.359375, 0.375, 0.390625, 0.40625, 0.421875, 0.4375, 0.453125, 0.46875, 0.484375, 0.5]}, "params/['params']['last']['kernel']": {"_type": "histogram", "values": [2, 0, 0, 0, 0, 0, 0, 0, 0, 0, 0, 0, 0, 0, 0, 0, 0, 0, 0, 0, 0, 0, 0, 0, 0, 0, 0, 0, 0, 0, 0, 0, 0, 0, 0, 0, 0, 0, 0, 0, 0, 30, 0, 0, 0, 0, 0, 0, 0, 0, 0, 0, 0, 0, 0, 0, 0, 0, 0, 0, 0, 2, 0, 2], "bins": [-0.015159978531301022, -0.014795850962400436, -0.014431722462177277, -0.014067594893276691, -0.013703467324376106, -0.013339338824152946, -0.012975211255252361, -0.012611083686351776, -0.012246955186128616, -0.011882826685905457, -0.011518699117004871, -0.011154571548104286, -0.010790443047881126, -0.010426315478980541, -0.010062187910079956, -0.009698059409856796, -0.009333931840956211, -0.008969804272055626, -0.008605675771832466, -0.008241548202931881, -0.007877420634031296, -0.007513292133808136, -0.007149164564907551, -0.006785036064684391, -0.006420908495783806, -0.006056780926883221, -0.005692652426660061, -0.005328524857759476, -0.0049643972888588905, -0.004600268788635731, -0.004236141219735146, -0.0038720127195119858, -0.0035078851506114006, -0.0031437575817108154, -0.0027796290814876556, -0.0024155015125870705, -0.0020513730123639107, -0.0016872454434633255, -0.0013231178745627403, -0.0009589893743395805, -0.0005948618054389954, -0.0002307342365384102, 0.0001333942636847496, 0.0004975227639079094, 0.00086164940148592, 0.0012257779017090797, 0.0015899064019322395, 0.00195403303951025, 0.00231816153973341, 0.0026822900399565697, 0.0030464166775345802, 0.00341054517775774, 0.0037746736779809, 0.00413880031555891, 0.00450292881578207, 0.00486705731600523, 0.0052311839535832405, 0.0055953124538064, 0.00595944095402956, 0.00632356945425272, 0.0066876960918307304, 0.00705182459205389, 0.00741595309227705, 0.007780079729855061, 0.008144209161400795]}, "params/['params']['layers_0']['linear_layer']['bias']": {"_type": "histogram", "values": [0, 0, 0, 0, 0, 0, 0, 0, 0, 0, 0, 0, 0, 0, 0, 0, 0, 0, 0, 0, 0, 0, 0, 0, 0, 0, 0, 0, 0, 0, 0, 0, 22, 0, 0, 0, 0, 0, 0, 0, 0, 0, 0, 0, 0, 0, 0, 0, 0, 0, 0, 0, 0, 0, 0, 0, 0, 0, 0, 0, 0, 0, 0, 0], "bins": [-0.5, -0.484375, -0.46875, -0.453125, -0.4375, -0.421875, -0.40625, -0.390625, -0.375, -0.359375, -0.34375, -0.328125, -0.3125, -0.296875, -0.28125, -0.265625, -0.25, -0.234375, -0.21875, -0.203125, -0.1875, -0.171875, -0.15625, -0.140625, -0.125, -0.109375, -0.09375, -0.078125, -0.0625, -0.046875, -0.03125, -0.015625, 0.0, 0.015625, 0.03125, 0.046875, 0.0625, 0.078125, 0.09375, 0.109375, 0.125, 0.140625, 0.15625, 0.171875, 0.1875, 0.203125, 0.21875, 0.234375, 0.25, 0.265625, 0.28125, 0.296875, 0.3125, 0.328125, 0.34375, 0.359375, 0.375, 0.390625, 0.40625, 0.421875, 0.4375, 0.453125, 0.46875, 0.484375, 0.5]}, "params/['params']['layers_0']['linear_layer']['kernel']": {"_type": "histogram", "values": [1, 0, 0, 0, 0, 0, 0, 0, 0, 0, 0, 0, 0, 0, 0, 0, 0, 0, 0, 0, 0, 0, 0, 0, 0, 0, 0, 0, 0, 0, 0, 0, 0, 0, 0, 0, 0, 0, 0, 42, 0, 0, 0, 0, 0, 0, 0, 0, 0, 0, 0, 0, 0, 0, 0, 0, 0, 0, 0, 0, 0, 0, 0, 1], "bins": [-0.8376818299293518, -0.8162239789962769, -0.7947661280632019, -0.773308277130127, -0.751850426197052, -0.730392575263977, -0.7089346647262573, -0.6874768733978271, -0.6660189628601074, -0.6445611715316772, -0.6231032609939575, -0.6016454100608826, -0.5801875591278076, -0.5587297081947327, -0.5372718572616577, -0.5158140063285828, -0.4943561553955078, -0.47289830446243286, -0.4514404535293579, -0.42998260259628296, -0.408524751663208, -0.38706687092781067, -0.3656090199947357, -0.34415116906166077, -0.3226932883262634, -0.3012354373931885, -0.2797775864601135, -0.2583197355270386, -0.23686188459396362, -0.21540403366088867, -0.19394618272781372, -0.17248833179473877, -0.15103048086166382, -0.12957262992858887, -0.10811477899551392, -0.08665692806243896, -0.06519907712936401, -0.04374122619628906, -0.02228337526321411, -0.0008255243301391602, 0.02063232660293579, 0.04209023714065552, 0.06354808807373047, 0.08500593900680542, 0.10646378993988037, 0.12792164087295532, 0.14937949180603027, 0.17083734273910522, 0.19229525327682495, 0.21375304460525513, 0.23521095514297485, 0.25666874647140503, 0.27812665700912476, 0.29958444833755493, 0.32104235887527466, 0.34250015020370483, 0.36395806074142456, 0.38541585206985474, 0.40687376260757446, 0.42833155393600464, 0.44978946447372437, 0.47124725580215454, 0.49270516633987427, 0.5141629576683044, 0.535620927810669]}, "params/['params']['layers_1']['linear_layer']['bias']": {"_type": "histogram", "values": [0, 0, 0, 0, 0, 0, 0, 0, 0, 0, 0, 0, 0, 0, 0, 0, 0, 0, 0, 0, 0, 0, 0, 0, 0, 0, 0, 0, 0, 0, 0, 0, 22, 0, 0, 0, 0, 0, 0, 0, 0, 0, 0, 0, 0, 0, 0, 0, 0, 0, 0, 0, 0, 0, 0, 0, 0, 0, 0, 0, 0, 0, 0, 0], "bins": [-0.5, -0.484375, -0.46875, -0.453125, -0.4375, -0.421875, -0.40625, -0.390625, -0.375, -0.359375, -0.34375, -0.328125, -0.3125, -0.296875, -0.28125, -0.265625, -0.25, -0.234375, -0.21875, -0.203125, -0.1875, -0.171875, -0.15625, -0.140625, -0.125, -0.109375, -0.09375, -0.078125, -0.0625, -0.046875, -0.03125, -0.015625, 0.0, 0.015625, 0.03125, 0.046875, 0.0625, 0.078125, 0.09375, 0.109375, 0.125, 0.140625, 0.15625, 0.171875, 0.1875, 0.203125, 0.21875, 0.234375, 0.25, 0.265625, 0.28125, 0.296875, 0.3125, 0.328125, 0.34375, 0.359375, 0.375, 0.390625, 0.40625, 0.421875, 0.4375, 0.453125, 0.46875, 0.484375, 0.5]}, "params/['params']['layers_1']['linear_layer']['kernel']": {"_type": "histogram", "values": [1, 0, 0, 0, 0, 0, 0, 0, 0, 0, 0, 0, 0, 0, 0, 0, 0, 0, 0, 0, 0, 0, 0, 392, 0, 0, 0, 0, 0, 0, 0, 0, 0, 0, 0, 0, 0, 0, 0, 0, 0, 0, 0, 0, 0, 0, 1, 0, 0, 0, 0, 0, 0, 0, 0, 0, 0, 0, 0, 0, 0, 0, 0, 2], "bins": [-2.1227457523345947, -2.030972480773926, -1.939199447631836, -1.847426176071167, -1.7556531429290771, -1.6638798713684082, -1.5721067190170288, -1.4803335666656494, -1.38856041431427, -1.2967872619628906, -1.2050141096115112, -1.1132409572601318, -1.021467685699463, -0.9296945333480835, -0.8379213809967041, -0.7461482286453247, -0.6543750762939453, -0.5626019239425659, -0.4708287715911865, -0.37905561923980713, -0.28728246688842773, -0.1955091953277588, -0.10373616218566895, -0.011962890625, 0.07981038093566895, 0.1715834140777588, 0.26335668563842773, 0.3551297187805176, 0.4469029903411865, 0.5386760234832764, 0.6304492950439453, 0.7222223281860352, 0.8139955997467041, 0.905768871307373, 0.9975419044494629, 1.0893151760101318, 1.1810882091522217, 1.2728614807128906, 1.3646345138549805, 1.4564077854156494, 1.5481808185577393, 1.6399540901184082, 1.7317273616790771, 1.823500394821167, 1.9152734279632568, 2.007046937942505, 2.0988199710845947, 2.1905930042266846, 2.2823665142059326, 2.3741395473480225, 2.4659125804901123, 2.557685613632202, 2.64945912361145, 2.74123215675354, 2.83300518989563, 2.9247782230377197, 3.0165517330169678, 3.1083247661590576, 3.2000977993011475, 3.2918713092803955, 3.3836443424224854, 3.475417375564575, 3.567190408706665, 3.658963918685913, 3.750736951828003]}, "validation_loss": 0.00020081775437574834, "_wandb": {"runtime": 208}}