{"loss": 0.1941528171300888, "_timestamp": 1739289562.260179, "_runtime": 873.2729489803314, "_step": 90, "params/['params']['last']['bias']": {"_type": "histogram", "values": [1, 0, 0, 0, 0, 0, 0, 0, 0, 0, 0, 0, 0, 0, 0, 0, 0, 0, 0, 0, 0, 0, 0, 0, 0, 0, 0, 0, 0, 0, 0, 0, 0, 0, 0, 0, 0, 0, 0, 0, 0, 0, 0, 0, 0, 0, 0, 0, 0, 0, 0, 0, 0, 0, 0, 0, 0, 0, 0, 0, 0, 0, 0, 1], "bins": [0.0, 0.015607890672981739, 0.031215781345963478, 0.04682367295026779, 0.062431562691926956, 0.07803945243358612, 0.09364734590053558, 0.10925523191690445, 0.12486312538385391, 0.14047101140022278, 0.15607890486717224, 0.1716867983341217, 0.18729469180107117, 0.20290258526802063, 0.2185104638338089, 0.23411835730075836, 0.24972625076770782, 0.2653341293334961, 0.28094202280044556, 0.296549916267395, 0.3121578097343445, 0.32776570320129395, 0.3433735966682434, 0.35898149013519287, 0.37458938360214233, 0.3901972770690918, 0.40580517053604126, 0.42141303420066833, 0.4370209276676178, 0.45262882113456726, 0.4682367146015167, 0.4838446080684662, 0.49945250153541565, 0.5150603652000427, 0.5306682586669922, 0.5462761521339417, 0.5618840456008911, 0.5774919390678406, 0.59309983253479, 0.6087077260017395, 0.624315619468689, 0.6399235129356384, 0.6555314064025879, 0.6711392998695374, 0.6867471933364868, 0.7023550868034363, 0.7179629802703857, 0.7335708737373352, 0.7491787672042847, 0.7647866606712341, 0.7803945541381836, 0.7960024476051331, 0.8116103410720825, 0.827218234539032, 0.8428260684013367, 0.8584339618682861, 0.8740418553352356, 0.8896497488021851, 0.9052576422691345, 0.920865535736084, 0.9364734292030334, 0.9520813226699829, 0.9676892161369324, 0.9832971096038818, 0.9989050030708313]}, "params/['params']['last']['kernel']": {"_type": "histogram", "values": [10, 0, 0, 0, 0, 0, 0, 0, 0, 0, 0, 0, 0, 0, 0, 0, 0, 0, 0, 0, 0, 0, 0, 0, 0, 0, 0, 0, 0, 0, 0, 0, 0, 0, 0, 0, 0, 0, 0, 0, 0, 0, 0, 0, 0, 0, 0, 0, 0, 0, 0, 0, 0, 0, 0, 0, 0, 0, 0, 0, 0, 0, 1, 1], "bins": [0.0, 0.01193615049123764, 0.02387230098247528, 0.03580845147371292, 0.04774460196495056, 0.0596807524561882, 0.07161690294742584, 0.08355305343866348, 0.09548920392990112, 0.10742535442113876, 0.1193615049123764, 0.13129764795303345, 0.14323380589485168, 0.15516996383666992, 0.16710610687732697, 0.179042249917984, 0.19097840785980225, 0.20291456580162048, 0.21485070884227753, 0.22678685188293457, 0.2387230098247528, 0.25065916776657104, 0.2625952959060669, 0.27453145384788513, 0.28646761178970337, 0.2984037697315216, 0.31033992767333984, 0.3222760558128357, 0.33421221375465393, 0.34614837169647217, 0.358084499835968, 0.37002065777778625, 0.3819568157196045, 0.39389297366142273, 0.40582913160324097, 0.4177652597427368, 0.42970141768455505, 0.4416375756263733, 0.45357370376586914, 0.4655098617076874, 0.4774460196495056, 0.48938217759132385, 0.5013183355331421, 0.5132544636726379, 0.5251905918121338, 0.5371267795562744, 0.5490629076957703, 0.5609990954399109, 0.5729352235794067, 0.5848713517189026, 0.5968075394630432, 0.6087436676025391, 0.6206798553466797, 0.6326159834861755, 0.6445521116256714, 0.656488299369812, 0.6684244275093079, 0.6803605556488037, 0.6922967433929443, 0.7042328715324402, 0.716168999671936, 0.7281051874160767, 0.7400413155555725, 0.7519775032997131, 0.763913631439209]}, "params/['params']['layers_0']['linear_layer']['bias']": {"_type": "histogram", "values": [0, 0, 0, 0, 0, 0, 0, 0, 0, 0, 0, 0, 0, 0, 0, 0, 0, 0, 0, 0, 0, 0, 0, 0, 0, 0, 0, 0, 0, 0, 0, 0, 8, 0, 0, 0, 0, 0, 0, 0, 0, 0, 0, 0, 0, 0, 0, 0, 0, 0, 0, 0, 0, 0, 0, 0, 0, 0, 0, 0, 0, 0, 0, 0], "bins": [-0.5, -0.484375, -0.46875, -0.453125, -0.4375, -0.421875, -0.40625, -0.390625, -0.375, -0.359375, -0.34375, -0.328125, -0.3125, -0.296875, -0.28125, -0.265625, -0.25, -0.234375, -0.21875, -0.203125, -0.1875, -0.171875, -0.15625, -0.140625, -0.125, -0.109375, -0.09375, -0.078125, -0.0625, -0.046875, -0.03125, -0.015625, 0.0, 0.015625, 0.03125, 0.046875, 0.0625, 0.078125, 0.09375, 0.109375, 0.125, 0.140625, 0.15625, 0.171875, 0.1875, 0.203125, 0.21875, 0.234375, 0.25, 0.265625, 0.28125, 0.296875, 0.3125, 0.328125, 0.34375, 0.359375, 0.375, 0.390625, 0.40625, 0.421875, 0.4375, 0.453125, 0.46875, 0.484375, 0.5]}, "params/['params']['layers_0']['linear_layer']['kernel']": {"_type": "histogram", "values": [0, 0, 0, 0, 0, 0, 0, 0, 0, 0, 0, 0, 0, 0, 0, 0, 0, 0, 0, 0, 0, 0, 0, 0, 0, 0, 0, 0, 0, 0, 0, 0, 8, 0, 0, 0, 0, 0, 0, 0, 0, 0, 0, 0, 0, 0, 0, 0, 0, 0, 0, 0, 0, 0, 0, 0, 0, 0, 0, 0, 0, 0, 0, 0], "bins": [-0.5, -0.484375, -0.46875, -0.453125, -0.4375, -0.421875, -0.40625, -0.390625, -0.375, -0.359375, -0.34375, -0.328125, -0.3125, -0.296875, -0.28125, -0.265625, -0.25, -0.234375, -0.21875, -0.203125, -0.1875, -0.171875, -0.15625, -0.140625, -0.125, -0.109375, -0.09375, -0.078125, -0.0625, -0.046875, -0.03125, -0.015625, 0.0, 0.015625, 0.03125, 0.046875, 0.0625, 0.078125, 0.09375, 0.109375, 0.125, 0.140625, 0.15625, 0.171875, 0.1875, 0.203125, 0.21875, 0.234375, 0.25, 0.265625, 0.28125, 0.296875, 0.3125, 0.328125, 0.34375, 0.359375, 0.375, 0.390625, 0.40625, 0.421875, 0.4375, 0.453125, 0.46875, 0.484375, 0.5]}, "_wandb": {"runtime": 872}}