{"loss": 0.00033193983836099505, "_timestamp": 1739521181.8294005, "_runtime": 199.83671855926514, "_step": 404, "params/['params']['last']['bias']": {"_type": "histogram", "values": [1, 0, 0, 0, 0, 0, 0, 0, 0, 0, 0, 0, 0, 0, 0, 0, 0, 0, 0, 0, 0, 0, 0, 0, 0, 0, 0, 0, 0, 0, 0, 0, 0, 0, 0, 0, 0, 0, 0, 0, 0, 0, 0, 0, 0, 0, 0, 0, 0, 0, 0, 0, 0, 0, 0, 0, 0, 0, 0, 0, 0, 0, 0, 1], "bins": [0.0, 0.008267621509730816, 0.016535243019461632, 0.024802863597869873, 0.033070486038923264, 0.041338108479976654, 0.049605727195739746, 0.05787334963679314, 0.06614097207784653, 0.07440859079360962, 0.08267621695995331, 0.0909438356757164, 0.09921145439147949, 0.10747908055782318, 0.11574669927358627, 0.12401432543992996, 0.13228194415569305, 0.14054957032203674, 0.14881718158721924, 0.15708480775356293, 0.16535243391990662, 0.1736200451850891, 0.1818876713514328, 0.1901552975177765, 0.19842290878295898, 0.20669053494930267, 0.21495816111564636, 0.22322578728199005, 0.23149339854717255, 0.23976102471351624, 0.24802865087985992, 0.2562962770462036, 0.2645638883113861, 0.2728314995765686, 0.2810991406440735, 0.289366751909256, 0.2976343631744385, 0.30590200424194336, 0.31416961550712585, 0.32243722677230835, 0.33070486783981323, 0.3389724791049957, 0.3472400903701782, 0.3555077314376831, 0.3637753427028656, 0.3720429539680481, 0.380310595035553, 0.3885782063007355, 0.39684581756591797, 0.40511345863342285, 0.41338106989860535, 0.42164871096611023, 0.4299163222312927, 0.4381839334964752, 0.4464515745639801, 0.4547191858291626, 0.4629867970943451, 0.47125443816185, 0.47952204942703247, 0.48778966069221497, 0.49605730175971985, 0.5043249130249023, 0.5125925540924072, 0.5208601355552673, 0.5291277766227722]}, "params/['params']['last']['kernel']": {"_type": "histogram", "values": [1, 0, 0, 0, 0, 0, 0, 0, 0, 0, 0, 0, 0, 1, 0, 0, 0, 0, 0, 0, 0, 0, 0, 0, 0, 0, 0, 0, 0, 0, 0, 0, 0, 0, 0, 0, 0, 0, 0, 0, 0, 0, 0, 0, 0, 0, 0, 0, 0, 0, 0, 0, 0, 0, 0, 0, 0, 0, 0, 0, 0, 0, 33, 1], "bins": [-0.2875889837741852, -0.2830207943916321, -0.2784525752067566, -0.2738843858242035, -0.269316166639328, -0.2647479772567749, -0.2601797878742218, -0.2556115686893463, -0.2510433793067932, -0.24647517502307892, -0.24190697073936462, -0.23733876645565033, -0.23277056217193604, -0.22820237278938293, -0.22363415360450745, -0.21906596422195435, -0.21449775993824005, -0.20992955565452576, -0.20536136627197266, -0.20079314708709717, -0.19622495770454407, -0.19165675342082977, -0.18708854913711548, -0.18252035975456238, -0.1779521405696869, -0.1733839511871338, -0.1688157469034195, -0.1642475426197052, -0.1596793383359909, -0.1551111340522766, -0.1505429446697235, -0.14597474038600922, -0.14140653610229492, -0.13683833181858063, -0.13227012753486633, -0.12770193815231323, -0.12313373386859894, -0.11856552958488464, -0.11399732530117035, -0.10942912101745605, -0.10486093163490295, -0.10029272735118866, -0.09572452306747437, -0.09115631878376007, -0.08658811450004578, -0.08201991021633148, -0.07745172083377838, -0.07288351655006409, -0.06831531226634979, -0.0637471079826355, -0.059178903698921204, -0.0546107143163681, -0.05004251003265381, -0.045474305748939514, -0.04090610146522522, -0.03633791208267212, -0.03176969289779663, -0.02720150351524353, -0.022633284330368042, -0.01806509494781494, -0.01349690556526184, -0.008928686380386353, -0.004360496997833252, 0.00020772218704223633, 0.00477591622620821]}, "params/['params']['layers_0']['linear_layer']['bias']": {"_type": "histogram", "values": [0, 0, 0, 0, 0, 0, 0, 0, 0, 0, 0, 0, 0, 0, 0, 0, 0, 0, 0, 0, 0, 0, 0, 0, 0, 0, 0, 0, 0, 0, 0, 0, 22, 0, 0, 0, 0, 0, 0, 0, 0, 0, 0, 0, 0, 0, 0, 0, 0, 0, 0, 0, 0, 0, 0, 0, 0, 0, 0, 0, 0, 0, 0, 0], "bins": [-0.5, -0.484375, -0.46875, -0.453125, -0.4375, -0.421875, -0.40625, -0.390625, -0.375, -0.359375, -0.34375, -0.328125, -0.3125, -0.296875, -0.28125, -0.265625, -0.25, -0.234375, -0.21875, -0.203125, -0.1875, -0.171875, -0.15625, -0.140625, -0.125, -0.109375, -0.09375, -0.078125, -0.0625, -0.046875, -0.03125, -0.015625, 0.0, 0.015625, 0.03125, 0.046875, 0.0625, 0.078125, 0.09375, 0.109375, 0.125, 0.140625, 0.15625, 0.171875, 0.1875, 0.203125, 0.21875, 0.234375, 0.25, 0.265625, 0.28125, 0.296875, 0.3125, 0.328125, 0.34375, 0.359375, 0.375, 0.390625, 0.40625, 0.421875, 0.4375, 0.453125, 0.46875, 0.484375, 0.5]}, "params/['params']['layers_0']['linear_layer']['kernel']": {"_type": "histogram", "values": [1, 0, 0, 0, 0, 0, 0, 0, 0, 0, 0, 0, 0, 0, 0, 0, 2, 0, 0, 0, 0, 0, 0, 0, 0, 0, 0, 0, 0, 0, 0, 0, 0, 0, 1, 0, 0, 0, 0, 0, 0, 1, 0, 0, 38, 0, 0, 0, 0, 0, 0, 0, 0, 0, 0, 0, 0, 0, 0, 0, 0, 0, 0, 1], "bins": [-1.008745789527893, -0.9862218499183655, -0.9636979699134827, -0.9411740303039551, -0.9186501502990723, -0.8961262106895447, -0.8736022710800171, -0.8510783910751343, -0.8285545110702515, -0.8060305714607239, -0.7835066318511963, -0.7609827518463135, -0.7384588122367859, -0.7159348726272583, -0.6934109926223755, -0.6708871126174927, -0.6483631730079651, -0.6258392333984375, -0.6033153533935547, -0.5807914733886719, -0.5582675337791443, -0.5357435941696167, -0.5132197141647339, -0.4906957745552063, -0.4681718349456787, -0.4456479549407959, -0.4231240153312683, -0.4006001353263855, -0.3780761957168579, -0.3555523157119751, -0.3330283761024475, -0.3105044960975647, -0.2879805564880371, -0.2654566168785095, -0.2429327368736267, -0.22040879726409912, -0.1978849172592163, -0.17536097764968872, -0.1528370976448059, -0.13031315803527832, -0.10778927803039551, -0.08526533842086792, -0.06274139881134033, -0.04021751880645752, -0.01769357919692993, 0.004830360412597656, 0.02735424041748047, 0.04987812042236328, 0.07240211963653564, 0.09492599964141846, 0.11744987964630127, 0.13997375965118408, 0.16249775886535645, 0.18502163887023926, 0.20754551887512207, 0.23006939888000488, 0.25259339809417725, 0.27511727809906006, 0.29764115810394287, 0.32016515731811523, 0.34268903732299805, 0.36521291732788086, 0.38773679733276367, 0.41026079654693604, 0.4327846169471741]}, "params/['params']['layers_1']['linear_layer']['bias']": {"_type": "histogram", "values": [0, 0, 0, 0, 0, 0, 0, 0, 0, 0, 0, 0, 0, 0, 0, 0, 0, 0, 0, 0, 0, 0, 0, 0, 0, 0, 0, 0, 0, 0, 0, 0, 22, 0, 0, 0, 0, 0, 0, 0, 0, 0, 0, 0, 0, 0, 0, 0, 0, 0, 0, 0, 0, 0, 0, 0, 0, 0, 0, 0, 0, 0, 0, 0], "bins": [-0.5, -0.484375, -0.46875, -0.453125, -0.4375, -0.421875, -0.40625, -0.390625, -0.375, -0.359375, -0.34375, -0.328125, -0.3125, -0.296875, -0.28125, -0.265625, -0.25, -0.234375, -0.21875, -0.203125, -0.1875, -0.171875, -0.15625, -0.140625, -0.125, -0.109375, -0.09375, -0.078125, -0.0625, -0.046875, -0.03125, -0.015625, 0.0, 0.015625, 0.03125, 0.046875, 0.0625, 0.078125, 0.09375, 0.109375, 0.125, 0.140625, 0.15625, 0.171875, 0.1875, 0.203125, 0.21875, 0.234375, 0.25, 0.265625, 0.28125, 0.296875, 0.3125, 0.328125, 0.34375, 0.359375, 0.375, 0.390625, 0.40625, 0.421875, 0.4375, 0.453125, 0.46875, 0.484375, 0.5]}, "params/['params']['layers_1']['linear_layer']['kernel']": {"_type": "histogram", "values": [1, 0, 0, 1, 0, 0, 0, 0, 0, 0, 0, 2, 0, 1, 0, 0, 1, 0, 0, 0, 0, 0, 0, 0, 1, 0, 0, 0, 1, 381, 0, 0, 0, 0, 0, 0, 0, 0, 1, 0, 0, 0, 0, 1, 0, 0, 0, 0, 0, 1, 0, 0, 0, 0, 1, 0, 0, 0, 1, 0, 0, 1, 0, 1],