{"params/['params']['last']['bias']":{"values":[1,0,0,0,0,0,0,0,0,0,0,0,0,0,0,0,0,0,0,0,0,0,0,0,0,0,0,0,0,0,0,0,0,0,0,0,0,0,0,0,0,0,0,0,0,0,0,0,0,0,0,0,0,0,0,0,0,0,0,0,0,0,0,1],"bins":[0,0.008119485341012478,0.016238970682024956,0.02435845509171486,0.03247794136404991,0.040597427636384964,0.04871691018342972,0.05683639645576477,0.06495588272809982,0.07307536900043488,0.08119485527276993,0.08931434154510498,0.09743382036685944,0.10555330663919449,0.11367279291152954,0.1217922791838646,0.12991176545619965,0.1380312442779541,0.14615073800086975,0.1542702168226242,0.16238971054553986,0.1705091893672943,0.17862868309020996,0.18674816191196442,0.19486764073371887,0.20298713445663452,0.21110661327838898,0.21922610700130463,0.22734558582305908,0.23546507954597473,0.2435845583677292,0.25170403718948364,0.2598235309123993,0.26794302463531494,0.2760624885559082,0.28418198227882385,0.2923014760017395,0.30042096972465515,0.3085404336452484,0.31665992736816406,0.3247794210910797,0.332898885011673,0.3410183787345886,0.3491378724575043,0.3572573661804199,0.3653768301010132,0.37349632382392883,0.3816158175468445,0.38973528146743774,0.3978547751903534,0.40597426891326904,0.4140937626361847,0.42221322655677795,0.4303327202796936,0.43845221400260925,0.4465717077255249,0.45469117164611816,0.4628106653690338,0.47093015909194946,0.4790496230125427,0.4871691167354584,0.495288610458374,0.5034080743789673,0.5115275979042053,0.5196470618247986],"_type":"histogram"},"params/['params']['layers_0']['linear_layer']['kernel']":{"values":[2,0,1,0,0,0,0,0,0,0,0,0,47,1,0,1,0,0,0,0,0,0,0,0,0,0,0,0,0,0,0,0,0,0,0,0,0,0,0,0,0,0,0,0,0,0,0,0,0,0,0,0,0,0,0,0,0,0,0,0,0,1,0,1],"bins":[-0.421432226896286,-0.3875979781150818,-0.3537636995315552,-0.31992942094802856,-0.28609517216682434,-0.2522609233856201,-0.2184266448020935,-0.1845923811197281,-0.15075811743736267,-0.11692383885383606,-0.08308959007263184,-0.04925534129142761,-0.015421062707901001,0.01841321587562561,0.052247464656829834,0.08608171343803406,0.11991599202156067,0.15375027060508728,0.1875845491886139,0.22141876816749573,0.25525304675102234,0.28908732533454895,0.3229215443134308,0.3567558228969574,0.390590101480484,0.4244243800640106,0.45825865864753723,0.49209287762641907,0.5259271860122681,0.5597614049911499,0.5935956239700317,0.6274299621582031,0.661264181137085,0.6950984001159668,0.7289327383041382,0.76276695728302,0.7966012954711914,0.8304355144500732,0.8642697334289551,0.8981040716171265,0.9319382905960083,0.9657725095748901,0.9996068477630615,1.0334410667419434,1.0672752857208252,1.1011096239089966,1.1349438428878784,1.1687781810760498,1.2026124000549316,1.2364466190338135,1.2702809572219849,1.3041151762008667,1.337949514389038,1.37178373336792,1.4056179523468018,1.4394522905349731,1.473286509513855,1.5071207284927368,1.5409550666809082,1.57478928565979,1.6086235046386719,1.6424577236175537,1.6762921810150146,1.7101263999938965,1.7439607381820679],"_type":"histogram"},"loss":1.3786796444037464e-05,"params/['params']['layers_1']['linear_layer']['bias']":{"_type":"histogram","values":[0,0,0,0,0,0,0,0,0,0,0,0,0,0,0,0,0,0,0,0,0,0,0,0,0,0,0,0,0,0,0,0,18,0,0,0,0,0,0,0,0,0,0,0,0,0,0,0,0,0,0,0,0,0,0,0,0,0,0,0,0,0,0,0],"bins":[-0.5,-0.484375,-0.46875,-0.453125,-0.4375,-0.421875,-0.40625,-0.390625,-0.375,-0.359375,-0.34375,-0.328125,-0.3125,-0.296875,-0.28125,-0.265625,-0.25,-0.234375,-0.21875,-0.203125,-0.1875,-0.171875,-0.15625,-0.140625,-0.125,-0.109375,-0.09375,-0.078125,-0.0625,-0.046875,-0.03125,-0.015625,0,0.015625,0.03125,0.046875,0.0625,0.078125,0.09375,0.109375,0.125,0.140625,0.15625,0.171875,0.1875,0.203125,0.21875,0.234375,0.25,0.265625,0.28125,0.296875,0.3125,0.328125,0.34375,0.359375,0.375,0.390625,0.40625,0.421875,0.4375,0.453125,0.46875,0.484375,0.5]},"_step":22394,"_wandb":{"runtime":156},"validation_loss":1.4277294212661218e-05,"_timestamp":1.740592917721751e+09,"_runtime":154.7297797,"params/['params']['last']['kernel']":{"bins":[-0.23381376266479492,-0.2301604151725769,-0.22650708258152008,-0.22285374999046326,-0.21920040249824524,-0.21554705500602722,-0.2118937224149704,-0.20824038982391357,-0.20458704233169556,-0.20093369483947754,-0.19728036224842072,-0.1936270296573639,-0.18997368216514587,-0.18632033467292786,-0.18266700208187103,-0.1790136694908142,-0.1753603219985962,-0.17170697450637817,-0.16805364191532135,-0.16440030932426453,-0.1607469618320465,-0.1570936143398285,-0.15344028174877167,-0.14978694915771484,-0.14613360166549683,-0.1424802541732788,-0.13882692158222198,-0.13517358899116516,-0.13152024149894714,-0.12786689400672913,-0.1242135614156723,-0.12056022137403488,-0.11690688133239746,-0.11325354129076004,-0.10960020124912262,-0.1059468686580658,-0.10229352116584778,-0.09864017367362976,-0.09498684108257294,-0.09133350849151611,-0.0876801609992981,-0.08402681350708008,-0.08037348091602325,-0.07672014832496643,-0.07306680083274841,-0.0694134533405304,-0.06576012074947357,-0.06210678815841675,-0.05845344066619873,-0.05480009317398071,-0.05114676058292389,-0.047493427991867065,-0.04384008049964905,-0.04018673300743103,-0.03653340041637421,-0.03288006782531738,-0.029226720333099365,-0.025573372840881348,-0.021920040249824524,-0.0182667076587677,-0.014613360166549683,-0.010960012674331665,-0.007306680083274841,-0.0036533474922180176,0],"_type":"histogram","values":[1,0,0,0,0,0,0,0,2,0,0,0,0,0,0,0,0,0,0,0,0,0,0,0,0,0,0,0,0,0,0,0,0,0,0,0,0,0,0,0,0,0,0,0,0,0,0,0,0,0,0,1,0,0,2,0,0,0,0,0,0,0,0,24]},"params/['params']['layers_1']['linear_layer']['kernel']":{"bins":[-1.8809621334075928,-1.8210821151733398,-1.7612019777297974,-1.7013219594955444,-1.6414419412612915,-1.581561803817749,-1.521681785583496,-1.4618017673492432,-1.4019217491149902,-1.3420416116714478,-1.2821615934371948,-1.2222814559936523,-1.1624014377593994,-1.1025214195251465,-1.0426414012908936,-0.9827613234519958,-0.9228812456130981,-0.8630012273788452,-0.8031210899353027,-0.7432410717010498,-0.6833610534667969,-0.6234809160232544,-0.5636008977890015,-0.5037208795547485,-0.44384074211120605,-0.3839607238769531,-0.3240807056427002,-0.26420068740844727,-0.20432054996490479,-0.14444053173065186,-0.08456051349639893,-0.024680376052856445,0.035199642181396484,0.09507966041564941,0.15495967864990234,0.21483969688415527,0.2747199535369873,0.33459997177124023,0.39447999000549316,0.4543600082397461,0.514240026473999,0.574120044708252,0.634000301361084,0.6938803195953369,0.7537603378295898,0.8136403560638428,0.8735203742980957,0.9334003925323486,0.9932806491851807,1.0531606674194336,1.1130406856536865,1.1729207038879395,1.2328007221221924,1.2926807403564453,1.3525607585906982,1.4124410152435303,1.4723210334777832,1.5322010517120361,1.592081069946289,1.651961088180542,1.711841106414795,1.771721363067627,1.8316013813018799,1.8914813995361328,1.9513614177703857],"_type":"histogram","values":[1,0,0,0,0,0,1,0,0,1,0,0,0,0,0,0,0,0,0,0,0,0,0,0,0,1,0,2,0,0,2,248,1,1,1,0,1,2,0,1,0,1,1,0,0,0,1,0,0,0,0,0,0,0,0,0,2,0,0,0,1,0,0,1]},"params/['params']['layers_0']['linear_layer']['bias']":{"_type":"histogram","values":[0,0,0,0,0,0,0,0,0,0,0,0,0,0,0,0,0,0,0,0,0,0,0,0,0,0,0,0,0,0,0,0,18,0,0,0,0,0,0,0,0,0,0,0,0,0,0,0,0,0,0,0,0,0,0,0,0,0,0,0,0,0,0,0],"bins":[-0.5,-0.484375,-0.46875,-0.453125,-0.4375,-0.421875,-0.40625,-0.390625,-0.375,-0.359375,-0.34375,-0.328125,-0.3125,-0.296875,-0.28125,-0.265625,-0.25,-0.234375,-0.21875,-0.203125,-0.1875,-0.171875,-0.15625,-0.140625,-0.125,-0.109375,-0.09375,-0.078125,-0.0625,-0.046875,-0.03125,-0.015625,0,0.015625,0.03125,0.046875,0.0625,0.078125,0.09375,0.109375,0.125,0.140625,0.15625,0.171875,0.1875,0.203125,0.21875,0.234375,0.25,0.265625,0.28125,0.296875,0.3125,0.328125,0.34375,0.359375,0.375,0.390625,0.40625,0.421875,0.4375,0.453125,0.46875,0.484375,0.5]}}