{"loss": 0.1909395158290863, "_timestamp": 1739293571.8561273, "_runtime": 652.7011802196503, "_step": 66, "params/['params']['last']['bias']": {"_type": "histogram", "values": [1, 0, 0, 0, 0, 0, 0, 0, 0, 0, 0, 0, 0, 0, 0, 0, 0, 0, 0, 0, 0, 0, 0, 0, 0, 0, 0, 0, 0, 0, 0, 0, 0, 0, 0, 0, 0, 0, 0, 0, 0, 0, 0, 0, 0, 0, 0, 0, 0, 0, 0, 0, 0, 0, 0, 0, 0, 0, 0, 0, 0, 0, 0, 1], "bins": [0.0, 0.01567949540913105, 0.0313589908182621, 0.0470384880900383, 0.0627179816365242, 0.0783974751830101, 0.0940769761800766, 0.1097564697265625, 0.1254359632730484, 0.1411154568195343, 0.1567949503660202, 0.1724744439125061, 0.1881539523601532, 0.2038334459066391, 0.219512939453125, 0.2351924329996109, 0.2508719265460968, 0.2665514349937439, 0.2822309136390686, 0.2979104220867157, 0.3135899007320404, 0.3292694091796875, 0.3449488878250122, 0.3606283962726593, 0.3763079047203064, 0.3919873833656311, 0.4076668918132782, 0.4233463704586029, 0.43902587890625, 0.4547053575515747, 0.4703848659992218, 0.4860643446445465, 0.5017438530921936, 0.5174233317375183, 0.5331028699874878, 0.5487823486328125, 0.5644618272781372, 0.5801413059234619, 0.5958208441734314, 0.6115003228187561, 0.6271798014640808, 0.6428593397140503, 0.658538818359375, 0.6742182970046997, 0.6898977756500244, 0.7055773138999939, 0.7212567925453186, 0.7369362711906433, 0.7526158094406128, 0.7682952880859375, 0.7839747667312622, 0.7996542453765869, 0.8153337836265564, 0.8310132622718811, 0.8466927409172058, 0.8623722195625305, 0.8780517578125, 0.8937312364578247, 0.9094107151031494, 0.9250902533531189, 0.9407697319984436, 0.9564492106437683, 0.972128689289093, 0.9878082275390625, 1.0034877061843872]}, "params/['params']['last']['kernel']": {"_type": "histogram", "values": [1, 34, 3, 0, 0, 0, 0, 0, 0, 0, 0, 0, 0, 2, 0, 0, 1, 0, 0, 0, 0, 0, 0, 0, 0, 0, 0, 0, 0, 0, 0, 0, 0, 0, 0, 0, 0, 0, 0, 0, 0, 0, 0, 0, 0, 0, 0, 0, 0, 0, 0, 0, 0, 0, 0, 0, 0, 0, 0, 0, 0, 0, 0, 1], "bins": [-0.03904513642191887, -0.019257545471191406, 0.0005300454795360565, 0.02031763643026352, 0.04010522738099098, 0.05989282205700874, 0.0796804130077362, 0.09946799278259277, 0.11925558745861053, 0.1390431821346283, 0.15883077681064606, 0.17861835658550262, 0.19840595126152039, 0.21819354593753815, 0.23798112571239471, 0.25776875019073486, 0.27755632996559143, 0.297343909740448, 0.31713151931762695, 0.3369190990924835, 0.3567067086696625, 0.37649428844451904, 0.3962818682193756, 0.41606947779655457, 0.43585705757141113, 0.4556446373462677, 0.47543224692344666, 0.4952198565006256, 0.5150073766708374, 0.5347949862480164, 0.5545825958251953, 0.5743701457977295, 0.5941577553749084, 0.6139453649520874, 0.6337329149246216, 0.6535205245018005, 0.6733081340789795, 0.6930956840515137, 0.7128832936286926, 0.7326709032058716, 0.7524585127830505, 0.7722460627555847, 0.7920336723327637, 0.8118212819099426, 0.8316088318824768, 0.8513964414596558, 0.8711840510368347, 0.8909716010093689, 0.9107592105865479, 0.9305468201637268, 0.950334370136261, 0.9701220393180847, 0.9899095892906189, 1.0096971988677979, 1.0294848680496216, 1.0492724180221558, 1.06905996799469, 1.0888476371765137, 1.1086351871490479, 1.128422737121582, 1.1482104063034058, 1.16799795627594, 1.1877855062484741, 1.2075731754302979, 1.227360725402832]}, "params/['params']['layers_0']['linear_layer']['bias']": {"_type": "histogram", "values": [23, 0, 0, 0, 0, 0, 0, 0, 0, 0, 0, 0, 0, 0, 0, 0, 0, 0, 0, 0, 0, 0, 0, 0, 0, 0, 0, 0, 0, 0, 0, 0, 0, 0, 0, 0, 0, 0, 0, 0, 0, 0, 0, 0, 0, 0, 0, 0, 0, 0, 0, 0, 0, 0, 0, 0, 0, 0, 0, 0, 0, 0, 0, 1], "bins": [0.0, 0.010432546027004719, 0.020865092054009438, 0.03129763901233673, 0.041730184108018875, 0.05216272920370102, 0.06259527802467346, 0.07302781939506531, 0.08346036821603775, 0.09389291703701019, 0.10432545840740204, 0.11475800722837448, 0.12519055604934692, 0.13562309741973877, 0.14605563879013062, 0.15648819506168365, 0.1669207364320755, 0.17735327780246735, 0.18778583407402039, 0.19821837544441223, 0.20865091681480408, 0.21908347308635712, 0.22951601445674896, 0.2399485558271408, 0.25038111209869385, 0.2608136534690857, 0.27124619483947754, 0.2816787362098694, 0.29211127758026123, 0.30254384875297546, 0.3129763901233673, 0.32340893149375916, 0.333841472864151, 0.34427401423454285, 0.3547065556049347, 0.36513909697532654, 0.37557166814804077, 0.3860042095184326, 0.39643675088882446, 0.4068692922592163, 0.41730183362960815, 0.427734375, 0.43816694617271423, 0.4485994875431061, 0.4590320289134979, 0.46946457028388977, 0.4798971116542816, 0.49032965302467346, 0.5007622241973877, 0.5111947655677795, 0.5216273069381714, 0.5320598483085632, 0.5424923896789551, 0.5529249310493469, 0.5633574724197388, 0.5737900137901306, 0.5842225551605225, 0.5946550965309143, 0.6050876975059509, 0.6155202388763428, 0.6259527802467346, 0.6363853216171265, 0.6468178629875183, 0.6572504043579102, 0.667682945728302]}, "params/['params']['layers_0']['linear_layer']['kernel']": {"_type": "histogram", "values": [0, 0, 0, 0, 0, 0, 0, 0, 0, 0, 0, 0, 0, 0, 0, 0, 0, 0, 0, 0, 0, 0, 0, 0, 0, 0, 0, 0, 0, 0, 0, 0, 24, 0, 0, 0, 0, 0, 0, 0, 0, 0, 0, 0, 0, 0, 0, 0, 0, 0, 0, 0, 0, 0, 0, 0, 0, 0, 0, 0, 0, 0, 0, 0], "bins": [-0.5, -0.484375, -0.46875, -0.453125, -0.4375, -0.421875, -0.40625, -0.390625, -0.375, -0.359375, -0.34375, -0.328125, -0.3125, -0.296875, -0.28125, -0.265625, -0.25, -0.234375, -0.21875, -0.203125, -0.1875, -0.171875, -0.15625, -0.140625, -0.125, -0.109375, -0.09375, -0.078125, -0.0625, -0.046875, -0.03125, -0.015625, 0.0, 0.015625, 0.03125, 0.046875, 0.0625, 0.078125, 0.09375, 0.109375, 0.125, 0.140625, 0.15625, 0.171875, 0.1875, 0.203125, 0.21875, 0.234375, 0.25, 0.265625, 0.28125, 0.296875, 0.3125, 0.328125, 0.34375, 0.359375, 0.375, 0.390625, 0.40625, 0.421875, 0.4375, 0.453125, 0.46875, 0.484375, 0.5]}, "_wandb": {"runtime": 651}}