{"validation_loss":1.6522402802365832e-05,"_wandb":{"runtime":173},"loss":1.6124693502206355e-05,"_timestamp":1.7405937640434587e+09,"_runtime":171.4248647,"_step":399}