{"_step":98,"_wandb":{"runtime":34},"loss":7.692024155403487e-06,"_timestamp":1.7374029445420704e+09,"_runtime":34.4618739}