{"loss": 0.0013166057178750634, "_timestamp": 1739966157.455068, "_runtime": 179.22862219810486, "_step": 2793, "params/['params']['last']['bias']": {"_type": "histogram", "values": [1, 0, 0, 0, 0, 0, 0, 0, 0, 0, 0, 0, 0, 0, 0, 0, 0, 0, 0, 0, 0, 0, 0, 0, 0, 0, 0, 0, 0, 0, 0, 0, 0, 0, 0, 0, 0, 0, 0, 0, 0, 0, 0, 0, 0, 0, 0, 0, 0, 0, 0, 0, 0, 0, 0, 0, 0, 0, 0, 0, 0, 0, 0, 1], "bins": [0.0, 0.0004526403499767184, 0.0009052806999534369, 0.0013579210499301553, 0.0018105613999068737, 0.002263201866298914, 0.0027158420998603106, 0.003168482333421707, 0.0036211227998137474, 0.004073763266205788, 0.004526403732597828, 0.004979043733328581, 0.005431684199720621, 0.005884324666112661, 0.006336964666843414, 0.0067896051332354546, 0.007242245599627495, 0.007694886066019535, 0.008147526532411575, 0.008600166998803616, 0.009052807465195656, 0.009505447000265121, 0.009958087466657162, 0.010410727933049202, 0.010863368399441242, 0.011316008865833282, 0.011768649332225323, 0.012221289798617363, 0.012673929333686829, 0.013126569800078869, 0.013579210266470909, 0.01403185073286295, 0.01448449119925499, 0.01493713166564703, 0.01538977213203907, 0.015842411667108536, 0.01629505306482315, 0.016747692599892616, 0.01720033399760723, 0.017652973532676697, 0.01810561493039131, 0.018558254465460777, 0.019010894000530243, 0.019463535398244858, 0.019916174933314323, 0.02036881633102894, 0.020821455866098404, 0.02127409726381302, 0.021726736798882484, 0.02217937633395195, 0.022632017731666565, 0.02308465726673603, 0.023537298664450645, 0.02398993819952011, 0.024442579597234726, 0.02489521913230419, 0.025347858667373657, 0.025800500065088272, 0.026253139600157738, 0.026705780997872353, 0.027158420532941818, 0.027611061930656433, 0.0280637014657259, 0.028516342863440514, 0.02896898239850998]}, "params/['params']['last']['kernel']": {"_type": "histogram", "values": [1, 0, 0, 0, 0, 1, 0, 0, 0, 0, 0, 0, 0, 0, 0, 0, 0, 0, 0, 0, 0, 0, 0, 0, 0, 0, 0, 0, 0, 0, 0, 0, 0, 0, 0, 0, 0, 0, 0, 0, 0, 0, 0, 0, 0, 0, 1, 0, 0, 0, 0, 0, 0, 2, 0, 0, 23, 0, 0, 0, 0, 0, 1, 1], "bins": [-0.27190664410591125, -0.26706093549728394, -0.26221519708633423, -0.2573694884777069, -0.2525237500667572, -0.24767804145812988, -0.24283231794834137, -0.23798659443855286, -0.23314088582992554, -0.22829516232013702, -0.2234494388103485, -0.2186037302017212, -0.21375799179077148, -0.20891228318214417, -0.20406655967235565, -0.19922083616256714, -0.19437512755393982, -0.1895293891429901, -0.1846836805343628, -0.17983795702457428, -0.17499223351478577, -0.17014652490615845, -0.16530080139636993, -0.16045507788658142, -0.1556093543767929, -0.1507636308670044, -0.14591792225837708, -0.14107219874858856, -0.13622647523880005, -0.13138075172901154, -0.12653504312038422, -0.1216893196105957, -0.11684359610080719, -0.11199787259101868, -0.10715214908123016, -0.10230644047260284, -0.09746071696281433, -0.09261499345302582, -0.0877692699432373, -0.08292356133460999, -0.07807783782482147, -0.07323211431503296, -0.06838639080524445, -0.06354066729545593, -0.05869495868682861, -0.0538492351770401, -0.04900351166725159, -0.044157788157463074, -0.03931206464767456, -0.03446635603904724, -0.029620632529258728, -0.024774909019470215, -0.019929200410842896, -0.015083461999893188, -0.01023775339126587, -0.00539204478263855, -0.0005463063716888428, 0.0042994022369384766, 0.009145140647888184, 0.013990849256515503, 0.018836557865142822, 0.02368229627609253, 0.02852800488471985, 0.033373743295669556, 0.03821945935487747]}, "params/['params']['layers_0']['linear_layer']['bias']": {"_type": "histogram", "values": [1, 0, 0, 0, 0, 0, 0, 0, 0, 0, 0, 0, 0, 0, 0, 0, 0, 0, 0, 0, 0, 0, 0, 0, 0, 0, 0, 0, 0, 0, 0, 0, 0, 0, 0, 0, 0, 0, 0, 0, 0, 0, 0, 0, 0, 0, 0, 0, 0, 0, 0, 0, 0, 0, 0, 0, 0, 0, 0, 0, 0, 0, 0, 17], "bins": [-0.01854436658322811, -0.018254611641168594, -0.017964854836463928, -0.01767509989440441, -0.017385343089699745, -0.01709558814764023, -0.016805831342935562, -0.016516076400876045, -0.01622632145881653, -0.015936564654111862, -0.015646809712052345, -0.015357053838670254, -0.015067297965288162, -0.01477754209190607, -0.01448778621852398, -0.014198031276464462, -0.013908274471759796, -0.01361851952970028, -0.013328763656318188, -0.013039007782936096, -0.012749251909554005, -0.012459496036171913, -0.012169741094112396, -0.01187998428940773, -0.011590229347348213, -0.011300473473966122, -0.01101071760058403, -0.010720961727201939, -0.010431205853819847, -0.01014145091176033, -0.009851695038378239, -0.009561939164996147, -0.009272183291614056, -0.008982427418231964, -0.008692671544849873, -0.008402915671467781, -0.008113160729408264, -0.007823404856026173, -0.007533648982644081, -0.00724389310926199, -0.006954137235879898, -0.0066643813624978065, -0.00637462642043829, -0.006084870547056198, -0.005795114673674107, -0.005505358800292015, -0.0052156029269099236, -0.004925847053527832, -0.004636092111468315, -0.004346336238086224, -0.004056580364704132, -0.0037668244913220406, -0.003477068617939949, -0.0031873127445578575, -0.002897556871175766, -0.002607801929116249, -0.002318045124411583, -0.002028290182352066, -0.0017385352402925491, -0.001448778435587883, -0.001159023493528366, -0.0008692666888237, -0.000579511746764183, -0.0002897549420595169, 0.0]}, "params/['params']['layers_0']['linear_layer']['kernel']": {"_type": "histogram", "values": [1, 1, 0, 0, 0, 0, 0, 0, 0, 0, 0, 0, 0, 0, 0, 0, 0, 0, 0, 0, 0, 0, 0, 0, 0, 0, 0, 0, 0, 0, 0, 0, 1, 0, 0, 0, 1, 0, 0, 0, 2, 0, 1, 1, 0, 0, 0, 1, 42, 1, 0, 0, 0, 0, 0, 0, 0, 0, 0, 1, 0, 0, 0, 1], "bins": [-1.7061742544174194, -1.6708544492721558, -1.6355345249176025, -1.6002147197723389, -1.5648949146270752, -1.5295751094818115, -1.4942551851272583, -1.4589353799819946, -1.423615574836731, -1.3882956504821777, -1.352975845336914, -1.3176560401916504, -1.2823362350463867, -1.2470163106918335, -1.2116965055465698, -1.1763767004013062, -1.141056776046753, -1.1057369709014893, -1.0704171657562256, -1.035097360610962, -0.9997774958610535, -0.964457631111145, -0.9291378259658813, -0.8938179612159729, -0.8584980964660645, -0.8231782913208008, -0.7878584265708923, -0.7525386214256287, -0.7172187566757202, -0.6818989515304565, -0.6465791463851929, -0.6112592220306396, -0.575939416885376, -0.5406196117401123, -0.5052996873855591, -0.4699798822402954, -0.43466007709503174, -0.39934027194976807, -0.36402034759521484, -0.32870054244995117, -0.2933807373046875, -0.2580608129501343, -0.2227410078048706, -0.18742120265960693, -0.15210139751434326, -0.11678147315979004, -0.08146166801452637, -0.046141862869262695, -0.010821938514709473, 0.0244978666305542, 0.05981767177581787, 0.09513747692108154, 0.13045740127563477, 0.16577720642089844, 0.2010970115661621, 0.23641681671142578, 0.271736741065979, 0.3070565462112427, 0.34237635135650635, 0.37769615650177, 0.4130159616470337, 0.44833600521087646, 0.48365581035614014, 0.5189756155014038, 0.5542953610420227]}, "params/['params']['layers_1']['linear_layer']['bias']": {"_type": "histogram", "values": [1, 0, 0, 0, 0, 0, 0, 0, 0, 0, 0, 0, 0, 0, 0, 0, 0, 0, 0, 0, 0, 0, 0, 0, 0, 0, 0, 0, 0, 0, 0, 0, 0, 0, 0, 0, 0, 0, 0, 0, 0, 0, 0, 0, 0, 0, 0, 0, 0, 0, 0, 0, 0, 0, 0, 0, 0, 0, 0, 0, 0, 0, 0, 17],