{"loss": 0.003981485031545162, "_timestamp": 1739305039.3806205, "_runtime": 82.87990546226501, "_step": 27, "params/['params']['last']['bias']": {"_type": "histogram", "values": [1, 0, 0, 0, 0, 0, 0, 0, 0, 0, 0, 0, 0, 0, 0, 0, 0, 0, 0, 0, 0, 0, 0, 0, 0, 0, 0, 0, 0, 0, 0, 0, 0, 0, 0, 0, 0, 0, 0, 0, 0, 0, 0, 0, 0, 0, 0, 0, 0, 0, 0, 0, 0, 0, 0, 0, 0, 0, 0, 0, 0, 0, 0, 1], "bins": [0.8971444368362427, 0.8988479375839233, 0.900551438331604, 0.9022549986839294, 0.9039584994316101, 0.9056620001792908, 0.9073655009269714, 0.9090690612792969, 0.9107725620269775, 0.9124760627746582, 0.9141795635223389, 0.9158830642700195, 0.917586624622345, 0.9192901253700256, 0.9209936261177063, 0.922697126865387, 0.9244006872177124, 0.9261041879653931, 0.9278076887130737, 0.9295111894607544, 0.9312146902084351, 0.9329182505607605, 0.9346217513084412, 0.9363252520561218, 0.9380287528038025, 0.9397323131561279, 0.9414358139038086, 0.9431393146514893, 0.9448428153991699, 0.9465463161468506, 0.948249876499176, 0.9499533772468567, 0.9516568779945374, 0.953360378742218, 0.9550638794898987, 0.9567674398422241, 0.9584709405899048, 0.9601744413375854, 0.9618779420852661, 0.9635814428329468, 0.9652850031852722, 0.9669885039329529, 0.9686920046806335, 0.9703955054283142, 0.9720990657806396, 0.9738025665283203, 0.975506067276001, 0.9772095680236816, 0.9789130687713623, 0.9806166291236877, 0.9823201298713684, 0.9840236306190491, 0.9857271313667297, 0.9874306917190552, 0.9891341924667358, 0.9908376932144165, 0.9925411939620972, 0.9942446947097778, 0.9959482550621033, 0.9976517558097839, 0.9993552565574646, 1.00105881690979, 1.0027623176574707, 1.0044658184051514, 1.006169319152832]}, "params/['params']['last']['kernel']": {"_type": "histogram", "values": [1, 1, 0, 0, 0, 0, 1, 0, 0, 0, 0, 0, 0, 1, 0, 1, 0, 0, 0, 0, 1, 0, 1, 0, 0, 6, 1, 8, 0, 0, 0, 0, 0, 0, 0, 0, 0, 0, 0, 0, 0, 1, 0, 0, 0, 2, 0, 0, 0, 1, 0, 0, 0, 2, 0, 0, 0, 0, 0, 0, 0, 0, 1, 1], "bins": [-0.16730201244354248, -0.16106437146663666, -0.15482673048973083, -0.1485891044139862, -0.14235146343708038, -0.13611382246017456, -0.12987618148326874, -0.12363854050636292, -0.11740090698003769, -0.11116327345371246, -0.10492563247680664, -0.09868799149990082, -0.092450350522995, -0.08621271699666977, -0.07997507601976395, -0.07373744249343872, -0.0674998015165329, -0.061262160539627075, -0.05502452701330185, -0.04878688603639603, -0.0425492525100708, -0.03631161153316498, -0.030073970556259155, -0.023836329579353333, -0.01759868860244751, -0.01136106252670288, -0.005123421549797058, 0.0011142194271087646, 0.007351860404014587, 0.01358950138092041, 0.01982712745666504, 0.026064768433570862, 0.032302409410476685, 0.03854005038738251, 0.04477769136428833, 0.05101531744003296, 0.05725295841693878, 0.0634905993938446, 0.06972824037075043, 0.07596588134765625, 0.08220350742340088, 0.0884411633014679, 0.09467878937721252, 0.10091641545295715, 0.10715407133102417, 0.1133916974067688, 0.11962935328483582, 0.12586697936058044, 0.13210463523864746, 0.1383422613143921, 0.14457988739013672, 0.15081754326820374, 0.15705516934394836, 0.16329282522201538, 0.16953045129776, 0.17576807737350464, 0.18200573325157166, 0.18824335932731628, 0.1944810152053833, 0.20071864128112793, 0.20695626735687256, 0.21319392323493958, 0.2194315493106842, 0.22566920518875122, 0.23190684616565704]}, "params/['params']['layers_0']['linear_layer']['bias']": {"_type": "histogram", "values": [1, 0, 0, 0, 0, 0, 0, 0, 0, 0, 0, 2, 1, 0, 1, 0, 0, 2, 0, 0, 0, 0, 0, 1, 1, 0, 0, 0, 1, 0, 0, 1, 0, 0, 0, 0, 0, 0, 0, 0, 1, 0, 0, 1, 0, 1, 0, 0, 1, 0, 0, 0, 0, 0, 0, 0, 0, 1, 0, 0, 1, 0, 0, 1], "bins": [-0.2551160752773285, -0.2480165958404541, -0.2409171164035797, -0.23381762206554413, -0.22671814262866974, -0.21961866319179535, -0.21251916885375977, -0.20541968941688538, -0.198320209980011, -0.1912207305431366, -0.1841212511062622, -0.17702175676822662, -0.16992227733135223, -0.16282279789447784, -0.15572330355644226, -0.14862382411956787, -0.14152434468269348, -0.1344248652458191, -0.1273253858089447, -0.12022589147090912, -0.11312641203403473, -0.10602693259716034, -0.09892743825912476, -0.09182795882225037, -0.08472847938537598, -0.07762899994850159, -0.0705295205116272, -0.06343002617359161, -0.056330546736717224, -0.049231067299842834, -0.04213157296180725, -0.03503209352493286, -0.02793261408805847, -0.020833134651184082, -0.013733655214309692, -0.006634160876274109, 0.0004653036594390869, 0.007564812898635864, 0.014664292335510254, 0.021763771772384644, 0.028863251209259033, 0.03596273064613342, 0.04306221008300781, 0.0501616895198822, 0.05726119875907898, 0.06436067819595337, 0.07146015763282776, 0.07855963706970215, 0.08565911650657654, 0.09275859594345093, 0.09985807538032532, 0.10695755481719971, 0.1140570342540741, 0.12115654349327087, 0.12825602293014526, 0.13535550236701965, 0.14245498180389404, 0.14955446124076843, 0.15665394067764282, 0.1637534201145172, 0.170852929353714, 0.17795240879058838, 0.18505188822746277, 0.19215136766433716, 0.19925083220005035]}, "params/['params']['layers_0']['linear_layer']['kernel']": {"_type": "histogram", "values": [1, 1, 0, 0, 0, 0, 2, 0, 1, 0, 1, 0, 0, 1, 0, 2, 1, 0, 1, 1, 0, 3, 1, 0, 1, 2, 0, 3, 3, 0, 1, 6, 4, 1, 0, 3, 1, 2, 1, 1, 1, 1, 0, 5, 2, 0, 2, 1, 1, 0, 0, 1, 3, 1, 2, 0, 2, 2, 1, 0, 0, 0, 0, 2], "bins": [-1.2364345788955688, -1.1975650787353516, -1.1586955785751343, -1.119826078414917, -1.0809565782546997, -1.0420870780944824, -1.0032175779342651, -0.9643480181694031, -0.9254785180091858, -0.8866090178489685, -0.8477395176887512, -0.8088699579238892, -0.7700004577636719, -0.7311309576034546, -0.6922614574432373, -0.65339195728302, -0.6145224571228027, -0.5756529569625854, -0.5367834568023682, -0.4979139566421509, -0.4590444564819336, -0.42017489671707153, -0.38130539655685425, -0.34243589639663696, -0.3035663962364197, -0.2646968960762024, -0.22582733631134033, -0.18695783615112305, -0.14808833599090576, -0.10921883583068848, -0.07034933567047119, -0.031479835510253906, 0.007389664649963379, 0.046259164810180664, 0.08512866497039795, 0.12399816513061523, 0.16286766529083252, 0.2017371654510498, 0.2406066656112671, 0.2794761657714844, 0.31834566593170166, 0.3572152853012085, 0.3960847854614258, 0.43495428562164307, 0.47382378578186035, 0.5126932859420776, 0.5515627861022949, 0.5904322862625122, 0.6293017864227295, 0.6681712865829468, 0.7070407867431641, 0.7459102869033813, 0.7847799062728882, 0.8236492872238159, 0.8625189065933228, 0.9013882875442505, 0.9402579069137573, 0.9791272878646851, 1.017996907234192, 1.0568662881851196, 1.0957359075546265, 1.1346052885055542, 1.173474907875061, 1.2123442888259888, 1.2512139081954956]}, "params/['params']['layers_1']['linear_layer']['bias']": {"_type": "histogram", "values": [1, 0, 0, 0, 1, 3, 2, 1, 0, 0, 0, 0, 0, 0, 0, 0, 0, 0, 0, 0, 0, 0, 0, 0, 0, 0, 0, 0, 0, 0, 0, 0, 0, 0, 0, 0, 0, 0, 0, 0, 0, 0, 1, 0, 0, 0, 1, 0, 1, 1, 0, 0, 1, 0, 0, 0, 0, 0, 0, 0, 0, 2, 1, 2],