{"loss": 1734.8634033203125, "_timestamp": 1739535704.1324048, "_runtime": 15.652422904968262, "_step": 21}