{"loss": 0.00019440097094047815, "_timestamp": 1739542443.269399, "_runtime": 172.92328691482544, "_step": 405, "validation_loss": 0.00021105381892994046, "params/['params']['last']['bias']": {"_type": "histogram", "values": [0, 0, 0, 0, 0, 0, 0, 0, 0, 0, 0, 0, 0, 0, 0, 0, 0, 0, 0, 0, 0, 0, 0, 0, 0, 0, 0, 0, 0, 0, 0, 0, 2, 0, 0, 0, 0, 0, 0, 0, 0, 0, 0, 0, 0, 0, 0, 0, 0, 0, 0, 0, 0, 0, 0, 0, 0, 0, 0, 0, 0, 0, 0, 0], "bins": [-0.5, -0.484375, -0.46875, -0.453125, -0.4375, -0.421875, -0.40625, -0.390625, -0.375, -0.359375, -0.34375, -0.328125, -0.3125, -0.296875, -0.28125, -0.265625, -0.25, -0.234375, -0.21875, -0.203125, -0.1875, -0.171875, -0.15625, -0.140625, -0.125, -0.109375, -0.09375, -0.078125, -0.0625, -0.046875, -0.03125, -0.015625, 0.0, 0.015625, 0.03125, 0.046875, 0.0625, 0.078125, 0.09375, 0.109375, 0.125, 0.140625, 0.15625, 0.171875, 0.1875, 0.203125, 0.21875, 0.234375, 0.25, 0.265625, 0.28125, 0.296875, 0.3125, 0.328125, 0.34375, 0.359375, 0.375, 0.390625, 0.40625, 0.421875, 0.4375, 0.453125, 0.46875, 0.484375, 0.5]}, "params/['params']['last']['kernel']": {"_type": "histogram", "values": [1, 0, 0, 0, 0, 0, 0, 0, 0, 0, 0, 0, 0, 2, 1, 0, 0, 0, 26, 0, 0, 3, 0, 1, 0, 0, 0, 0, 0, 0, 0, 0, 0, 0, 0, 0, 0, 0, 0, 0, 0, 0, 0, 0, 0, 0, 0, 0, 0, 0, 0, 0, 0, 0, 0, 0, 0, 0, 0, 0, 1, 0, 0, 1], "bins": [-0.029504016041755676, -0.027896028012037277, -0.02628803811967373, -0.02468005008995533, -0.02307206019759178, -0.021464072167873383, -0.019856084138154984, -0.018248096108436584, -0.016640106216073036, -0.015032117255032063, -0.013424128293991089, -0.01181614026427269, -0.01020815223455429, -0.008600162342190742, -0.0069921743124723434, -0.005384184420108795, -0.003776196390390396, -0.002168208360671997, -0.0005602184683084488, 0.0010477695614099503, 0.0026557594537734985, 0.004263747483491898, 0.005871735513210297, 0.007479723542928696, 0.009087711572647095, 0.010695703327655792, 0.012303691357374191, 0.01391167938709259, 0.01551966741681099, 0.01712765544652939, 0.018735647201538086, 0.020343635231256485, 0.021951623260974884, 0.023559611290693283, 0.025167599320411682, 0.02677559107542038, 0.02838357910513878, 0.029991567134857178, 0.03159955516457558, 0.033207543194293976, 0.03481553494930267, 0.036423519253730774, 0.03803151100873947, 0.03963950276374817, 0.04124748706817627, 0.04285547882318497, 0.04446346312761307, 0.046071454882621765, 0.047679439187049866, 0.04928743094205856, 0.05089542269706726, 0.05250340700149536, 0.05411139875650406, 0.05571938306093216, 0.05732737481594086, 0.058935366570949554, 0.060543350875377655, 0.06215134263038635, 0.06375932693481445, 0.06536731868982315, 0.06697531044483185, 0.06858329474925995, 0.07019128650426865, 0.07179927080869675, 0.07340726256370544]}, "params/['params']['layers_0']['linear_layer']['bias']": {"_type": "histogram", "values": [0, 0, 0, 0, 0, 0, 0, 0, 0, 0, 0, 0, 0, 0, 0, 0, 0, 0, 0, 0, 0, 0, 0, 0, 0, 0, 0, 0, 0, 0, 0, 0, 22, 0, 0, 0, 0, 0, 0, 0, 0, 0, 0, 0, 0, 0, 0, 0, 0, 0, 0, 0, 0, 0, 0, 0, 0, 0, 0, 0, 0, 0, 0, 0], "bins": [-0.5, -0.484375, -0.46875, -0.453125, -0.4375, -0.421875, -0.40625, -0.390625, -0.375, -0.359375, -0.34375, -0.328125, -0.3125, -0.296875, -0.28125, -0.265625, -0.25, -0.234375, -0.21875, -0.203125, -0.1875, -0.171875, -0.15625, -0.140625, -0.125, -0.109375, -0.09375, -0.078125, -0.0625, -0.046875, -0.03125, -0.015625, 0.0, 0.015625, 0.03125, 0.046875, 0.0625, 0.078125, 0.09375, 0.109375, 0.125, 0.140625, 0.15625, 0.171875, 0.1875, 0.203125, 0.21875, 0.234375, 0.25, 0.265625, 0.28125, 0.296875, 0.3125, 0.328125, 0.34375, 0.359375, 0.375, 0.390625, 0.40625, 0.421875, 0.4375, 0.453125, 0.46875, 0.484375, 0.5]}, "params/['params']['layers_0']['linear_layer']['kernel']": {"_type": "histogram", "values": [1, 0, 0, 0, 0, 0, 0, 0, 0, 0, 0, 0, 0, 1, 0, 0, 0, 0, 0, 0, 0, 0, 0, 0, 0, 0, 0, 0, 0, 0, 0, 61, 0, 0, 1, 0, 0, 0, 0, 0, 0, 0, 0, 0, 0, 0, 0, 0, 0, 0, 0, 1, 0, 0, 0, 0, 0, 0, 0, 0, 0, 0, 0, 1], "bins": [-1.626429557800293, -1.5755045413970947, -1.5245795249938965, -1.4736545085906982, -1.4227296113967896, -1.3718045949935913, -1.320879578590393, -1.2699545621871948, -1.2190295457839966, -1.168104648590088, -1.1171796321868896, -1.0662546157836914, -1.0153295993804932, -0.9644045829772949, -0.9134795665740967, -0.8625546097755432, -0.811629593372345, -0.7607045769691467, -0.7097796201705933, -0.658854603767395, -0.6079295873641968, -0.5570045709609985, -0.5060795545578003, -0.4551546573638916, -0.40422964096069336, -0.3533046245574951, -0.3023796081542969, -0.25145459175109863, -0.2005295753479004, -0.1496046781539917, -0.09867966175079346, -0.047754645347595215, 0.0031703710556030273, 0.05409538745880127, 0.10502040386199951, 0.15594542026519775, 0.20687031745910645, 0.2577953338623047, 0.30872035026550293, 0.35964536666870117, 0.4105703830718994, 0.46149539947509766, 0.5124204158782959, 0.5633454322814941, 0.6142704486846924, 0.6651952266693115, 0.7161202430725098, 0.767045259475708, 0.8179702758789062, 0.8688952922821045, 0.9198203086853027, 0.970745325088501, 1.0216703414916992, 1.0725953578948975, 1.1235203742980957, 1.174445390701294, 1.2253704071044922, 1.2762954235076904, 1.3272202014923096, 1.3781452178955078, 1.429070234298706, 1.4799952507019043, 1.5309202671051025, 1.5818452835083008, 1.632770299911499]}, "params/['params']['layers_1']['linear_layer']['bias']": {"_type": "histogram", "values": [0, 0, 0, 0, 0, 0, 0, 0, 0, 0, 0, 0, 0, 0, 0, 0, 0, 0, 0, 0, 0, 0, 0, 0, 0, 0, 0, 0, 0, 0, 0, 0, 22, 0, 0, 0, 0, 0, 0, 0, 0, 0, 0, 0, 0, 0, 0, 0, 0, 0, 0, 0, 0, 0, 0, 0, 0, 0, 0, 0, 0, 0, 0, 0], "bins": [-0.5, -0.484375, -0.46875, -0.453125, -0.4375, -0.421875, -0.40625, -0.390625, -0.375, -0.359375, -0.34375, -0.328125, -0.3125, -0.296875, -0.28125, -0.265625, -0.25, -0.234375, -0.21875, -0.203125, -0.1875, -0.171875, -0.15625, -0.140625, -0.125, -0.109375, -0.09375, -0.078125, -0.0625, -0.046875, -0.03125, -0.015625, 0.0, 0.015625, 0.03125, 0.046875, 0.0625, 0.078125, 0.09375, 0.109375, 0.125, 0.140625, 0.15625, 0.171875, 0.1875, 0.203125, 0.21875, 0.234375, 0.25, 0.265625, 0.28125, 0.296875, 0.3125, 0.328125, 0.34375, 0.359375, 0.375, 0.390625, 0.40625, 0.421875, 0.4375, 0.453125, 0.46875, 0.484375, 0.5]}, "params/['params']['layers_1']['linear_layer']['kernel']": {"_type": "histogram", "values": [1, 0, 0, 0, 0, 0, 0, 0, 0, 0, 0, 0, 0, 0, 0, 0, 0, 0, 0, 0, 2, 0, 0, 0, 0, 0, 0, 2, 0, 1, 0, 1, 5, 376, 0, 3, 2, 0, 0, 0, 0, 0, 0, 0, 0, 0, 0, 0, 1, 1, 0, 0, 0, 0, 0, 0, 0, 0, 0, 0, 0, 0, 0, 1], "bins": [-3.4115443229675293, -3.309767246246338, -3.2079899311065674, -3.106212854385376, -3.0044357776641846, -2.902658462524414, -2.8008813858032227, -2.6991043090820312, -2.59732723236084, -2.4955499172210693, -2.393772840499878, -2.2919955253601074, -2.190218448638916, -2.0884413719177246, -1.9866641759872437, -1.8848870992660522, -1.7831099033355713, -1.6813327074050903, -1.579555630683899, -1.477778434753418, -1.3760013580322266, -1.274224042892456, -1.1724469661712646, -1.0706698894500732, -0.9688925743103027, -0.8671154975891113, -0.7653384208679199, -0.6635613441467285, -0.561784029006958, -0.4600069522857666, -0.3582298755645752, -0.2564525604248047, -0.15467548370361328, -0.052898406982421875, 0.04887890815734863, 0.15065598487854004, 0.25243306159973145, 0.35421037673950195, 0.45598745346069336, 0.5577645301818848, 0.6595416069030762, 0.7613186836242676, 0.8630962371826172, 0.9648733139038086, 1.066650390625, 1.1684274673461914, 1.2702045440673828, 1.3719816207885742, 1.4737591743469238, 1.5755362510681152, 1.6773133277893066, 1.779090404510498, 1.8808674812316895, 1.9826445579528809, 2.0844216346740723, 2.186199188232422, 2.2879762649536133, 2.3897533416748047, 2.491530418395996, 2.5933074951171875, 2.695084571838379, 2.7968621253967285, 2.89863920211792, 3.0004162788391113, 3.102193593978882]}, "_wandb": {"runtime": 172}}