{"loss": 6.744585698470473e-05, "_timestamp": 1739370421.4958537, "_runtime": 145.4849636554718, "_step": 404, "params/['params']['last']['bias']": {"_type": "histogram", "values": [1, 0, 0, 0, 0, 0, 0, 0, 0, 0, 0, 0, 0, 0, 0, 0, 0, 0, 0, 0, 0, 0, 0, 0, 0, 0, 0, 0, 0, 0, 0, 0, 0, 0, 0, 0, 0, 0, 0, 0, 0, 0, 0, 0, 0, 0, 0, 0, 0, 0, 0, 0, 0, 0, 0, 0, 0, 0, 0, 0, 0, 0, 0, 1], "bins": [0.0, 0.008261405862867832, 0.016522811725735664, 0.02478421851992607, 0.03304562345147133, 0.041307028383016586, 0.04956843703985214, 0.0578298419713974, 0.06609124690294266, 0.07435265183448792, 0.08261405676603317, 0.09087546169757843, 0.09913687407970428, 0.10739827901124954, 0.1156596839427948, 0.12392108887434006, 0.13218249380588531, 0.14044390618801117, 0.14870530366897583, 0.15696671605110168, 0.16522811353206635, 0.1734895259141922, 0.18175092339515686, 0.19001233577728271, 0.19827374815940857, 0.20653514564037323, 0.21479655802249908, 0.22305795550346375, 0.2313193678855896, 0.23958076536655426, 0.24784217774868011, 0.2561035752296448, 0.26436498761177063, 0.2726263999938965, 0.28088781237602234, 0.2891491949558258, 0.29741060733795166, 0.3056720197200775, 0.31393343210220337, 0.32219481468200684, 0.3304562270641327, 0.33871763944625854, 0.3469790518283844, 0.35524046421051025, 0.3635018467903137, 0.3717632591724396, 0.38002467155456543, 0.3882860839366913, 0.39654749631881714, 0.4048088788986206, 0.41307029128074646, 0.4213317036628723, 0.42959311604499817, 0.43785449862480164, 0.4461159110069275, 0.45437732338905334, 0.4626387357711792, 0.47090014815330505, 0.4791615307331085, 0.4874229431152344, 0.49568435549736023, 0.5039457678794861, 0.5122071504592896, 0.5204685926437378, 0.5287299752235413]}, "params/['params']['last']['kernel']": {"_type": "histogram", "values": [1, 0, 0, 0, 0, 0, 0, 0, 0, 0, 0, 0, 0, 0, 0, 0, 0, 0, 0, 0, 0, 0, 0, 0, 0, 0, 0, 0, 0, 0, 0, 28, 0, 0, 0, 0, 0, 0, 0, 0, 0, 0, 0, 0, 0, 0, 0, 0, 0, 0, 0, 0, 0, 0, 0, 0, 0, 0, 0, 0, 0, 0, 0, 1], "bins": [-0.25410622358322144, -0.24596725404262543, -0.2378282994031906, -0.2296893298625946, -0.2215503752231598, -0.21341140568256378, -0.20527243614196777, -0.19713348150253296, -0.18899451196193695, -0.18085554242134094, -0.17271658778190613, -0.16457761824131012, -0.1564386487007141, -0.1482996940612793, -0.1401607245206833, -0.13202175498008728, -0.12388280034065247, -0.11574383080005646, -0.10760487616062164, -0.09946590662002563, -0.09132695198059082, -0.08318798243999481, -0.0750490128993988, -0.06691005825996399, -0.05877108871936798, -0.05063211917877197, -0.04249316453933716, -0.03435419499874115, -0.02621522545814514, -0.018076270818710327, -0.009937301278114319, -0.0017983317375183105, 0.006340622901916504, 0.014479577541351318, 0.02261856198310852, 0.030757516622543335, 0.03889647126197815, 0.04703545570373535, 0.055174410343170166, 0.06331336498260498, 0.0714523196220398, 0.079591304063797, 0.08773025870323181, 0.09586921334266663, 0.10400819778442383, 0.11214715242385864, 0.12028610706329346, 0.12842509150505066, 0.13656404614448547, 0.1447030007839203, 0.1528419852256775, 0.1609809398651123, 0.16911989450454712, 0.17725887894630432, 0.18539783358573914, 0.19353678822517395, 0.20167577266693115, 0.20981472730636597, 0.21795368194580078, 0.2260926365852356, 0.2342316210269928, 0.2423705756664276, 0.2505095601081848, 0.25864851474761963, 0.26678746938705444]}, "params/['params']['layers_0']['linear_layer']['bias']": {"_type": "histogram", "values": [0, 0, 0, 0, 0, 0, 0, 0, 0, 0, 0, 0, 0, 0, 0, 0, 0, 0, 0, 0, 0, 0, 0, 0, 0, 0, 0, 0, 0, 0, 0, 0, 18, 0, 0, 0, 0, 0, 0, 0, 0, 0, 0, 0, 0, 0, 0, 0, 0, 0, 0, 0, 0, 0, 0, 0, 0, 0, 0, 0, 0, 0, 0, 0], "bins": [-0.5, -0.484375, -0.46875, -0.453125, -0.4375, -0.421875, -0.40625, -0.390625, -0.375, -0.359375, -0.34375, -0.328125, -0.3125, -0.296875, -0.28125, -0.265625, -0.25, -0.234375, -0.21875, -0.203125, -0.1875, -0.171875, -0.15625, -0.140625, -0.125, -0.109375, -0.09375, -0.078125, -0.0625, -0.046875, -0.03125, -0.015625, 0.0, 0.015625, 0.03125, 0.046875, 0.0625, 0.078125, 0.09375, 0.109375, 0.125, 0.140625, 0.15625, 0.171875, 0.1875, 0.203125, 0.21875, 0.234375, 0.25, 0.265625, 0.28125, 0.296875, 0.3125, 0.328125, 0.34375, 0.359375, 0.375, 0.390625, 0.40625, 0.421875, 0.4375, 0.453125, 0.46875, 0.484375, 0.5]}, "params/['params']['layers_0']['linear_layer']['kernel']": {"_type": "histogram", "values": [1, 0, 0, 0, 0, 0, 0, 0, 0, 0, 0, 0, 0, 0, 0, 0, 0, 0, 0, 0, 0, 0, 0, 0, 0, 0, 0, 0, 0, 1, 0, 0, 0, 0, 0, 0, 0, 0, 0, 0, 0, 0, 0, 0, 0, 0, 0, 0, 0, 0, 0, 0, 0, 1, 0, 0, 0, 0, 0, 0, 0, 1, 0, 32], "bins": [-1.7301095724105835, -1.7030766010284424, -1.6760436296463013, -1.6490106582641602, -1.621977686882019, -1.594944715499878, -1.5679118633270264, -1.5408787727355957, -1.5138459205627441, -1.486812949180603, -1.459779977798462, -1.4327470064163208, -1.4057140350341797, -1.3786810636520386, -1.3516480922698975, -1.3246151208877563, -1.2975821495056152, -1.2705491781234741, -1.243516206741333, -1.2164833545684814, -1.1894502639770508, -1.1624174118041992, -1.1353843212127686, -1.108351469039917, -1.0813184976577759, -1.0542855262756348, -1.0272525548934937, -1.0002195835113525, -0.9731866121292114, -0.9461537003517151, -0.919120728969574, -0.8920877575874329, -0.8650547862052917, -0.8380218148231506, -0.8109888434410095, -0.7839558720588684, -0.7569229602813721, -0.729889988899231, -0.7028570175170898, -0.6758240461349487, -0.6487910747528076, -0.6217581033706665, -0.5947251319885254, -0.5676921606063843, -0.5406591892242432, -0.5136263370513916, -0.4865933656692505, -0.4595603942871094, -0.43252742290496826, -0.40549445152282715, -0.37846148014068604, -0.3514285087585449, -0.3243955373764038, -0.2973625659942627, -0.2703295946121216, -0.24329662322998047, -0.21626365184783936, -0.18923068046569824, -0.16219782829284668, -0.13516485691070557, -0.10813188552856445, -0.08109891414642334, -0.05406594276428223, -0.027032971382141113, 0.0]}, "params/['params']['layers_1']['linear_layer']['bias']": {"_type": "histogram", "values": [0, 0, 0, 0, 0, 0, 0, 0, 0, 0, 0, 0, 0, 0, 0, 0, 0, 0, 0, 0, 0, 0, 0, 0, 0, 0, 0, 0, 0, 0, 0, 0, 18, 0, 0, 0, 0, 0, 0, 0, 0, 0, 0, 0, 0, 0, 0, 0, 0, 0, 0, 0, 0, 0, 0, 0, 0, 0, 0, 0, 0, 0, 0, 0], "bins": [-0.5, -0.484375, -0.46875, -0.453125, -0.4375, -0.421875, -0.40625, -0.390625, -0.375, -0.359375, -0.34375, -0.328125, -0.3125, -0.296875, -0.28125, -0.265625, -0.25, -0.234375, -0.21875, -0.203125, -0.1875, -0.171875, -0.15625, -0.140625, -0.125, -0.109375, -0.09375, -0.078125, -0.0625, -0.046875, -0.03125, -0.015625, 0.0, 0.015625, 0.03125, 0.046875, 0.0625, 0.078125, 0.09375, 0.109375, 0.125, 0.140625, 0.15625, 0.171875, 0.1875, 0.203125, 0.21875, 0.234375, 0.25, 0.265625, 0.28125, 0.296875, 0.3125, 0.328125, 0.34375, 0.359375, 0.375, 0.390625, 0.40625, 0.421875, 0.4375, 0.453125, 0.46875, 0.484375, 0.5]}, "params/['params']['layers_1']['linear_layer']['kernel']": {"_type": "histogram", "values": [2, 0, 0, 0, 1, 0, 1, 0, 0, 0, 0, 0, 0, 0, 1, 0, 0, 0, 0, 1, 0, 0, 0, 0, 0, 0, 0, 0, 0, 1, 250, 1, 1, 1, 2, 2, 1, 1, 1, 0, 0, 0, 0, 0, 0, 2, 0, 0, 0, 0, 0, 0, 0, 0, 0, 0, 0, 0, 0, 0, 0, 0, 0, 1],