{"loss": 0.19417913258075714, "_timestamp": 1739298054.1149879, "_runtime": 193.75421786308289, "_step": 25, "params/['params']['last']['bias']": {"_type": "histogram", "values": [1, 0, 0, 0, 0, 0, 0, 0, 0, 0, 0, 0, 0, 0, 0, 0, 0, 0, 0, 0, 0, 0, 0, 0, 0, 0, 0, 0, 0, 0, 0, 0, 0, 0, 0, 0, 0, 0, 0, 0, 0, 0, 0, 0, 0, 0, 0, 0, 0, 0, 0, 0, 0, 0, 0, 0, 0, 0, 0, 0, 0, 0, 0, 1], "bins": [1.005851149559021, 1.0076497793197632, 1.0094484090805054, 1.011247158050537, 1.0130457878112793, 1.0148444175720215, 1.0166430473327637, 1.0184417963027954, 1.0202404260635376, 1.0220390558242798, 1.023837685585022, 1.0256363153457642, 1.027435064315796, 1.029233694076538, 1.0310323238372803, 1.0328309535980225, 1.0346295833587646, 1.0364283323287964, 1.0382269620895386, 1.0400255918502808, 1.041824221611023, 1.0436229705810547, 1.0454216003417969, 1.047220230102539, 1.0490188598632812, 1.0508174896240234, 1.0526162385940552, 1.0544148683547974, 1.0562134981155396, 1.0580121278762817, 1.0598108768463135, 1.0616095066070557, 1.0634081363677979, 1.06520676612854, 1.0670053958892822, 1.068804144859314, 1.0706027746200562, 1.0724014043807983, 1.0742000341415405, 1.0759987831115723, 1.0777974128723145, 1.0795960426330566, 1.0813946723937988, 1.083193302154541, 1.0849920511245728, 1.086790680885315, 1.0885893106460571, 1.0903879404067993, 1.092186689376831, 1.0939853191375732, 1.0957839488983154, 1.0975825786590576, 1.0993812084197998, 1.1011799573898315, 1.1029785871505737, 1.104777216911316, 1.106575846672058, 1.1083745956420898, 1.110173225402832, 1.1119718551635742, 1.1137704849243164, 1.1155691146850586, 1.1173678636550903, 1.1191664934158325, 1.1209651231765747]}, "params/['params']['last']['kernel']": {"_type": "histogram", "values": [2, 1, 0, 0, 1, 2, 1, 0, 0, 0, 0, 0, 0, 0, 0, 1, 0, 0, 0, 1, 0, 0, 0, 0, 0, 0, 0, 0, 0, 1, 2, 3, 3, 2, 4, 0, 0, 0, 0, 1, 0, 0, 0, 0, 0, 0, 0, 0, 0, 0, 0, 0, 0, 0, 0, 0, 0, 0, 0, 0, 1, 0, 1, 3], "bins": [-0.18099640309810638, -0.17549031972885132, -0.16998423635959625, -0.1644781529903412, -0.15897206962108612, -0.15346598625183105, -0.1479598879814148, -0.14245381951332092, -0.13694772124290466, -0.1314416527748108, -0.12593555450439453, -0.12042947113513947, -0.1149233877658844, -0.10941730439662933, -0.10391122102737427, -0.0984051376581192, -0.09289905428886414, -0.08739297091960907, -0.081886887550354, -0.07638080418109894, -0.07087472081184387, -0.06536862999200821, -0.05986254662275314, -0.054356470704078674, -0.048850372433662415, -0.04334428906440735, -0.03783820569515228, -0.03233212232589722, -0.02682603895664215, -0.021319955587387085, -0.01581387221813202, -0.010307788848876953, -0.004801705479621887, 0.0007043778896331787, 0.006210461258888245, 0.01171654462814331, 0.017222627997398376, 0.022728711366653442, 0.02823479473590851, 0.033740878105163574, 0.03924696147441864, 0.0447530597448349, 0.050259143114089966, 0.05576522648334503, 0.0612713098526001, 0.06677739322185516, 0.07228346168994904, 0.0777895599603653, 0.08329565823078156, 0.08880172669887543, 0.09430782496929169, 0.09981389343738556, 0.10531999170780182, 0.11082606017589569, 0.11633215844631195, 0.12183822691440582, 0.12734432518482208, 0.13285039365291595, 0.13835649192333221, 0.1438625603914261, 0.14936865866184235, 0.15487472712993622, 0.16038082540035248, 0.16588689386844635, 0.17139297723770142]}, "params/['params']['layers_0']['linear_layer']['bias']": {"_type": "histogram", "values": [1, 0, 0, 0, 0, 2, 2, 1, 0, 1, 1, 0, 0, 0, 0, 1, 0, 0, 0, 0, 0, 0, 0, 0, 0, 0, 0, 0, 0, 0, 0, 0, 0, 1, 1, 0, 0, 0, 0, 0, 0, 0, 0, 0, 0, 0, 0, 0, 0, 0, 0, 0, 1, 0, 0, 2, 0, 0, 0, 0, 0, 0, 3, 1], "bins": [-0.22782495617866516, -0.2212621569633484, -0.21469935774803162, -0.20813655853271484, -0.20157375931739807, -0.1950109601020813, -0.18844816088676453, -0.18188536167144775, -0.17532256245613098, -0.1687597632408142, -0.16219696402549744, -0.15563416481018066, -0.1490713506937027, -0.14250855147838593, -0.13594575226306915, -0.12938295304775238, -0.12282015383243561, -0.11625735461711884, -0.10969455540180206, -0.10313175618648529, -0.09656895697116852, -0.09000615775585175, -0.08344335854053497, -0.0768805593252182, -0.07031774520874023, -0.06375494599342346, -0.05719214677810669, -0.05062934756278992, -0.044066548347473145, -0.03750374913215637, -0.0309409499168396, -0.024378150701522827, -0.017815351486206055, -0.011252552270889282, -0.00468975305557251, 0.0018730461597442627, 0.008435845375061035, 0.014998644590377808, 0.02156144380569458, 0.028124243021011353, 0.034687042236328125, 0.0412498414516449, 0.04781264066696167, 0.05437543988227844, 0.060938239097595215, 0.06750103831291199, 0.07406383752822876, 0.08062663674354553, 0.08718946576118469, 0.09375226497650146, 0.10031506419181824, 0.10687786340713501, 0.11344066262245178, 0.12000346183776855, 0.12656626105308533, 0.1331290602684021, 0.13969185948371887, 0.14625465869903564, 0.15281745791435242, 0.1593802571296692, 0.16594305634498596, 0.17250585556030273, 0.1790686547756195, 0.18563145399093628, 0.19219426810741425]}, "params/['params']['layers_0']['linear_layer']['kernel']": {"_type": "histogram", "values": [1, 0, 0, 0, 0, 0, 1, 0, 0, 0, 0, 0, 0, 0, 0, 0, 0, 0, 1, 1, 0, 0, 0, 0, 0, 1, 1, 0, 1, 0, 3, 0, 1, 0, 0, 0, 0, 0, 0, 1, 0, 0, 1, 0, 0, 1, 1, 0, 0, 1, 0, 0, 0, 0, 0, 0, 0, 1, 0, 0, 0, 0, 0, 1], "bins": [-1.5086215734481812, -1.4616769552230835, -1.4147322177886963, -1.3677875995635986, -1.3208428621292114, -1.2738982439041138, -1.2269535064697266, -1.180008888244629, -1.1330641508102417, -1.086119532585144, -1.0391747951507568, -0.9922301769256592, -0.9452854990959167, -0.8983408212661743, -0.8513961434364319, -0.8044514656066895, -0.757506787776947, -0.7105621099472046, -0.6636174321174622, -0.6166727542877197, -0.5697280764579773, -0.5227833986282349, -0.4758387804031372, -0.42889404296875, -0.38194942474365234, -0.33500468730926514, -0.2880600690841675, -0.24111533164978027, -0.19417071342468262, -0.1472259759902954, -0.10028135776519775, -0.05333662033081055, -0.006392002105712891, 0.040552616119384766, 0.08749735355377197, 0.13444197177886963, 0.18138670921325684, 0.2283313274383545, 0.2752760648727417, 0.32222068309783936, 0.36916542053222656, 0.4161100387573242, 0.4630547761917114, 0.5099993944168091, 0.5569440126419067, 0.6038888692855835, 0.6508334875106812, 0.6977781057357788, 0.7447227239608765, 0.7916673421859741, 0.8386121988296509, 0.8855568170547485, 0.9325014352798462, 0.9794460535049438, 1.0263909101486206, 1.0733355283737183, 1.120280146598816, 1.1672247648239136, 1.2141696214675903, 1.261114239692688, 1.3080588579177856, 1.3550034761428833, 1.40194833278656, 1.4488929510116577, 1.4958375692367554]}, "_wandb": {"runtime": 193}}