{"loss": 1.0939137440389539e-14, "_timestamp": 1739990093.9954147, "_runtime": 172.64280676841736, "_step": 2793, "params/['params']['last']['bias']": {"_type": "histogram", "values": [0, 0, 0, 0, 0, 0, 0, 0, 0, 0, 0, 0, 0, 0, 0, 0, 0, 0, 0, 0, 0, 0, 0, 0, 0, 0, 0, 0, 0, 0, 0, 0, 2, 0, 0, 0, 0, 0, 0, 0, 0, 0, 0, 0, 0, 0, 0, 0, 0, 0, 0, 0, 0, 0, 0, 0, 0, 0, 0, 0, 0, 0, 0, 0], "bins": [-0.5, -0.484375, -0.46875, -0.453125, -0.4375, -0.421875, -0.40625, -0.390625, -0.375, -0.359375, -0.34375, -0.328125, -0.3125, -0.296875, -0.28125, -0.265625, -0.25, -0.234375, -0.21875, -0.203125, -0.1875, -0.171875, -0.15625, -0.140625, -0.125, -0.109375, -0.09375, -0.078125, -0.0625, -0.046875, -0.03125, -0.015625, 0.0, 0.015625, 0.03125, 0.046875, 0.0625, 0.078125, 0.09375, 0.109375, 0.125, 0.140625, 0.15625, 0.171875, 0.1875, 0.203125, 0.21875, 0.234375, 0.25, 0.265625, 0.28125, 0.296875, 0.3125, 0.328125, 0.34375, 0.359375, 0.375, 0.390625, 0.40625, 0.421875, 0.4375, 0.453125, 0.46875, 0.484375, 0.5]}, "params/['params']['last']['kernel']": {"_type": "histogram", "values": [1, 0, 0, 0, 0, 0, 0, 0, 0, 0, 0, 0, 0, 0, 0, 0, 0, 0, 0, 0, 0, 0, 0, 0, 0, 0, 0, 0, 0, 0, 0, 0, 0, 0, 0, 0, 0, 0, 0, 0, 0, 0, 0, 0, 0, 0, 0, 0, 0, 0, 0, 2, 0, 0, 0, 0, 0, 0, 30, 0, 0, 0, 0, 3], "bins": [-0.07301577925682068, -0.07177136838436127, -0.07052695751190186, -0.06928254663944244, -0.06803813576698303, -0.06679372489452362, -0.06554931402206421, -0.0643049031496048, -0.06306049227714539, -0.061816081404685974, -0.06057167053222656, -0.05932725593447685, -0.05808284506201744, -0.05683843418955803, -0.05559402331709862, -0.054349612444639206, -0.053105201572179794, -0.05186079069972038, -0.05061637982726097, -0.04937196895480156, -0.04812755808234215, -0.04688314348459244, -0.045638732612133026, -0.044394321739673615, -0.0431499108672142, -0.04190549999475479, -0.04066108912229538, -0.03941667824983597, -0.038172267377376556, -0.036927856504917145, -0.03568344563245773, -0.03443903475999832, -0.03319462388753891, -0.0319502130150795, -0.030705802142620087, -0.029461391270160675, -0.028216980397701263, -0.026972569525241852, -0.02572815865278244, -0.02448374778032303, -0.023239336907863617, -0.021994922310113907, -0.020750511437654495, -0.019506100565195084, -0.018261689692735672, -0.01701727882027626, -0.01577286794781685, -0.014528457075357437, -0.013284046202898026, -0.012039635330438614, -0.010795224457979202, -0.009550809860229492, -0.00830639898777008, -0.007061988115310669, -0.005817577242851257, -0.004573166370391846, -0.003328755497932434, -0.0020843446254730225, -0.0008399337530136108, 0.0004044771194458008, 0.0016488879919052124, 0.002893298864364624, 0.004137709736824036, 0.005382120609283447, 0.006626528222113848]}, "params/['params']['layers_0']['linear_layer']['bias']": {"_type": "histogram", "values": [0, 0, 0, 0, 0, 0, 0, 0, 0, 0, 0, 0, 0, 0, 0, 0, 0, 0, 0, 0, 0, 0, 0, 0, 0, 0, 0, 0, 0, 0, 0, 0, 22, 0, 0, 0, 0, 0, 0, 0, 0, 0, 0, 0, 0, 0, 0, 0, 0, 0, 0, 0, 0, 0, 0, 0, 0, 0, 0, 0, 0, 0, 0, 0], "bins": [-0.5, -0.484375, -0.46875, -0.453125, -0.4375, -0.421875, -0.40625, -0.390625, -0.375, -0.359375, -0.34375, -0.328125, -0.3125, -0.296875, -0.28125, -0.265625, -0.25, -0.234375, -0.21875, -0.203125, -0.1875, -0.171875, -0.15625, -0.140625, -0.125, -0.109375, -0.09375, -0.078125, -0.0625, -0.046875, -0.03125, -0.015625, 0.0, 0.015625, 0.03125, 0.046875, 0.0625, 0.078125, 0.09375, 0.109375, 0.125, 0.140625, 0.15625, 0.171875, 0.1875, 0.203125, 0.21875, 0.234375, 0.25, 0.265625, 0.28125, 0.296875, 0.3125, 0.328125, 0.34375, 0.359375, 0.375, 0.390625, 0.40625, 0.421875, 0.4375, 0.453125, 0.46875, 0.484375, 0.5]}, "params/['params']['layers_0']['linear_layer']['kernel']": {"_type": "histogram", "values": [1, 0, 0, 0, 0, 0, 0, 0, 0, 0, 0, 0, 0, 0, 0, 0, 0, 0, 0, 0, 0, 0, 0, 0, 0, 0, 0, 0, 0, 0, 63, 0, 0, 0, 1, 0, 0, 0, 0, 0, 0, 0, 0, 0, 0, 0, 0, 0, 0, 0, 0, 0, 0, 0, 0, 0, 0, 0, 0, 0, 0, 0, 0, 1], "bins": [-1.0236289501190186, -0.9901538491249084, -0.9566787481307983, -0.9232036471366882, -0.8897285461425781, -0.8562533855438232, -0.8227782845497131, -0.789303183555603, -0.7558280825614929, -0.7223529815673828, -0.6888778805732727, -0.6554027795791626, -0.6219276189804077, -0.5884525775909424, -0.5549774169921875, -0.5215023159980774, -0.4880272150039673, -0.4545521140098572, -0.42107701301574707, -0.38760191202163696, -0.35412681102752686, -0.320651650428772, -0.28717654943466187, -0.25370144844055176, -0.22022634744644165, -0.18675124645233154, -0.15327614545822144, -0.11980104446411133, -0.08632588386535645, -0.05285078287124634, -0.01937568187713623, 0.014099359512329102, 0.047574520111083984, 0.08104968070983887, 0.1145247220993042, 0.14799988269805908, 0.18147492408752441, 0.2149500846862793, 0.24842512607574463, 0.2819002866744995, 0.31537532806396484, 0.3488504886627197, 0.3823256492614746, 0.41580069065093994, 0.4492758512496948, 0.48275089263916016, 0.516226053237915, 0.5497010946273804, 0.5831762552261353, 0.6166514158248901, 0.6501264572143555, 0.6836016178131104, 0.7170766592025757, 0.7505518198013306, 0.7840268611907959, 0.8175020217895508, 0.8509771823883057, 0.884452223777771, 0.9179273843765259, 0.9514024257659912, 0.9848775863647461, 1.018352746963501, 1.0518276691436768, 1.0853028297424316, 1.1187779903411865]}, "params/['params']['layers_1']['linear_layer']['bias']": {"_type": "histogram", "values": [0, 0, 0, 0, 0, 0, 0, 0, 0, 0, 0, 0, 0, 0, 0, 0, 0, 0, 0, 0, 0, 0, 0, 0, 0, 0, 0, 0, 0, 0, 0, 0, 22, 0, 0, 0, 0, 0, 0, 0, 0, 0, 0, 0, 0, 0, 0, 0, 0, 0, 0, 0, 0, 0, 0, 0, 0, 0, 0, 0, 0, 0, 0, 0], "bins": [-0.5, -0.484375, -0.46875, -0.453125, -0.4375, -0.421875, -0.40625, -0.390625, -0.375, -0.359375, -0.34375, -0.328125, -0.3125, -0.296875, -0.28125, -0.265625, -0.25, -0.234375, -0.21875, -0.203125, -0.1875, -0.171875, -0.15625, -0.140625, -0.125, -0.109375, -0.09375, -0.078125, -0.0625, -0.046875, -0.03125, -0.015625, 0.0, 0.015625, 0.03125, 0.046875, 0.0625, 0.078125, 0.09375, 0.109375, 0.125, 0.140625, 0.15625, 0.171875, 0.1875, 0.203125, 0.21875, 0.234375, 0.25, 0.265625, 0.28125, 0.296875, 0.3125, 0.328125, 0.34375, 0.359375, 0.375, 0.390625, 0.40625, 0.421875, 0.4375, 0.453125, 0.46875, 0.484375, 0.5]}, "params/['params']['layers_1']['linear_layer']['kernel']": {"_type": "histogram", "values": [1, 0, 0, 0, 0, 0, 0, 0, 0, 0, 0, 0, 0, 0, 0, 0, 0, 0, 1, 0, 0, 0, 0, 0, 0, 0, 0, 0, 0, 0, 0, 0, 386, 0, 1, 1, 1, 1, 0, 0, 0, 0, 0, 0, 0, 1, 0, 0, 0, 0, 0, 0, 0, 0, 0, 0, 0, 0, 0, 0, 0, 2, 0, 1], "bins": [-3.0690736770629883, -2.9731650352478027, -2.8772566318511963, -2.7813479900360107, -2.6854395866394043, -2.5895309448242188, -2.493622303009033, -2.3977136611938477, -2.301805257797241, -2.2058968544006348, -2.109988212585449, -2.0140795707702637, -1.9181710481643677, -1.8222625255584717, -1.7263538837432861, -1.6304453611373901, -1.5345368385314941, -1.4386283159255981, -1.3427197933197021, -1.2468111515045166, -1.1509026288986206, -1.0549941062927246, -0.9590854644775391, -0.8631770610809326, -0.7672684192657471, -0.6713597774505615, -0.5754513740539551, -0.47954273223876953, -0.383634090423584, -0.28772568702697754, -0.191817045211792, -0.09590864181518555, 0.0, 0.09590864181518555, 0.191817045211792, 0.28772568702697754, 0.383634090423584, 0.47954273223876953, 0.5754513740539551, 0.6713597774505615, 0.7672684192657471, 0.8631770610809326, 0.9590854644775391, 1.0549941062927246, 1.1509027481079102, 1.2468113899230957, 1.342719554901123, 1.4386281967163086, 1.5345368385314941, 1.6304454803466797, 1.7263541221618652, 1.8222622871398926, 1.9181709289550781, 2.0140795707702637, 2.109988212585449, 2.2058968544006348, 2.3018054962158203, 2.3977136611938477, 2.493622303009033, 2.5895309448242188, 2.6854395866394043, 2.78134822845459, 2.877256393432617, 2.9731650352478027, 3.0690736770629883]}, "validation_loss": 9.598947342277092e-14, "_wandb": {"runtime": 174}}