{"loss": 1.1359726190567017, "_timestamp": 1739300475.6641076, "_runtime": 12.258837461471558, "_step": 25, "params/['params']['last']['bias']": {"_type": "histogram", "values": [1, 0, 0, 0, 0, 0, 0, 0, 0, 0, 0, 0, 0, 0, 0, 0, 0, 0, 0, 0, 0, 0, 0, 0, 0, 0, 0, 0, 0, 0, 0, 0, 0, 0, 0, 0, 0, 0, 0, 0, 0, 0, 0, 0, 0, 0, 0, 0, 0, 0, 0, 0, 0, 0, 0, 0, 0, 0, 0, 0, 0, 0, 0, 1], "bins": [0.893796980381012, 0.8954803347587585, 0.8971637487411499, 0.8988471031188965, 0.9005304574966431, 0.9022138118743896, 0.903897225856781, 0.9055805802345276, 0.9072639346122742, 0.9089473485946655, 0.9106307029724121, 0.9123140573501587, 0.91399747133255, 0.9156808257102966, 0.9173641800880432, 0.9190475344657898, 0.9207309484481812, 0.9224143028259277, 0.9240976572036743, 0.9257810711860657, 0.9274644255638123, 0.9291477799415588, 0.9308311939239502, 0.9325145483016968, 0.9341979026794434, 0.9358812570571899, 0.9375646710395813, 0.9392480254173279, 0.9409313797950745, 0.9426147937774658, 0.9442981481552124, 0.945981502532959, 0.9476648569107056, 0.9493482708930969, 0.9510316252708435, 0.9527149796485901, 0.9543983936309814, 0.956081748008728, 0.9577651023864746, 0.959448516368866, 0.9611318707466125, 0.9628152251243591, 0.9644986391067505, 0.9661819934844971, 0.9678653478622437, 0.9695487022399902, 0.9712321162223816, 0.9729154706001282, 0.9745988249778748, 0.9762822389602661, 0.9779655933380127, 0.9796489477157593, 0.9813323020935059, 0.9830157160758972, 0.9846990704536438, 0.9863824248313904, 0.9880658388137817, 0.9897491931915283, 0.9914325475692749, 0.9931159019470215, 0.9947993159294128, 0.9964826703071594, 0.998166024684906, 0.9998494386672974, 1.001532793045044]}, "params/['params']['last']['kernel']": {"_type": "histogram", "values": [0, 0, 0, 0, 0, 0, 0, 0, 0, 0, 0, 0, 0, 0, 0, 0, 0, 0, 0, 0, 0, 0, 0, 0, 0, 0, 0, 0, 0, 0, 0, 0, 42, 0, 0, 0, 0, 0, 0, 0, 0, 0, 0, 0, 0, 0, 0, 0, 0, 0, 0, 0, 0, 0, 0, 0, 0, 0, 0, 0, 0, 0, 0, 0], "bins": [-0.5, -0.484375, -0.46875, -0.453125, -0.4375, -0.421875, -0.40625, -0.390625, -0.375, -0.359375, -0.34375, -0.328125, -0.3125, -0.296875, -0.28125, -0.265625, -0.25, -0.234375, -0.21875, -0.203125, -0.1875, -0.171875, -0.15625, -0.140625, -0.125, -0.109375, -0.09375, -0.078125, -0.0625, -0.046875, -0.03125, -0.015625, 0.0, 0.015625, 0.03125, 0.046875, 0.0625, 0.078125, 0.09375, 0.109375, 0.125, 0.140625, 0.15625, 0.171875, 0.1875, 0.203125, 0.21875, 0.234375, 0.25, 0.265625, 0.28125, 0.296875, 0.3125, 0.328125, 0.34375, 0.359375, 0.375, 0.390625, 0.40625, 0.421875, 0.4375, 0.453125, 0.46875, 0.484375, 0.5]}, "params/['params']['layers_0']['linear_layer']['bias']": {"_type": "histogram", "values": [0, 0, 0, 0, 0, 0, 0, 0, 0, 0, 0, 0, 0, 0, 0, 0, 0, 0, 0, 0, 0, 0, 0, 0, 0, 0, 0, 0, 0, 0, 0, 0, 24, 0, 0, 0, 0, 0, 0, 0, 0, 0, 0, 0, 0, 0, 0, 0, 0, 0, 0, 0, 0, 0, 0, 0, 0, 0, 0, 0, 0, 0, 0, 0], "bins": [-0.5, -0.484375, -0.46875, -0.453125, -0.4375, -0.421875, -0.40625, -0.390625, -0.375, -0.359375, -0.34375, -0.328125, -0.3125, -0.296875, -0.28125, -0.265625, -0.25, -0.234375, -0.21875, -0.203125, -0.1875, -0.171875, -0.15625, -0.140625, -0.125, -0.109375, -0.09375, -0.078125, -0.0625, -0.046875, -0.03125, -0.015625, 0.0, 0.015625, 0.03125, 0.046875, 0.0625, 0.078125, 0.09375, 0.109375, 0.125, 0.140625, 0.15625, 0.171875, 0.1875, 0.203125, 0.21875, 0.234375, 0.25, 0.265625, 0.28125, 0.296875, 0.3125, 0.328125, 0.34375, 0.359375, 0.375, 0.390625, 0.40625, 0.421875, 0.4375, 0.453125, 0.46875, 0.484375, 0.5]}, "params/['params']['layers_0']['linear_layer']['kernel']": {"_type": "histogram", "values": [1, 0, 0, 0, 0, 1, 1, 0, 2, 1, 0, 0, 0, 0, 0, 2, 2, 1, 0, 0, 1, 0, 1, 0, 1, 0, 2, 1, 1, 0, 2, 1, 1, 0, 0, 1, 4, 1, 4, 1, 0, 1, 0, 1, 0, 0, 0, 0, 0, 0, 1, 2, 0, 1, 0, 2, 0, 0, 2, 2, 1, 1, 0, 1], "bins": [-1.509218692779541, -1.4665807485580444, -1.4239429235458374, -1.3813049793243408, -1.3386670351028442, -1.2960290908813477, -1.2533912658691406, -1.210753321647644, -1.1681153774261475, -1.1254775524139404, -1.0828396081924438, -1.0402016639709473, -0.9975638389587402, -0.9549258947372437, -0.9122880101203918, -0.8696500658988953, -0.8270121812820435, -0.7843742966651917, -0.7417363524436951, -0.6990984678268433, -0.6564605236053467, -0.6138226389884949, -0.5711847543716431, -0.5285468101501465, -0.48590898513793945, -0.44327104091644287, -0.4006330966949463, -0.3579951524734497, -0.3153573274612427, -0.2727193832397461, -0.2300814390182495, -0.18744361400604248, -0.1448056697845459, -0.10216772556304932, -0.059529900550842285, -0.016891956329345703, 0.02574598789215088, 0.06838381290435791, 0.11102175712585449, 0.15365970134735107, 0.19629764556884766, 0.2389354705810547, 0.28157341480255127, 0.32421135902404785, 0.3668491840362549, 0.40948712825775146, 0.45212507247924805, 0.4947628974914551, 0.5374007225036621, 0.5800387859344482, 0.6226766109466553, 0.6653146743774414, 0.7079524993896484, 0.7505903244018555, 0.7932283878326416, 0.8358662128448486, 0.8785040378570557, 0.9211421012878418, 0.9637799263000488, 1.0064177513122559, 1.049055814743042, 1.091693639755249, 1.134331464767456, 1.1769695281982422, 1.2196072340011597]}, "_wandb": {"runtime": 11}}