{"loss": 0.004306391347199678, "_timestamp": 1739970023.7614722, "_runtime": 185.31502032279968, "_step": 2793, "params/['params']['last']['bias']": {"_type": "histogram", "values": [1, 0, 0, 0, 0, 0, 0, 0, 0, 0, 0, 0, 0, 0, 0, 0, 0, 0, 0, 0, 0, 0, 0, 0, 0, 0, 0, 0, 0, 0, 0, 0, 0, 0, 0, 0, 0, 0, 0, 0, 0, 0, 0, 0, 0, 0, 0, 0, 0, 0, 0, 0, 0, 0, 0, 0, 0, 0, 0, 0, 0, 0, 0, 1], "bins": [0.0, 0.008256515488028526, 0.016513030976057053, 0.02476954646408558, 0.033026061952114105, 0.04128257930278778, 0.04953909292817116, 0.057795606553554535, 0.06605212390422821, 0.07430864125490189, 0.08256515860557556, 0.09082166850566864, 0.09907818585634232, 0.10733470320701599, 0.11559121310710907, 0.12384773045778275, 0.13210424780845642, 0.1403607577085495, 0.14861728250980377, 0.15687379240989685, 0.16513031721115112, 0.1733868271112442, 0.18164333701133728, 0.18989986181259155, 0.19815637171268463, 0.2064128816127777, 0.21466940641403198, 0.22292591631412506, 0.23118242621421814, 0.2394389510154724, 0.2476954609155655, 0.25595197081565857, 0.26420849561691284, 0.2724650204181671, 0.280721515417099, 0.28897804021835327, 0.29723456501960754, 0.30549106001853943, 0.3137475848197937, 0.322004109621048, 0.33026063442230225, 0.33851712942123413, 0.3467736542224884, 0.3550301790237427, 0.36328667402267456, 0.37154319882392883, 0.3797997236251831, 0.388056218624115, 0.39631274342536926, 0.40456926822662354, 0.4128257632255554, 0.4210822880268097, 0.42933881282806396, 0.43759530782699585, 0.4458518326282501, 0.4541083574295044, 0.4623648524284363, 0.47062137722969055, 0.4788779020309448, 0.4871344268321991, 0.495390921831131, 0.5036474466323853, 0.5119039416313171, 0.5201604962348938, 0.5284169912338257]}, "params/['params']['last']['kernel']": {"_type": "histogram", "values": [1, 0, 0, 0, 0, 0, 0, 0, 0, 0, 0, 0, 0, 0, 0, 0, 0, 0, 0, 0, 0, 0, 0, 0, 0, 0, 0, 0, 0, 0, 0, 0, 0, 0, 0, 0, 27, 0, 0, 0, 0, 0, 0, 0, 0, 0, 0, 0, 0, 0, 0, 0, 0, 0, 0, 0, 0, 1, 0, 0, 0, 0, 0, 1], "bins": [-0.2297688126564026, -0.22341471910476685, -0.2170606255531311, -0.21070653200149536, -0.20435243844985962, -0.19799834489822388, -0.19164425134658813, -0.1852901577949524, -0.17893606424331665, -0.1725819706916809, -0.16622787714004517, -0.15987378358840942, -0.15351969003677368, -0.14716559648513794, -0.1408115029335022, -0.13445740938186646, -0.1281033158302307, -0.12174922227859497, -0.11539512872695923, -0.10904103517532349, -0.10268694162368774, -0.096332848072052, -0.08997875452041626, -0.08362466096878052, -0.07727056741714478, -0.07091647386550903, -0.06456238031387329, -0.05820828676223755, -0.05185419321060181, -0.045500099658966064, -0.03914600610733032, -0.03279191255569458, -0.026437819004058838, -0.020083725452423096, -0.013729631900787354, -0.007375538349151611, -0.0010214447975158691, 0.005332648754119873, 0.011686742305755615, 0.018040835857391357, 0.0243949294090271, 0.030749022960662842, 0.037103116512298584, 0.043457210063934326, 0.04981130361557007, 0.05616539716720581, 0.06251949071884155, 0.0688735842704773, 0.07522767782211304, 0.08158177137374878, 0.08793586492538452, 0.09428995847702026, 0.100644052028656, 0.10699814558029175, 0.11335223913192749, 0.11970633268356323, 0.12606042623519897, 0.13241451978683472, 0.13876861333847046, 0.1451227068901062, 0.15147680044174194, 0.15783089399337769, 0.16418498754501343, 0.17053908109664917, 0.1768931746482849]}, "params/['params']['layers_0']['linear_layer']['bias']": {"_type": "histogram", "values": [0, 0, 0, 0, 0, 0, 0, 0, 0, 0, 0, 0, 0, 0, 0, 0, 0, 0, 0, 0, 0, 0, 0, 0, 0, 0, 0, 0, 0, 0, 0, 0, 18, 0, 0, 0, 0, 0, 0, 0, 0, 0, 0, 0, 0, 0, 0, 0, 0, 0, 0, 0, 0, 0, 0, 0, 0, 0, 0, 0, 0, 0, 0, 0], "bins": [-0.5, -0.484375, -0.46875, -0.453125, -0.4375, -0.421875, -0.40625, -0.390625, -0.375, -0.359375, -0.34375, -0.328125, -0.3125, -0.296875, -0.28125, -0.265625, -0.25, -0.234375, -0.21875, -0.203125, -0.1875, -0.171875, -0.15625, -0.140625, -0.125, -0.109375, -0.09375, -0.078125, -0.0625, -0.046875, -0.03125, -0.015625, 0.0, 0.015625, 0.03125, 0.046875, 0.0625, 0.078125, 0.09375, 0.109375, 0.125, 0.140625, 0.15625, 0.171875, 0.1875, 0.203125, 0.21875, 0.234375, 0.25, 0.265625, 0.28125, 0.296875, 0.3125, 0.328125, 0.34375, 0.359375, 0.375, 0.390625, 0.40625, 0.421875, 0.4375, 0.453125, 0.46875, 0.484375, 0.5]}, "params/['params']['layers_0']['linear_layer']['kernel']": {"_type": "histogram", "values": [1, 0, 1, 0, 0, 65, 0, 0, 0, 0, 0, 1, 0, 0, 0, 0, 0, 1, 0, 0, 0, 0, 0, 0, 0, 0, 0, 0, 0, 0, 0, 0, 0, 0, 0, 0, 0, 1, 0, 0, 0, 0, 0, 1, 0, 0, 0, 0, 0, 0, 0, 0, 0, 0, 0, 0, 0, 0, 0, 0, 0, 0, 0, 1], "bins": [-0.1790783703327179, -0.14654116332530975, -0.11400395631790161, -0.08146674931049347, -0.04892954230308533, -0.016392335295677185, 0.016144871711730957, 0.0486820787191391, 0.08121928572654724, 0.11375650763511658, 0.14629369974136353, 0.17883089184761047, 0.2113681137561798, 0.24390533566474915, 0.2764425277709961, 0.30897971987724304, 0.3415169417858124, 0.3740541636943817, 0.40659138560295105, 0.4391285479068756, 0.47166576981544495, 0.5042029619216919, 0.5367401838302612, 0.5692774057388306, 0.6018146276473999, 0.6343518495559692, 0.6668890714645386, 0.6994261741638184, 0.7319633960723877, 0.764500617980957, 0.7970378398895264, 0.8295750617980957, 0.862112283706665, 0.8946495056152344, 0.9271867275238037, 0.959723949432373, 0.9922611713409424, 1.0247982740402222, 1.0573354959487915, 1.0898727178573608, 1.1224099397659302, 1.1549471616744995, 1.1874843835830688, 1.2200216054916382, 1.252558708190918, 1.2850959300994873, 1.3176331520080566, 1.350170373916626, 1.3827075958251953, 1.4152448177337646, 1.447782039642334, 1.4803192615509033, 1.5128564834594727, 1.5453935861587524, 1.5779308080673218, 1.6104680299758911, 1.6430052518844604, 1.6755424737930298, 1.7080796957015991, 1.7406169176101685, 1.7731540203094482, 1.8056912422180176, 1.838228464126587, 1.8707656860351562, 1.903302788734436]}, "params/['params']['layers_1']['linear_layer']['bias']": {"_type": "histogram", "values": [0, 0, 0, 0, 0, 0, 0, 0, 0, 0, 0, 0, 0, 0, 0, 0, 0, 0, 0, 0, 0, 0, 0, 0, 0, 0, 0, 0, 0, 0, 0, 0, 18, 0, 0, 0, 0, 0, 0, 0, 0, 0, 0, 0, 0, 0, 0, 0, 0, 0, 0, 0, 0, 0, 0, 0, 0, 0, 0, 0, 0, 0, 0, 0], "bins": [-0.5, -0.484375, -0.46875, -0.453125, -0.4375, -0.421875, -0.40625, -0.390625, -0.375, -0.359375, -0.34375, -0.328125, -0.3125, -0.296875, -0.28125, -0.265625, -0.25, -0.234375, -0.21875, -0.203125, -0.1875, -0.171875, -0.15625, -0.140625, -0.125, -0.109375, -0.09375, -0.078125, -0.0625, -0.046875, -0.03125, -0.015625, 0.0, 0.015625, 0.03125, 0.046875, 0.0625, 0.078125, 0.09375, 0.109375, 0.125, 0.140625, 0.15625, 0.171875, 0.1875, 0.203125, 0.21875, 0.234375, 0.25, 0.265625, 0.28125, 0.296875, 0.3125, 0.328125, 0.34375, 0.359375, 0.375, 0.390625, 0.40625, 0.421875, 0.4375, 0.453125, 0.46875, 0.484375, 0.5]}, "params/['params']['layers_1']['linear_layer']['kernel']": {"_type": "histogram", "values": [1, 0, 0, 0, 0, 0, 0, 0, 0, 0, 0, 0, 0, 1, 0, 0, 0, 0, 0, 0, 0, 0, 0, 0, 1, 0, 0, 0, 0, 0, 0, 0, 1, 0, 0, 0, 0, 0, 0, 1, 256, 2, 0, 1, 1, 0, 0, 2, 0, 0, 0, 0, 1, 0, 0, 0, 0, 0, 0, 1, 0, 0, 0, 1],