{"loss": 6.388771726051345e-05, "_timestamp": 1739993395.5474863, "_runtime": 160.42129230499268, "_step": 2793, "params/['params']['last']['bias']": {"_type": "histogram", "values": [1, 0, 0, 0, 0, 0, 0, 0, 0, 0, 0, 0, 0, 0, 0, 0, 0, 0, 0, 0, 0, 0, 0, 0, 0, 0, 0, 0, 0, 0, 0, 0, 0, 0, 0, 0, 0, 0, 0, 0, 0, 0, 0, 0, 0, 0, 0, 0, 0, 0, 0, 0, 0, 0, 0, 0, 0, 0, 0, 0, 0, 0, 0, 1], "bins": [0.0, 0.008209888823330402, 0.016419777646660805, 0.024629667401313782, 0.03283955529332161, 0.04104944318532944, 0.049259334802627563, 0.05746922269463539, 0.06567911058664322, 0.07388900220394135, 0.08209888637065887, 0.090308777987957, 0.09851866960525513, 0.10672855377197266, 0.11493844538927078, 0.12314832955598831, 0.13135822117328644, 0.13956810534000397, 0.1477780044078827, 0.15598788857460022, 0.16419777274131775, 0.17240767180919647, 0.180617555975914, 0.18882744014263153, 0.19703733921051025, 0.20524722337722778, 0.2134571075439453, 0.22166699171066284, 0.22987689077854156, 0.2380867749452591, 0.24629665911197662, 0.25450655817985535, 0.2627164423465729, 0.2709263265132904, 0.27913621068000793, 0.28734609484672546, 0.2955560088157654, 0.3037658929824829, 0.31197577714920044, 0.32018566131591797, 0.3283955454826355, 0.336605429649353, 0.34481534361839294, 0.3530252277851105, 0.361235111951828, 0.36944499611854553, 0.37765488028526306, 0.3858647644519806, 0.3940746784210205, 0.40228456258773804, 0.41049444675445557, 0.4187043309211731, 0.4269142150878906, 0.43512409925460815, 0.4433339834213257, 0.4515438973903656, 0.45975378155708313, 0.46796366572380066, 0.4761735498905182, 0.4843834340572357, 0.49259331822395325, 0.5008032321929932, 0.5090131163597107, 0.5172230005264282, 0.5254328846931458]}, "params/['params']['last']['kernel']": {"_type": "histogram", "values": [2, 0, 0, 0, 0, 0, 0, 0, 0, 0, 0, 0, 0, 0, 0, 0, 0, 0, 0, 0, 0, 0, 0, 0, 0, 0, 1, 2, 1, 0, 0, 29, 0, 0, 0, 0, 0, 0, 0, 0, 0, 0, 0, 0, 0, 0, 0, 0, 0, 0, 0, 0, 0, 0, 0, 0, 0, 0, 0, 0, 0, 0, 0, 1], "bins": [-0.23666013777256012, -0.22921344637870789, -0.22176675498485565, -0.21432004868984222, -0.20687335729599, -0.19942666590213776, -0.19197997450828552, -0.1845332682132721, -0.17708657681941986, -0.16963988542556763, -0.1621931940317154, -0.15474650263786316, -0.14729979634284973, -0.1398531049489975, -0.13240641355514526, -0.12495971471071243, -0.1175130233168602, -0.11006632447242737, -0.10261963307857513, -0.0951729416847229, -0.08772625029087067, -0.08027954399585724, -0.072832852602005, -0.06538616120815277, -0.05793946981430054, -0.0504927784204483, -0.043046072125434875, -0.03559938073158264, -0.028152689337730408, -0.020705997943878174, -0.013259291648864746, -0.005812600255012512, 0.0016340911388397217, 0.009080782532691956, 0.016527488827705383, 0.023974165320396423, 0.03142087161540985, 0.03886757791042328, 0.04631425440311432, 0.05376096069812775, 0.06120763719081879, 0.06865434348583221, 0.07610104978084564, 0.08354772627353668, 0.09099443256855011, 0.09844110906124115, 0.10588781535625458, 0.113334521651268, 0.12078119814395905, 0.12822790443897247, 0.1356745809316635, 0.14312128722667694, 0.15056799352169037, 0.1580146700143814, 0.16546137630939484, 0.17290808260440826, 0.1803547590970993, 0.18780146539211273, 0.19524814188480377, 0.2026948481798172, 0.21014155447483063, 0.21758823096752167, 0.2250349372625351, 0.23248161375522614, 0.23992832005023956]}, "params/['params']['layers_0']['linear_layer']['bias']": {"_type": "histogram", "values": [0, 0, 0, 0, 0, 0, 0, 0, 0, 0, 0, 0, 0, 0, 0, 0, 0, 0, 0, 0, 0, 0, 0, 0, 0, 0, 0, 0, 0, 0, 0, 0, 22, 0, 0, 0, 0, 0, 0, 0, 0, 0, 0, 0, 0, 0, 0, 0, 0, 0, 0, 0, 0, 0, 0, 0, 0, 0, 0, 0, 0, 0, 0, 0], "bins": [-0.5, -0.484375, -0.46875, -0.453125, -0.4375, -0.421875, -0.40625, -0.390625, -0.375, -0.359375, -0.34375, -0.328125, -0.3125, -0.296875, -0.28125, -0.265625, -0.25, -0.234375, -0.21875, -0.203125, -0.1875, -0.171875, -0.15625, -0.140625, -0.125, -0.109375, -0.09375, -0.078125, -0.0625, -0.046875, -0.03125, -0.015625, 0.0, 0.015625, 0.03125, 0.046875, 0.0625, 0.078125, 0.09375, 0.109375, 0.125, 0.140625, 0.15625, 0.171875, 0.1875, 0.203125, 0.21875, 0.234375, 0.25, 0.265625, 0.28125, 0.296875, 0.3125, 0.328125, 0.34375, 0.359375, 0.375, 0.390625, 0.40625, 0.421875, 0.4375, 0.453125, 0.46875, 0.484375, 0.5]}, "params/['params']['layers_0']['linear_layer']['kernel']": {"_type": "histogram", "values": [1, 0, 0, 0, 0, 0, 0, 0, 0, 0, 0, 0, 0, 0, 0, 0, 0, 0, 0, 0, 0, 0, 81, 0, 0, 0, 0, 0, 0, 0, 0, 0, 0, 0, 1, 0, 0, 0, 0, 0, 0, 0, 0, 0, 2, 0, 0, 0, 0, 0, 0, 0, 2, 0, 0, 0, 0, 0, 0, 0, 0, 0, 0, 1], "bins": [-0.5650520920753479, -0.5397874712944031, -0.5145228505134583, -0.48925819993019104, -0.46399354934692383, -0.438728928565979, -0.4134643077850342, -0.38819968700408936, -0.36293503642082214, -0.33767038583755493, -0.3124057650566101, -0.2871411442756653, -0.26187652349472046, -0.23661187291145325, -0.21134725213050842, -0.1860826015472412, -0.1608179807662964, -0.13555335998535156, -0.11028870940208435, -0.08502408862113953, -0.059759438037872314, -0.03449481725692749, -0.009230196475982666, 0.016034424304962158, 0.04129904508590698, 0.06656372547149658, 0.0918283462524414, 0.11709296703338623, 0.14235758781433105, 0.16762220859527588, 0.19288688898086548, 0.2181515097618103, 0.24341613054275513, 0.26868075132369995, 0.2939453721046448, 0.3192100524902344, 0.3444746732711792, 0.369739294052124, 0.39500391483306885, 0.42026853561401367, 0.44553321599960327, 0.4707978367805481, 0.4960624575614929, 0.5213270783424377, 0.5465916991233826, 0.5718563199043274, 0.5971209406852722, 0.622385561466217, 0.6476501822471619, 0.6729149222373962, 0.6981795430183411, 0.7234441637992859, 0.7487087845802307, 0.7739734053611755, 0.7992380261421204, 0.8245026469230652, 0.84976726770401, 0.8750318884849548, 0.9002965092658997, 0.925561249256134, 0.9508258700370789, 0.9760904908180237, 1.0013551712036133, 1.0266196727752686, 1.0518842935562134]}, "params/['params']['layers_1']['linear_layer']['bias']": {"_type": "histogram", "values": [0, 0, 0, 0, 0, 0, 0, 0, 0, 0, 0, 0, 0, 0, 0, 0, 0, 0, 0, 0, 0, 0, 0, 0, 0, 0, 0, 0, 0, 0, 0, 0, 22, 0, 0, 0, 0, 0, 0, 0, 0, 0, 0, 0, 0, 0, 0, 0, 0, 0, 0, 0, 0, 0, 0, 0, 0, 0, 0, 0, 0, 0, 0, 0], "bins": [-0.5, -0.484375, -0.46875, -0.453125, -0.4375, -0.421875, -0.40625, -0.390625, -0.375, -0.359375, -0.34375, -0.328125, -0.3125, -0.296875, -0.28125, -0.265625, -0.25, -0.234375, -0.21875, -0.203125, -0.1875, -0.171875, -0.15625, -0.140625, -0.125, -0.109375, -0.09375, -0.078125, -0.0625, -0.046875, -0.03125, -0.015625, 0.0, 0.015625, 0.03125, 0.046875, 0.0625, 0.078125, 0.09375, 0.109375, 0.125, 0.140625, 0.15625, 0.171875, 0.1875, 0.203125, 0.21875, 0.234375, 0.25, 0.265625, 0.28125, 0.296875, 0.3125, 0.328125, 0.34375, 0.359375, 0.375, 0.390625, 0.40625, 0.421875, 0.4375, 0.453125, 0.46875, 0.484375, 0.5]}, "params/['params']['layers_1']['linear_layer']['kernel']": {"_type": "histogram", "values": [1, 0, 0, 0, 0, 0, 0, 0, 0, 0, 0, 0, 0, 0, 0, 0, 0, 0, 0, 0, 0, 1, 0, 0, 0, 1, 0, 1, 0, 386, 0, 0, 0, 0, 0, 0, 0, 0, 0, 0, 0, 0, 1, 0, 0, 0, 0, 0, 0, 0, 0, 0, 0, 1, 1, 0, 0, 0, 0, 1, 0, 1, 0, 1],